id,type,latitude,longitude,name,tourism,leisure,natural,aeroway,water,wikidata,wikipedia,description,FITOFISION,access,addr:city,addr:housenumber,addr:postcode,addr:street,addr:suburb,alt_name,barrier,boat,building,capacity,dog,ele,fee,golf,iata,icao,intermittent,landuse,leaf_type,loc_name,name:en,name:pt,noexit,note,old_loc_name,old_name,opening_hours,operator,operator:type,operator:wikidata,operator:wikipedia,owner,owner:wikidata,owner:wikipedia,ownership,place,sewer,source,sport,start_date,surface,wheelchair,wikimedia_commons
,Point,-23.0058183,-46.636751,Fazenda Vale Eldorado,,,,aerodrome,,Q31205396,,,,,,,,,,,,,,,,,,,,SDVH,,,,,,,,,,,,,,,,,,,,,,ourairports.com,,,,,
,Point,-22.9747345,-46.5442437,,,,,,,,,,,,,,,,,,,,,,,,,,,,,,,,,,yes,,,,,,,,,,,,,,,,,,,,
,Point,-22.979458,-46.5344149,,,,tree,,,,,,,,,,,,,,,,,,,,,,,,,,,,,,,,,,,,,,,,,,,,,,,,,,
,Point,-22.9802131,-46.5378004,,,,,,,,,,,private,,,,,,,gate,,,,,,,,,,,,,,,,,,,,,,,,,,,,,,,,,,,,
,Point,-22.9821032,-46.537515,,,,,,,,,,,private,,,,,,,gate,,,,,,,,,,,,,,,,,,,,,,,,,,,,,,,,,,,,
,Point,-22.976419,-46.7047603,,,,tree,,,,,,,,,,,,,,,,,,,,,,,,,,,,,,,,,,,,,,,,,,,,,,,,,,
,Point,-22.9774734,-46.7057121,,,,tree,,,,,,,,,,,,,,,,,,,,,,,,,,,,,,,,,,,,,,,,,,,,,,,,,,
,Point,-22.9773082,-46.7056348,,,,tree,,,,,,,,,,,,,,,,,,,,,,,,,,,,,,,,,,,,,,,,,,,,,,,,,,
,Point,-22.9774664,-46.7054715,,,,tree,,,,,,,,,,,,,,,,,,,,,,,,,,,,,,,,,,,,,,,,,,,,,,,,,,
,Point,-22.9775703,-46.7055778,,,,tree,,,,,,,,,,,,,,,,,,,,,,,,,,,,,,,,,,,,,,,,,,,,,,,,,,
,Point,-22.9856514,-46.6970155,,,,tree,,,,,,,,,,,,,,,,,,,,,,,,,,,,,,,,,,,,,,,,,,,,,,,,,,
,Point,-22.989924,-46.6987968,,,,tree,,,,,,,,,,,,,,,,,,,,,,,,,,,,,,,,,,,,,,,,,,,,,,,,,,
,Point,-22.990788,-46.69924,,,,tree,,,,,,,,,,,,,,,,,,,,,,,,,,,,,,,,,,,,,,,,,,,,,,,,,,
,Point,-22.9892062,-46.7014698,,,,tree,,,,,,,,,,,,,,,,,,,,,,,,,,,,,,,,,,,,,,,,,,,,,,,,,,
,Point,-22.9914984,-46.6971524,,,,tree,,,,,,,,,,,,,,,,,,,,,,,,,,,,,,,,,,,,,,,,,,,,,,,,,,
,Point,-22.9914693,-46.697245,,,,tree,,,,,,,,,,,,,,,,,,,,,,,,,,,,,,,,,,,,,,,,,,,,,,,,,,
,Point,-22.9913799,-46.6972631,,,,tree,,,,,,,,,,,,,,,,,,,,,,,,,,,,,,,,,,,,,,,,,,,,,,,,,,
,Point,-22.9914236,-46.6970621,,,,tree,,,,,,,,,,,,,,,,,,,,,,,,,,,,,,,,,,,,,,,,,,,,,,,,,,
,Point,-22.9914527,-46.6969582,,,,tree,,,,,,,,,,,,,,,,,,,,,,,,,,,,,,,,,,,,,,,,,,,,,,,,,,
,Point,-22.9904796,-46.6964342,,,,tree,,,,,,,,,,,,,,,,,,,,,,,,,,,,,,,,,,,,,,,,,,,,,,,,,,
,Point,-22.9905254,-46.6963597,,,,tree,,,,,,,,,,,,,,,,,,,,,,,,,,,,,,,,,,,,,,,,,,,,,,,,,,
,Point,-22.9905482,-46.6964274,,,,tree,,,,,,,,,,,,,,,,,,,,,,,,,,,,,,,,,,,,,,,,,,,,,,,,,,
,Point,-23.0428272,-46.670315,,,,tree,,,,,,,,,,,,,,,,,,,,,,,,,,,,,,,,,,,,,,,,,,,,,,,,,,
,Point,-23.0444682,-46.6717319,,,,tree,,,,,,,,,,,,,,,,,,,,,,,,,,,,,,,,,,,,,,,,,,,,,,,,,,
,Point,-22.9645527,-46.5280384,,,,tree,,,,,,,,,,,,,,,,,,,,,,,,,,,,,,,,,,,,,,,,,,,,,,,,,,
,Point,-22.9645824,-46.5278077,,,,tree,,,,,,,,,,,,,,,,,,,,,,,,,,,,,,,,,,,,,,,,,,,,,,,,,,
,Point,-22.9644885,-46.5282583,,,,tree,,,,,,,,,,,,,,,,,,,,,,,,,,,,,,,,,,,,,,,,,,,,,,,,,,
,Point,-22.9314849,-46.5463393,,,,spring,,,,,,,,,,,,,,,,,,,,,,,,,,,,,,,,,,,,,,,,,,,,,,,,,,
,Point,-22.9658764,-46.5252435,,,,tree,,,,,,,,,,,,,,,,,,,,,,,,,,,,,,,,,,,,,,,,,,,,,,,,,,
,Point,-22.9657777,-46.525442,,,,tree,,,,,,,,,,,,,,,,,,,,,,,,,,,,,,,,,,,,,,,,,,,,,,,,,,
,Point,-22.9656641,-46.5256459,,,,tree,,,,,,,,,,,,,,,,,,,,,,,,,,,,,,,,,,,,,,,,,,,,,,,,,,
,Point,-22.9655998,-46.5257853,,,,tree,,,,,,,,,,,,,,,,,,,,,,,,,,,,,,,,,,,,,,,,,,,,,,,,,,
,Point,-22.9654764,-46.5259731,,,,tree,,,,,,,,,,,,,,,,,,,,,,,,,,,,,,,,,,,,,,,,,,,,,,,,,,
,Point,-22.9653776,-46.5261769,,,,tree,,,,,,,,,,,,,,,,,,,,,,,,,,,,,,,,,,,,,,,,,,,,,,,,,,
,Point,-22.965264,-46.5263701,,,,tree,,,,,,,,,,,,,,,,,,,,,,,,,,,,,,,,,,,,,,,,,,,,,,,,,,
,Point,-22.9651603,-46.5265739,,,,tree,,,,,,,,,,,,,,,,,,,,,,,,,,,,,,,,,,,,,,,,,,,,,,,,,,
,Point,-22.9650615,-46.5267724,,,,tree,,,,,,,,,,,,,,,,,,,,,,,,,,,,,,,,,,,,,,,,,,,,,,,,,,
,Point,-22.9649676,-46.5269816,,,,tree,,,,,,,,,,,,,,,,,,,,,,,,,,,,,,,,,,,,,,,,,,,,,,,,,,
,Point,-22.964859,-46.5271801,,,,tree,,,,,,,,,,,,,,,,,,,,,,,,,,,,,,,,,,,,,,,,,,,,,,,,,,
,Point,-22.9647503,-46.5273839,,,,tree,,,,,,,,,,,,,,,,,,,,,,,,,,,,,,,,,,,,,,,,,,,,,,,,,,
,Point,-22.9646564,-46.5275878,,,,tree,,,,,,,,,,,,,,,,,,,,,,,,,,,,,,,,,,,,,,,,,,,,,,,,,,
,Point,-22.9643626,-46.5283629,,,,tree,,,,,,,,,,,,,,,,,,,,,,,,,,,,,,,,,,,,,,,,,,,,,,,,,,
,Point,-22.9238734,-46.4783628,Morro do Guaripocaba,,,peak,,,,,,,,,,,,,,,,,,,1270,,,,,,,,,,,,,,,,,,,,,,,,,,,,,,,
,Point,-22.925685,-46.5336946,Pico de Bragança Paulista,,,peak,,,,,,,,,,,,,,,,,,,450,,,,,,,,,,,,,,,,,,,,,,,,,,,,,,,
,Point,-22.9264749,-46.5342581,,,,cliff,,,,,,,,,,,,,,,,,,,,,,,,,,,,,,,,,,,,,,,,,,,,,,,,,,
,Point,-22.9982658,-46.5144159,Mirante Por do sol,,,peak,,,,,,,,,,,,,,,,,,,961,,,,,,,,,,,,,,,,,,,,,,,,,,,,,,,
,Point,-22.9842161,-46.5353408,,,,,,,,,,,private,,,,,,,gate,,,,,,,,,,,,,,,,,,,,,,,,,,,,,,,,,,,,
,Point,-22.9752965,-46.5412222,,,,,,,,,,,private,,,,,,,gate,,,,,,,,,,,,,,,,,,,,,,,,,,,,,,,,,,,,
,Point,-22.9767574,-46.5375711,,,,,,,,,,,private,,,,,,,gate,,,,,,,,,,,,,,,,,,,,,,,,,,,,,,,,,,,,
,Point,-22.9828,-46.5369675,,,,,,,,,,,private,,,,,,,gate,,,,,,,,,,,,,,,,,,,,,,,,,,,,,,,,,,,,
,Point,-22.9832873,-46.5368577,,,,,,,,,,,private,,,,,,,gate,,,,,,,,,,,,,,,,,,,,,,,,,,,,,,,,,,,,
,Point,-22.9589783,-46.5414859,Museu o telefone,museum,,,,,,,,,,,126,,Praça José Bonifácio,,,,,,,,,,,,,,,,,,,,,,,,,,,,,,,,,,,,,,,
,Point,-22.9644674,-46.5375747,Portão 00 - Setor Amarelo,,,,,,,,,,,,,,,,,gate,,,,,,,,,,,,,,,,,,,,,,,,,,,,,,,,,,,,
,Point,-22.9652071,-46.5377306,Portão 1A,,,,,,,,,,,,,,,,,gate,,,,,,,,,,,,,,,,,,,,,,,,,,,,,,,,,,,,
,Point,-22.9545516,-46.5412335,Museu Municipal Oswaldo Russomano,museum,,,,,,,,,,Bragança Paulista,520,,Rua Coronel João Leme,,,,,,,,,no,,,,,,,,,,,,,,,,,,,,,,,,,,,,,,
,Point,-22.9767583,-46.5363965,,,,tree,,,,,,,,,,,,,,,,,,,,,,,,,,,,,,,,,,,,,,,,,,,,,,,,,,
,Point,-22.976597,-46.5364911,,,,tree,,,,,,,,,,,,,,,,,,,,,,,,,,,,,,,,,,,,,,,,,,,,,,,,,,
,Point,-22.9762638,-46.5362307,,,,tree,,,,,,,,,,,,,,,,,,,,,,,,,,,,,,,,,,,,,,,,,,,,,,,,,,
,Point,-22.9763068,-46.536191,,,,tree,,,,,,,,,,,,,,,,,,,,,,,,,,,,,,,,,,,,,,,,,,,,,,,,,,
,Point,-22.976439,-46.5360941,,,,tree,,,,,,,,,,,,,,,,,,,,,,,,,,,,,,,,,,,,,,,,,,,,,,,,,,
,Point,-22.9764863,-46.5360743,,,,tree,,,,,,,,,,,,,,,,,,,,,,,,,,,,,,,,,,,,,,,,,,,,,,,,,,
,Point,-22.9762778,-46.5360194,,,,tree,,,,,,,,,,,,,,,,,,,,,,,,,,,,,,,,,,,,,,,,,,,,,,,,,,
,Point,-22.9762305,-46.5359225,,,,tree,,,,,,,,,,,,,,,,,,,,,,,,,,,,,,,,,,,,,,,,,,,,,,,,,,
,Point,-22.9761596,-46.5360813,,,,tree,,,,,,,,,,,,,,,,,,,,,,,,,,,,,,,,,,,,,,,,,,,,,,,,,,
,Point,-22.9760596,-46.5359085,,,,tree,,,,,,,,,,,,,,,,,,,,,,,,,,,,,,,,,,,,,,,,,,,,,,,,,,
,Point,-22.9760316,-46.5358641,,,,tree,,,,,,,,,,,,,,,,,,,,,,,,,,,,,,,,,,,,,,,,,,,,,,,,,,
,Point,-22.9759714,-46.5357626,,,,tree,,,,,,,,,,,,,,,,,,,,,,,,,,,,,,,,,,,,,,,,,,,,,,,,,,
,Point,-22.9759543,-46.5357357,,,,tree,,,,,,,,,,,,,,,,,,,,,,,,,,,,,,,,,,,,,,,,,,,,,,,,,,
,Point,-22.9761821,-46.5358314,,,,tree,,,,,,,,,,,,,,,,,,,,,,,,,,,,,,,,,,,,,,,,,,,,,,,,,,
,Point,-22.9761209,-46.5357345,,,,tree,,,,,,,,,,,,,,,,,,,,,,,,,,,,,,,,,,,,,,,,,,,,,,,,,,
,Point,-22.9760865,-46.5356505,,,,tree,,,,,,,,,,,,,,,,,,,,,,,,,,,,,,,,,,,,,,,,,,,,,,,,,,
,Point,-22.9760488,-46.5360649,,,,tree,,,,,,,,,,,,,,,,,,,,,,,,,,,,,,,,,,,,,,,,,,,,,,,,,,
,Point,-22.9767593,-46.536093,,,,tree,,,,,,,,,,,,,,,,,,,,,,,,,,,,,,,,,,,,,,,,,,,,,,,,,,
,Point,-22.9764842,-46.5363241,,,,tree,,,,,,,,,,,,,,,,,,,,,,,,,,,,,,,,,,,,,,,,,,,,,,,,,,
,Point,-22.9765304,-46.5362681,,,,tree,,,,,,,,,,,,,,,,,,,,,,,,,,,,,,,,,,,,,,,,,,,,,,,,,,
,Point,-22.9768593,-46.5360089,,,,tree,,,,,,,,,,,,,,,,,,,,,,,,,,,,,,,,,,,,,,,,,,,,,,,,,,
,Point,-22.9773064,-46.5358796,,,,tree,,,,,,,,,,,,,,,,,,,,,,,,,,,,,,,,,,,,,,,,,,,,,,,,,,
,Point,-22.977199,-46.5359482,,,,tree,,,,,,,,,,,,,,,,,,,,,,,,,,,,,,,,,,,,,,,,,,,,,,,,,,
,Point,-22.9771269,-46.5360077,,,,tree,,,,,,,,,,,,,,,,,,,,,,,,,,,,,,,,,,,,,,,,,,,,,,,,,,
,Point,-22.9770807,-46.5360416,,,,tree,,,,,,,,,,,,,,,,,,,,,,,,,,,,,,,,,,,,,,,,,,,,,,,,,,
,Point,-22.9770066,-46.5361373,,,,tree,,,,,,,,,,,,,,,,,,,,,,,,,,,,,,,,,,,,,,,,,,,,,,,,,,
,Point,-22.9769399,-46.536149,,,,tree,,,,,,,,,,,,,,,,,,,,,,,,,,,,,,,,,,,,,,,,,,,,,,,,,,
,Point,-22.9768679,-46.5362015,,,,tree,,,,,,,,,,,,,,,,,,,,,,,,,,,,,,,,,,,,,,,,,,,,,,,,,,
,Point,-22.9768088,-46.5362447,,,,tree,,,,,,,,,,,,,,,,,,,,,,,,,,,,,,,,,,,,,,,,,,,,,,,,,,
,Point,-22.977458,-46.5359669,,,,tree,,,,,,,,,,,,,,,,,,,,,,,,,,,,,,,,,,,,,,,,,,,,,,,,,,
,Point,-22.9776042,-46.5361151,,,,tree,,,,,,,,,,,,,,,,,,,,,,,,,,,,,,,,,,,,,,,,,,,,,,,,,,
,Point,-22.9775171,-46.5361817,,,,tree,,,,,,,,,,,,,,,,,,,,,,,,,,,,,,,,,,,,,,,,,,,,,,,,,,
,Point,-22.9763829,-46.5368528,,,,tree,,,,,,,,,,,,,,,,,,,,,,,,,,,,,,,,,,,,,,,,,,,,,,,,,,
,Point,-22.9764663,-46.5369822,,,,tree,,,,,,,,,,,,,,,,,,,,,,,,,,,,,,,,,,,,,,,,,,,,,,,,,,
,Point,-22.9765601,-46.5371318,,,,tree,,,,,,,,,,,,,,,,,,,,,,,,,,,,,,,,,,,,,,,,,,,,,,,,,,
,Point,-22.9766262,-46.5372277,,,,tree,,,,,,,,,,,,,,,,,,,,,,,,,,,,,,,,,,,,,,,,,,,,,,,,,,
,Point,-22.976288,-46.5367311,,,,tree,,,,,,,,,,,,,,,,,,,,,,,,,,,,,,,,,,,,,,,,,,,,,,,,,,
,Point,-22.9762263,-46.5366457,,,,tree,,,,,,,,,,,,,,,,,,,,,,,,,,,,,,,,,,,,,,,,,,,,,,,,,,
,Point,-22.9789344,-46.5304415,,,,tree,,,,,,,,,,,,,,,,,,,,,,,,,,,,,,,,,,,,,,,,,,,,,,,,,,
,Point,-22.9760859,-46.5364282,,,,tree,,,,,,,,,,,,,,,,,,,,,,,,,,,,,,,,,,,,,,,,,,,,,,,,,,
,Point,-22.9759409,-46.5362239,,,,tree,,,,,,,,,,,,,,,,,,,,,,,,,,,,,,,,,,,,,,,,,,,,,,,,,,
,Point,-22.9758885,-46.5361365,,,,tree,,,,,,,,,,,,,,,,,,,,,,,,,,,,,,,,,,,,,,,,,,,,,,,,,,
,Point,-22.9758258,-46.5360481,,,,tree,,,,,,,,,,,,,,,,,,,,,,,,,,,,,,,,,,,,,,,,,,,,,,,,,,
,Point,-22.975764,-46.5359546,,,,tree,,,,,,,,,,,,,,,,,,,,,,,,,,,,,,,,,,,,,,,,,,,,,,,,,,
,Point,-22.9757144,-46.5358763,,,,tree,,,,,,,,,,,,,,,,,,,,,,,,,,,,,,,,,,,,,,,,,,,,,,,,,,
,Point,-22.9756592,-46.535797,,,,tree,,,,,,,,,,,,,,,,,,,,,,,,,,,,,,,,,,,,,,,,,,,,,,,,,,
,Point,-22.9755965,-46.5357127,,,,tree,,,,,,,,,,,,,,,,,,,,,,,,,,,,,,,,,,,,,,,,,,,,,,,,,,
,Point,-22.9755507,-46.5356354,,,,tree,,,,,,,,,,,,,,,,,,,,,,,,,,,,,,,,,,,,,,,,,,,,,,,,,,
,Point,-22.9754973,-46.5355511,,,,tree,,,,,,,,,,,,,,,,,,,,,,,,,,,,,,,,,,,,,,,,,,,,,,,,,,
,Point,-22.9754599,-46.5354891,,,,tree,,,,,,,,,,,,,,,,,,,,,,,,,,,,,,,,,,,,,,,,,,,,,,,,,,
,Point,-22.9770697,-46.5348866,,,,tree,,,,,,,,,,,,,,,,,,,,,,,,,,,,,,,,,,,,,,,,,,,,,,,,,,
,Point,-22.9771987,-46.5347987,,,,tree,,,,,,,,,,,,,,,,,,,,,,,,,,,,,,,,,,,,,,,,,,,,,,,,,,
,Point,-22.9773193,-46.5347325,,,,tree,,,,,,,,,,,,,,,,,,,,,,,,,,,,,,,,,,,,,,,,,,,,,,,,,,
,Point,-22.9709273,-46.5701577,,,,tree,,,,,,,,,,,,,,,,,,,,,,,,,,,,,,,,,,,,,,,,,,,,,,,,,,
,Point,-22.9705551,-46.570208,,,,tree,,,,,,,,,,,,,,,,,,,,,,,,,,,,,,,,,,,,,,,,,,,,,,,,,,
,Point,-22.9684749,-46.5906678,,,,tree,,,,,,,,,,,,,,,,,,,,,,,,,,,,,,,,,,,,,,,,,,,,,,,,,,
,Point,-22.9677094,-46.591164,,,,tree,,,,,,,,,,,,,,,,,,,,,,,,,,,,,,,,,,,,,,,,,,,,,,,,,,
,Point,-22.9663387,-46.5908234,,,,tree,,,,,,,,,,,,,,,,,,,,,,,,,,,,,,,,,,,,,,,,,,,,,,,,,,
,Point,-23.0226395,-46.613856,,,,tree,,,,,,,,,,,,,,,,,,,,,,,,,,,,,,,,,,,,,,,,,,,,,,,,,,
,LineString,-22.98225,-46.383,,,,,,,,,,,,,,,,,,,,,,,,,,,,,,,,,,,,,,,,,,,,,,,,,Lakewalker / Landsat,,,,,
,LineString,-22.9211821,-46.4115847,,,,,,,,,,,,,,,,,,,,,,,,,,,,,,,,,,,,,,,,,,,,,,,,,Lakewalker / Landsat,,,,,
,LineString,-22.9353857,-46.5230745,Tanque do Moinho,,,water,,lake,,,,,,,,,,,,,,,,,,,,,,,,,,,,,,,,,,,,,,,,,,,,,,,,
,LineString,-22.9329316,-46.4181109,,,,,,,,,,,,,,,,,,,,,,,,,,,,,,,,,,,,,,,,,,,,,,,islet,,Lakewalker / Landsat,,,,,
,LineString,-22.9295606,-46.4421714,,,,water,,,,,,,,,,,,,,,,,,,,,,,,,,,,,,,,,,,,,,,,,,,,,Bing,,,,,
,LineString,-22.9124757,-46.4482365,,,,water,,,,,,,,,,,,,,,,,,,,,,,,,,,,,,,,,,,,,,,,,,,,,landsat,,,,,
,LineString,-22.9090774,-46.4981582,,,,water,,,,,,,,,,,,,,,,,,,,,,,,,,,,,,,,,,,,,,,,,,,,,landsat,,,,,
,LineString,-22.9656903,-46.5358956,Estádio Nabi Abi Chedid,,stadium,,,,Q5402133,pt:Estádio Nabi Abi Chedid,,,,Bragança Paulista,157,12914-410,Rua Emílio Colella,Jardim Nova Bragança,Arena Red Bull Bragantino,,,,21209,,,,,,,,,,Nabizão,,,,O Estádio Nabi Abi Chedid será demolido nos próximos anos. Transformar em arena quando necessário.,Marcelão,Estádio Marcelo Stéfani,,Red Bull Bragantino,private,Q541744,pt:Red Bull Bragantino,Red Bull Bragantino,Q541744,pt:Red Bull Bragantino,private,,,,soccer,1949,,limited,Category:Estádio Nabi Abi Chedid
,LineString,-22.9763273,-46.5487181,Lago Orfeu,,,water,,lake,,,,,,,,,,,,,,,,,,,,,,,,,,,,,,,,,,,,,,,,,,,,,,,,
,LineString,-22.8935759,-46.5998312,,,,water,,reservoir,,,,,,,,,,,,,,,,,,,,,,,,,,,,,,,,,,,,,,,,,,,,,,,,
,LineString,-22.9819873,-46.54803,Praça Champs-Élysées,,park,,,,,,,,,,,,,,,,,,,,,,,,,,,,,,,,,,,,,,,,,,,,,,,,,,,
,LineString,-22.9435092,-46.5587173,,,,water,,lake,,,,,,,,,,,,,,,,,,,,,,,,,,,,,,,,,,,,,,,,,,,,,,,,
,LineString,-22.9142761,-46.5510749,,,park,,,,,,,,,,,,,,,,,,,,,,,,,,,,,,,,,,,,,,,,,,,,,,,,,,,
,LineString,-22.9063114,-46.5379357,,,,water,,,,,,,,,,,,,,,,,,,,,,,,,,,,,,,,,,,,,,,,,,,,,,,,,,
,LineString,-22.9053626,-46.5392554,,,,water,,,,,,,,,,,,,,,,,,,,,,,,,,,,,,,,,,,,,,,,,,,,,,,,,,
,LineString,-22.9061928,-46.5394163,,,,water,,,,,,,,,,,,,,,,,,,,,,,,,,,,,,,,,,,,,,,,,,,,,,,,,,
,LineString,-22.9074874,-46.5342665,,,,water,,,,,,,,,,,,,,,,,,,,,,,,,,,,,,,,,,,,,,,,,,,,,,,,,,
,LineString,-22.9019727,-46.5532565,,,,water,,,,,,,,,,,,,,,,,,,,,,,,,,,,,,,,,,,,,,,,,,,,,,,,,,
,LineString,-22.9070921,-46.5387404,,,,water,,,,,,,,,,,,,,,,,,,,,,,,,,,,,,,,,,,,,,,,,,,,,,,,,,
,LineString,-22.9019036,-46.5538252,,,,water,,,,,,,,,,,,,,,,,,,,,,,,,,,,,,,,,,,,,,,,,,,,,,,,,,
,LineString,-22.8975549,-46.5636951,,,,water,,,,,,,,,,,,,,,,,,,,,,,,,,,,,,,,,,,,,,,,,,,,,,,,,,
,LineString,-22.9008955,-46.5627617,,,,water,,,,,,,,,,,,,,,,,,,,,,,,,,,,,,,,,,,,,,,,,,,,,,,,,,
,LineString,-22.9246192,-46.5550303,,,,water,,,,,,,,,,,,,,,,,,,,,,,,,,,,,,,,,,,,,,,,,,,,,,,,,,
,LineString,-22.9234961,-46.5583102,,,,water,,,,,,,,,,,,,,,,,,,,,,,,,,,,,,,,,,,,,,,,,,,,,,,,,,
,LineString,-22.9238025,-46.5701651,,,,water,,,,,,,,,,,,,,,,,,,,,,,,,,,,,,,,,,,,,,,,,,,,,,,,,,
,LineString,-22.9236641,-46.5685021,,,,water,,,,,,,,,,,,,,,,,,,,,,,,,,,,,,,,,,,,,,,,,,,,,,,,,,
,LineString,-22.9206502,-46.5787481,,,,water,,,,,,,,,,,,,,,,,,,,,,,,,,,,,,,,,,,,,,,,,,,,,,,,,,
,LineString,-22.923674,-46.5574626,,,,water,,,,,,,,,,,,,,,,,,,,,,,,,,,,,,,,,,,,,,,,,,,,,,,,,,
,LineString,-22.9237827,-46.5610777,Lago do Tio Nicola,,,water,,,,,,,,,,,,,,,,,,,,,,,,,,,,,,,,,,,,,,,,,,,,,,,,,,
,LineString,-22.9260456,-46.5548233,,,,water,,,,,,,,,,,,,,,,,,,,,,,,,,,,,,,,,,,,,,,,,,,,,,,,,,
,LineString,-22.9261543,-46.5564648,,,,water,,,,,,,,,,,,,,,,,,,,,,,,,,,,,,,,,,,,,,,,,,,,,,,,,,
,LineString,-22.9213815,-46.5726756,,,,water,,,,,,,,,,,,,,,,,,,,,,,,,,,,,,,,,,,,,,,,,,,,,,,,,,
,LineString,-22.9976944,-46.6502125,,,,wood,,,,,,,,,,,,,,,,,,,,,,,,,,,,,,,,,,,,,,,,,,,,,,,,,,
,LineString,-23.0136256,-46.6079623,,,,wood,,,,,,,,,,,,,,,,,,,,,,,,,,,,,,,,,,,,,,,,,,,,,,,,,,
,LineString,-23.0109396,-46.6457171,,,,wood,,,,,,,,,,,,,,,,,,,,,,,,,,,,,,,,,,,,,,,,,,,,,,,,,,
,LineString,-23.007799,-46.7109863,,,,water,,,,,,,,,,,,,,,,,,,,,,,,,,,,,,,,,,,,,,,,,,,,,,,,,,
,LineString,-22.9999153,-46.6814899,,,,wood,,,,,,Floresta Ombrófila Densa,,,,,,,,,,,,,,,,,,,,,,,,,,,,,,,,,,,,,,,,,,,,
,LineString,-23.0197613,-46.5975495,,,,wood,,,,,,,,,,,,,,,,,,,,,,,,,,,,,,,,,,,,,,,,,,,,,,,,,,
,LineString,-22.9844316,-46.5255011,,,,wood,,,,,,,,,,,,,,,,,,,,,,,,,,,,,,,,,,,,,,,,,,,,,,,,,,
,LineString,-22.9927973,-46.5124441,,,,wood,,,,,,,,,,,,,,,,,,,,,,,,,,,,,,,,,,,,,,,,,,,,,,,,,,
,LineString,-22.9850636,-46.5300657,,,,water,,lake,,,,,,,,,,,,,,,,,,,,,,,,,,,,,,,,,,,,,,,,,,,,,,,,
,LineString,-22.9846292,-46.5408648,,,,wood,,,,,,,,,,,,,,,,,,,,,,,,,,,,,,,,,,,,,,,,,,,,,,,,,,
,LineString,-22.9584528,-46.5605787,,,,wood,,,,,,,,,,,,,,,,,,,,,,,,,,,,,,,,,,,,,,,,,,,,,,,,,,
,LineString,-22.962701,-46.5557773,,,,wood,,,,,,,,,,,,,,,,,,,,,,,,,,,,,,,,,,,,,,,,,,,,,,,,,,
,LineString,-22.9812612,-46.5144181,,,,wood,,,,,,,,,,,,,,,,,,,,,,,,,,,,,,,,,,,,,,,,,,,,,,,,,,
,LineString,-22.9827197,-46.5276366,,,,water,,lake,,,,,,,,,,,,,,,,,,,,,,,,,,,,,,,,,,,,,,,,,,,,,,,,
,LineString,-22.9848218,-46.5305331,,,,wood,,,,,,,,,,,,,,,,,,,,,,,,,,,,,,,,,,,,,,,,,,,,,,,,,,
,LineString,-22.9923653,-46.5238677,,,,water,,,,,,,,,,,,,,,,,,,,,,,,,,,,,,,,,,,,,,,,,,,,,,,,,,
,LineString,-22.9919084,-46.5265634,,,,wood,,,,,,,,,,,,,,,,,,,,,,,,,,,,,,,,,,,,,,,,,,,,,,,,,,
,LineString,-22.9773792,-46.5208128,,,,wood,,,,,,,,,,,,,,,,,,,,,,,,,,,,,,,,,,,,,,,,,,,,,,,,,,
,LineString,-22.9914109,-46.5267653,,,,wood,,,,,,,,,,,,,,,,,,,,,,,,,,,,,,,,,,,,,,,,,,,,,,,,,,
,LineString,-22.9785003,-46.5295514,,,,wood,,,,,,,,,,,,,,,,,,,,,,,,,,,,,,,,,,,,,,,,,,,,,,,,,,
,LineString,-22.9856812,-46.5309004,,,,wood,,,,,,,,,,,,,,,,,,,,,,,,,,,,,,,,,,,,,,,,,,,,,,,,,,
,LineString,-22.9783643,-46.5348376,,,,wood,,,,,,,,,,,,,,,,,,,,,,,,,,,,,,,,,,,,,,,,,,,,,,,,,,
,LineString,-22.9763801,-46.5485134,,,,wood,,,,,,,,,,,,,,,,,,,,,,,,,,,,,,,,,,,,,,,,,,,,,,,,,,
,LineString,-23.0033302,-46.5206035,,,,wood,,,,,,,,,,,,,,,,,,,,,,,,,,,,,,,,,,,,,,,,,,,,,,,,,,
,LineString,-23.0049348,-46.5364985,,,,wood,,,,,,,,,,,,,,,,,,,,,,,,,,,,,,,,,,,,,,,,,,,,,,,,,,
,LineString,-23.0056189,-46.5321958,,,,water,,lake,,,,,,,,,,,,,,,,,,,,,,,,,,,,,,,,,,,,,,,,,,,,,,,,
,LineString,-23.0079199,-46.53763,,,,water,,lake,,,,,,,,,,,,,,,,,,,,,,,,,,,,,,,,,,,,,,,,,,,,,,,,
,LineString,-23.0047029,-46.5215691,,,,water,,,,,,,,,,,,,,,,,,,,,,,,,,,,,,,,,,,,,,,,,,,,,,,,,,
,LineString,-22.9815323,-46.5416181,,,,wood,,,,,,,,,,,,,,,,,,,,,,,,,,,,,,,,,,,,,,,,,,,,,,,,,,
,LineString,-23.007631,-46.5641462,,,,wood,,,,,,,,,,,,,,,,,,,,,,,,,,,,,,,,,,,,,,,,,,,,,,,,,,
,LineString,-22.9177066,-46.5216325,,,,water,,,,,,,,,,,,,,,,,,,,,,,,,,,,,,,,,,,,,,,,,,,,,,,,,,
,LineString,-22.9193432,-46.5211516,,,,water,,,,,,,,,,,,,,,,,,,,,,,,,,,,,,,,,,,,,,,,,,,,,,,,,,
,LineString,-22.9205996,-46.5198323,,,,water,,,,,,,,,,,,,,,,,,,,,,,,,,,,,,,,,,,,,,,,,,,,,,,,,,
,LineString,-22.9199976,-46.5206327,,,,water,,,,,,,,,,,,,,,,,,,,,,,,,,,,,,,,,,,,,,,,,,,,,,,,,,
,LineString,-22.9922541,-46.5662759,,,,wood,,,,,,,,,,,,,,,,,,,,,,,,,,,,,,,,,,,,,,,,,,,,,,,,,,
,LineString,-22.9976762,-46.5575265,,,,wood,,,,,,,,,,,,,,,,,,,,,,,,,,,,,,,,,,,,,,,,,,,,,,,,,,
,LineString,-22.9940319,-46.5462505,,,,wood,,,,,,,,,,,,,,,,,,,,,,,,,,,,,,,,,,,,,,,,,,,,,,,,,,
,LineString,-22.9949997,-46.551969,,,,wood,,,,,,,,,,,,,,,,,,,,,,,,,,,,,,,,,,,,,,,,,,,,,,,,,,
,LineString,-22.9979774,-46.5572369,,,,wood,,,,,,,,,,,,,,,,,,,,,,,,,,,,,,,,,,,,,,,,,,,,,,,,,,
,LineString,-22.9753645,-46.5344167,,,park,,,,,,,,,,,,,,,,,,,,,,,,,,,,,,,,,,,,,,,,,,,,,,,,,,,
,LineString,-22.976668,-46.5327859,Lago do Taboão,,,water,,lake,,,,,,,,,,,,,no,,,,,,,,,,,,,,,,,,,,,,,,,,,,,,bing images,,,,,
,LineString,-22.9723615,-46.5406394,Praça Donato Cortese,,park,,,,,,,,,,,,,,,,,,,,,,,,,,,,,,,,,,,,,,,,,,,,,,,,,,,
,LineString,-22.9267966,-46.5219286,,,,water,,,,,,,,,,,,,,,,,,,,,,,,,,,,,,,,,,,,,,,,,,,,,,,,,,
,LineString,-22.9237926,-46.5293208,,,,water,,,,,,,,,,,,,,,,,,,,,,,,,,,,,,,,,,,,,,,,,,,,,,,,,,
,LineString,-22.9133462,-46.5219166,,,,water,,,,,,,,,,,,,,,,,,,,,,,,,,,,,,,,,,,,,,,,,,,,,,,,,,
,LineString,-22.9249191,-46.5286663,,,,water,,,,,,,,,,,,,,,,,,,,,,,,,,,,,,,,,,,,,,,,,,,,,,,,,,
,LineString,-22.9829647,-46.5324636,,,,wood,,,,,,,,,,,,,,,,,,,,,,,,,,,,,,,,,,,,,,,,,,,,,,,,,,
,LineString,-22.9821399,-46.5281077,,,,wood,,,,,,,,,,,,,,,,,,,,,,,,,,,,,,,,,,,,,,,,,,,,,,,,,,
,LineString,-22.9793916,-46.5310098,,,,wood,,,,,,,,,,,,,,,,,,,,,,,,,,,,,,,,,,,,,,,,,,,,,,,,,,
,LineString,-22.9236739,-46.5609815,,,,wood,,,,,,,,,,,,,,,,,,,,,,,,,,,,,,,,,,,,,,,,,,,,,,,,,,
,LineString,-22.9117908,-46.5453604,,,,wood,,,,,,,,,,,,,,,,,,,,,,,,,,,,,,,,,,,,,,,,,,,,,,,,,,
,LineString,-22.9217865,-46.6025665,,,,wood,,,,,,,,,,,,,,,,,,,,,,,,,,,,,,,,,,,,,,,,,,,,,,,,,,
,LineString,-22.932562,-46.5454784,,,,wood,,,,,,,,,,,,,,,,,,,,,,,,,,,,,,,,,,,,,,,,,,,,,,,,,,
,LineString,-22.9115438,-46.5409884,,,,wood,,,,,,,,,,,,,,,,,,,,,,,,,,,,,,,,,,,,,,,,,,,,,,,,,,
,LineString,-22.8993335,-46.5038183,,,,wood,,,,,,,,,,,,,,,,,,,,,,,,,,,,,,,,,,,,,,,,,,,,,,,,,,
,LineString,-22.9042654,-46.5159272,,,,wood,,,,,,Floresta Ombrófila Densa,,,,,,,,,,,,,,,,,,,,,,,,,,,,,,,,,,,,,,,,,,,,
,LineString,-22.9211047,-46.593447,,,,water,,,,,,,,,,,,,,,,,,,,,,,,,,,,,,,,,,,,,,,,,,,,,,,,,,
,LineString,-22.9160254,-46.5629986,,,,wood,,,,,,,,,,,,,,,,,,,,,,,,,,,,,,,,,,,,,,,,,,,,,,,,,,
,LineString,-22.9155906,-46.5670862,,,,wood,,,,,,,,,,,,,,,,,,,,,,,,,,,,,,,,,,,,,,,,,,,,,,,,,,
,LineString,-22.9197608,-46.5936723,,,,water,,,,,,,,,,,,,,,,,,,,,,,,,,,,,,,,,,,,,,,,,,,,,,,,,,
,LineString,-22.9664146,-46.5172991,,,,wood,,,,,,,,,,,,,,,,,,,,,,,,,,,,,,,,,,,,,,,,,,,,,,,,,,
,LineString,-23.0005698,-46.529589,,,,wood,,,,,,,,,,,,,,,,,,,,,,,,,,,,,,,,,,,,,,,,,,,,,,,,,,
,LineString,-22.9554195,-46.5230658,,,,wood,,,,,,,,,,,,,,,,,,,,,,,,,,,,,,,,,,,,,,,,,,,,,,,,,,
,LineString,-22.9613175,-46.5244228,,,,wood,,,,,,,,,,,,,,,,,,,,,,,,,,,,,,,,,,,,,,,,,,,,,,,,,,
,LineString,-22.9553701,-46.5190372,,,,wood,,,,,,,,,,,,,,,,,,,,,,,,,,,,,,,,,,,,,,,,,,,,,,,,,,
,LineString,-22.9480939,-46.5370991,,,park,,,,,,,,,,,,,,,,,,,,,,,,,,,,,,,,,,,,,,,,,,,,,,,,,,,
,LineString,-23.0238552,-46.5323892,,,,wood,,,,,,,,,,,,,,,,,,,,,,,,,,,,,,,,,,,,,,,,,,,,,,,,,,
,LineString,-22.9561012,-46.4942911,,,,wood,,,,,,,,,,,,,,,,,,,,,,,,,,,,,,,,,,,,,,,,,,,,,,,,,,
,LineString,-22.9535128,-46.4885834,,,,wood,,,,,,,,,,,,,,,,,,,,,,,,,,,,,,,,,,,,,,,,,,,,,,,,,,
,LineString,-22.9566129,-46.5045459,,,,wood,,,,,,,,,,,,,,,,,,,,,,,,,,,,,,,,,,,,,,,,,,,,,,,,,,
,LineString,-22.9562197,-46.5111139,,,,wood,,,,,,,,,,,,,,,,,,,,,,,,,,,,,,,,,,,,,,,,,,,,,,,,,,
,LineString,-23.0171109,-46.5329256,,,,wood,,,,,,,,,,,,,,,,,,,,,,,,,,,,,,,,,,,,,,,,,,,,,,,,,,
,LineString,-23.0117341,-46.5259412,,,,wood,,,,,,,,,,,,,,,,,,,,,,,,,,,,,,,,,,,,,,,,,,,,,,,,,,
,LineString,-23.0233072,-46.5338,,,,wood,,,,,,,,,,,,,,,,,,,,,,,,,,,,,,,,,,,,,,,,,,,,,,,,,,
,LineString,-22.9523767,-46.4838519,,,,wood,,,,,,,,,,,,,,,,,,,,,,,,,,,,,,,,,,,,,,,,,,,,,,,,,,
,LineString,-23.0214162,-46.5427103,,,,wood,,,,,,,,,,,,,,,,,,,,,,,,,,,,,,,,,,,,,,,,,,,,,,,,,,
,LineString,-22.915388,-46.4968284,,,,wood,,,,,,,,,,,,,,,,,,,,,,,,,,,,,,,,,,,,,,,,,,,,,,,,,,
,LineString,-22.954644,-46.5050306,,,,wood,,,,,,,,,,,,,,,,,,,,,,,,,,,,,,,,,,,,,,,,,,,,,,,,,,
,LineString,-22.9674963,-46.562789,,,,water,,,,,,,,,,,,,,,,,,,,,,,,,,,,,,,,,,,,,,,,,,,,,,,,,,
,LineString,-22.9683705,-46.5660238,,,,water,,,,,,,,,,,,,,,,,,,,,,,,,,,,,,,,,,,,,,,,,,,,,,,,,,
,LineString,-22.9533932,-46.5083095,,,,water,,,,,,,,,,,,,,,,,,,,,,,,,,,,,,,,,,,,,,,,,,,,,,,,,,
,LineString,-22.9490919,-46.5198362,,,,water,,reservoir,,,,,,,,,,,,,,,,,,,,,,,,,,,,,,,,,,,,,,,,,,,,,,,,
,LineString,-22.9481482,-46.5404465,,,,wood,,,,,,,,,,,,,,,,,,,,,,,,,,mixed,,,,,,,,,,,,,,,,,,,,,,,,
,LineString,-22.9489214,-46.5199435,,,,water,,reservoir,,,,,,,,,,,,,,,,,,,,,,,,,,,,,,,,,,,,,,,,,,,,,,,,
,LineString,-22.9506207,-46.5180606,,,,water,,reservoir,,,,,,,,,,,,,,,,,,,,,,,,,,,,,,,,,,,,,,,,,,,,,,,,
,LineString,-22.9855376,-46.5083032,,,,wood,,,,,,,,,,,,,,,,,,,,,,,,,,,,,,,,,,,,,,,,,,,,,,,,,,
,LineString,-22.9672829,-46.5200427,,,,water,,,,,,,,,,,,,,,,,,,,,,,,,,,,,,,,,,,,,,,,,,,,,,,,,,
,LineString,-22.9687614,-46.5216737,,,,water,,,,,,,,,,,,,,,,,,,,,,,,,,,,,,,,,,,,,,,,,,,,,,,,,,
,LineString,-23.0409662,-46.5008945,,,,water,,,,,,,,,,,,,,,,,,,,,,,,,,,,,,,,,,,,,,,,,,,,,,,,,,
,LineString,-23.0121637,-46.5155879,,,,water,,,,,,,,,,,,,,,,,,,,,,,,,,,,,,,,,,,,,,,,,,,,,,,,,,
,LineString,-23.0117292,-46.5156201,,,,water,,,,,,,,,,,,,,,,,,,,,,,,,,,,,,,,,,,,,,,,,,,,,,,,,,
,LineString,-23.0003279,-46.5868322,,,,water,,,,,,,,,,,,,,,,,,,,,,,,,,,,,,,,,,,,,,,,,,,,,,,,,,
,LineString,-22.9994687,-46.5933285,,,,water,,,,,,,,,,,,,,,,,,,,,,,,,,,,,,,,,,,,,,,,,,,,,,,,,,
,LineString,-22.9967034,-46.580175,,,,water,,,,,,,,,,,,,,,,,,,,,,,,,,,,,,,,,,,,,,,,,,,,,,,,,,
,LineString,-22.9979034,-46.5822939,,,,water,,,,,,,,,,,,,,,,,,,,,,,,,,,,,,,,,,,,,,,,,,,,,,,,,,
,LineString,-23.0112404,-46.5983872,,,,water,,,,,,,,,,,,,,,,,,,,,,,,,,,,,,,,,,,,,,,,,,,,,,,,,,
,LineString,-23.0050634,-46.5964131,,,,water,,,,,,,,,,,,,,,,,,,,,,,,,,,,,,,,,,,,,,,,,,,,,,,,,,
,LineString,-23.0121143,-46.6125439,,,,water,,,,,,,,,,,,,,,,,,,,,,,,,,,,,,,,,,,,,,,,,,,,,,,,,,
,LineString,-22.9979824,-46.6342751,,,,water,,,,,,,,,,,,,,,,,,,,,,,,,,,,,,,,,,,,,,,,,,,,,,,,,,
,LineString,-23.0093839,-46.6080968,,,,wood,,,,,,,,,,,,,,,,,,,,,,,,,,,,,,,,,,,,,,,,,,,,,,,,,,
,LineString,-23.0017896,-46.6437058,,,,water,,,,,,,,,,,,,,,,,,,,,,,,,,,,,,,,,,,,,,,,,,,,,,,,,,
,LineString,-23.0128747,-46.6326712,,,,wood,,,,,,,,,,,,,,,,,,,,,,,,,,,,,,,,,,,,,,,,,,,,,,,,,,
,LineString,-23.0125686,-46.6454949,,,,water,,,,,,,,,,,,,,,,,,,,,,,,,,,,,,,,,,,,,,,,,,,,,,,,,,
,LineString,-23.0120946,-46.6454492,,,,water,,,,,,,,,,,,,,,,,,,,,,,,,,,,,,,,,,,,,,,,,,,,,,,,,,
,LineString,-22.9856639,-46.5490667,,,,wood,,,,,,,,,,,,,,,,,,,,,,,,,,,,,,,,,,,,,,,,,,,,,,,,,,
,LineString,-22.9947091,-46.6347352,,,,water,,,,,,,,,,,,,,,,,,,,,,,,,,,,,,,,,,,,,,,,,,,,,,,,,,
,LineString,-22.9840169,-46.5441153,,,,wood,,,,,,,,,,,,,,,,,,,,,,,,,,,,,,,,,,,,,,,,,,,,,,,,,,
,LineString,-22.9943726,-46.6350422,,,,wood,,,,,,Floresta Ombrófila Densa,,,,,,,,,,,,,,,,,,,forest,,,,,,,,,,,,,,,,,,,,,,,,,
,LineString,-22.9604458,-46.5459688,,,park,,,,,,,,,,,,,,,,,,,,,,,,,,,,,,,,,,,,,,,,,,,,,,,,,,,
,LineString,-22.9675952,-46.5329467,Lago dos Padres,,,water,,lake,,,,,,,,,,,,,,,,,,,,,,,,,,,,,,,,,,,,,,,,,,,,,,,,
,LineString,-22.9939905,-46.6417261,,,,wood,,,,,,Floresta Ombrófila Densa,,,,,,,,,,,,,,,,,,,forest,,,,,,,,,,,,,,,,,,,,,,,,,
,LineString,-22.9900914,-46.6464525,,,,wood,,,,,,Floresta Ombrófila Densa,,,,,,,,,,,,,,,,,,,forest,,,,,,,,,,,,,,,,,,,,,,,,,
,LineString,-22.9790945,-46.5451651,Praça Piazza di Colosseo,,park,,,,,,,,,,,,,,,,,,,,,,,,,,,,,,,,,,,,,,,,,,,,,,,,,,,
,LineString,-23.0399694,-46.6757792,,,,wood,,,,,,,,,,,,,,,,,,,,,,,,,,,,,,,,,,,,,,,,,,,,,,,,,,
,LineString,-23.0450836,-46.6805642,,,,wood,,,,,,,,,,,,,,,,,,,,,,,,,,,,,,,,,,,,,,,,,,,,,,,,,,
,LineString,-23.0437924,-46.6732291,,,,wood,,,,,,,,,,,,,,,,,,,,,,,,,,,,,,,,,,,,,,,,,,,,,,,,,,
,LineString,-23.0256007,-46.6565134,,,,water,,,,,,,,,,,,,,,,,,,,,,,,,,,,,,,,,,,,,,,,,,,,,,,,,,
,LineString,-23.0237,-46.6569667,,,,water,,,,,,,,,,,,,,,,,,,,,,,,,,,,,,,,,,,,,,,,,,,,,,,,,,
,LineString,-23.0508688,-46.6696428,,,,wood,,,,,,,,,,,,,,,,,,,,,,,,,,,,,,,,,,,,,,,,,,,,,,,,,,
,LineString,-23.0211363,-46.6591028,,,,water,,,,,,,,,,,,,,,,,,,,,,,,,,,,,,,,,,,,,,,,,,,,,,,,,,
,LineString,-23.022932,-46.5800625,,,,water,,,,,,,,,,,,,,,,,,,,,,,,,,,,,,,,,,,,,,,,,,,,,,,,,,
,LineString,-22.9423138,-46.5339438,,,park,,,,,,,,,,,,,,,,,,,,,,,,,,,,,,,,,,,,,,,,,,,,,,,,,,,
,LineString,-22.9406288,-46.5372565,,,park,,,,,,,,,,,,,,,,,,,,,,,,,,,,,,,,,,,,,,,,,,,,,,,,,,,
,LineString,-22.9473884,-46.5348392,Praça da Paz,,park,,,,,,,,,,,,,,,,,,,,,,,,,,,,,,,,,,,,,,,,,,,,,,,,,,,
,LineString,-22.9525467,-46.5432432,,,park,,,,,,,,,,,,,,,,,,,,,,,,,,,,,,,,,,,,,,,,,,,,,,,,,,,
,LineString,-22.9592808,-46.5403346,,,park,,,,,,,,,,,,,,,,,,,,,,,,,,,,,,,,,,,,,,,,,,,,,,,,,,,
,LineString,-22.9982451,-46.5252997,,,park,,,,,,,,,,,,,,,,,,,,,,,,,,,,,,,,,,,,,,,,,,,,,,,,,,,
,LineString,-22.9560699,-46.5440699,Praça Jorge Arruda,,park,,,,,,,,,,,,,,,,,,,,,,,,,,,,,,,,,,,,,,,,,,,,,,,,,,,
,LineString,-23.0028368,-46.6588169,,,,water,,lake,,,,,,,,,,,,,,,,,,,,,,,,,,,,,,,,,,,,,,,,,,,,,,,,
,LineString,-23.0106992,-46.5031589,,,,water,,,,,,,,,,,,,,,,,,,,,,,,,,,,,,,,,,,,,,,,,,,,,,,,,,
,LineString,-23.0103166,-46.502664,,,,water,,,,,,,,,,,,,,,,,,,,,,,,,,,,,,,,,,,,,,,,,,,,,,,,,,
,LineString,-23.0452024,-46.4980131,,,,water,,,,,,,,,,,,,,,,,,,,,,,,,,,,,,,,,,,,,,,,,,,,,,,,,,
,LineString,-23.0465524,-46.5035465,,,,water,,,,,,,,,,,,,,,,,,,,,,,,,,,,,,,,,,,,,,,,,,,,,,,,,,
,LineString,-22.9885756,-46.4959335,,,,water,,,,,,,,,,,,,,,,,,,,,,,,,,,,,,,,,,,,,,,,,,,,,,,,,,
,LineString,-23.0230686,-46.5469688,,,,water,,,,,,,,,,,,,,,,,,,,,,,,,,,,,,,,,,,,,,,,,,,,,bing,,,,,
,LineString,-23.0180054,-46.4674024,,,,water,,,,,,,,,,,,,,,,,,,,,,,,,,,,,,,,,,,,,,,,,,,,,,,,,,
,LineString,-23.010761,-46.5030784,,,,water,,,,,,,,,,,,,,,,,,,,,,,,,,,,,,,,,,,,,,,,,,,,,,,,,,
,LineString,-22.992308,-46.498583,,,,water,,,,,,,,,,,,,,,,,,,,,,,,,,,,,,,,,,,,,,,,,,,,,,,,,,
,LineString,-23.0046173,-46.4793905,,,,water,,,,,,,,,,,,,,,,,,,,,,,,,,,,,,,,,,,,,,,,,,,,,,,,,,
,LineString,-23.005037,-46.4888131,,,,water,,,,,,,,,,,,,,,,,,,,,,,,,,,,,,,,,,,,,,,,,,,,,,,,,,
,LineString,-22.9915969,-46.497824,,,,water,,,,,,,,,,,,,,,,,,,,,,,,,,,,,,,,,,,,,,,,,,,,,,,,,,
,LineString,-23.0171858,-46.4671824,,,,water,,,,,,,,,,,,,,,,,,,,,,,,,,,,,,,,,,,,,,,,,,,,,,,,,,
,LineString,-22.9904397,-46.4971417,,,,water,,,,,,,,,,,,,,,,,,,,,,,,,,,,,,,,,,,,,,,,,,,,,,,,,,
,LineString,-23.0147097,-46.4437215,,,,wood,,,,,,,,,,,,,,,,,,,,,,,,,,,,,,,,,,,,,,,,,,,,,,,,,,
,LineString,-23.0183906,-46.4480747,,,,wood,,,,,,,,,,,,,,,,,,,,,,,,,,,,,,,,,,,,,,,,,,,,,,,,,,
,LineString,-23.052999,-46.4718713,,,,wood,,,,,,,,,,,,,,,,,,,,,,,,,,,,,,,,,,,,,,,,,,,,,,,,,,
,LineString,-22.9437721,-46.4262297,,,,wood,,,,,,,,,,,,,,,,,,,,,,,,,,,,,,,,,,,,,,,,,,,,,,,,,,
,LineString,-22.9796662,-46.7074891,,,,water,,lake,,,,,,,,,,,,,,,,,,,,,,,,,,,,,,,,,,,,,,,,,,,,,,,,
,LineString,-22.9871444,-46.7019504,,,,water,,lake,,,,,,,,,,,,,,,,,,,,,,,,,,,,,,,,,,,,,,,,,,,,,,,,
,LineString,-22.988951,-46.6977611,,,,beach,,,,,,,,,,,,,,,,,,,,,,,,,,,,,,,,,,,,,,,,,,,,,,,,sand,,
,LineString,-22.9843557,-46.7005792,,,,water,,lake,,,,,,,,,,,,,,,,,,,,,,,,,,,,,,,,,,,,,,,,,,,,,,,,
,LineString,-22.9845136,-46.704018,,,,water,,lake,,,,,,,,,,,,,,,,,,,,,,,,,,,,,,,,,,,,,,,,,,,,,,,,
,LineString,-22.9932371,-46.703068,,,,water,,,,,,,,,,,,,,,,,,,,,water_hazard,,,,,,,,,,,,,,,,,,,,,,,,,,,,,
,LineString,-22.9940675,-46.6998967,,,,water,,,,,,,,,,,,,,,,,,,,,water_hazard,,,,,,,,,,,,,,,,,,,,,,,,,,,,,
,LineString,-22.9933609,-46.6993094,,,,water,,,,,,,,,,,,,,,,,,,,,water_hazard,,,,,,,,,,,,,,,,,,,,,,,,,,,,,
,LineString,-22.9907962,-46.6980048,,,,water,,,,,,,,,,,,,,,,,,,,,water_hazard,,,,,,,,,,,,,,,,,,,,,,,,,,,,,
,LineString,-22.9905294,-46.6979487,,,,water,,,,,,,,,,,,,,,,,,,,,water_hazard,,,,,,,,,,,,,,,,,,,,,,,,,,,,,
,LineString,-22.9972757,-46.7016145,,,,water,,lake,,,,,,,,,,,,,,,,,,,,,,,,,,,,,,,,,,,,,,,,,,,,,,,,
,LineString,-22.9439332,-46.7044557,,,,water,,lake,,,,,,,,,,,,,,,,,,,,,,,,,,,,,,,,,,,,,,,,,,,,,,,,
,LineString,-22.9422919,-46.7034922,,,,water,,lake,,,,,,,,,,,,,,,,,,,,,,,,,,,,,,,,,,,,,,,,,,,,,,,,
,LineString,-22.9408006,-46.7035555,,,,water,,lake,,,,,,,,,,,,,,,,,,,,,,,,,,,,,,,,,,,,,,,,,,,,,,,,
,LineString,-22.8840985,-46.6628822,,,,water,,,,,,,,,,,,,,,,,,,,,,,,,,,,,,,,,,,,,,,,,,,,,,,,,,
,LineString,-22.8778811,-46.6676244,,,,water,,,,,,,,,,,,,,,,,,,,,,,,,,,,,,,,,,,,,,,,,,,,,,,,,,
,LineString,-22.8800953,-46.6654142,,,,water,,,,,,,,,,,,,,,,,,,,,,,,,,,,,,,,,,,,,,,,,,,,,,,,,,
,LineString,-22.8860779,-46.6605946,,,,water,,,,,,,,,,,,,,,,,,,,,,,,,,,,,,,,,,,,,,,,,,,,,,,,,,
,LineString,-22.8855125,-46.6602791,,,,water,,,,,,,,,,,,,,,,,,,,,,,,,,,,,,,,,,,,,,,,,,,,,,,,,,
,LineString,-22.885817,-46.6654111,,,,water,,,,,,,,,,,,,,,,,,,,,,,,,,,,,,,,,,,,,,,,,,,,,,,,,,
,LineString,-22.873815,-46.6662257,,,,water,,,,,,,,,,,,,,,,,,,,,,,,,,,,,,,,,,,,,,,,,,,,,,,,,,
,LineString,-22.8700297,-46.6655744,,,,water,,,,,,,,,,,,,,,,,,,,,,,,,,,,,,,,,,,,,,,,,,,,,,,,,,
,LineString,-22.9111915,-46.4662818,,,,water,,pond,,,,,,,,,,,,,,,,,,,,,,,,,,,,,,,,,,,,,,,,,,,,,,,,
,LineString,-22.9100995,-46.4490084,,,,water,,pond,,,,,,,,,,,,,,,,,,,,,,,,,,,,,,,,,,,,,,,,,,,,,,,,
,LineString,-22.9180167,-46.4614592,,,,water,,pond,,,,,,,,,,,,,,,,,,,,,,,,,,,,,,,,,,,,,,,,,,,,,,,,
,LineString,-22.9175868,-46.4628701,,,,water,,pond,,,,,,,,,,,,,,,,,,,,,,,,,,,,,,,,,,,,,,,,,,,,,,,,
,LineString,-22.9170186,-46.4634119,,,,wood,,,,,,,,,,,,,,,,,,,,,,,,,,,,,,,,,,,,,,,,,,,,,,,,,,
,LineString,-22.9235711,-46.4610166,,,,water,,pond,,,,,,,,,,,,,,,,,,,,,,,,,,,,,,,,,,,,,,,,,,,,,,,,
,LineString,-22.9226274,-46.4606036,,,,wood,,,,,,,,,,,,,,,,,,,,,,,,,,,,,,,,,,,,,,,,,,,,,,,,,,
,LineString,-22.9243173,-46.4610503,,,,water,,,,,,,,,,,,,,,,,,,,,,,,,,,,,,,,,,,,,,,,,,,,,,,,,,
,LineString,-22.9251572,-46.4606695,,,,water,,,,,,,,,,,,,,,,,,,,,,,,,,,,,,,,,,,,,,,,,,,,,,,,,,
,LineString,-22.9257106,-46.4622654,,,,water,,,,,,,,,,,,,,,,,,,,,,,,,,,,,,,,,,,,,,,,,,,,,,,,,,
,LineString,-22.8659991,-46.5330485,,,,wood,,,,,,,,,,,,,,,,,,,,,,,,,,,,,,,,,,,,,,,,,,,,,,,,,,
,LineString,-22.8834693,-46.530469,,,,water,,,,,,,,,,,,,,,,,,,,,,,,,,,,,,,,,,,,,,,,,,,,,,,,,,
,LineString,-22.8664459,-46.5360037,,,,wood,,,,,,,,,,,,,,,,,,,,,,,,,,,,,,,,,,,,,,,,,,,,,,,,,,
,LineString,-22.8716855,-46.5320537,,,,water,,,,,,,,,,,,,,,,,,,,,,,,,,,,,,,,,,,,,,,,,,,,,,,,,,
,LineString,-22.9127326,-46.531068,,,park,,,,,,,,,,,,,,,,,,,,,,,,,,,,,,,,,,,,,,,,,,,,,,,,,,,
,LineString,-22.8620074,-46.5327544,,,,water,,,,,,,,,,,,,,,,,,,,,,,,,,,,,,,,,,,,,,,,,,,,,,,,,,
,LineString,-22.8856611,-46.5306017,,,,water,,,,,,,,,,,,,,,,,,,,,,,,,,,,,,,,,,,,,,,,,,,,,,,,,,
,LineString,-22.8655216,-46.5333537,,,,wood,,,,,,,,,,,,,,,,,,,,,,,,,,,,,,,,,,,,,,,,,,,,,,,,,,
,LineString,-22.8646717,-46.5319102,,,,water,,,,,,,,,,,,,,,,,,,,,,,,,,,,,,,,,,,,,,,,,,,,,,,,,,
,LineString,-22.9522552,-46.5398373,Praça Luiz Apezzato,,park,,,,,,,,,,,,,,,,,,,,,,,,,,,,,,,,,,,,,,,,,,,,,,,,,,,
,LineString,-22.9068883,-46.5828314,,,,water,,pond,,,,,,,,,,,,,,,,,,,,,,,,,,,,,,,,,,,,,,,,,,,,,,,,
,LineString,-22.9034293,-46.579602,,,,water,,,,,,,,,,,,,,,,,,,,,,,,,,,,,,,,,,,,,,,,,,,,,,,,,,
,LineString,-22.9012402,-46.5922406,,,,water,,,,,,,,,,,,,,,,,,,,,,,,,,,,,,,,,,,,,,,,,,,,,,,,,,
,LineString,-22.9012945,-46.5923586,,,,water,,,,,,,,,,,,,,,,,,,,,,,,,,,,,,,,,,,,,,,,,,,,,,,,,,
,LineString,-22.9012501,-46.5913447,,,,water,,,,,,,,,,,,,,,,,,,,,,,,,,,,,,,,,,,,,,,,,,,,,,,,,,
,LineString,-22.9014873,-46.5924873,,,,water,,,,,,,,,,,,,,,,,,,,,,,,,,,,,,,,,,,,,,,,,,,,,,,,,,
,LineString,-22.9018826,-46.5927877,,,,water,,,,,,,,,,,,,,,,,,,,,,,,,,,,,,,,,,,,,,,,,,,,,,,,,,
,LineString,-22.9053639,-46.5822413,,,,water,,,,,,,,,,,,,,,,,,,,,,,,,,,,,,,,,,,,,,,,,,,,,,,,,,
,LineString,-22.9127881,-46.5822708,,,,water,,,,,,,,,,,,,,,,,,,,,,,,,,,,,,,,,,,,,,,,,,,,,,,,,,
,LineString,-22.9082537,-46.5837667,,,,water,,,,,,,,,,,,,,,,,,,,,,,,,,,,,,,,,,,,,,,,,,,,,,,,,,
,LineString,-22.9088763,-46.584684,,,,water,,,,,,,,,,,,,,,,,,,,,,,,,,,,,,,,,,,,,,,,,,,,,,,,,,
,LineString,-22.909237,-46.5848396,,,,water,,,,,,,,,,,,,,,,,,,,,,,,,,,,,,,,,,,,,,,,,,,,,,,,,,
,LineString,-22.9559569,-46.5463633,Praça Nippon,,park,,,,,,,,,,,,,,,,,,,,,,,,,,,,,,,,,,,,,,,,,,,,,,,,,,,
,LineString,-22.8967729,-46.5952929,,,,water,,pond,,,,,,,,,,,,,,,,,,,,,,,,,,,,,,,,,,,,,,,,,,,,,,,,
,LineString,-22.8951149,-46.5974789,,,,water,,,,,,,,,,,,,,,,,,,,,,,,,,,,,,,,,,,,,,,,,,,,,,,,,,
,LineString,-22.8945738,-46.5974736,,,,water,,,,,,,,,,,,,,,,,,,,,,,,,,,,,,,,,,,,,,,,,,,,,,,,,,
,LineString,-22.8949346,-46.5973233,,,,water,,,,,,,,,,,,,,,,,,,,,,,,,,,,,,,,,,,,,,,,,,,,,,,,,,
,LineString,-22.8947715,-46.597267,,,,water,,,,,,,,,,,,,,,,,,,,,,,,,,,,,,,,,,,,,,,,,,,,,,,,,,
,LineString,-22.8946232,-46.5972563,,,,water,,,,,,,,,,,,,,,,,,,,,,,,,,,,,,,,,,,,,,,,,,,,,,,,,,
,LineString,-22.8806421,-46.6146638,,,,water,,,,,,,,,,,,,,,,,,,,,,,,,,,,,,,,,,,,,,,,,,,,,,,,,,
,LineString,-22.8813736,-46.6146746,,,,water,,,,,,,,,,,,,,,,,,,,,,,,,,,,,,,,,,,,,,,,,,,,,,,,,,
,LineString,-22.8715776,-46.6282519,,,,water,,,,,,,,,,,,,,,,,,,,,,,,,,,,,,,,,,,,,,,,,,,,,,,,,,
,LineString,-22.8865159,-46.6126817,,,,water,,,,,,,,,,,,,,,,,,,,,,,,,,,,,,,,,,,,,,,,,,,,,,,,,,
,LineString,-22.8928022,-46.6077679,,,,water,,,,,,,,,,,,,,,,,,,,,,,,,,,,,,,,,,,,,,,,,,,,,,,,,,
,LineString,-22.8903856,-46.6096159,,,,water,,,,,,,,,,,,,,,,,,,,,,,,,,,,,,,,,,,,,,,,,,,,,,,,,,
,LineString,-22.8935607,-46.6225468,,,,water,,,,,,,,,,,,,,,,,,,,,,,,,,,,,,,,,,,,,,,,,,,,,,,,,,
,LineString,-22.9175563,-46.6354483,,,,water,,,,,,,,,,,,,,,,,,,,,,,,,,,,,,,,,,,,,,,,,,,,,,,,,,
,LineString,-22.9192016,-46.6436666,,,,water,,,,,,,,,,,,,,,,,,,,,,,,,,,,,,,,,,,,,,,,,,,,,,,,,,
,LineString,-22.9216103,-46.6443639,,,,water,,,,,,,,,,,,,,,,,,,,,,,,,,,,,,,,,,,,,,,,,,,,,,,,,,
,LineString,-22.9178083,-46.6432535,,,,water,,,,,,,,,,,,,,,,,,,,,,,,,,,,,,,,,,,,,,,,,,,,,,,,,,
,LineString,-22.9556111,-46.5467562,,,park,,,,,,,,,,,,,,,,,,,,,,,,,,,,,,,,,,,,,,,,,,,,,,,,,,,
,LineString,-22.9536482,-46.5472958,,,park,,,,,,,,,,,,,,,,,,,,,,,,,,,,,,,,,,,,,,,,,,,,,,,,,,,
,LineString,-22.8920996,-46.4183995,,,,water,,lake,,,,,,,,,,,,,,,,,,,,,,,,,,,,,,,,,,,,,,,,,,,,,,,,
,LineString,-22.8946677,-46.4249413,,,,wood,,,,,,,,,,,,,,,,,,,,,,,,,,,,,,,,,,,,,,,,,,,,,,,,,,
,LineString,-22.9756052,-46.5325594,,,park,,,,,,,,,,,,,,,,,,,,,,,,,,,,,,,,,,,,,,,,,,,,,,,,,,,
,LineString,-22.9759176,-46.5334002,Jardim Japonês,,park,,,,,,,,,,,,,,,,,,,,,,,,,,,,,,,,,,,,,,,,,,,,,,,,,,,
,LineString,-22.9735629,-46.5338541,,,park,,,,,,,,,,,,,,,,,,,,,,,,,,,,,,,,,,,,,,,,,,,,,,,,,,,
,LineString,-22.9718174,-46.535274,,,park,,,,,,,,,,,,,,,,,,,,,,,,,,,,,,,,,,,,,,,,,,,,,,,,,,,
,LineString,-22.9703989,-46.5361563,,,park,,,,,,,,,,,,,,,,,,,,,,,,,,,,,,,,,,,,,,,,,,,,,,,,,,,
,LineString,-22.9700761,-46.5388498,,,park,,,,,,,,,,,,,,,,,,,,,,,,,,,,,,,,,,,,,,,,,,,,,,,,,,,
,LineString,-22.8806887,-46.4094731,,,,wood,,,,,,,,,,,,,,,,,,,,,,,,,,,,,,,,,,,,,,,,,,,,,,,,,,
,LineString,-22.9208179,-46.5559776,,,park,,,,,,,,,,,,,,,,,,,,,,,,,,,,,,,,,,,,,,,,,,,,,,,,,,,
,LineString,-22.9199085,-46.5555962,,,park,,,,,,,,,,,,,,,,,,,,,,,,,,,,,,,,,,,,,,,,,,,,,,,,,,,
,LineString,-22.9193471,-46.55534,,,park,,,,,,,,,,,,,,,,,,,,,,,,,,,,,,,,,,,,,,,,,,,,,,,,,,,
,LineString,-22.9162675,-46.5539371,,,park,,,,,,,,,,,,,,,,,,,,,,,,,,,,,,,,,,,,,,,,,,,,,,,,,,,
,LineString,-22.9139956,-46.5529319,,,park,,,,,,,,,,,,,,,,,,,,,,,,,,,,,,,,,,,,,,,,,,,,,,,,,,,
,LineString,-22.8540522,-46.477952,,,,water,,,,,,,,,,,,,,,,,,,,,,,,,,,,,,,,,,,,,,,,,,,,,,,,,,
,LineString,-22.8554296,-46.4774775,,,,water,,,,,,,,,,,,,,,,,,,,,,,,,,,,,,,,,,,,,,,,,,,,,,,,,,
,LineString,-22.8528911,-46.4831617,,,,water,,lake,,,,,,,,,,,,,,,,,,,,,,,,,,,,,,,,,,,,,,,,,,,,,,,,
,LineString,-22.8524019,-46.4775627,,,,water,,lake,,,,,,,,,,,,,,,,,,,,,,,,,,,,,,,,,,,,,,,,,,,,,,,,
,LineString,-22.8848783,-46.4640147,,,,water,,lake,,,,,,,,,,,,,,,,,,,,,,,,,,,,,,,,,,,,,,,,,,,,,,,,
,LineString,-22.906216,-46.4225084,,,,wood,,,,,,,,,,,,,,,,,,,,,,,,,,,,,,,,,,,,,,,,,,,,,,,,,,
,LineString,-22.8361759,-46.647723,,,park,,,,,,,,,,,,,,,,,,,,,,,,,,,,,,,,,,,,,,,,,,,,,,,,,,,
,LineString,-22.8216012,-46.6969283,,,,wood,,,,,,,,,,,,,,,,,,,,,,,,,,,,,,,,,,,,,,,,,,,,,,,,,,
,LineString,-22.9463273,-46.4133783,,,,wood,,,,,,,,,,,,,,,,,,,,,,,,,,,,,,,,,,,,,,,,,,,,,,,,,,
,LineString,-22.9373703,-46.4039496,,,,wood,,,,,,,,,,,,,,,,,,,,,,,,,,,,,,,,,,,,,,,,,,,,,,,,,,
,LineString,-22.8877089,-46.4531292,,,,wood,,,,,,,,,,,,,,,,,,,,,,,,,,,,,,,,,,,,,,,,,,,,,,,,,,
,LineString,-22.8969665,-46.4585185,,,,wood,,,,,,,,,,,,,,,,,,,,,,,,,,,,,,,,,,,,,,,,,,,,,,,,,,
,LineString,-22.8621146,-46.4451524,,,,water,,lake,,,,,,,,,,,,,,,,,,,,,,,,,,,,,,,,,,,,,,,,,,,,,,,,
,LineString,-22.8672681,-46.4546862,,,,water,,lake,,,,,,,,,,,,,,,,,,,,,,,,,,,,,,,,,,,,,,,,,,,,,,,,
,LineString,-22.881665,-46.4522863,,,,water,,lake,,,,,,,,,,,,,,,,,,,,,,,,,,,,,,,,,,,,,,,,,,,,,,,,
,LineString,-22.8819588,-46.4511738,,,,water,,lake,,,,,,,,,,,,,,,,,,,,,,,,,,,,,,,,,,,,,,,,,,,,,,,,
,LineString,-22.8911902,-46.4153106,,,park,,,,,,,,,,,,,,,,,,,,,,,,,,,,,,,,,,,,,,,,,,,,,,,,,,,
,LineString,-22.8870323,-46.4084247,,,,water,,lake,,,,,,,,,,,,,,,,,,,,,,,,,,,,,,,,,,,,,,,,,,,,,,,,
,LineString,-22.8869092,-46.4062406,,,,water,,lake,,,,,,,,,,,,,,,,,,,,,,,,,,,,,,,,,,,,,,,,,,,,,,,,
,LineString,-22.8970689,-46.425138,,,,wood,,,,,,,,,,,,,,,,,,,,,,,,,,,,,,,,,,,,,,,,,,,,,,,,,,
,LineString,-22.9011293,-46.4349339,,,,wood,,,,,,,,,,,,,,,,,,,,,,,,,,,,,,,,,,,,,,,,,,,,,,,,,,
,LineString,-22.9831132,-46.4905625,,,,wood,,,,,,,,,,,,,,,,,,,,,,,,,,,,,,,,,,,,,,,,,,,,,,,,,,
,LineString,-22.8691533,-46.6377044,,,,water,,lake,,,,,,,,,,,,,,,,,,,,,,,,,,,,,,,,,,,,,,,,,,,,,,,,
,LineString,-22.9588186,-46.6148105,,,,water,,lake,,,,,,,,,,,,,,,,,,,,,,,,,,,,,,,,,,,,,,,,,,,,,,,,
,LineString,-22.9588402,-46.6139781,,,,wood,,,,,,,,,,,,,,,,,,,,,,,,,,,,,,,,,,,,,,,,,,,,,,,,,,
,LineString,-22.8918462,-46.5124776,,,,water,,lake,,,,,,,,,,,,,,,,,,,,,,,,,,,,,,,,,,,,,,,,,,,,,,,,
,LineString,-22.8771708,-46.5260734,,,,water,,lake,,,,,,,,,,,,,,,,,,,,,,,,,,,,,,,,,,,,,,,,,,,,,,,,
,LineString,-22.9312938,-46.5531246,,,,water,,,,,,,,,,,,,,,,,,,,,,,,,,,,,,,,,,,,,,,,,,,,,,,,,,
,LineString,-22.8910238,-46.4162569,,,park,,,,,,,,,,,,,,,,,,,,,,,,,,,,,,,,,,,,,,,,,,,,,,,,,,,
,LineString,-22.8917193,-46.4156575,,,park,,,,,,,,,,,,,,,,,,,,,,,,,,,,,,,,,,,,,,,,,,,,,,,,,,,
,LineString,-22.8911555,-46.416082,,,park,,,,,,,,,,,,,,,,,,,,,,,,,,,,,,,,,,,,,,,,,,,,,,,,,,,
,LineString,-22.8199786,-46.713044,,,,wood,,,,,,,,,,,,,,,,,,,,,,,,,,,,,,,,,,,,,,,,,,,,,,,,,,
,LineString,-22.8228844,-46.7153854,,,,water,,,,,,,,,,,,,,,,,,,,,,,,,,,,,,,,,,,,,,,,,,,,,,,,,,
,LineString,-22.8725576,-46.6364932,,,,wood,,,,,,,,,,,,,,,,,,,,,,,,,,,,,,,,,,,,,,,,,,,,,,,,,,
,LineString,-22.8834445,-46.6307291,,,,water,,,,,,,,,,,,,,,,,,,,,,,,,,,,,,,,,,,,,,,,,,,,,,,,,,
,LineString,-22.8840574,-46.6284761,,,,water,,,,,,,,,,,,,,,,,,,,,,,,,,,,,,,,,,,,,,,,,,,,,,,,,,
,LineString,-22.8929888,-46.4180266,,,park,,,,,,,,,,,,,,,,,,,,,,,,,,,,,,,,,,,,,,,,,,,,,,,,,,,
,LineString,-22.9161111,-46.6868044,,,,water,,,,,,,,,,,,,,,,,,,,,,,,,,,,,,,,,,,,,,,,,,,,,,,,,,
,LineString,-22.9143302,-46.6836064,,,,water,,,,,,,,,,,,,,,,,,,,,,,,,,,,,,,,,,,,,,,,,,,,,,,,,,
,LineString,-22.888441,-46.4402631,,,,wood,,,,,,,,,,,,,,,,,,,,,,,,,,,,,,,,,,,,,,,,,,,,,,,,,,
,LineString,-22.9231064,-46.4929711,,,,wood,,,,,,,,,,,,,,,,,,,,,,,,,,,,,,,,,,,,,,,,,,,,,,,,,,
,LineString,-22.9825144,-46.5331145,Aeroporto Estadual Arthur Siqueira,,,,aerodrome,,Q3813428,,,,,,,,,,,,,,,,,,,BJP,SBBP,,,,,Estadual Arthur Siqueira Airport,Aeroporto Estadual Arthur Siqueira,,,,,,,,,,,,,,,,ourairports.com,,,,,
,LineString,-22.8821939,-46.5885347,,,,water,,,,,,,,,,,,,,,,,,,,,,,,,,,,,,,,,,,,,,,,,,,,,,,,,,
,LineString,-22.8814373,-46.5874825,,,,water,,,,,,,,,,,,,,,,,,,,,,,,,,,,,,,,,,,,,,,,,,,,,,,,,,
,LineString,-22.8784791,-46.5856635,,,,water,,,,,,,,,,,,,,,,,,,,,,,,,,,,,,,,,,,,,,,,,,,,,,,,,,
,LineString,-22.8314531,-46.5944687,,,,water,,lake,,,,,,,,,,,,,,,,,,,,,,,,,,,,,,,,,,,,,,,,,,,,,,,,
,LineString,-22.8314309,-46.5934427,,,,water,,lake,,,,,,,,,,,,,,,,,,,,,,,,,,,,,,,,,,,,,,,,,,,,,,,,
,LineString,-22.8310947,-46.5942407,,,,water,,lake,,,,,,,,,,,,,,,,,,,,,,,,,,,,,,,,,,,,,,,,,,,,,,,,
,LineString,-22.8312628,-46.5931168,,,,water,,lake,,,,,,,,,,,,,,,,,,,,,,,,,,,,,,,,,,,,,,,,,,,,,,,,
,LineString,-22.8319587,-46.5919487,,,,water,,lake,,,,,,,,,,,,,,,,,,,,,,,,,,,,,,,,,,,,,,,,,,,,,,,,
,LineString,-22.8315977,-46.5861203,,,,water,,lake,,,,,,,,,,,,,,,,,,,,,,,,,,,,,,,,,,,,,,,,,,,,,,,,
,LineString,-22.8318833,-46.5869565,,,,water,,lake,,,,,,,,,,,,,,,,,,,,,,,,,,,,,,,,,,,,,,,,,,,,,,,,
,LineString,-22.8309939,-46.5875955,,,,water,,lake,,,,,,,,,,,,,,,,,,,,,,,,,,,,,,,,,,,,,,,,,,,,,,,,
,LineString,-22.962764,-46.5249764,Bosque do Colinas da Mantiqueira,,park,,,,,,,,,,,,,,,,,,,,,,,,,,,,,,,,,,,,,,,,,,,,,,,,,,,
,LineString,-22.9729812,-46.7199882,,,park,,,,,,,,,,,,,,,,,,,,,,,,,,,,,,,,,,,,,,,,,,,,,,,,,,,
,LineString,-22.9729353,-46.7198683,,,park,,,,,,,,,,,,,,,,,,,,,,,,,,,,,,,,,,,,,,,,,,,,,,,,,,,
,LineString,-22.9728015,-46.7196182,,,park,,,,,,,,,,,,,,,,,,,,,,,,,,,,,,,,,,,,,,,,,,,,,,,,,,,
,LineString,-22.9735629,-46.7198456,,,park,,,,,,,,,,,,,,,,,,,,,,,,,,,,,,,,,,,,,,,,,,,,,,,,,,,
,LineString,-22.9735371,-46.7198514,,,park,,,,,,,,,,,,,,,,,,,,,,,,,,,,,,,,,,,,,,,,,,,,,,,,,,,
,LineString,-22.9734845,-46.7197177,,,park,,,,,,,,,,,,,,,,,,,,,,,,,,,,,,,,,,,,,,,,,,,,,,,,,,,
,LineString,-22.9734006,-46.719566,,,park,,,,,,,,,,,,,,,,,,,,,,,,,,,,,,,,,,,,,,,,,,,,,,,,,,,
,LineString,-22.9732351,-46.7196121,,,park,,,,,,,,,,,,,,,,,,,,,,,,,,,,,,,,,,,,,,,,,,,,,,,,,,,
,LineString,-22.9732066,-46.7195304,,,park,,,,,,,,,,,,,,,,,,,,,,,,,,,,,,,,,,,,,,,,,,,,,,,,,,,
,LineString,-22.9732002,-46.7196261,,,park,,,,,,,,,,,,,,,,,,,,,,,,,,,,,,,,,,,,,,,,,,,,,,,,,,,
,LineString,-22.9727851,-46.719994,,,park,,,,,,,,,,,,,,,,,,,,,,,,,,,,,,,,,,,,,,,,,,,,,,,,,,,
,LineString,-22.9727305,-46.7192558,,,park,,,,,,,,,,,,,,,,,,,,,,,,,,,,,,,,,,,,,,,,,,,,,,,,,,,
,LineString,-22.972695,-46.7193174,,,park,,,,,,,,,,,,,,,,,,,,,,,,,,,,,,,,,,,,,,,,,,,,,,,,,,,
,LineString,-22.9737683,-46.7202109,,,park,,,,,,,,,,,,,,,,,,,,,,,,,,,,,,,,,,,,,,,,,,,,,,,,,,,
,LineString,-22.9705355,-46.7172555,,,,water,,pond,,,,,,,,,,,,,,,,,,,,,,,,,,,,,,,,,,,,,,,,,,,,,,,,
,LineString,-22.8489863,-46.70791,,,,water,,lake,,,,,,,,,,,,,,,,,,,,,,,,,,,,,,,,,,,,,,,,,,,,,,,,
,LineString,-22.8443023,-46.695706,,,,water,,lake,,,,,,,,,,,,,,,,,,,,,,,,,,,,,,,,,,,,,,,,,,,,,,,,
,LineString,-22.8444778,-46.6966581,,,,water,,lake,,,,,,,,,,,,,,,,,,,,,,,,,,,,,,,,,,,,,,,,,,,,,,,,
,LineString,-22.8318437,-46.7037338,,,,water,,lake,,,,,,,,,,,,,,,,,,,,,,,,,,,,,,,,,,,,,,,,,,,,,,,,
,LineString,-22.8218365,-46.6662848,,,,water,,lake,,,,,,,,,,,,,,,,,,,,,,,,,,,,,,,,,,,,,,,,,,,,,,,,
,LineString,-22.8215843,-46.6655016,,,,water,,lake,,,,,,,,,,,,,,,,,,,,,,,,,,,,,,,,,,,,,,,,,,,,,,,,
,LineString,-22.8264842,-46.6739479,,,,water,,lake,,,,,,,,,,,,,,,,,,,,,,,,,,,,,,,,,,,,,,,,,,,,,,,,
,LineString,-22.863507,-46.6543168,,,,water,,lake,,,,,,,,,,,,,,,,,,,,,,,,,,,,,,,,,,,,,,,,,,,,,,,,
,LineString,-22.8752435,-46.6753963,,,,water,,lake,,,,,,,,,,,,,,,,,,,,,,,,,,,,,,,,,,,,,,,,,,,,,,,,
,LineString,-22.8748234,-46.6759729,,,,water,,lake,,,,,,,,,,,,,,,,,,,,,,,,,,,,,,,,,,,,,,,,,,,,,,,,
,LineString,-22.8748333,-46.6764477,,,,water,,lake,,,,,,,,,,,,,,,,,,,,,,,,,,,,,,,,,,,,,,,,,,,,,,,,
,LineString,-22.8744824,-46.6774187,,,,water,,lake,,,,,,,,,,,,,,,,,,,,,,,,,,,,,,,,,,,,,,,,,,,,,,,,
,LineString,-22.8919136,-46.6691172,,,,water,,lake,,,,,,,,,,,,,,,,,,,,,,,,,,,,,,,,,,,,,,,,,,,,,,,,
,LineString,-22.8773243,-46.6955611,,,,water,,lake,,,,,,,,,,,,,,,,,,,,,,,,,,,,,,,,,,,,,,,,,,,,,,,,
,LineString,-22.8921278,-46.4165021,,,park,,,,,,,,,,,,,,,,,,,,,,,,,,,,,,,,,,,,,,,,,,,,,,,,,,,
,LineString,-22.9626789,-46.5392336,Parque Luiz Gonzaga da Silva Leme,,park,,,,,,,,,Bragança Paulista,220,12914-370,Rua Albino Dantas,Centro,Jardim Público,,,,,,,,,,,,,,,,,,,,,,,,,,,,,,,,,,,,,
,LineString,-22.9911423,-46.5333455,,,,wood,,,,,,,,,,,,,,,,,,,,,,,,,,,,,,,,,,,,,,,,,,,,,,,,,,
,LineString,-22.9500669,-46.5289591,Estádio Cicero De Souza Marques,,stadium,,,,,,,,,,,,,,,,,,,,,,,,,,,,,,,,,,,,,,,,,,,,,,,soccer,,,limited,
,LineString,-22.9527498,-46.5288417,Parque de Exposições Doutor Fernando Costa - Posto de Monta,,park,,,,,,,,,,,,,,,,,,,,,,,,,,,,,,,,,,,,,,,,,,,,,,,,,,,
,LineString,-22.9836876,-46.5258982,,,,water,,lake,,,,,,,,,,,,,,,,,,,,,,,,,,,,,,,,,,,,,,,,,,,,,,,,
,LineString,-22.941734,-46.5512387,Parque Poliesportivo,,park,,,,,,Local com pista de skate e ginásio poliesportivo,,,,,,,,,,,,,,,,,,,,,,,,,,,,,,,,,,,,,,,,,,,,,
,LineString,-22.962541,-46.5370055,Praça da Santa,,park,,,,,,,,,,,,,,,,,,,,,,,,,,,,,,,,,,,,,,,,,,,,,,,,,,,
,LineString,-22.9488079,-46.5437415,Praça dos combatentes,,park,,,,,,,,,,,,,,,,,,,,,,,,,,,,,,,,,,,,,,,,,,,,,,,,,,,
,LineString,-22.8635021,-46.7048201,,,,water,,lake,,,,,,,,,,,,,,,,,,,,,,,,,,,,,,,,,,,,,,,,,,,,,,,,
,LineString,-22.8635218,-46.7049301,,,,water,,lake,,,,,,,,,,,,,,,,,,,,,,,,,,,,,,,,,,,,,,,,,,,,,,,,
,LineString,-22.8622169,-46.6922928,,,,water,,lake,,,,,,,,,,,,,,,,,,,,,,,,,,,,,,,,,,,,,,,,,,,,,,,,
,LineString,-22.862878,-46.6882306,,,,water,,lake,,,,,,,,,,,,,,,,,,,,,,,,,,,,,,,,,,,,,,,,,,,,,,,,
,LineString,-22.8254236,-46.7046538,,,,water,,lake,,,,,,,,,,,,,,,,,,,,,,,,,,,,,,,,,,,,,,,,,,,,,,,,
,LineString,-22.8254558,-46.704348,,,,water,,lake,,,,,,,,,,,,,,,,,,,,,,,,,,,,,,,,,,,,,,,,,,,,,,,,
,LineString,-22.8251344,-46.7022425,,,,water,,lake,,,,,,,,,,,,,,,,,,,,,,,,,,,,,,,,,,,,,,,,,,,,,,,,
,LineString,-22.856473,-46.7015371,,,,water,,lake,,,,,,,,,,,,,,,,,,,,,,,,,,,,,,,,,,,,,,,,,,,,,,,,
,LineString,-22.8593462,-46.7021553,,,,water,,lake,,,,,,,,,,,,,,,,,,,,,,,,,,,,,,,,,,,,,,,,,,,,,,,,
,LineString,-22.8594673,-46.7021419,,,,water,,lake,,,,,,,,,,,,,,,,,,,,,,,,,,,,,,,,,,,,,,,,,,,,,,,,
,LineString,-22.8490629,-46.6701794,,,,water,,lake,,,,,,,,,,,,,,,,,,,,,,,,,,,,,,,,,,,,,,,,,,,,,,,,
,LineString,-22.8563346,-46.6534182,,,,water,,lake,,,,,,,,,,,,,,,,,,,,,,,,,,,,,,,,,,,,,,,,,,,,,,,,
,LineString,-22.8611937,-46.6753104,,,,water,,lake,,,,,,,,,,,,,,,,,,,,,,,,,,,,,,,,,,,,,,,,,,,,,,,,
,LineString,-22.8613741,-46.6794571,,,,water,,lake,,,,,,,,,,,,,,,,,,,,,,,,,,,,,,,,,,,,,,,,,,,,,,,,
,LineString,-22.8577335,-46.6748357,,,,water,,lake,,,,,,,,,,,,,,,,,,,,,,,,,,,,,,,,,,,,,,,,,,,,,,,,
,LineString,-22.8638011,-46.671782,,,,water,,lake,,,,,,,,,,,,,,,,,,,,,,,,,,,,,,,,,,,,,,,,,,,,,,,,
,LineString,-22.863612,-46.6713367,,,,water,,lake,,,,,,,,,,,,,,,,,,,,,,,,,,,,,,,,,,,,,,,,,,,,,,,,
,LineString,-22.84231,-46.5690333,,,,water,,lake,,,,,,,,,,,,,,,,,,,,,,,,,,,,,,,,,,,,,,,,,,,,,,,,
,LineString,-22.8425028,-46.5693766,,,,water,,lake,,,,,,,,,,,,,,,,,,,,,,,,,,,,,,,,,,,,,,,,,,,,,,,,
,LineString,-22.8426758,-46.5689421,,,,water,,lake,,,,,,,,,,,,,,,,,,,,,,,,,,,,,,,,,,,,,,,,,,,,,,,,
,LineString,-22.8288179,-46.5757603,,,,water,,lake,,,,,,,,,,,,,,,,,,,,,,,,,,,,,,,,,,,,,,,,,,,,,,,,
,LineString,-22.8345061,-46.592575,,,,water,,lake,,,,,,,,,,,,,,,,,,,,,,,,,,,,,,,,,,,,,,,,,,,,,,,,
,LineString,-22.8343825,-46.5925482,,,,water,,lake,,,,,,,,,,,,,,,,,,,,,,,,,,,,,,,,,,,,,,,,,,,,,,,,
,LineString,-22.8342564,-46.5924946,,,,water,,lake,,,,,,,,,,,,,,,,,,,,,,,,,,,,,,,,,,,,,,,,,,,,,,,,
,LineString,-22.8339622,-46.5923363,,,,water,,lake,,,,,,,,,,,,,,,,,,,,,,,,,,,,,,,,,,,,,,,,,,,,,,,,
,LineString,-22.8290651,-46.5438044,,,,water,,lake,,,,,,,,,,,,,,,,,,,,,,,,,,,,,,,,,,,,,,,,,,,,,,,,
,LineString,-22.8273939,-46.5421522,,,,water,,lake,,,,,,,,,,,,,,,,,,,,,,,,,,,,,,,,,,,,,,,,,,,,,,,,
,LineString,-22.8270503,-46.5323326,,,,water,,lake,,,,,,,,,,,,,,,,,,,,,,,,,,,,,,,,,,,,,,,,,,,,,,,,
,LineString,-22.8305978,-46.5481067,,,,water,,lake,,,,,,,,,,,,,,,,,,,,,,,,,,,,,,,,,,,,,,,,,,,,,,,,
,LineString,-22.8358508,-46.5523124,,,,water,,lake,,,,,,,,,,,,,,,,,,,,,,,,,,,,,,,,,,,,,,,,,,,,,,,,
,LineString,-22.8384241,-46.5607721,,,,water,,lake,,,,,,,,,,,,,,,,,,,,,,,,,,,,,,,,,,,,,,,,,,,,,,,,
,LineString,-22.8416673,-46.5638995,,,,water,,lake,,,,,,,,,,,,,,,,,,,,,,,,,,,,,,,,,,,,,,,,,,,,,,,,
,LineString,-22.8251566,-46.5850595,,,,water,,lake,,,,,,,,,,,,,,,,,,,,,,,,,,,,,,,,,,,,,,,,,,,,,,,,
,LineString,-22.8251937,-46.585097,,,,water,,lake,,,,,,,,,,,,,,,,,,,,,,,,,,,,,,,,,,,,,,,,,,,,,,,,
,LineString,-22.8250503,-46.5853196,,,,water,,lake,,,,,,,,,,,,,,,,,,,,,,,,,,,,,,,,,,,,,,,,,,,,,,,,
,LineString,-23.0344095,-46.5712395,,,,water,,lake,,,,,,,,,,,,,,,,,,,,,,,,,,,,,,,,,,,,,,,,,,,,,,,,
,LineString,-23.0368251,-46.5518481,,,,water,,lake,,,,,,,,,,,,,,,,,,,,,,,,,,,,,,,,,,,,,,,,,,,,,,,,
,LineString,-22.8359818,-46.5633148,,,,water,,lake,,,,,,,,,,,,,,,,,,,,,,,,,,,,,,,,,,,,,,,,,,,,,,,,
,LineString,-22.8234681,-46.5624404,,,,water,,lake,,,,,,,,,,,,,,,,,,,,,,,,,,,,,,,,,,,,,,,,,,,,,,,,
,LineString,-22.8235621,-46.5723619,,,,water,,lake,,,,,,,,,,,,,,,,,,,,,,,,,,,,,,,,,,,,,,,,,,,,,,,,
,LineString,-22.8354862,-46.6479461,,,park,,,,,,,,,,,,,,,,,,,,,,,,,,,,,,,,,,,,,,,,,,,,,,,,,,,
,LineString,-22.8347088,-46.649352,Estádio Municipal Plácido de Lima,,stadium,,,,,,,,,,,,,,,,,,,,,,,,,,,,,,,,,,,,,,,,,,,,,,,soccer,,,,
,LineString,-22.832086,-46.6451225,Praça Dr. Miguel Vieira Ferreira,,park,,,,,,,,,,,,,,,,,,,,,,,,,,,,,,,,,,,,,,,,,,,,,,,,,,,
,LineString,-22.853662,-46.7177931,Praça da Igreja,,park,,,,,,,,,,,,,,,,,,,,,,,,,,,,,,,,,,,,,,,,,,,,,,,,,,,
,LineString,-22.8307535,-46.645149,,,,water,,,,,,,,,,,,,,,,,,,,,,,,,,,,,,,,,,,,,,,,,,,,,,,,,,
,LineString,-22.8303975,-46.6455647,,,,water,,,,,,,,,,,,,,,,,,,,,,,,,,,,,,,,,,,,,,,,,,,,,,,,,,
,LineString,-22.8299081,-46.6455728,,,,water,,,,,,,,,,,,,,,,,,,,,,,,,,,,,,,,,,,,,,,,,,,,,,,,,,
,LineString,-22.8281405,-46.6448754,,,,water,,,,,,,,,,,,,,,,,,,,,,,,,,,,,,,,,,,,,,,,,,,,,,,,,,
,LineString,-22.8360511,-46.656771,,,,water,,,,,,,,,,,,,,,,,,,,,,,,,,,,,,,,,,,,,,,,,,,,,,,,,,
,LineString,-23.0290837,-46.53763,,,,water,,pond,,,,,,,,,,,,,,,,,,,,,,,,,,,,,,,,,,,,,,,,,,,DGS,,,,,
,LineString,-22.9701212,-46.6707195,lagoa,,,water,,lagoon,,,Lagoa usada para pesca pelos moradores do bairro,,,,,,,,,,,,,,,,,,,no,,,,,,,,,,,,,,,,,,,,,,,,,,
,LineString,-22.9697792,-46.6709918,,,park,,,,,,Campo de Futebol no Bairro Biriça do Valado,,,,,,,,,,,,,,,,,,,,,,,,,,,,,,,,,,,,,,,,,,,,,
,LineString,-22.9712338,-46.6695703,lago,,,water,,lake,,,lago onde os moradores do bairro costumam pescar,,,,,,,,,,,,,,,,,,,no,,,,,,,,,,,,,,,,,,,,,,,,,,
,LineString,-22.954477,-46.5476983,,,park,,,,,,,,,,,,,,,,,,,,,,,,,,,,,,,,,,,,,,,,,,,,,,,,,,,
,LineString,-22.9579836,-46.536443,Praça Vila Aparecida,,park,,,,,,,,,,,,,,,,,,,,,,,,,,,,,,,,,,,,,,,,,,,,,,,,,,,
,LineString,-22.9485799,-46.542319,Praça da Biblia,,park,,,,,,,,,,,,,,,,,,,,,,,,,,,,,,,,,,,,,,,,,,,,,,,,,,,
,LineString,-22.9488807,-46.543525,,,park,,,,,,,,,,,,,,,,,,,,,,,,,,,,,,,,,,,,,,,,,,,,,,,,,,,
,LineString,-22.9481033,-46.5428304,,,park,,,,,,,,,,,,,,,,,,,,,,,,,,,,,,,,,,,,,,,,,,,,,,,,,,,
,LineString,-22.9487446,-46.5436122,,,park,,,,,,,,,,,,,,,,,,,,,,,,,,,,,,,,,,,,,,,,,,,,,,,,,,,
,LineString,-22.9484308,-46.5408893,,,park,,,,,,,,,,,,,,,,,,,,,,,,,,,,,,,,,,,,,,,,,,,,,,,,,,,
,LineString,-22.9697987,-46.5366697,,,park,,,,,,,,,,,,,,,,,,,,,,,,,,,,,,,,,,,,,,,,,,,,,,,,,,,
,LineString,-22.9432709,-46.5459025,,,park,,,,,,,,,,,,,,,,,,,,,,,,,,,,,,,,,,,,,,,,,,,,,,,,,,,
,LineString,-22.9454405,-46.5455195,Praça da Igreja São Francisco de Assis,,park,,,,,,,,,,,,,,,,,,,,,,,,,,,,,,,,,,,,,,,,,,,,,,,,,,,
,LineString,-22.9456882,-46.5449426,,,park,,,,,,,,,,,,,,,,,,,,,,,,,,,,,,,,,,,,,,,,,,,,,,,,,,,
,LineString,-22.9467311,-46.5470449,,,park,,,,,,,,,,,,,,,,,,,,,,,,,,,,,,,,,,,,,,,,,,,,,,,,,,,
,LineString,-22.931102,-46.5461958,playground,,park,,,,,,,,private,,485,12908-840,rua vicente de vita,uberaba,,,,,,,,,,,,,,,,,,,,,,,toscana,,,,,,,,,,,,,,,
,LineString,-22.9315011,-46.5463258,,,,water,,,,,,,,,,,,,,,,,,,,,,,,,,,,,,,,,,,,,,,,,,,,yes,,,,,,
,LineString,-22.8994835,-46.5213315,,,,wood,,,,,,Floresta Ombrófila Densa,,,,,,,,,,,,,,,,,,,,,,,,,,,,,,,,,,,,,,,,,,,,
,LineString,-22.897804,-46.463156,,,,wood,,,,,,,,,,,,,,,,,,,,,,,,,,,,,,,,,,,,,,,,,,,,,,,,,,
,LineString,-22.9474865,-46.5418306,Cíles Lavapés,,park,,,,,,,,,,,,,,,,,,,,,,,,,,,,,,,,,,,,,,,,,,,,,,,,,,,
,LineString,-22.9443468,-46.5528851,,,park,,,,,,,,,,,,,,,,,,,,,,,,,,,,,,,,,,,,,,,,,,,,,,,,,,,
,LineString,-22.9405743,-46.5407428,,,park,,,,,,,,,,,,,,,,,,,,,,,,,,,,,,,,,,,,,,,,,,,,,,,,,,,
,LineString,-22.9158941,-46.5436225,Praça Fraternidade,,park,,,,,,,,,Bragança Paulista,,,Avenida Ernesto Vaz de Lima,Jardim Fraternidade,,,,,,,,,,,,,,,,,,,,,,,,,,,,,,,,,,,,,,
,LineString,-23.014297,-46.4404387,,,,water,,lake,,,,,,,,,,,,,,,,,,,,,,,,,,,,,,,,,,,,,,,,,,,,,,,,
,LineString,-22.9923656,-46.4617288,,,,water,,pond,,,,,,,,,,,,,,,,,,,,,,,,,,,,,,,,,,,,,,,,,,,,,,,,
,LineString,-22.9914001,-46.4614238,,,,water,,pond,,,,,,,,,,,,,,,,,,,,,,,,,,,,,,,,,,,,,,,,,,,,,,,,
,LineString,-23.0013454,-46.4639152,,,,water,,pond,,,,,,,,,,,,,,,,,,,,,,,,,,,,,,,,,,,,,,,,,,,,,,,,
,LineString,-23.0035437,-46.4646938,,,,water,,pond,,,,,,,,,,,,,,,,,,,,,,,,,,,,,,,,,,,,,,,,,,,,,,,,
,LineString,-22.9967925,-46.4866358,,,,water,,pond,,,,,,,,,,,,,,,,,,,,,,,,,,,,,,,,,,,,,,,,,,,,,,,,
,LineString,-22.9967017,-46.4859025,,,,water,,pond,,,,,,,,,,,,,,,,,,,,,,,,,,,,,,,,,,,,,,,,,,,,,,,,
,LineString,-22.9968152,-46.4845006,,,,water,,pond,,,,,,,,,,,,,,,,,,,,,,,,,,,,,,,,,,,,,,,,,,,,,,,,
,LineString,-22.9966195,-46.483755,,,,water,,pond,,,,,,,,,,,,,,,,,,,,,,,,,,,,,,,,,,,,,,,,,,,,,,,,
,LineString,-22.9964124,-46.4840323,,,,water,,pond,,,,,,,,,,,,,,,,,,,,,,,,,,,,,,,,,,,,,,,,,,,,,,,,
,LineString,-22.9967698,-46.4847379,,,,water,,pond,,,,,,,,,,,,,,,,,,,,,,,,,,,,,,,,,,,,,,,,,,,,,,,,
,LineString,-22.9967925,-46.485314,,,,water,,pond,,,,,,,,,,,,,,,,,,,,,,,,,,,,,,,,,,,,,,,,,,,,,,,,
,LineString,-22.9962512,-46.4851274,,,,water,,pond,,,,,,,,,,,,,,,,,,,,,,,,,,,,,,,,,,,,,,,,,,,,,,,,
,LineString,-22.9965177,-46.485613,,,,water,,pond,,,,,,,,,,,,,,,,,,,,,,,,,,,,,,,,,,,,,,,,,,,,,,,,
,LineString,-22.9964403,-46.4852908,,,,water,,pond,,,,,,,,,,,,,,,,,,,,,,,,,,,,,,,,,,,,,,,,,,,,,,,,
,LineString,-22.9964339,-46.4847701,,,,water,,pond,,,,,,,,,,,,,,,,,,,,,,,,,,,,,,,,,,,,,,,,,,,,,,,,
,LineString,-22.9969655,-46.4834565,,,,water,,pond,,,,,,,,,,,,,,,,,,,,,,,,,,,,,,,,,,,,,,,,,,,,,,,,
,LineString,-22.9925835,-46.488537,,,,water,,pond,,,,,,,,,,,,,,,,,,,,,,,,,,,,,,,,,,,,,,,,,,,,,,,,
,LineString,-22.9847235,-46.5470255,,,,wood,,,,,,,,,,,,,,,,,,,,,,,,,,,,,,,,,,,,,,,,,,,,,,,,,,
,LineString,-22.9570694,-46.5421107,Praça José Bonifacio,,park,,,,,,,,,,,,,,,,,,,,,,,,,,,,,,,,,,,,,,,,,,,,,,,,,,,
,LineString,-22.9553949,-46.542167,Praça Raul Leme,,park,,,,,,,,,,,,,,,,,,,,,,,,,,,,,,,,,,,,,,,,,,,,,,,,,,,
,LineString,-22.9576471,-46.5364026,Praça Professora Carolina Ribeiro,,park,,,,,,,,,,,,,,,,,,,,,,,,,,,,,,,,,,,,,,,,,,,,,,,,,,,
,LineString,-22.954243,-46.5383979,Praça Hermógenes Paiva,,park,,,,,,,,,,,,,,,,,,,,,,,,,,,,,,,,,,,,,,,,,,,,,,,,,,,
,LineString,-22.9533099,-46.5294353,Praça Maçon,,park,,,,,,,,,,,,,,,,,,,,,,,,,,,,,,,,,,,,,,,,,,,,,,,,,,,
,LineString,-22.9541992,-46.5255908,,,,wood,,,,,,,,,,,,,,,,,,,,,,,,,,,,,,,,,,,,,,,,,,,,,,,,,,
,LineString,-22.9536429,-46.5340184,,,,wood,,,,,,,,,,,,,,,,,,,,,,,,,,mixed,,,,,,,,,,,,,,,,,,,,,,,,
,LineString,-22.9564686,-46.5339928,Praça Herondina Milozzi Vicchiatti,,park,,,,,,,,,,,,,,,,,,,,,,,,,,,,,,,,,,,,,,,,,,,,,,,,,,,
,LineString,-22.9564662,-46.535865,Praça Maria G. Sanches,,park,,,,,,,,,,,,,,,,,,,,,,,,,,,,,,,,,,,,,,,,,,,,,,,,,,,
,LineString,-22.957221,-46.531157,,,,wood,,,,,,,,,,,,,,,,,,,,,,,,,,mixed,,,,,,,,,,,,,,,,,,,,,,,,
,LineString,-22.9372696,-46.5164167,Praça Maria Garisto,,park,,,,,,,,,,,,,,,,,,,,,,,,,,,,,,,,,,,,,,,,,,,,,,,,,,,
,LineString,-22.918377,-46.5683455,,,,wood,,,,,,,,,,,,,,,,,,,,,,,,,,,,,,,,,,,,,,,,,,,,,,,,,,
,LineString,-22.9202099,-46.5703637,,,,wood,,,,,,,,,,,,,,,,,,,,,,,,,,,,,,,,,,,,,,,,,,,,,,,,,,
,LineString,-22.9421958,-46.5399829,,,,wood,,,,,,,,,,,,,,,,,,,,,,,,,,,,,,,,,,,,,,,,,,,,,,,,,,
,LineString,-22.9447798,-46.5421329,Praça Manoel Teodoro,,park,,,,,,,,,,,,,,,,,,,,,,,,,,,,,,,,,,,,,,,,,,,,,,,,,,,
,LineString,-22.9333091,-46.5330261,Praça Côneco Francisco Claro de Assis,,park,,,,,,,,,,,,,,,,,,,,,,,,,,,,,,,,,,,,,,,,,,,,,,,,,,,
,LineString,-22.941385,-46.5405202,,,stadium,,,,,,,,,,,,,,,,,,,,,,,,,,,,,,,,,,,,,,,,,,,,,,,soccer,,,,
,LineString,-22.9335922,-46.5352143,,,,wood,,,,,,,,,,,,,,,,,,,,,,,,,,,,,,,,,,,,,,,,,,,,,,,,,,
,LineString,-22.9883178,-46.4617517,,,,water,,,,,,,,,,,,,,,,,,,,,,,,,,,,,,,,,,,,,,,,,,,,,,,,,,
,LineString,-22.9819749,-46.4664062,,,,water,,,,,,,,,,,,,,,,,,,,,,,,,,,,,,,,,,,,,,,,,,,,,,,,,,
,LineString,-22.9820701,-46.4649687,,,,water,,pond,,,,,,,,,,,,,,,,,,,,,,,,,,,,,,,,,,,,,,,,,,,,,,,,
,LineString,-22.9817845,-46.4632191,,,,water,,pond,,,,,,,,,,,,,,,,,,,,,,,,,,,,,,,,,,,,,,,,,,,,,,,,
,LineString,-22.9825107,-46.4623916,,,,water,,,,,,,,,,,,,,,,,,,,,,,,,,,,,,,,,,,,,,,,,,,,,,,,,,
,LineString,-22.9848525,-46.4612507,,,,wood,,,,,,,,,,,,,,,,,,,,,,,,,,,,,,,,,,,,,,,,,,,,,,,,,,
,LineString,-22.9734683,-46.4680841,,,,water,,,,,,,,,,,,,,,,,,,,,,,,,,,,,,,,,,,,,,,,,,,,,,,,,,
,LineString,-22.9745159,-46.467025,,,,water,,,,,,,,,,,,,,,,,,,,,,,,,,,,,,,,,,,,,,,,,,,,,,,,,,
,LineString,-22.9791086,-46.4569001,,,,wood,,,,,,,,,,,,,,,,,,,,,,,,,,,,,,,,,,,,,,,,,,,,,,,,,,
,LineString,-22.9747567,-46.4577229,,,,water,,,,,,,,,,,,,,,,,,,,,,,,,,,,,,,,,,,,,,,,,,,,,,,,,,
,LineString,-22.9743658,-46.457683,,,,water,,,,,,,,,,,,,,,,,,,,,,,,,,,,,,,,,,,,,,,,,,,,,,,,,,
,LineString,-22.9714567,-46.4559788,,,,wood,,,,,,,,,,,,,,,,,,,,,,,,,,,,,,,,,,,,,,,,,,,,,,,,,,
,LineString,-23.0179173,-46.7215215,,,,water,,lake,,,,,,,,,,,,,,,,,,,,,,,,,,,,,,,,,,,,,,,,,,,,,,,,
,LineString,-22.9331869,-46.533069,Praça Côneco Francisco Claro de Assis,,park,,,,,,,,,,,,,,,,,,,,,,,,,,,,,,,,,,,,,,,,,,,,,,,,,,,
,LineString,-23.0501798,-46.4536498,,,,water,,pond,,,,,,,,,,,,,,,,,,,,,,,,,,,,,,,,,,,,,,,,,,,,,,,,
,LineString,-23.0501559,-46.4539818,,,,water,,pond,,,,,,,,,,,,,,,,,,,,,,,,,,,,,,,,,,,,,,,,,,,,,,,,
,LineString,-22.9476792,-46.5305034,,,,water,,,,,,,,,,,,,,,,,,,,,,,,,,,,,,,,,,,,,,,,,,,,,,,,,,
,LineString,-22.9465529,-46.5311442,,,,wood,,,,,,,,,,,,,,,,,,,,,,,,,,,,,,,,,,,,,,,,,,,,,,,,,,
,LineString,-22.944432,-46.5280283,,,park,,,,,,,,,Bragança Paulista,,,Rua Monsenhor Meca,Jd. Júlio Mesquita,,,,,,yes,,,,,,,recreation_ground,,,,,,,,,24/7,,,,,,,,,,,,,,,,
,LineString,-22.9407333,-46.5529061,,,park,,,,,,,,,,,,,,,,,,,,,,,,,,,,,,,,,,,,,,,,,,,,,,,,,,,
,LineString,-22.9430036,-46.5536783,Praça das Pedras,,park,,,,,,,,,,,,,,,,,,,,,,,,,,,,,,,,,,,,,,,,,,,,,,,,,,,
,LineString,-22.9693534,-46.5406875,,,park,,,,,,,,,,,,,,,,,,,,,,,,,,,,,,,,,,,,,,,,,,,,,,,,,,,
,LineString,-22.9190813,-46.5582357,,,park,,,,,,,,,,,,Rua Elisario Eliseu de Oliveira,Julieta Cristina,,,,,,,,,,,,,recreation_ground,,,,,,,,,sunrise-sunset,Prefeitura de Bragança Paulista,,,,,,,,,,,,,,,
,LineString,-22.9216674,-46.5580318,,,swimming_pool,water,,,,,,,,,,,,,,,,,,,,,,,,,,,,,,,,,,,,,,,,,,,,,,,,,,
,LineString,-22.9220297,-46.5591369,,,swimming_pool,water,,,,,,,,,,,,,,,,,,,,,,,,,,,,,,,,,,,,,,,,,,,,,,,,,,
,LineString,-22.8637647,-46.7049412,,,,wood,,,,,,Floresta Ombrófila Densa,,,,,,,,,,,,,,,,,,,,,,,,,,,,,,,,,,,,,,,,,,,,
,LineString,-22.8989885,-46.6958329,,,,wood,,,,,,Floresta Ombrófila Densa,,,,,,,,,,,,,,,,,,,,,,,,,,,,,,,,,,,,,,,,,,,,
,LineString,-22.8466555,-46.7036447,,,,wood,,,,,,Floresta Ombrófila Densa,,,,,,,,,,,,,,,,,,,,,,,,,,,,,,,,,,,,,,,,,,,,
,LineString,-22.8632023,-46.6966483,,,,wood,,,,,,Floresta Ombrófila Densa,,,,,,,,,,,,,,,,,,,,,,,,,,,,,,,,,,,,,,,,,,,,
,LineString,-22.8606338,-46.6749268,,,,wood,,,,,,Floresta Ombrófila Densa,,,,,,,,,,,,,,,,,,,,,,,,,,,,,,,,,,,,,,,,,,,,
,LineString,-22.8237058,-46.6704362,,,,wood,,,,,,Floresta Ombrófila Densa,,,,,,,,,,,,,,,,,,,,,,,,,,,,,,,,,,,,,,,,,,,,
,LineString,-22.9056521,-46.704903,,,,wood,,,,,,Floresta Ombrófila Densa,,,,,,,,,,,,,,,,,,,,,,,,,,,,,,,,,,,,,,,,,,,,
,LineString,-22.8678246,-46.6985599,,,,wood,,,,,,Floresta Ombrófila Densa,,,,,,,,,,,,,,,,,,,,,,,,,,,,,,,,,,,,,,,,,,,,
,LineString,-22.8300552,-46.6663099,,,,wood,,,,,,Floresta Ombrófila Densa,,,,,,,,,,,,,,,,,,,,,,,,,,,,,,,,,,,,,,,,,,,,
,LineString,-22.8981242,-46.6992291,,,,wood,,,,,,Floresta Ombrófila Densa,,,,,,,,,,,,,,,,,,,,,,,,,,,,,,,,,,,,,,,,,,,,
,LineString,-22.8315948,-46.6881917,,,,wood,,,,,,Floresta Ombrófila Densa,,,,,,,,,,,,,,,,,,,,,,,,,,,,,,,,,,,,,,,,,,,,
,LineString,-22.8564531,-46.6803762,,,,wood,,,,,,Floresta Ombrófila Densa,,,,,,,,,,,,,,,,,,,,,,,,,,,,,,,,,,,,,,,,,,,,
,LineString,-22.8727062,-46.7065342,,,,wood,,,,,,Floresta Ombrófila Densa,,,,,,,,,,,,,,,,,,,,,,,,,,,,,,,,,,,,,,,,,,,,
,LineString,-22.8254666,-46.713036,,,,wood,,,,,,Floresta Ombrófila Densa,,,,,,,,,,,,,,,,,,,,,,,,,,,,,,,,,,,,,,,,,,,,
,LineString,-22.8444618,-46.6892274,,,,wood,,,,,,Floresta Ombrófila Densa,,,,,,,,,,,,,,,,,,,,,,,,,,,,,,,,,,,,,,,,,,,,
,LineString,-22.8696221,-46.6909434,,,,wood,,,,,,Floresta Ombrófila Densa,,,,,,,,,,,,,,,,,,,,,,,,,,,,,,,,,,,,,,,,,,,,
,LineString,-22.857499,-46.7139986,,,,wood,,,,,,Floresta Ombrófila Densa,,,,,,,,,,,,,,,,,,,,,,,,,,,,,,,,,,,,,,,,,,,,
,LineString,-22.84127,-46.6846947,,,,grassland,,,,,,,,,,,,,,,,,,,,,,,,,,,,,,,,,,,,,,,,,,,,,,,,,,
,LineString,-22.908342,-46.6987299,,,,wood,,,,,,Floresta Ombrófila Densa,,,,,,,,,,,,,,,,,,,,,,,,,,,,,,,,,,,,,,,,,,,,
,LineString,-22.8445033,-46.6849533,,,,wood,,,,,,Floresta Ombrófila Densa,,,,,,,,,,,,,,,,,,,,,,,,,,,,,,,,,,,,,,,,,,,,
,LineString,-22.879791,-46.6902033,,,,wood,,,,,,,,,,,,,,,,,,,,,,,,,,,,,,,,,,,,,,,,,,,,,,,,,,
,LineString,-22.8359939,-46.6786976,,,,wood,,,,,,Floresta Ombrófila Densa,,,,,,,,,,,,,,,,,,,,,,,,,,,,,,,,,,,,,,,,,,,,
,LineString,-22.8672086,-46.715487,,,,wood,,,,,,Floresta Ombrófila Densa,,,,,,,,,,,,,,,,,,,,,,,,,,,,,,,,,,,,,,,,,,,,
,LineString,-22.9114988,-46.6993554,,,,wood,,,,,,Floresta Ombrófila Densa,,,,,,,,,,,,,,,,,,,,,,,,,,,,,,,,,,,,,,,,,,,,
,LineString,-22.8565784,-46.7081062,,,,wood,,,,,,Floresta Ombrófila Densa,,,,,,,,,,,,,,,,,,,,,,,,,,,,,,,,,,,,,,,,,,,,
,LineString,-22.8596979,-46.6832887,,,,wood,,,,,,Floresta Ombrófila Densa,,,,,,,,,,,,,,,,,,,,,,,,,,,,,,,,,,,,,,,,,,,,
,LineString,-22.8435246,-46.6757825,,,,wood,,,,,,Floresta Ombrófila Densa,,,,,,,,,,,,,,,,,,,,,,,,,,,,,,,,,,,,,,,,,,,,
,LineString,-22.843497,-46.6808157,,,,wood,,,,,,Floresta Ombrófila Densa,,,,,,,,,,,,,,,,,,,,,,,,,,,,,,,,,,,,,,,,,,,,
,LineString,-22.8584229,-46.6798976,,,,wood,,,,,,Floresta Ombrófila Densa,,,,,,,,,,,,,,,,,,,,,,,,,,,,,,,,,,,,,,,,,,,,
,LineString,-22.838793,-46.7133799,,,,wood,,,,,,Floresta Ombrófila Densa,,,,,,,,,,,,,,,,,,,,,,,,,,,,,,,,,,,,,,,,,,,,
,LineString,-22.8308129,-46.6687615,,,,wood,,,,,,Floresta Ombrófila Densa,,,,,,,,,,,,,,,,,,,,,,,,,,,,,,,,,,,,,,,,,,,,
,LineString,-22.8285772,-46.6672851,,,,wood,,,,,,Floresta Ombrófila Densa,,,,,,,,,,,,,,,,,,,,,,,,,,,,,,,,,,,,,,,,,,,,
,LineString,-22.862135,-46.6951954,,,,wood,,,,,,Floresta Ombrófila Densa,,,,,,,,,,,,,,,,,,,,,,,,,,,,,,,,,,,,,,,,,,,,
,LineString,-22.8237607,-46.6685849,,,,wood,,,,,,Floresta Ombrófila Densa,,,,,,,,,,,,,,,,,,,,,,,,,,,,,,,,,,,,,,,,,,,,
,LineString,-22.8727639,-46.7172314,,,,,,,,,,,,,,,,,,,,,,,,,,,,,farmyard,,,,,,,,,,,,,,,,,,,,,,,,,
,LineString,-22.9189856,-46.7001208,,,,wood,,,,,,Floresta Ombrófila Densa,,,,,,,,,,,,,,,,,,,,,,,,,,,,,,,,,,,,,,,,,,,,
,LineString,-22.9143514,-46.7170184,,,,wood,,,,,,Floresta Ombrófila Densa,,,,,,,,,,,,,,,,,,,,,,,,,,,,,,,,,,,,,,,,,,,,
,LineString,-22.8213071,-46.6795735,,,,wood,,,,,,Floresta Ombrófila Densa,,,,,,,,,,,,,,,,,,,,,,,,,,,,,,,,,,,,,,,,,,,,
,LineString,-22.8375451,-46.6806069,,,,wood,,,,,,Floresta Ombrófila Densa,,,,,,,,,,,,,,,,,,,,,,,,,,,,,,,,,,,,,,,,,,,,
,LineString,-22.8797045,-46.7001462,,,,wood,,,,,,Floresta Ombrófila Densa,,,,,,,,,,,,,,,,,,,,,,,,,,,,,,,,,,,,,,,,,,,,
,LineString,-22.9108591,-46.7139809,,,,wood,,,,,,Floresta Ombrófila Densa,,,,,,,,,,,,,,,,,,,,,,,,,,,,,,,,,,,,,,,,,,,,
,LineString,-22.8795877,-46.7143549,,,,wood,,,,,,Floresta Ombrófila Densa,,,,,,,,,,,,,,,,,,,,,,,,,,,,,,,,,,,,,,,,,,,,
,LineString,-22.8600219,-46.6891885,,,,wood,,,,,,Floresta Ombrófila Densa,,,,,,,,,,,,,,,,,,,,,,,,,,,,,,,,,,,,,,,,,,,,
,LineString,-22.8906491,-46.714702,,,,wood,,,,,,,,,,,,,,,,,,,,,,,,,,,,,,,,,,,,,,,,,,,,,,,,,,
,LineString,-22.8724532,-46.6956395,,,,wood,,,,,,Floresta Ombrófila Densa,,,,,,,,,,,,,,,,,,,,,,,,,,,,,,,,,,,,,,,,,,,,
,LineString,-22.8712098,-46.7041615,,,,wood,,,,,,Floresta Ombrófila Densa,,,,,,,,,,,,,,,,,,,,,,,,,,,,,,,,,,,,,,,,,,,,
,LineString,-22.8581681,-46.6867886,,,,wood,,,,,,Floresta Ombrófila Densa,,,,,,,,,,,,,,,,,,,,,,,,,,,,,,,,,,,,,,,,,,,,
,LineString,-22.9166537,-46.7064684,,,,wood,,,,,,Floresta Ombrófila Densa,,,,,,,,,,,,,,,,,,,,,,,,,,,,,,,,,,,,,,,,,,,,
,LineString,-22.8369042,-46.6780073,,,,wood,,,,,,Floresta Ombrófila Densa,,,,,,,,,,,,,,,,,,,,,,,,,,,,,,,,,,,,,,,,,,,,
,LineString,-22.8489643,-46.7006251,,,,wood,,,,,,Floresta Ombrófila Densa,,,,,,,,,,,,,,,,,,,,,,,,,,,,,,,,,,,,,,,,,,,,
,LineString,-22.8957549,-46.6927422,,,,scrub,,,,,,,,,,,,,,,,,,,,,,,,,,,,,,,,,,,,,,,,,,,,,,,,,,
,LineString,-22.8559891,-46.6820419,,,,wood,,,,,,Floresta Ombrófila Densa,,,,,,,,,,,,,,,,,,,,,,,,,,,,,,,,,,,,,,,,,,,,
,LineString,-22.8712221,-46.6935678,,,,wood,,,,,,Floresta Ombrófila Densa,,,,,,,,,,,,,,,,,,,,,,,,,,,,,,,,,,,,,,,,,,,,
,LineString,-22.8554853,-46.6831871,,,,wood,,,,,,Floresta Ombrófila Densa,,,,,,,,,,,,,,,,,,,,,,,,,,,,,,,,,,,,,,,,,,,,
,LineString,-22.867911,-46.6899263,,,,wood,,,,,,Floresta Ombrófila Densa,,,,,,,,,,,,,,,,,,,,,,,,,,,,,,,,,,,,,,,,,,,,
,LineString,-22.9120413,-46.7083232,,,,wood,,,,,,Floresta Ombrófila Densa,,,,,,,,,,,,,,,,,,,,,,,,,,,,,,,,,,,,,,,,,,,,
,LineString,-22.8292643,-46.6856466,,,,wood,,,,,,Floresta Ombrófila Densa,,,,,,,,,,,,,,,,,,,,,,,,,,,,,,,,,,,,,,,,,,,,
,LineString,-22.8930015,-46.7116001,,,,wood,,,,,,Floresta Ombrófila Densa,,,,,,,,,,,,,,,,,,,,,,,,,,,,,,,,,,,,,,,,,,,,
,LineString,-22.846171,-46.7034161,,,,wood,,,,,,Floresta Ombrófila Densa,,,,,,,,,,,,,,,,,,,,,,,,,,,,,,,,,,,,,,,,,,,,
,LineString,-22.8358635,-46.7087321,,,,wood,,,,,,Floresta Ombrófila Densa,,,,,,,,,,,,,,,,,,,,,,,,,,,,,,,,,,,,,,,,,,,,
,LineString,-22.832579,-46.6906965,,,,wood,,,,,,Floresta Ombrófila Densa,,,,,,,,,,,,,,,,,,,,,,,,,,,,,,,,,,,,,,,,,,,,
,LineString,-22.9010766,-46.6954444,,,,wood,,,,,,Floresta Ombrófila Densa,,,,,,,,,,,,,,,,,,,,,,,,,,,,,,,,,,,,,,,,,,,,
,LineString,-22.8493511,-46.6886396,,,,wood,,,,,,Floresta Ombrófila Densa,,,,,,,,,,,,,,,,,,,,,,,,,,,,,,,,,,,,,,,,,,,,
,LineString,-22.8948542,-46.7122079,,,,wood,,,,,,Floresta Ombrófila Densa,,,,,,,,,,,,,,,,,,,,,,,,,,,,,,,,,,,,,,,,,,,,
,LineString,-22.9098581,-46.705229,,,,wood,,,,,,Floresta Ombrófila Densa,,,,,,,,,,,,,,,,,,,,,,,,,,,,,,,,,,,,,,,,,,,,
,LineString,-22.8429233,-46.689084,,,,wood,,,,,,Floresta Ombrófila Densa,,,,,,,,,,,,,,,,,,,,,,,,,,,,,,,,,,,,,,,,,,,,
,LineString,-22.8423632,-46.6981301,,,,wood,,,,,,Floresta Ombrófila Densa,,,,,,,,,,,,,,,,,,,,,,,,,,,,,,,,,,,,,,,,,,,,
,LineString,-22.8575989,-46.6981504,,,,wood,,,,,,Floresta Ombrófila Densa,,,,,,,,,,,,,,,,,,,,,,,,,,,,,,,,,,,,,,,,,,,,
,LineString,-22.9062622,-46.6973486,,,,wood,,,,,,Floresta Ombrófila Densa,,,,,,,,,,,,,,,,,,,,,,,,,,,,,,,,,,,,,,,,,,,,
,LineString,-22.8571623,-46.6840851,,,,wood,,,,,,Floresta Ombrófila Densa,,,,,,,,,,,,,,,,,,,,,,,,,,,,,,,,,,,,,,,,,,,,
,LineString,-22.921039,-46.7098688,,,,wood,,,,,,Floresta Ombrófila Densa,,,,,,,,,,,,,,,,,,,,,,,,,,,,,,,,,,,,,,,,,,,,
,LineString,-22.8475719,-46.6836623,,,,wood,,,,,,Floresta Ombrófila Densa,,,,,,,,,,,,,,,,,,,,,,,,,,,,,,,,,,,,,,,,,,,,
,LineString,-22.84469,-46.6830332,,,,wood,,,,,,Floresta Ombrófila Densa,,,,,,,,,,,,,,,,,,,,,,,,,,,,,,,,,,,,,,,,,,,,
,LineString,-22.8589804,-46.6980017,,,,wood,,,,,,Floresta Ombrófila Densa,,,,,,,,,,,,,,,,,,,,,,,,,,,,,,,,,,,,,,,,,,,,
,LineString,-22.9052394,-46.7137098,,,,wood,,,,,,Floresta Ombrófila Densa,,,,,,,,,,,,,,,,,,,,,,,,,,,,,,,,,,,,,,,,,,,,
,LineString,-22.8318729,-46.7080303,,,,scrub,,,,,,,,,,,,,,,,,,,,,,,,,,,,,,,,,,,,,,,,,,,,,,,,,,
,LineString,-22.833167,-46.7139354,,,,wood,,,,,,Floresta Ombrófila Densa,,,,,,,,,,,,,,,,,,,,,,,,,,,,,,,,,,,,,,,,,,,,
,LineString,-22.9029276,-46.6978282,,,,wood,,,,,,Floresta Ombrófila Densa,,,,,,,,,,,,,,,,,,,,,,,,,,,,,,,,,,,,,,,,,,,,
,LineString,-22.8509955,-46.7166899,,,,wood,,,,,,Floresta Ombrófila Densa,,,,,,,,,,,,,,,,,,,,,,,,,,,,,,,,,,,,,,,,,,,,
,LineString,-22.8488902,-46.6831574,,,,wood,,,,,,Floresta Ombrófila Densa,,,,,,,,,,,,,,,,,,,,,,,,,,,,,,,,,,,,,,,,,,,,
,LineString,-22.9077046,-46.7110411,,,,wood,,,,,,Floresta Ombrófila Densa,,,,,,,,,,,,,,,,,,,,,,,,,,,,,,,,,,,,,,,,,,,,
,LineString,-22.8251303,-46.6697808,,,,wood,,,,,,Floresta Ombrófila Densa,,,,,,,,,,,,,,,,,,,,,,,,,,,,,,,,,,,,,,,,,,,,
,LineString,-22.906428,-46.7148039,,,,wood,,,,,,Floresta Ombrófila Densa,,,,,,,,,,,,,,,,,,,,,,,,,,,,,,,,,,,,,,,,,,,,
,LineString,-22.8368297,-46.6769249,,,,wood,,,,,,Floresta Ombrófila Densa,,,,,,,,,,,,,,,,,,,,,,,,,,,,,,,,,,,,,,,,,,,,
,LineString,-22.8549805,-46.696968,,,,wood,,,,,,Floresta Ombrófila Densa,,,,,,,,,,,,,,,,,,,,,,,,,,,,,,,,,,,,,,,,,,,,
,LineString,-22.8436711,-46.673499,,,,wood,,,,,,Floresta Ombrófila Densa,,,,,,,,,,,,,,,,,,,,,,,,,,,,,,,,,,,,,,,,,,,,
,LineString,-22.8953148,-46.7168218,,,,wood,,,,,,Floresta Ombrófila Densa,,,,,,,,,,,,,,,,,,,,,,,,,,,,,,,,,,,,,,,,,,,,
,LineString,-22.8316478,-46.6847042,,,,wood,,,,,,Floresta Ombrófila Densa,,,,,,,,,,,,,,,,,,,,,,,,,,,,,,,,,,,,,,,,,,,,
,LineString,-22.8475134,-46.6954403,,,,wood,,,,,,Floresta Ombrófila Densa,,,,,,,,,,,,,,,,,,,,,,,,,,,,,,,,,,,,,,,,,,,,
,LineString,-22.921039,-46.7098688,,,,wood,,,,,,Floresta Ombrófila Densa,,,,,,,,,,,,,,,,,,,,,,,,,,,,,,,,,,,,,,,,,,,,
,LineString,-22.907318,-46.7185869,,,,wood,,,,,,Floresta Ombrófila Densa,,,,,,,,,,,,,,,,,,,,,,,,,,,,,,,,,,,,,,,,,,,,
,LineString,-22.8531457,-46.7111712,,,,wood,,,,,,Floresta Ombrófila Densa,,,,,,,,,,,,,,,,,,,,,,,,,,,,,,,,,,,,,,,,,,,,
,LineString,-22.846171,-46.7034161,,,,wood,,,,,,Floresta Ombrófila Densa,,,,,,,,,,,,,,,,,,,,,,,,,,,,,,,,,,,,,,,,,,,,
,LineString,-22.8586887,-46.693054,,,,wood,,,,,,Floresta Ombrófila Densa,,,,,,,,,,,,,,,,,,,,,,,,,,,,,,,,,,,,,,,,,,,,
,LineString,-22.8653422,-46.7160507,,,,wood,,,,,,Floresta Ombrófila Densa,,,,,,,,,,,,,,,,,,,,,,,,,,,,,,,,,,,,,,,,,,,,
,LineString,-22.8499086,-46.7170755,,,,wood,,,,,,Floresta Ombrófila Densa,,,,,,,,,,,,,,,,,,,,,,,,,,,,,,,,,,,,,,,,,,,,
,LineString,-22.8284753,-46.667985,,,,wood,,,,,,Floresta Ombrófila Densa,,,,,,,,,,,,,,,,,,,,,,,,,,,,,,,,,,,,,,,,,,,,
,LineString,-22.8562889,-46.7099468,,,,wood,,,,,,Floresta Ombrófila Densa,,,,,,,,,,,,,,,,,,,,,,,,,,,,,,,,,,,,,,,,,,,,
,LineString,-22.8631591,-46.6875762,,,,wood,,,,,,Floresta Ombrófila Densa,,,,,,,,,,,,,,,,,,,,,,,,,,,,,,,,,,,,,,,,,,,,
,LineString,-22.8588905,-46.7016961,,,,wood,,,,,,Floresta Ombrófila Densa,,,,,,,,,,,,,,,,,,,,,,,,,,,,,,,,,,,,,,,,,,,,
,LineString,-22.9174215,-46.7069281,,,,wood,,,,,,Floresta Ombrófila Densa,,,,,,,,,,,,,,,,,,,,,,,,,,,,,,,,,,,,,,,,,,,,
,LineString,-22.8586811,-46.7040033,,,,wood,,,,,,Floresta Ombrófila Densa,,,,,,,,,,,,,,,,,,,,,,,,,,,,,,,,,,,,,,,,,,,,
,LineString,-22.8203113,-46.6739217,,,,wood,,,,,,Floresta Ombrófila Densa,,,,,,,,,,,,,,,,,,,,,,,,,,,,,,,,,,,,,,,,,,,,
,LineString,-22.8493296,-46.7015499,,,,wood,,,,,,Floresta Ombrófila Densa,,,,,,,,,,,,,,,,,,,,,,,,,,,,,,,,,,,,,,,,,,,,
,LineString,-22.8372906,-46.7072224,,,,wood,,,,,,Floresta Ombrófila Densa,,,,,,,,,,,,,,,,,,,,,,,,,,,,,,,,,,,,,,,,,,,,
,LineString,-22.8648908,-46.6874139,,,,wood,,,,,,Floresta Ombrófila Densa,,,,,,,,,,,,,,,,,,,,,,,,,,,,,,,,,,,,,,,,,,,,
,LineString,-22.8269255,-46.6756652,,,,wood,,,,,,Floresta Ombrófila Densa,,,,,,,,,,,,,,,,,,,,,,,,,,,,,,,,,,,,,,,,,,,,
,LineString,-22.8250347,-46.7113677,,,,wood,,,,,,Floresta Ombrófila Densa,,,,,,,,,,,,,,,,,,,,,,,,,,,,,,,,,,,,,,,,,,,,
,LineString,-22.8840442,-46.6914421,,,,wood,,,,,,,,,,,,,,,,,,,,,,,,,,,,,,,,,,,,,,,,,,,,,,,,,,
,LineString,-22.8677189,-46.6900261,,,,wood,,,,,,Floresta Ombrófila Densa,,,,,,,,,,,,,,,,,,,,,,,,,,,,,,,,,,,,,,,,,,,,
,LineString,-22.829511,-46.669458,,,,wood,,,,,,Floresta Ombrófila Densa,,,,,,,,,,,,,,,,,,,,,,,,,,,,,,,,,,,,,,,,,,,,
,LineString,-22.8649636,-46.7153157,,,,wood,,,,,,Floresta Ombrófila Densa,,,,,,,,,,,,,,,,,,,,,,,,,,,,,,,,,,,,,,,,,,,,
,LineString,-22.837469,-46.7133205,,,,wood,,,,,,Floresta Ombrófila Densa,,,,,,,,,,,,,,,,,,,,,,,,,,,,,,,,,,,,,,,,,,,,
,LineString,-22.824233,-46.7127964,,,,wood,,,,,,Floresta Ombrófila Densa,,,,,,,,,,,,,,,,,,,,,,,,,,,,,,,,,,,,,,,,,,,,
,LineString,-22.8424597,-46.6750995,,,,wood,,,,,,Floresta Ombrófila Densa,,,,,,,,,,,,,,,,,,,,,,,,,,,,,,,,,,,,,,,,,,,,
,LineString,-22.8586942,-46.7069851,,,,wood,,,,,,Floresta Ombrófila Densa,,,,,,,,,,,,,,,,,,,,,,,,,,,,,,,,,,,,,,,,,,,,
,LineString,-22.8327928,-46.6954534,,,,wood,,,,,,Floresta Ombrófila Densa,,,,,,,,,,,,,,,,,,,,,,,,,,,,,,,,,,,,,,,,,,,,
,LineString,-22.9024531,-46.7000077,,,,wood,,,,,,Floresta Ombrófila Densa,,,,,,,,,,,,,,,,,,,,,,,,,,,,,,,,,,,,,,,,,,,,
,LineString,-22.8502329,-46.6852844,,,,wood,,,,,,Floresta Ombrófila Densa,,,,,,,,,,,,,,,,,,,,,,,,,,,,,,,,,,,,,,,,,,,,
,LineString,-22.8474828,-46.7159478,,,,wood,,,,,,Floresta Ombrófila Densa,,,,,,,,,,,,,,,,,,,,,,,,,,,,,,,,,,,,,,,,,,,,
,LineString,-22.8910963,-46.6898366,,,,wood,,,,,,Floresta Ombrófila Densa,,,,,,,,,,,,,,,,,,,,,,,,,,,,,,,,,,,,,,,,,,,,
,LineString,-22.8982956,-46.6948329,,,,wood,,,,,,Floresta Ombrófila Densa,,,,,,,,,,,,,,,,,,,,,,,,,,,,,,,,,,,,,,,,,,,,
,LineString,-22.8733025,-46.7094823,,,,wood,,,,,,Floresta Ombrófila Densa,,,,,,,,,,,,,,,,,,,,,,,,,,,,,,,,,,,,,,,,,,,,
,LineString,-22.8606246,-46.6781761,,,,wood,,,,,,Floresta Ombrófila Densa,,,,,,,,,,,,,,,,,,,,,,,,,,,,,,,,,,,,,,,,,,,,
,LineString,-22.8539763,-46.6809481,,,,wood,,,,,,Floresta Ombrófila Densa,,,,,,,,,,,,,,,,,,,,,,,,,,,,,,,,,,,,,,,,,,,,
,LineString,-22.8425489,-46.6771217,,,,wood,,,,,,Floresta Ombrófila Densa,,,,,,,,,,,,,,,,,,,,,,,,,,,,,,,,,,,,,,,,,,,,
,LineString,-22.8529195,-46.7118641,,,,wood,,,,,,Floresta Ombrófila Densa,,,,,,,,,,,,,,,,,,,,,,,,,,,,,,,,,,,,,,,,,,,,
,LineString,-22.8410419,-46.6812929,,,,wood,,,,,,Floresta Ombrófila Densa,,,,,,,,,,,,,,,,,,,,,,,,,,,,,,,,,,,,,,,,,,,,
,LineString,-22.8498547,-46.6831192,,,,wood,,,,,,Floresta Ombrófila Densa,,,,,,,,,,,,,,,,,,,,,,,,,,,,,,,,,,,,,,,,,,,,
,LineString,-22.8809867,-46.7188623,,,,wood,,,,,,Floresta Ombrófila Densa,,,,,,,,,,,,,,,,,,,,,,,,,,,,,,,,,,,,,,,,,,,,
,LineString,-22.8974931,-46.6924179,,,,wood,,,,,,Floresta Ombrófila Densa,,,,,,,,,,,,,,,,,,,,,,,,,,,,,,,,,,,,,,,,,,,,
,LineString,-22.85642,-46.7026565,,,,wood,,,,,,Floresta Ombrófila Densa,,,,,,,,,,,,,,,,,,,,,,,,,,,,,,,,,,,,,,,,,,,,
,LineString,-22.8908091,-46.7009903,,,,wood,,,,,,Floresta Ombrófila Densa,,,,,,,,,,,,,,,,,,,,,,,,,,,,,,,,,,,,,,,,,,,,
,LineString,-22.8262335,-46.681072,,,,wood,,,,,,Floresta Ombrófila Densa,,,,,,,,,,,,,,,,,,,,,,,,,,,,,,,,,,,,,,,,,,,,
,LineString,-22.8691977,-46.7108557,,,,wood,,,,,,Floresta Ombrófila Densa,,,,,,,,,,,,,,,,,,,,,,,,,,,,,,,,,,,,,,,,,,,,
,LineString,-22.8854966,-46.689799,,,,wood,,,,,,Floresta Ombrófila Densa,,,,,,,,,,,,,,,,,,,,,,,,,,,,,,,,,,,,,,,,,,,,
,LineString,-22.9180463,-46.7066096,,,,wood,,,,,,Floresta Ombrófila Densa,,,,,,,,,,,,,,,,,,,,,,,,,,,,,,,,,,,,,,,,,,,,
,LineString,-22.8521353,-46.6944806,,,,wood,,,,,,Floresta Ombrófila Densa,,,,,,,,,,,,,,,,,,,,,,,,,,,,,,,,,,,,,,,,,,,,
,LineString,-22.9125808,-46.7085947,,,,wood,,,,,,Floresta Ombrófila Densa,,,,,,,,,,,,,,,,,,,,,,,,,,,,,,,,,,,,,,,,,,,,
,LineString,-22.8638698,-46.7175411,,,,wood,,,,,,Floresta Ombrófila Densa,,,,,,,,,,,,,,,,,,,,,,,,,,,,,,,,,,,,,,,,,,,,
,LineString,-22.8952329,-46.6946378,,,,grassland,,,,,,,,,,,,,,,,,,,,,,,,,,,,,,,,,,,,,,,,,,,,,,,,,,
,LineString,-22.8269944,-46.6798089,,,,wood,,,,,,Floresta Ombrófila Densa,,,,,,,,,,,,,,,,,,,,,,,,,,,,,,,,,,,,,,,,,,,,
,LineString,-22.824811,-46.6771858,,,,wood,,,,,,Floresta Ombrófila Densa,,,,,,,,,,,,,,,,,,,,,,,,,,,,,,,,,,,,,,,,,,,,
,LineString,-22.8795893,-46.6946368,,,,wood,,,,,,,,,,,,,,,,,,,,,,,,,,,,,,,,,,,,,,,,,,,,,,,,,,
,LineString,-22.8683901,-46.7057409,,,,wood,,,,,,Floresta Ombrófila Densa,,,,,,,,,,,,,,,,,,,,,,,,,,,,,,,,,,,,,,,,,,,,
,LineString,-22.8416987,-46.7130228,,,,wood,,,,,,Floresta Ombrófila Densa,,,,,,,,,,,,,,,,,,,,,,,,,,,,,,,,,,,,,,,,,,,,
,LineString,-22.8961932,-46.719285,,,,wood,,,,,,Floresta Ombrófila Densa,,,,,,,,,,,,,,,,,,,,,,,,,,,,,,,,,,,,,,,,,,,,
,LineString,-22.8221424,-46.6696616,,,,wood,,,,,,Floresta Ombrófila Densa,,,,,,,,,,,,,,,,,,,,,,,,,,,,,,,,,,,,,,,,,,,,
,LineString,-22.8685113,-46.7095438,,,,wood,,,,,,Floresta Ombrófila Densa,,,,,,,,,,,,,,,,,,,,,,,,,,,,,,,,,,,,,,,,,,,,
,LineString,-22.8755634,-46.7171952,,,,wood,,,,,,Floresta Ombrófila Densa,,,,,,,,,,,,,,,,,,,,,,,,,,,,,,,,,,,,,,,,,,,,
,LineString,-22.8469561,-46.6859737,,,,wood,,,,,,Floresta Ombrófila Densa,,,,,,,,,,,,,,,,,,,,,,,,,,,,,,,,,,,,,,,,,,,,
,LineString,-22.8777052,-46.7150878,,,,wood,,,,,,Floresta Ombrófila Densa,,,,,,,,,,,,,,,,,,,,,,,,,,,,,,,,,,,,,,,,,,,,
,LineString,-22.8716896,-46.7000452,,,,wood,,,,,,Floresta Ombrófila Densa,,,,,,,,,,,,,,,,,,,,,,,,,,,,,,,,,,,,,,,,,,,,
,LineString,-22.8463899,-46.6925495,,,,wood,,,,,,Floresta Ombrófila Densa,,,,,,,,,,,,,,,,,,,,,,,,,,,,,,,,,,,,,,,,,,,,
,LineString,-22.8880405,-46.6917855,,,,wood,,,,,,Floresta Ombrófila Densa,,,,,,,,,,,,,,,,,,,,,,,,,,,,,,,,,,,,,,,,,,,,
,LineString,-22.8232408,-46.6664014,,,,wood,,,,,,Floresta Ombrófila Densa,,,,,,,,,,,,,,,,,,,,,,,,,,,,,,,,,,,,,,,,,,,,
,LineString,-22.8542822,-46.7015878,,,,wood,,,,,,Floresta Ombrófila Densa,,,,,,,,,,,,,,,,,,,,,,,,,,,,,,,,,,,,,,,,,,,,
,LineString,-22.8586,-46.6745023,,,,wood,,,,,,Floresta Ombrófila Densa,,,,,,,,,,,,,,,,,,,,,,,,,,,,,,,,,,,,,,,,,,,,
,LineString,-22.904341,-46.7141369,,,,wood,,,,,,Floresta Ombrófila Densa,,,,,,,,,,,,,,,,,,,,,,,,,,,,,,,,,,,,,,,,,,,,
,LineString,-22.8959131,-46.7185246,,,,wood,,,,,,Floresta Ombrófila Densa,,,,,,,,,,,,,,,,,,,,,,,,,,,,,,,,,,,,,,,,,,,,
,LineString,-22.891885,-46.7118035,,,,wood,,,,,,Floresta Ombrófila Densa,,,,,,,,,,,,,,,,,,,,,,,,,,,,,,,,,,,,,,,,,,,,
,LineString,-22.8563242,-46.6930185,,,,wood,,,,,,Floresta Ombrófila Densa,,,,,,,,,,,,,,,,,,,,,,,,,,,,,,,,,,,,,,,,,,,,
,LineString,-22.8630377,-46.7131953,,,,wood,,,,,,Floresta Ombrófila Densa,,,,,,,,,,,,,,,,,,,,,,,,,,,,,,,,,,,,,,,,,,,,
,LineString,-22.8420827,-46.6940887,,,,wood,,,,,,Floresta Ombrófila Densa,,,,,,,,,,,,,,,,,,,,,,,,,,,,,,,,,,,,,,,,,,,,
,LineString,-22.8532858,-46.6752937,,,,wood,,,,,,Floresta Ombrófila Densa,,,,,,,,,,,,,,,,,,,,,,,,,,,,,,,,,,,,,,,,,,,,
,LineString,-22.8513529,-46.6851324,,,,wood,,,,,,Floresta Ombrófila Densa,,,,,,,,,,,,,,,,,,,,,,,,,,,,,,,,,,,,,,,,,,,,
,LineString,-22.8684671,-46.6851775,,,,wood,,,,,,Floresta Ombrófila Densa,,,,,,,,,,,,,,,,,,,,,,,,,,,,,,,,,,,,,,,,,,,,
,LineString,-22.9007791,-46.6976839,,,,wood,,,,,,Floresta Ombrófila Densa,,,,,,,,,,,,,,,,,,,,,,,,,,,,,,,,,,,,,,,,,,,,
,LineString,-22.9136157,-46.7041156,,,,wood,,,,,,Floresta Ombrófila Densa,,,,,,,,,,,,,,,,,,,,,,,,,,,,,,,,,,,,,,,,,,,,
,LineString,-22.8613998,-46.6888658,,,,wood,,,,,,Floresta Ombrófila Densa,,,,,,,,,,,,,,,,,,,,,,,,,,,,,,,,,,,,,,,,,,,,
,LineString,-22.9082298,-46.7047312,,,,wood,,,,,,Floresta Ombrófila Densa,,,,,,,,,,,,,,,,,,,,,,,,,,,,,,,,,,,,,,,,,,,,
,LineString,-22.8454993,-46.7182507,,,,wood,,,,,,Floresta Ombrófila Densa,,,,,,,,,,,,,,,,,,,,,,,,,,,,,,,,,,,,,,,,,,,,
,LineString,-22.8723581,-46.6974739,,,,wood,,,,,,Floresta Ombrófila Densa,,,,,,,,,,,,,,,,,,,,,,,,,,,,,,,,,,,,,,,,,,,,
,LineString,-22.8596088,-46.6875358,,,,wood,,,,,,Floresta Ombrófila Densa,,,,,,,,,,,,,,,,,,,,,,,,,,,,,,,,,,,,,,,,,,,,
,LineString,-22.8854911,-46.6915491,,,,wood,,,,,,Floresta Ombrófila Densa,,,,,,,,,,,,,,,,,,,,,,,,,,,,,,,,,,,,,,,,,,,,
,LineString,-22.9051588,-46.7113114,,,,wood,,,,,,Floresta Ombrófila Densa,,,,,,,,,,,,,,,,,,,,,,,,,,,,,,,,,,,,,,,,,,,,
,LineString,-22.9173457,-46.6999717,,,,wood,,,,,,Floresta Ombrófila Densa,,,,,,,,,,,,,,,,,,,,,,,,,,,,,,,,,,,,,,,,,,,,
,LineString,-22.830817,-46.6754093,,,,wood,,,,,,Floresta Ombrófila Densa,,,,,,,,,,,,,,,,,,,,,,,,,,,,,,,,,,,,,,,,,,,,
,LineString,-22.8961699,-46.6962419,,,,grassland,,,,,,,,,,,,,,,,,,,,,,,,,,,,,,,,,,,,,,,,,,,,,,,,,,
,LineString,-22.9074629,-46.706206,,,,wood,,,,,,Floresta Ombrófila Densa,,,,,,,,,,,,,,,,,,,,,,,,,,,,,,,,,,,,,,,,,,,,
,LineString,-22.8595045,-46.6864959,,,,wood,,,,,,Floresta Ombrófila Densa,,,,,,,,,,,,,,,,,,,,,,,,,,,,,,,,,,,,,,,,,,,,
,LineString,-22.8898257,-46.6903112,,,,wood,,,,,,Floresta Ombrófila Densa,,,,,,,,,,,,,,,,,,,,,,,,,,,,,,,,,,,,,,,,,,,,
,LineString,-22.8286378,-46.7097444,,,,wood,,,,,,Floresta Ombrófila Densa,,,,,,,,,,,,,,,,,,,,,,,,,,,,,,,,,,,,,,,,,,,,
,LineString,-22.8541294,-46.7082487,,,,wood,,,,,,Floresta Ombrófila Densa,,,,,,,,,,,,,,,,,,,,,,,,,,,,,,,,,,,,,,,,,,,,
,LineString,-22.868178,-46.6970934,,,,wood,,,,,,Floresta Ombrófila Densa,,,,,,,,,,,,,,,,,,,,,,,,,,,,,,,,,,,,,,,,,,,,
,LineString,-22.8399013,-46.6740752,,,,wood,,,,,,Floresta Ombrófila Densa,,,,,,,,,,,,,,,,,,,,,,,,,,,,,,,,,,,,,,,,,,,,
,LineString,-22.8635921,-46.6922127,,,,wood,,,,,,Floresta Ombrófila Densa,,,,,,,,,,,,,,,,,,,,,,,,,,,,,,,,,,,,,,,,,,,,
,LineString,-22.8563242,-46.6930185,,,,wood,,,,,,Floresta Ombrófila Densa,,,,,,,,,,,,,,,,,,,,,,,,,,,,,,,,,,,,,,,,,,,,
,LineString,-22.8591426,-46.7064307,,,,wood,,,,,,Floresta Ombrófila Densa,,,,,,,,,,,,,,,,,,,,,,,,,,,,,,,,,,,,,,,,,,,,
,LineString,-22.9068282,-46.7016556,,,,wood,,,,,,Floresta Ombrófila Densa,,,,,,,,,,,,,,,,,,,,,,,,,,,,,,,,,,,,,,,,,,,,
,LineString,-22.8533691,-46.6736655,,,,wood,,,,,,Floresta Ombrófila Densa,,,,,,,,,,,,,,,,,,,,,,,,,,,,,,,,,,,,,,,,,,,,
,LineString,-22.8224037,-46.6796306,,,,wood,,,,,,Floresta Ombrófila Densa,,,,,,,,,,,,,,,,,,,,,,,,,,,,,,,,,,,,,,,,,,,,
,LineString,-22.9218069,-46.709001,,,,wood,,,,,,Floresta Ombrófila Densa,,,,,,,,,,,,,,,,,,,,,,,,,,,,,,,,,,,,,,,,,,,,
,LineString,-22.8387295,-46.6867646,,,,wood,,,,,,Floresta Ombrófila Densa,,,,,,,,,,,,,,,,,,,,,,,,,,,,,,,,,,,,,,,,,,,,
,LineString,-22.837603,-46.7174051,,,,wood,,,,,,Floresta Ombrófila Densa,,,,,,,,,,,,,,,,,,,,,,,,,,,,,,,,,,,,,,,,,,,,
,LineString,-22.8507593,-46.7024815,,,,wood,,,,,,Floresta Ombrófila Densa,,,,,,,,,,,,,,,,,,,,,,,,,,,,,,,,,,,,,,,,,,,,
,LineString,-22.8913399,-46.710432,,,,wood,,,,,,Floresta Ombrófila Densa,,,,,,,,,,,,,,,,,,,,,,,,,,,,,,,,,,,,,,,,,,,,
,LineString,-22.8256364,-46.6721905,,,,wood,,,,,,Floresta Ombrófila Densa,,,,,,,,,,,,,,,,,,,,,,,,,,,,,,,,,,,,,,,,,,,,
,LineString,-22.8545979,-46.7125639,,,,grassland,,,,,,,,,,,,,,,,,,,,,,,,,,,,,,,,,,,,,,,,,,,,,,,,,,
,LineString,-22.857542,-46.694574,,,,wood,,,,,,Floresta Ombrófila Densa,,,,,,,,,,,,,,,,,,,,,,,,,,,,,,,,,,,,,,,,,,,,
,LineString,-22.8825446,-46.6973533,,,,wood,,,,,,Floresta Ombrófila Densa,,,,,,,,,,,,,,,,,,,,,,,,,,,,,,,,,,,,,,,,,,,,
,LineString,-22.8490828,-46.7186787,,,,wood,,,,,,Floresta Ombrófila Densa,,,,,,,,,,,,,,,,,,,,,,,,,,,,,,,,,,,,,,,,,,,,
,LineString,-22.8655341,-46.7035361,,,,wood,,,,,,Floresta Ombrófila Densa,,,,,,,,,,,,,,,,,,,,,,,,,,,,,,,,,,,,,,,,,,,,
,LineString,-22.8477822,-46.7057855,,,,wood,,,,,,Floresta Ombrófila Densa,,,,,,,,,,,,,,,,,,,,,,,,,,,,,,,,,,,,,,,,,,,,
,LineString,-22.8861933,-46.6915979,,,,wood,,,,,,,,,,,,,,,,,,,,,,,,,,,,,,,,,,,,,,,,,,,,,,,,,,
,LineString,-22.8966485,-46.7189398,,,,wood,,,,,,Floresta Ombrófila Densa,,,,,,,,,,,,,,,,,,,,,,,,,,,,,,,,,,,,,,,,,,,,
,LineString,-22.9045665,-46.6983,,,,wood,,,,,,Floresta Ombrófila Densa,,,,,,,,,,,,,,,,,,,,,,,,,,,,,,,,,,,,,,,,,,,,
,LineString,-22.9027002,-46.7131221,,,,wood,,,,,,Floresta Ombrófila Densa,,,,,,,,,,,,,,,,,,,,,,,,,,,,,,,,,,,,,,,,,,,,
,LineString,-22.8229013,-46.6754654,,,,wood,,,,,,Floresta Ombrófila Densa,,,,,,,,,,,,,,,,,,,,,,,,,,,,,,,,,,,,,,,,,,,,
,LineString,-22.8992134,-46.6939151,,,,wood,,,,,,Floresta Ombrófila Densa,,,,,,,,,,,,,,,,,,,,,,,,,,,,,,,,,,,,,,,,,,,,
,LineString,-22.871672,-46.7072161,,,,wood,,,,,,Floresta Ombrófila Densa,,,,,,,,,,,,,,,,,,,,,,,,,,,,,,,,,,,,,,,,,,,,
,LineString,-22.8596969,-46.6799307,,,,grassland,,,,,,,,,,,,,,,,,,,,,,,,,,,,,,,,,,,,,,,,,,,,,,,,,,
,LineString,-22.9069722,-46.6949334,,,,wood,,,,,,Floresta Ombrófila Densa,,,,,,,,,,,,,,,,,,,,,,,,,,,,,,,,,,,,,,,,,,,,
,LineString,-22.8372294,-46.6814655,,,,wood,,,,,,Floresta Ombrófila Densa,,,,,,,,,,,,,,,,,,,,,,,,,,,,,,,,,,,,,,,,,,,,
,LineString,-22.8552113,-46.6800686,,,,wood,,,,,,Floresta Ombrófila Densa,,,,,,,,,,,,,,,,,,,,,,,,,,,,,,,,,,,,,,,,,,,,
,LineString,-22.8567105,-46.6940827,,,,wood,,,,,,Floresta Ombrófila Densa,,,,,,,,,,,,,,,,,,,,,,,,,,,,,,,,,,,,,,,,,,,,
,LineString,-22.9786105,-46.7052107,,,,wood,,,,,,Floresta Ombrófila Densa,,,,,,,,,,,,,,,,,,,,,,,,,,,,,,,,,,,,,,,,,,,,
,LineString,-22.9749384,-46.7170803,,,,wood,,,,,,Floresta Ombrófila Densa,,,,,,,,,,,,,,,,,,,,,,,,,,,,,,,,,,,,,,,,,,,,
,LineString,-22.9931214,-46.6743715,,,,wood,,,,,,Floresta Ombrófila Densa,,,,,,,,,,,,,,,,,,,,,,,,,,,,,,,,,,,,,,,,,,,,
,LineString,-22.9891562,-46.6680075,,,,wood,,,,,,Floresta Ombrófila Densa,,,,,,,,,,,,,,,,,,,,,,,,,,,,,,,,,,,,,,,,,,,,
,LineString,-22.9754971,-46.7167801,,,,wood,,,,,,Floresta Ombrófila Densa,,,,,,,,,,,,,,,,,,,,,,,,,,,,,,,,,,,,,,,,,,,,
,LineString,-22.9944644,-46.6708325,,,,wood,,,,,,Floresta Ombrófila Densa,,,,,,,,,,,,,,,,,,,,,,,,,,,,,,,,,,,,,,,,,,,,
,LineString,-23.0309227,-46.7039626,,,,wood,,,,,,Floresta Ombrófila Densa,,,,,,,,,,,,,,,,,,,,,,,,,,,,,,,,,,,,,,,,,,,,
,LineString,-23.0120567,-46.6962453,,,,wood,,,,,,,,,,,,,,,,,,,,,,,,,,,,,,,,,,,,,,,,,,,,,,,,,,
,LineString,-23.0252624,-46.7028182,,,,wood,,,,,,Floresta Ombrófila Densa,,,,,,,,,,,,,,,,,,,,,,,,,,,,,,,,,,,,,,,,,,,,
,LineString,-23.0091484,-46.7081593,,,,wood,,,,,,Floresta Ombrófila Densa,,,,,,,,,,,,,,,,,,,,,,,,,,,,,,,,,,,,,,,,,,,,
,LineString,-23.0024109,-46.7107455,,,,wood,,,,,,Floresta Ombrófila Densa,,,,,,,,,,,,,,,,,,,,,,,,,,,,,,,,,,,,,,,,,,,,
,LineString,-23.0065121,-46.7126362,,,,wood,,,,,,Floresta Ombrófila Densa,,,,,,,,,,,,,,,,,,,,,,,,,,,,,,,,,,,,,,,,,,,,
,LineString,-23.0054585,-46.7070007,,,,wood,,,,,,Floresta Ombrófila Densa,,,,,,,,,,,,,,,,,,,,,,,,,,,,,,,,,,,,,,,,,,,,
,LineString,-23.0091332,-46.7001873,,,,wood,,,,,,Floresta Ombrófila Densa,,,,,,,,,,,,,,,,,,,,,,,,,,,,,,,,,,,,,,,,,,,,
,LineString,-22.9945561,-46.7176653,,,,wood,,,,,,Floresta Ombrófila Densa,,,,,,,,,,,,,,,,,,,,,,,,,,,,,,,,,,,,,,,,,,,,
,LineString,-23.0047604,-46.7171646,,,,wood,,,,,,Floresta Ombrófila Densa,,,,,,,,,,,,,,,,,,,,,,,,,,,,,,,,,,,,,,,,,,,,
,LineString,-23.0028742,-46.7183247,,,,wood,,,,,,Floresta Ombrófila Densa,,,,,,,,,,,,,,,,,,,,,,,,,,,,,,,,,,,,,,,,,,,,
,LineString,-23.0107727,-46.714349,,,,wood,,,,,,Floresta Ombrófila Densa,,,,,,,,,,,,,,,,,,,,,,,,,,,,,,,,,,,,,,,,,,,,
,LineString,-23.0079133,-46.7019293,,,,wood,,,,,,Floresta Ombrófila Densa,,,,,,,,,,,,,,,,,,,,,,,,,,,,,,,,,,,,,,,,,,,,
,LineString,-23.0331368,-46.7029324,,,,wood,,,,,,Floresta Ombrófila Densa,,,,,,,,,,,,,,,,,,,,,,,,,,,,,,,,,,,,,,,,,,,,
,LineString,-23.0107757,-46.6928691,,,,wood,,,,,,Floresta Ombrófila Densa,,,,,,,,,,,,,,,,,,,,,,,,,,,,,,,,,,,,,,,,,,,,
,LineString,-23.0273962,-46.7033518,,,,wood,,,,,,Floresta Ombrófila Densa,,,,,,,,,,,,,,,,,,,,,,,,,,,,,,,,,,,,,,,,,,,,
,LineString,-23.0315435,-46.7016677,,,,wood,,,,,,Floresta Ombrófila Densa,,,,,,,,,,,,,,,,,,,,,,,,,,,,,,,,,,,,,,,,,,,,
,LineString,-23.0070654,-46.7082218,,,,wood,,,,,,Floresta Ombrófila Densa,,,,,,,,,,,,,,,,,,,,,,,,,,,,,,,,,,,,,,,,,,,,
,LineString,-23.0165849,-46.7142045,,,,wood,,,,,,Floresta Ombrófila Densa,,,,,,,,,,,,,,,,,,,,,,,,,,,,,,,,,,,,,,,,,,,,
,LineString,-23.0320756,-46.7213829,,,,wood,,,,,,Floresta Ombrófila Densa,,,,,,,,,,,,,,,,,,,,,,,,,,,,,,,,,,,,,,,,,,,,
,LineString,-23.0161887,-46.6963304,,,,wood,,,,,,,,,,,,,,,,,,,,,,,,,,,,,,,,,,,,,,,,,,,,,,,,,,
,LineString,-23.02859,-46.6989757,,,,wood,,,,,,Floresta Ombrófila Densa,,,,,,,,,,,,,,,,,,,,,,,,,,,,,,,,,,,,,,,,,,,,
,LineString,-23.0075341,-46.7109262,,,,wood,,,,,,Floresta Ombrófila Densa,,,,,,,,,,,,,,,,,,,,,,,,,,,,,,,,,,,,,,,,,,,,
,LineString,-23.0195753,-46.6985222,,,,wood,,,,,,Floresta Ombrófila Densa,,,,,,,,,,,,,,,,,,,,,,,,,,,,,,,,,,,,,,,,,,,,
,LineString,-22.8444014,-46.4823199,,,,wood,,,,,,Floresta Ombrófila Densa,,,,,,,,,,,,,,,,,,,,,,,,,,,,,,,,,,,,,,,,,,,,
,LineString,-22.901409,-46.4747512,,,,wood,,,,,,Floresta Ombrófila Densa,,,,,,,,,,,,,,,,,,,,,,,,,,,,,,,,,,,,,,,,,,,,
,LineString,-22.8871368,-46.4487903,,,,wood,,,,,,Floresta Ombrófila Densa,,,,,,,,,,,,,,,,,,,,,,,,,,,,,,,,,,,,,,,,,,,,
,LineString,-22.8185309,-46.5434573,,,,wood,,,,,,Floresta Ombrófila Densa,,,,,,,,,,,,,,,,,,,,,,,,,,,,,,,,,,,,,,,,,,,,
,LineString,-22.8494477,-46.5758579,,,,wood,,,,,,Floresta Ombrófila Densa,,,,,,,,,,,,,,,,,,,,,,,,,,,,,,,,,,,,,,,,,,,,
,LineString,-22.9075964,-46.5858859,,,,wood,,,,,,Floresta Ombrófila Densa,,,,,,,,,,,,,,,,,,,,,,,,,,,,,,,,,,,,,,,,,,,,
,LineString,-22.8239332,-46.6117945,,,,wood,,,,,,Floresta Ombrófila Densa,,,,,,,,,,,,,,,,,,,,,,,,,,,,,,,,,,,,,,,,,,,,
,LineString,-22.9108004,-46.50504,,,,wood,,,,,,,,,,,,,,,,,,,,,,,,,,,,,,,,,,,,,,,,,,,,,,,,,,
,LineString,-22.9078066,-46.5830893,,,,wood,,,,,,,,,,,,,,,,,,,,,,,,,,,,,,,,,,,,,,,,,,,,,,,,,,
,LineString,-22.8422114,-46.6032,,,,wood,,,,,,,,,,,,,,,,,,,,,,,,,,,,,,,,,,,,,,,,,,,,,,,,,,
,LineString,-22.8839251,-46.5798173,,,,wood,,,,,,Floresta Ombrófila Densa,,,,,,,,,,,,,,,,,,,,,,,,,,,,,,,,,,,,,,,,,,,,
,LineString,-22.8762312,-46.5209637,,,,wood,,,,,,Floresta Ombrófila Densa,,,,,,,,,,,,,,,,,,,,,,,,,,,,,,,,,,,,,,,,,,,,
,LineString,-22.8516275,-46.6130953,,,,wood,,,,,,Floresta Ombrófila Densa,,,,,,,,,,,,,,,,,,,,,,,,,,,,,,,,,,,,,,,,,,,,
,LineString,-22.8234147,-46.5743565,,,,wood,,,,,,Floresta Ombrófila Densa,,,,,,,,,,,,,,,,,,,,,,,,,,,,,,,,,,,,,,,,,,,,
,LineString,-22.8435372,-46.605095,,,,wood,,,,,,Floresta Ombrófila Densa,,,,,,,,,,,,,,,,,,,,,,,,,,,,,,,,,,,,,,,,,,,,
,LineString,-22.8206406,-46.6182953,,,,wood,,,,,,Floresta Ombrófila Densa,,,,,,,,,,,,,,,,,,,,,,,,,,,,,,,,,,,,,,,,,,,,
,LineString,-22.8661833,-46.6184405,,,,wood,,,,,,Floresta Ombrófila Densa,,,,,,,,,,,,,,,,,,,,,,,,,,,,,,,,,,,,,,,,,,,,
,LineString,-22.8764794,-46.5658871,,,,wood,,,,,,Floresta Ombrófila Densa,,,,,,,,,,,,,,,,,,,,,,,,,,,,,,,,,,,,,,,,,,,,
,LineString,-22.8414035,-46.5765995,,,,wood,,,,,,Floresta Ombrófila Densa,,,,,,,,,,,,,,,,,,,,,,,,,,,,,,,,,,,,,,,,,,,,
,LineString,-22.8273061,-46.5757995,,,,wood,,,,,,Floresta Ombrófila Densa,,,,,,,,,,,,,,,,,,,,,,,,,,,,,,,,,,,,,,,,,,,,
,LineString,-22.8746263,-46.5459124,,,,wood,,,,,,Floresta Ombrófila Densa,,,,,,,,,,,,,,,,,,,,,,,,,,,,,,,,,,,,,,,,,,,,
,LineString,-22.8501042,-46.4681673,,,,wood,,,,,,Floresta Ombrófila Densa,,,,,,,,,,,,,,,,,,,,,,,,,,,,,,,,,,,,,,,,,,,,
,LineString,-22.8684217,-46.5679022,,,,wood,,,,,,Floresta Ombrófila Densa,,,,,,,,,,,,,,,,,,,,,,,,,,,,,,,,,,,,,,,,,,,,
,LineString,-22.8484976,-46.5085254,,,,wood,,,,,,Floresta Ombrófila Densa,,,,,,,,,,,,,,,,,,,,,,,,,,,,,,,,,,,,,,,,,,,,
,LineString,-22.900563,-46.5979573,,,,wood,,,,,,Floresta Ombrófila Densa,,,,,,,,,,,,,,,,,,,,,,,,,,,,,,,,,,,,,,,,,,,,
,LineString,-22.8868088,-46.6033854,,,,wood,,,,,,Floresta Ombrófila Densa,,,,,,,,,,,,,,,,,,,,,,,,,,,,,,,,,,,,,,,,,,,,
,LineString,-22.8292137,-46.5324632,,,,wood,,,,,,Floresta Ombrófila Densa,,,,,,,,,,,,,,,,,,,,,,,,,,,,,,,,,,,,,,,,,,,,
,LineString,-22.8254531,-46.5790494,,,,wood,,,,,,Floresta Ombrófila Densa,,,,,,,,,,,,,,,,,,,,,,,,,,,,,,,,,,,,,,,,,,,,
,LineString,-22.8717612,-46.5611697,,,,wood,,,,,,Floresta Ombrófila Densa,,,,,,,,,,,,,,,,,,,,,,,,,,,,,,,,,,,,,,,,,,,,
,LineString,-22.8333394,-46.5870991,,,,wood,,,,,,Floresta Ombrófila Densa,,,,,,,,,,,,,,,,,,,,,,,,,,,,,,,,,,,,,,,,,,,,
,LineString,-22.8672532,-46.5757976,,,,wood,,,,,,Floresta Ombrófila Densa,,,,,,,,,,,,,,,,,,,,,,,,,,,,,,,,,,,,,,,,,,,,
,LineString,-22.8792275,-46.5566493,,,,wood,,,,,,Floresta Ombrófila Densa,,,,,,,,,,,,,,,,,,,,,,,,,,,,,,,,,,,,,,,,,,,,
,LineString,-22.8629316,-46.6112982,,,,wood,,,,,,Floresta Ombrófila Densa,,,,,,,,,,,,,,,,,,,,,,,,,,,,,,,,,,,,,,,,,,,,
,LineString,-22.8416097,-46.6266379,,,,wood,,,,,,Floresta Ombrófila Densa,,,,,,,,,,,,,,,,,,,,,,,,,,,,,,,,,,,,,,,,,,,,
,LineString,-22.8516713,-46.5513016,,,,wood,,,,,,Floresta Ombrófila Densa,,,,,,,,,,,,,,,,,,,,,,,,,,,,,,,,,,,,,,,,,,,,
,LineString,-22.8371365,-46.5285034,,,,wood,,,,,,Floresta Ombrófila Densa,,,,,,,,,,,,,,,,,,,,,,,,,,,,,,,,,,,,,,,,,,,,
,LineString,-22.8494854,-46.6080172,,,,wood,,,,,,Floresta Ombrófila Densa,,,,,,,,,,,,,,,,,,,,,,,,,,,,,,,,,,,,,,,,,,,,
,LineString,-22.8938702,-46.5491098,,,,wood,,,,,,Floresta Ombrófila Densa,,,,,,,,,,,,,,,,,,,,,,,,,,,,,,,,,,,,,,,,,,,,
,LineString,-22.8205292,-46.5740572,,,,wood,,,,,,Floresta Ombrófila Densa,,,,,,,,,,,,,,,,,,,,,,,,,,,,,,,,,,,,,,,,,,,,
,LineString,-22.8909071,-46.4589766,,,,wood,,,,,,Floresta Ombrófila Densa,,,,,,,,,,,,,,,,,,,,,,,,,,,,,,,,,,,,,,,,,,,,
,LineString,-22.8665484,-46.4522804,,,,wood,,,,,,Floresta Ombrófila Densa,,,,,,,,,,,,,,,,,,,,,,,,,,,,,,,,,,,,,,,,,,,,
,LineString,-22.8289954,-46.5736046,,,,wood,,,,,,Floresta Ombrófila Densa,,,,,,,,,,,,,,,,,,,,,,,,,,,,,,,,,,,,,,,,,,,,
,MultiPolygon,-46.4315705,-22.9303762,,,,,,,,,,,,,,,,,,,,,,,,,,,,,,,,,,,,,,,,,,,,,,,,,Lakewalker / Landsat,,,,,
,MultiPolygon,-46.5282112,-22.9338397,Tanque do Moinho,,,water,,lake,,,,,,,,,,,,,,,,,,,,,,,,,,,,,,,,,,,,,,,,,,,,,,,,
,MultiPolygon,-46.4315705,-22.9303762,Represa Jaguari,,,water,,reservoir,,,,,,,,,,,,,,,,,,,,,,,,,,,,,,,,,,,,,,,,,,,,,,,,
,MultiPolygon,-46.4201687,-22.9340684,,,,,,,,,,,,,,,,,,,,,,,,,,,,,,,,,,,,,,,,,,,,,,,islet,,Lakewalker / Landsat,,,,,
,MultiPolygon,-46.4446341,-22.9293905,,,,water,,,,,,,,,,,,,,,,,,,,,,,,,,,,,,,,,,,,,,,,,,,,,Bing,,,,,
,MultiPolygon,-46.4494175,-22.9123443,,,,water,,,,,,,,,,,,,,,,,,,,,,,,,,,,,,,,,,,,,,,,,,,,,landsat,,,,,
,MultiPolygon,-46.4996671,-22.9089809,,,,water,,,,,,,,,,,,,,,,,,,,,,,,,,,,,,,,,,,,,,,,,,,,,landsat,,,,,
,MultiPolygon,-46.5382637,-22.9646887,Estádio Nabi Abi Chedid,,stadium,,,,Q5402133,pt:Estádio Nabi Abi Chedid,,,,Bragança Paulista,157,12914-410,Rua Emílio Colella,Jardim Nova Bragança,Arena Red Bull Bragantino,,,,21209,,,,,,,,,,Nabizão,,,,O Estádio Nabi Abi Chedid será demolido nos próximos anos. Transformar em arena quando necessário.,Marcelão,Estádio Marcelo Stéfani,,Red Bull Bragantino,private,Q541744,pt:Red Bull Bragantino,Red Bull Bragantino,Q541744,pt:Red Bull Bragantino,private,,,,soccer,1949,,limited,Category:Estádio Nabi Abi Chedid
,MultiPolygon,-46.5510455,-22.9780206,Lago Orfeu,,,water,,lake,,,,,,,,,,,,,,,,,,,,,,,,,,,,,,,,,,,,,,,,,,,,,,,,
,MultiPolygon,-46.6000846,-22.8930293,,,,water,,reservoir,,,,,,,,,,,,,,,,,,,,,,,,,,,,,,,,,,,,,,,,,,,,,,,,
,MultiPolygon,-46.5480646,-22.9821875,Praça Champs-Élysées,,park,,,,,,,,,,,,,,,,,,,,,,,,,,,,,,,,,,,,,,,,,,,,,,,,,,,
,MultiPolygon,-46.5587069,-22.9438548,,,,water,,lake,,,,,,,,,,,,,,,,,,,,,,,,,,,,,,,,,,,,,,,,,,,,,,,,
,MultiPolygon,-46.5508739,-22.9143391,,,park,,,,,,,,,,,,,,,,,,,,,,,,,,,,,,,,,,,,,,,,,,,,,,,,,,,
,MultiPolygon,-46.5387511,-22.9069735,,,,water,,,,,,,,,,,,,,,,,,,,,,,,,,,,,,,,,,,,,,,,,,,,,,,,,,
,MultiPolygon,-46.5392876,-22.9057975,,,,water,,,,,,,,,,,,,,,,,,,,,,,,,,,,,,,,,,,,,,,,,,,,,,,,,,
,MultiPolygon,-46.5394914,-22.9066276,,,,water,,,,,,,,,,,,,,,,,,,,,,,,,,,,,,,,,,,,,,,,,,,,,,,,,,
,MultiPolygon,-46.5342558,-22.907774,,,,water,,,,,,,,,,,,,,,,,,,,,,,,,,,,,,,,,,,,,,,,,,,,,,,,,,
,MultiPolygon,-46.5532994,-22.9031291,,,,water,,,,,,,,,,,,,,,,,,,,,,,,,,,,,,,,,,,,,,,,,,,,,,,,,,
,MultiPolygon,-46.5389979,-22.9075763,,,,water,,,,,,,,,,,,,,,,,,,,,,,,,,,,,,,,,,,,,,,,,,,,,,,,,,
,MultiPolygon,-46.5538359,-22.9022297,,,,water,,,,,,,,,,,,,,,,,,,,,,,,,,,,,,,,,,,,,,,,,,,,,,,,,,
,MultiPolygon,-46.5640385,-22.8981183,,,,water,,,,,,,,,,,,,,,,,,,,,,,,,,,,,,,,,,,,,,,,,,,,,,,,,,
,MultiPolygon,-46.5649075,-22.9025064,,,,water,,,,,,,,,,,,,,,,,,,,,,,,,,,,,,,,,,,,,,,,,,,,,,,,,,
,MultiPolygon,-46.5550165,-22.9250377,,,,water,,,,,,,,,,,,,,,,,,,,,,,,,,,,,,,,,,,,,,,,,,,,,,,,,,
,MultiPolygon,-46.5587522,-22.9242343,,,,water,,,,,,,,,,,,,,,,,,,,,,,,,,,,,,,,,,,,,,,,,,,,,,,,,,
,MultiPolygon,-46.5700685,-22.9240792,,,,water,,,,,,,,,,,,,,,,,,,,,,,,,,,,,,,,,,,,,,,,,,,,,,,,,,
,MultiPolygon,-46.5684833,-22.9239774,,,,water,,,,,,,,,,,,,,,,,,,,,,,,,,,,,,,,,,,,,,,,,,,,,,,,,,
,MultiPolygon,-46.5787159,-22.9211147,,,,water,,,,,,,,,,,,,,,,,,,,,,,,,,,,,,,,,,,,,,,,,,,,,,,,,,
,MultiPolygon,-46.5577308,-22.9243558,,,,water,,,,,,,,,,,,,,,,,,,,,,,,,,,,,,,,,,,,,,,,,,,,,,,,,,
,MultiPolygon,-46.5613888,-22.9241977,Lago do Tio Nicola,,,water,,,,,,,,,,,,,,,,,,,,,,,,,,,,,,,,,,,,,,,,,,,,,,,,,,
,MultiPolygon,-46.5546967,-22.9265861,,,,water,,,,,,,,,,,,,,,,,,,,,,,,,,,,,,,,,,,,,,,,,,,,,,,,,,
,MultiPolygon,-46.5564541,-22.9265693,,,,water,,,,,,,,,,,,,,,,,,,,,,,,,,,,,,,,,,,,,,,,,,,,,,,,,,
,MultiPolygon,-46.5728043,-22.9228143,,,,water,,,,,,,,,,,,,,,,,,,,,,,,,,,,,,,,,,,,,,,,,,,,,,,,,,
,MultiPolygon,-46.6502018,-22.9978109,,,,wood,,,,,,,,,,,,,,,,,,,,,,,,,,,,,,,,,,,,,,,,,,,,,,,,,,
,MultiPolygon,-46.6077585,-23.0138626,,,,wood,,,,,,,,,,,,,,,,,,,,,,,,,,,,,,,,,,,,,,,,,,,,,,,,,,
,MultiPolygon,-46.6530159,-23.0079696,,,,wood,,,,,,,,,,,,,,,,,,,,,,,,,,,,,,,,,,,,,,,,,,,,,,,,,,
,MultiPolygon,-46.7110453,-23.0077793,,,,water,,,,,,,,,,,,,,,,,,,,,,,,,,,,,,,,,,,,,,,,,,,,,,,,,,
,MultiPolygon,-46.6827958,-22.9988572,,,,wood,,,,,,Floresta Ombrófila Densa,,,,,,,,,,,,,,,,,,,,,,,,,,,,,,,,,,,,,,,,,,,,
,MultiPolygon,-46.6331322,-23.0148501,,,,wood,,,,,,,,,,,,,,,,,,,,,,,,,,,,,,,,,,,,,,,,,,,,,,,,,,
,MultiPolygon,-46.5259839,-22.9847675,,,,wood,,,,,,,,,,,,,,,,,,,,,,,,,,,,,,,,,,,,,,,,,,,,,,,,,,
,MultiPolygon,-46.5227068,-22.9855275,,,,wood,,,,,,,,,,,,,,,,,,,,,,,,,,,,,,,,,,,,,,,,,,,,,,,,,,
,MultiPolygon,-46.5300604,-22.9851416,,,,water,,lake,,,,,,,,,,,,,,,,,,,,,,,,,,,,,,,,,,,,,,,,,,,,,,,,
,MultiPolygon,-46.5408648,-22.9846292,,,,wood,,,,,,,,,,,,,,,,,,,,,,,,,,,,,,,,,,,,,,,,,,,,,,,,,,
,MultiPolygon,-46.5605806,-22.9584488,,,,wood,,,,,,,,,,,,,,,,,,,,,,,,,,,,,,,,,,,,,,,,,,,,,,,,,,
,MultiPolygon,-46.5577085,-22.9623947,,,,wood,,,,,,,,,,,,,,,,,,,,,,,,,,,,,,,,,,,,,,,,,,,,,,,,,,
,MultiPolygon,-46.5145147,-22.9790783,,,,wood,,,,,,,,,,,,,,,,,,,,,,,,,,,,,,,,,,,,,,,,,,,,,,,,,,
,MultiPolygon,-46.5276644,-22.98286,,,,water,,lake,,,,,,,,,,,,,,,,,,,,,,,,,,,,,,,,,,,,,,,,,,,,,,,,
,MultiPolygon,-46.5304526,-22.9849946,,,,wood,,,,,,,,,,,,,,,,,,,,,,,,,,,,,,,,,,,,,,,,,,,,,,,,,,
,MultiPolygon,-46.525031,-22.9920137,,,,water,,,,,,,,,,,,,,,,,,,,,,,,,,,,,,,,,,,,,,,,,,,,,,,,,,
,MultiPolygon,-46.5263489,-22.9923726,,,,wood,,,,,,,,,,,,,,,,,,,,,,,,,,,,,,,,,,,,,,,,,,,,,,,,,,
,MultiPolygon,-46.5257826,-22.980818,,,,wood,,,,,,,,,,,,,,,,,,,,,,,,,,,,,,,,,,,,,,,,,,,,,,,,,,
,MultiPolygon,-46.5275773,-22.9909306,,,,wood,,,,,,,,,,,,,,,,,,,,,,,,,,,,,,,,,,,,,,,,,,,,,,,,,,
,MultiPolygon,-46.5311071,-22.9764408,,,,wood,,,,,,,,,,,,,,,,,,,,,,,,,,,,,,,,,,,,,,,,,,,,,,,,,,
,MultiPolygon,-46.5322603,-22.9877701,,,,wood,,,,,,,,,,,,,,,,,,,,,,,,,,,,,,,,,,,,,,,,,,,,,,,,,,
,MultiPolygon,-46.5358246,-22.9776757,,,,wood,,,,,,,,,,,,,,,,,,,,,,,,,,,,,,,,,,,,,,,,,,,,,,,,,,
,MultiPolygon,-46.5482227,-22.9768903,,,,wood,,,,,,,,,,,,,,,,,,,,,,,,,,,,,,,,,,,,,,,,,,,,,,,,,,
,MultiPolygon,-46.5246429,-23.0042536,,,,wood,,,,,,,,,,,,,,,,,,,,,,,,,,,,,,,,,,,,,,,,,,,,,,,,,,
,MultiPolygon,-46.5366273,-23.0067815,,,,wood,,,,,,,,,,,,,,,,,,,,,,,,,,,,,,,,,,,,,,,,,,,,,,,,,,
,MultiPolygon,-46.5322575,-23.0055572,,,,water,,lake,,,,,,,,,,,,,,,,,,,,,,,,,,,,,,,,,,,,,,,,,,,,,,,,
,MultiPolygon,-46.5377641,-23.0077594,,,,water,,lake,,,,,,,,,,,,,,,,,,,,,,,,,,,,,,,,,,,,,,,,,,,,,,,,
,MultiPolygon,-46.5216579,-23.0049293,,,,water,,,,,,,,,,,,,,,,,,,,,,,,,,,,,,,,,,,,,,,,,,,,,,,,,,
,MultiPolygon,-46.545006,-22.9758781,,,,wood,,,,,,,,,,,,,,,,,,,,,,,,,,,,,,,,,,,,,,,,,,,,,,,,,,
,MultiPolygon,-46.5765944,-22.9983162,,,,wood,,,,,,,,,,,,,,,,,,,,,,,,,,,,,,,,,,,,,,,,,,,,,,,,,,
,MultiPolygon,-46.5224178,-22.9180356,,,,water,,,,,,,,,,,,,,,,,,,,,,,,,,,,,,,,,,,,,,,,,,,,,,,,,,
,MultiPolygon,-46.5217254,-22.9196401,,,,water,,,,,,,,,,,,,,,,,,,,,,,,,,,,,,,,,,,,,,,,,,,,,,,,,,
,MultiPolygon,-46.5201338,-22.9211301,,,,water,,,,,,,,,,,,,,,,,,,,,,,,,,,,,,,,,,,,,,,,,,,,,,,,,,
,MultiPolygon,-46.520886,-22.9202824,,,,water,,,,,,,,,,,,,,,,,,,,,,,,,,,,,,,,,,,,,,,,,,,,,,,,,,
,MultiPolygon,-46.5666434,-22.9916151,,,,wood,,,,,,,,,,,,,,,,,,,,,,,,,,,,,,,,,,,,,,,,,,,,,,,,,,
,MultiPolygon,-46.557725,-22.9974589,,,,wood,,,,,,,,,,,,,,,,,,,,,,,,,,,,,,,,,,,,,,,,,,,,,,,,,,
,MultiPolygon,-46.5520548,-22.99338,,,,wood,,,,,,,,,,,,,,,,,,,,,,,,,,,,,,,,,,,,,,,,,,,,,,,,,,
,MultiPolygon,-46.5526235,-23.0002933,,,,wood,,,,,,,,,,,,,,,,,,,,,,,,,,,,,,,,,,,,,,,,,,,,,,,,,,
,MultiPolygon,-46.5568452,-22.9981848,,,,wood,,,,,,,,,,,,,,,,,,,,,,,,,,,,,,,,,,,,,,,,,,,,,,,,,,
,MultiPolygon,-46.5379437,-22.9708478,,,park,,,,,,,,,,,,,,,,,,,,,,,,,,,,,,,,,,,,,,,,,,,,,,,,,,,
,MultiPolygon,-46.5390417,-22.9697621,Lago do Taboão,,,water,,lake,,,,,,,,,,,,,no,,,,,,,,,,,,,,,,,,,,,,,,,,,,,,bing images,,,,,
,MultiPolygon,-46.5406394,-22.9723615,Praça Donato Cortese,,park,,,,,,,,,,,,,,,,,,,,,,,,,,,,,,,,,,,,,,,,,,,,,,,,,,,
,MultiPolygon,-46.5220252,-22.9272808,,,,water,,,,,,,,,,,,,,,,,,,,,,,,,,,,,,,,,,,,,,,,,,,,,,,,,,
,MultiPolygon,-46.5295246,-22.9243756,,,,water,,,,,,,,,,,,,,,,,,,,,,,,,,,,,,,,,,,,,,,,,,,,,,,,,,
,MultiPolygon,-46.5220915,-22.9136552,,,,water,,,,,,,,,,,,,,,,,,,,,,,,,,,,,,,,,,,,,,,,,,,,,,,,,,
,MultiPolygon,-46.5289023,-22.9254527,,,,water,,,,,,,,,,,,,,,,,,,,,,,,,,,,,,,,,,,,,,,,,,,,,,,,,,
,MultiPolygon,-46.5320073,-22.9836238,,,,wood,,,,,,,,,,,,,,,,,,,,,,,,,,,,,,,,,,,,,,,,,,,,,,,,,,
,MultiPolygon,-46.5294944,-22.9816337,,,,wood,,,,,,,,,,,,,,,,,,,,,,,,,,,,,,,,,,,,,,,,,,,,,,,,,,
,MultiPolygon,-46.5316831,-22.9786409,,,,wood,,,,,,,,,,,,,,,,,,,,,,,,,,,,,,,,,,,,,,,,,,,,,,,,,,
,MultiPolygon,-46.5674403,-22.9198991,,,,wood,,,,,,,,,,,,,,,,,,,,,,,,,,,,,,,,,,,,,,,,,,,,,,,,,,
,MultiPolygon,-46.5516206,-22.9247213,,,,wood,,,,,,,,,,,,,,,,,,,,,,,,,,,,,,,,,,,,,,,,,,,,,,,,,,
,MultiPolygon,-46.6025665,-22.9217865,,,,wood,,,,,,,,,,,,,,,,,,,,,,,,,,,,,,,,,,,,,,,,,,,,,,,,,,
,MultiPolygon,-46.5458324,-22.9334365,,,,wood,,,,,,,,,,,,,,,,,,,,,,,,,,,,,,,,,,,,,,,,,,,,,,,,,,
,MultiPolygon,-46.544207,-22.9092461,,,,wood,,,,,,,,,,,,,,,,,,,,,,,,,,,,,,,,,,,,,,,,,,,,,,,,,,
,MultiPolygon,-46.5040865,-22.9002428,,,,wood,,,,,,,,,,,,,,,,,,,,,,,,,,,,,,,,,,,,,,,,,,,,,,,,,,
,MultiPolygon,-46.5171328,-22.9030397,,,,wood,,,,,,Floresta Ombrófila Densa,,,,,,,,,,,,,,,,,,,,,,,,,,,,,,,,,,,,,,,,,,,,
,MultiPolygon,-46.5938354,-22.9207074,,,,water,,,,,,,,,,,,,,,,,,,,,,,,,,,,,,,,,,,,,,,,,,,,,,,,,,
,MultiPolygon,-46.5623862,-22.9162932,,,,wood,,,,,,,,,,,,,,,,,,,,,,,,,,,,,,,,,,,,,,,,,,,,,,,,,,
,MultiPolygon,-46.5686205,-22.9108174,,,,wood,,,,,,,,,,,,,,,,,,,,,,,,,,,,,,,,,,,,,,,,,,,,,,,,,,
,MultiPolygon,-46.5972986,-22.9182982,,,,water,,,,,,,,,,,,,,,,,,,,,,,,,,,,,,,,,,,,,,,,,,,,,,,,,,
,MultiPolygon,-46.5182593,-22.9663208,,,,wood,,,,,,,,,,,,,,,,,,,,,,,,,,,,,,,,,,,,,,,,,,,,,,,,,,
,MultiPolygon,-46.5306618,-22.9999921,,,,wood,,,,,,,,,,,,,,,,,,,,,,,,,,,,,,,,,,,,,,,,,,,,,,,,,,
,MultiPolygon,-46.5232643,-22.9542735,,,,wood,,,,,,,,,,,,,,,,,,,,,,,,,,,,,,,,,,,,,,,,,,,,,,,,,,
,MultiPolygon,-46.5251526,-22.9595403,,,,wood,,,,,,,,,,,,,,,,,,,,,,,,,,,,,,,,,,,,,,,,,,,,,,,,,,
,MultiPolygon,-46.519359,-22.9551281,,,,wood,,,,,,,,,,,,,,,,,,,,,,,,,,,,,,,,,,,,,,,,,,,,,,,,,,
,MultiPolygon,-46.5370991,-22.9480939,,,park,,,,,,,,,,,,,,,,,,,,,,,,,,,,,,,,,,,,,,,,,,,,,,,,,,,
,MultiPolygon,-46.5322712,-23.0240823,,,,wood,,,,,,,,,,,,,,,,,,,,,,,,,,,,,,,,,,,,,,,,,,,,,,,,,,
,MultiPolygon,-46.4951279,-22.9560419,,,,wood,,,,,,,,,,,,,,,,,,,,,,,,,,,,,,,,,,,,,,,,,,,,,,,,,,
,MultiPolygon,-46.4917398,-22.9542814,,,,wood,,,,,,,,,,,,,,,,,,,,,,,,,,,,,,,,,,,,,,,,,,,,,,,,,,
,MultiPolygon,-46.5046766,-22.9549255,,,,wood,,,,,,,,,,,,,,,,,,,,,,,,,,,,,,,,,,,,,,,,,,,,,,,,,,
,MultiPolygon,-46.5113974,-22.9556082,,,,wood,,,,,,,,,,,,,,,,,,,,,,,,,,,,,,,,,,,,,,,,,,,,,,,,,,
,MultiPolygon,-46.5329042,-23.0173084,,,,wood,,,,,,,,,,,,,,,,,,,,,,,,,,,,,,,,,,,,,,,,,,,,,,,,,,
,MultiPolygon,-46.5271267,-23.006431,,,,wood,,,,,,,,,,,,,,,,,,,,,,,,,,,,,,,,,,,,,,,,,,,,,,,,,,
,MultiPolygon,-46.5337839,-23.0228529,,,,wood,,,,,,,,,,,,,,,,,,,,,,,,,,,,,,,,,,,,,,,,,,,,,,,,,,
,MultiPolygon,-46.4846137,-22.9517444,,,,wood,,,,,,,,,,,,,,,,,,,,,,,,,,,,,,,,,,,,,,,,,,,,,,,,,,
,MultiPolygon,-46.5427103,-23.0214162,,,,wood,,,,,,,,,,,,,,,,,,,,,,,,,,,,,,,,,,,,,,,,,,,,,,,,,,
,MultiPolygon,-46.4977886,-22.9149186,,,,wood,,,,,,,,,,,,,,,,,,,,,,,,,,,,,,,,,,,,,,,,,,,,,,,,,,
,MultiPolygon,-46.5051593,-22.956689,,,,wood,,,,,,,,,,,,,,,,,,,,,,,,,,,,,,,,,,,,,,,,,,,,,,,,,,
,MultiPolygon,-46.5633952,-22.9673136,,,,water,,,,,,,,,,,,,,,,,,,,,,,,,,,,,,,,,,,,,,,,,,,,,,,,,,
,MultiPolygon,-46.5667539,-22.9682819,,,,water,,,,,,,,,,,,,,,,,,,,,,,,,,,,,,,,,,,,,,,,,,,,,,,,,,
,MultiPolygon,-46.5082453,-22.9534496,,,,water,,,,,,,,,,,,,,,,,,,,,,,,,,,,,,,,,,,,,,,,,,,,,,,,,,
,MultiPolygon,-46.5198259,-22.9492056,,,,water,,reservoir,,,,,,,,,,,,,,,,,,,,,,,,,,,,,,,,,,,,,,,,,,,,,,,,
,MultiPolygon,-46.5405219,-22.9491833,,,,wood,,,,,,,,,,,,,,,,,,,,,,,,,,mixed,,,,,,,,,,,,,,,,,,,,,,,,
,MultiPolygon,-46.5198979,-22.9490351,,,,water,,reservoir,,,,,,,,,,,,,,,,,,,,,,,,,,,,,,,,,,,,,,,,,,,,,,,,
,MultiPolygon,-46.5182725,-22.9501885,,,,water,,reservoir,,,,,,,,,,,,,,,,,,,,,,,,,,,,,,,,,,,,,,,,,,,,,,,,
,MultiPolygon,-46.5105991,-22.9853356,,,,wood,,,,,,,,,,,,,,,,,,,,,,,,,,,,,,,,,,,,,,,,,,,,,,,,,,
,MultiPolygon,-46.5201437,-22.9672118,,,,water,,,,,,,,,,,,,,,,,,,,,,,,,,,,,,,,,,,,,,,,,,,,,,,,,,
,MultiPolygon,-46.5216737,-22.9687614,,,,water,,,,,,,,,,,,,,,,,,,,,,,,,,,,,,,,,,,,,,,,,,,,,,,,,,
,MultiPolygon,-46.5010393,-23.0410353,,,,water,,,,,,,,,,,,,,,,,,,,,,,,,,,,,,,,,,,,,,,,,,,,,,,,,,
,MultiPolygon,-46.515545,-23.0123612,,,,water,,,,,,,,,,,,,,,,,,,,,,,,,,,,,,,,,,,,,,,,,,,,,,,,,,
,MultiPolygon,-46.5168217,-23.0110281,,,,water,,,,,,,,,,,,,,,,,,,,,,,,,,,,,,,,,,,,,,,,,,,,,,,,,,
,MultiPolygon,-46.5866444,-23.0002934,,,,water,,,,,,,,,,,,,,,,,,,,,,,,,,,,,,,,,,,,,,,,,,,,,,,,,,
,MultiPolygon,-46.5948466,-23.0007279,,,,water,,,,,,,,,,,,,,,,,,,,,,,,,,,,,,,,,,,,,,,,,,,,,,,,,,
,MultiPolygon,-46.580175,-22.9967034,,,,water,,,,,,,,,,,,,,,,,,,,,,,,,,,,,,,,,,,,,,,,,,,,,,,,,,
,MultiPolygon,-46.5815193,-22.9984184,,,,water,,,,,,,,,,,,,,,,,,,,,,,,,,,,,,,,,,,,,,,,,,,,,,,,,,
,MultiPolygon,-46.5983872,-23.0112404,,,,water,,,,,,,,,,,,,,,,,,,,,,,,,,,,,,,,,,,,,,,,,,,,,,,,,,
,MultiPolygon,-46.596427,-23.0063783,,,,water,,,,,,,,,,,,,,,,,,,,,,,,,,,,,,,,,,,,,,,,,,,,,,,,,,
,MultiPolygon,-46.612914,-23.011507,,,,water,,,,,,,,,,,,,,,,,,,,,,,,,,,,,,,,,,,,,,,,,,,,,,,,,,
,MultiPolygon,-46.6357482,-22.9976777,,,,water,,,,,,,,,,,,,,,,,,,,,,,,,,,,,,,,,,,,,,,,,,,,,,,,,,
,MultiPolygon,-46.6096557,-23.0099038,,,,wood,,,,,,,,,,,,,,,,,,,,,,,,,,,,,,,,,,,,,,,,,,,,,,,,,,
,MultiPolygon,-46.6436307,-23.001913,,,,water,,,,,,,,,,,,,,,,,,,,,,,,,,,,,,,,,,,,,,,,,,,,,,,,,,
,MultiPolygon,-46.6323493,-23.0128648,,,,wood,,,,,,,,,,,,,,,,,,,,,,,,,,,,,,,,,,,,,,,,,,,,,,,,,,
,MultiPolygon,-46.6453689,-23.0127463,,,,water,,,,,,,,,,,,,,,,,,,,,,,,,,,,,,,,,,,,,,,,,,,,,,,,,,
,MultiPolygon,-46.646447,-23.0119218,,,,water,,,,,,,,,,,,,,,,,,,,,,,,,,,,,,,,,,,,,,,,,,,,,,,,,,
,MultiPolygon,-46.5512787,-22.9853539,,,,wood,,,,,,,,,,,,,,,,,,,,,,,,,,,,,,,,,,,,,,,,,,,,,,,,,,
,MultiPolygon,-46.6347862,-22.994635,,,,water,,,,,,,,,,,,,,,,,,,,,,,,,,,,,,,,,,,,,,,,,,,,,,,,,,
,MultiPolygon,-46.5488347,-22.9832367,,,,wood,,,,,,,,,,,,,,,,,,,,,,,,,,,,,,,,,,,,,,,,,,,,,,,,,,
,MultiPolygon,-46.6362579,-22.9936342,,,,wood,,,,,,Floresta Ombrófila Densa,,,,,,,,,,,,,,,,,,,forest,,,,,,,,,,,,,,,,,,,,,,,,,
,MultiPolygon,-46.5488392,-22.9612077,,,park,,,,,,,,,,,,,,,,,,,,,,,,,,,,,,,,,,,,,,,,,,,,,,,,,,,
,MultiPolygon,-46.5340518,-22.9680545,Lago dos Padres,,,water,,lake,,,,,,,,,,,,,,,,,,,,,,,,,,,,,,,,,,,,,,,,,,,,,,,,
,MultiPolygon,-46.6482711,-22.9949239,,,,wood,,,,,,Floresta Ombrófila Densa,,,,,,,,,,,,,,,,,,,forest,,,,,,,,,,,,,,,,,,,,,,,,,
,MultiPolygon,-46.6488654,-22.9907682,,,,wood,,,,,,Floresta Ombrófila Densa,,,,,,,,,,,,,,,,,,,forest,,,,,,,,,,,,,,,,,,,,,,,,,
,MultiPolygon,-46.5457109,-22.9787516,Praça Piazza di Colosseo,,park,,,,,,,,,,,,,,,,,,,,,,,,,,,,,,,,,,,,,,,,,,,,,,,,,,,
,MultiPolygon,-46.6771095,-23.0418453,,,,wood,,,,,,,,,,,,,,,,,,,,,,,,,,,,,,,,,,,,,,,,,,,,,,,,,,
,MultiPolygon,-46.6838043,-23.0513229,,,,wood,,,,,,,,,,,,,,,,,,,,,,,,,,,,,,,,,,,,,,,,,,,,,,,,,,
,MultiPolygon,-46.6729773,-23.0439747,,,,wood,,,,,,,,,,,,,,,,,,,,,,,,,,,,,,,,,,,,,,,,,,,,,,,,,,
,MultiPolygon,-46.6568245,-23.025033,,,,water,,,,,,,,,,,,,,,,,,,,,,,,,,,,,,,,,,,,,,,,,,,,,,,,,,
,MultiPolygon,-46.6593887,-23.0225348,,,,water,,,,,,,,,,,,,,,,,,,,,,,,,,,,,,,,,,,,,,,,,,,,,,,,,,
,MultiPolygon,-46.6758119,-23.0599312,,,,wood,,,,,,,,,,,,,,,,,,,,,,,,,,,,,,,,,,,,,,,,,,,,,,,,,,
,MultiPolygon,-46.6589783,-23.0212141,,,,water,,,,,,,,,,,,,,,,,,,,,,,,,,,,,,,,,,,,,,,,,,,,,,,,,,
,MultiPolygon,-46.5800411,-23.0232924,,,,water,,,,,,,,,,,,,,,,,,,,,,,,,,,,,,,,,,,,,,,,,,,,,,,,,,
,MultiPolygon,-46.5339438,-22.9423138,,,park,,,,,,,,,,,,,,,,,,,,,,,,,,,,,,,,,,,,,,,,,,,,,,,,,,,
,MultiPolygon,-46.5363504,-22.9423921,,,park,,,,,,,,,,,,,,,,,,,,,,,,,,,,,,,,,,,,,,,,,,,,,,,,,,,
,MultiPolygon,-46.5354643,-22.9475657,Praça da Paz,,park,,,,,,,,,,,,,,,,,,,,,,,,,,,,,,,,,,,,,,,,,,,,,,,,,,,
,MultiPolygon,-46.5432264,-22.9527233,,,park,,,,,,,,,,,,,,,,,,,,,,,,,,,,,,,,,,,,,,,,,,,,,,,,,,,
,MultiPolygon,-46.5402284,-22.9597761,,,park,,,,,,,,,,,,,,,,,,,,,,,,,,,,,,,,,,,,,,,,,,,,,,,,,,,
,MultiPolygon,-46.5252436,-22.9990962,,,park,,,,,,,,,,,,,,,,,,,,,,,,,,,,,,,,,,,,,,,,,,,,,,,,,,,
,MultiPolygon,-46.5440371,-22.9560943,Praça Jorge Arruda,,park,,,,,,,,,,,,,,,,,,,,,,,,,,,,,,,,,,,,,,,,,,,,,,,,,,,
,MultiPolygon,-46.658902,-23.002916,,,,water,,lake,,,,,,,,,,,,,,,,,,,,,,,,,,,,,,,,,,,,,,,,,,,,,,,,
,MultiPolygon,-46.5031589,-23.0106992,,,,water,,,,,,,,,,,,,,,,,,,,,,,,,,,,,,,,,,,,,,,,,,,,,,,,,,
,MultiPolygon,-46.5026506,-23.0106104,,,,water,,,,,,,,,,,,,,,,,,,,,,,,,,,,,,,,,,,,,,,,,,,,,,,,,,
,MultiPolygon,-46.4979326,-23.0453406,,,,water,,,,,,,,,,,,,,,,,,,,,,,,,,,,,,,,,,,,,,,,,,,,,,,,,,
,MultiPolygon,-46.5039488,-23.0468363,,,,water,,,,,,,,,,,,,,,,,,,,,,,,,,,,,,,,,,,,,,,,,,,,,,,,,,
,MultiPolygon,-46.496971,-22.9893512,,,,water,,,,,,,,,,,,,,,,,,,,,,,,,,,,,,,,,,,,,,,,,,,,,,,,,,
,MultiPolygon,-46.5473309,-23.0237844,,,,water,,,,,,,,,,,,,,,,,,,,,,,,,,,,,,,,,,,,,,,,,,,,,bing,,,,,
,MultiPolygon,-46.4676706,-23.0198767,,,,water,,,,,,,,,,,,,,,,,,,,,,,,,,,,,,,,,,,,,,,,,,,,,,,,,,
,MultiPolygon,-46.5030543,-23.0108412,,,,water,,,,,,,,,,,,,,,,,,,,,,,,,,,,,,,,,,,,,,,,,,,,,,,,,,
,MultiPolygon,-46.4985482,-22.992387,,,,water,,,,,,,,,,,,,,,,,,,,,,,,,,,,,,,,,,,,,,,,,,,,,,,,,,
,MultiPolygon,-46.4793972,-23.0048074,,,,water,,,,,,,,,,,,,,,,,,,,,,,,,,,,,,,,,,,,,,,,,,,,,,,,,,
,MultiPolygon,-46.4888211,-23.0052974,,,,water,,,,,,,,,,,,,,,,,,,,,,,,,,,,,,,,,,,,,,,,,,,,,,,,,,
,MultiPolygon,-46.4979447,-22.9920709,,,,water,,,,,,,,,,,,,,,,,,,,,,,,,,,,,,,,,,,,,,,,,,,,,,,,,,
,MultiPolygon,-46.467338,-23.0178474,,,,water,,,,,,,,,,,,,,,,,,,,,,,,,,,,,,,,,,,,,,,,,,,,,,,,,,
,MultiPolygon,-46.4974833,-22.9915179,,,,water,,,,,,,,,,,,,,,,,,,,,,,,,,,,,,,,,,,,,,,,,,,,,,,,,,
,MultiPolygon,-46.445304,-23.0164428,,,,wood,,,,,,,,,,,,,,,,,,,,,,,,,,,,,,,,,,,,,,,,,,,,,,,,,,
,MultiPolygon,-46.4547534,-23.022681,,,,wood,,,,,,,,,,,,,,,,,,,,,,,,,,,,,,,,,,,,,,,,,,,,,,,,,,
,MultiPolygon,-46.4763854,-23.0453455,,,,wood,,,,,,,,,,,,,,,,,,,,,,,,,,,,,,,,,,,,,,,,,,,,,,,,,,
,MultiPolygon,-46.4266229,-22.9453872,,,,wood,,,,,,,,,,,,,,,,,,,,,,,,,,,,,,,,,,,,,,,,,,,,,,,,,,
,MultiPolygon,-46.7089078,-22.9818242,,,,water,,lake,,,,,,,,,,,,,,,,,,,,,,,,,,,,,,,,,,,,,,,,,,,,,,,,
,MultiPolygon,-46.7018446,-22.9883612,,,,water,,lake,,,,,,,,,,,,,,,,,,,,,,,,,,,,,,,,,,,,,,,,,,,,,,,,
,MultiPolygon,-46.697782,-22.9892752,,,,beach,,,,,,,,,,,,,,,,,,,,,,,,,,,,,,,,,,,,,,,,,,,,,,,,sand,,
,MultiPolygon,-46.700354,-22.9848128,,,,water,,lake,,,,,,,,,,,,,,,,,,,,,,,,,,,,,,,,,,,,,,,,,,,,,,,,
,MultiPolygon,-46.7043255,-22.9842672,,,,water,,lake,,,,,,,,,,,,,,,,,,,,,,,,,,,,,,,,,,,,,,,,,,,,,,,,
,MultiPolygon,-46.7031106,-22.9932001,,,,water,,,,,,,,,,,,,,,,,,,,,water_hazard,,,,,,,,,,,,,,,,,,,,,,,,,,,,,
,MultiPolygon,-46.7000354,-22.9941449,,,,water,,,,,,,,,,,,,,,,,,,,,water_hazard,,,,,,,,,,,,,,,,,,,,,,,,,,,,,
,MultiPolygon,-46.6993812,-22.99344,,,,water,,,,,,,,,,,,,,,,,,,,,water_hazard,,,,,,,,,,,,,,,,,,,,,,,,,,,,,
,MultiPolygon,-46.698002,-22.9908315,,,,water,,,,,,,,,,,,,,,,,,,,,water_hazard,,,,,,,,,,,,,,,,,,,,,,,,,,,,,
,MultiPolygon,-46.6979473,-22.9905483,,,,water,,,,,,,,,,,,,,,,,,,,,water_hazard,,,,,,,,,,,,,,,,,,,,,,,,,,,,,
,MultiPolygon,-46.7023685,-22.9962155,,,,water,,lake,,,,,,,,,,,,,,,,,,,,,,,,,,,,,,,,,,,,,,,,,,,,,,,,
,MultiPolygon,-46.7044964,-22.9437707,,,,water,,lake,,,,,,,,,,,,,,,,,,,,,,,,,,,,,,,,,,,,,,,,,,,,,,,,
,MultiPolygon,-46.7034922,-22.9422919,,,,water,,lake,,,,,,,,,,,,,,,,,,,,,,,,,,,,,,,,,,,,,,,,,,,,,,,,
,MultiPolygon,-46.7027685,-22.9409131,,,,water,,lake,,,,,,,,,,,,,,,,,,,,,,,,,,,,,,,,,,,,,,,,,,,,,,,,
,MultiPolygon,-46.6633865,-22.8819338,,,,water,,,,,,,,,,,,,,,,,,,,,,,,,,,,,,,,,,,,,,,,,,,,,,,,,,
,MultiPolygon,-46.667045,-22.8779997,,,,water,,,,,,,,,,,,,,,,,,,,,,,,,,,,,,,,,,,,,,,,,,,,,,,,,,
,MultiPolygon,-46.6653177,-22.8803424,,,,water,,,,,,,,,,,,,,,,,,,,,,,,,,,,,,,,,,,,,,,,,,,,,,,,,,
,MultiPolygon,-46.6602372,-22.8863541,,,,water,,,,,,,,,,,,,,,,,,,,,,,,,,,,,,,,,,,,,,,,,,,,,,,,,,
,MultiPolygon,-46.6607112,-22.8840517,,,,water,,,,,,,,,,,,,,,,,,,,,,,,,,,,,,,,,,,,,,,,,,,,,,,,,,
,MultiPolygon,-46.6649204,-22.8860301,,,,water,,,,,,,,,,,,,,,,,,,,,,,,,,,,,,,,,,,,,,,,,,,,,,,,,,
,MultiPolygon,-46.6655672,-22.8741447,,,,water,,,,,,,,,,,,,,,,,,,,,,,,,,,,,,,,,,,,,,,,,,,,,,,,,,
,MultiPolygon,-46.6650376,-22.8708672,,,,water,,,,,,,,,,,,,,,,,,,,,,,,,,,,,,,,,,,,,,,,,,,,,,,,,,
,MultiPolygon,-46.4662765,-22.9106331,,,,water,,pond,,,,,,,,,,,,,,,,,,,,,,,,,,,,,,,,,,,,,,,,,,,,,,,,
,MultiPolygon,-46.4490084,-22.9100995,,,,water,,pond,,,,,,,,,,,,,,,,,,,,,,,,,,,,,,,,,,,,,,,,,,,,,,,,
,MultiPolygon,-46.4616765,-22.9174336,,,,water,,pond,,,,,,,,,,,,,,,,,,,,,,,,,,,,,,,,,,,,,,,,,,,,,,,,
,MultiPolygon,-46.4628352,-22.9177968,,,,water,,pond,,,,,,,,,,,,,,,,,,,,,,,,,,,,,,,,,,,,,,,,,,,,,,,,
,MultiPolygon,-46.4632781,-22.918222,,,,wood,,,,,,,,,,,,,,,,,,,,,,,,,,,,,,,,,,,,,,,,,,,,,,,,,,
,MultiPolygon,-46.4610864,-22.9229091,,,,water,,pond,,,,,,,,,,,,,,,,,,,,,,,,,,,,,,,,,,,,,,,,,,,,,,,,
,MultiPolygon,-46.4607337,-22.9244385,,,,wood,,,,,,,,,,,,,,,,,,,,,,,,,,,,,,,,,,,,,,,,,,,,,,,,,,
,MultiPolygon,-46.4610181,-22.9245767,,,,water,,,,,,,,,,,,,,,,,,,,,,,,,,,,,,,,,,,,,,,,,,,,,,,,,,
,MultiPolygon,-46.4607499,-22.9253153,,,,water,,,,,,,,,,,,,,,,,,,,,,,,,,,,,,,,,,,,,,,,,,,,,,,,,,
,MultiPolygon,-46.4621111,-22.9258835,,,,water,,,,,,,,,,,,,,,,,,,,,,,,,,,,,,,,,,,,,,,,,,,,,,,,,,
,MultiPolygon,-46.5331503,-22.8657295,,,,wood,,,,,,,,,,,,,,,,,,,,,,,,,,,,,,,,,,,,,,,,,,,,,,,,,,
,MultiPolygon,-46.5306306,-22.8832033,,,,water,,,,,,,,,,,,,,,,,,,,,,,,,,,,,,,,,,,,,,,,,,,,,,,,,,
,MultiPolygon,-46.5352285,-22.868433,,,,wood,,,,,,,,,,,,,,,,,,,,,,,,,,,,,,,,,,,,,,,,,,,,,,,,,,
,MultiPolygon,-46.5320986,-22.8715876,,,,water,,,,,,,,,,,,,,,,,,,,,,,,,,,,,,,,,,,,,,,,,,,,,,,,,,
,MultiPolygon,-46.5310647,-22.9130965,,,park,,,,,,,,,,,,,,,,,,,,,,,,,,,,,,,,,,,,,,,,,,,,,,,,,,,
,MultiPolygon,-46.5328228,-22.8620432,,,,water,,,,,,,,,,,,,,,,,,,,,,,,,,,,,,,,,,,,,,,,,,,,,,,,,,
,MultiPolygon,-46.5306183,-22.885595,,,,water,,,,,,,,,,,,,,,,,,,,,,,,,,,,,,,,,,,,,,,,,,,,,,,,,,
,MultiPolygon,-46.5321615,-22.8594863,,,,wood,,,,,,,,,,,,,,,,,,,,,,,,,,,,,,,,,,,,,,,,,,,,,,,,,,
,MultiPolygon,-46.5338794,-22.8684527,,,,wood,,,,,,,,,,,,,,,,,,,,,,,,,,,,,,,,,,,,,,,,,,,,,,,,,,
,MultiPolygon,-46.5324822,-22.8633321,,,,water,,,,,,,,,,,,,,,,,,,,,,,,,,,,,,,,,,,,,,,,,,,,,,,,,,
,MultiPolygon,-46.5400005,-22.9523311,Praça Luiz Apezzato,,park,,,,,,,,,,,,,,,,,,,,,,,,,,,,,,,,,,,,,,,,,,,,,,,,,,,
,MultiPolygon,-46.5827885,-22.9070513,,,,water,,pond,,,,,,,,,,,,,,,,,,,,,,,,,,,,,,,,,,,,,,,,,,,,,,,,
,MultiPolygon,-46.579425,-22.9036072,,,,water,,,,,,,,,,,,,,,,,,,,,,,,,,,,,,,,,,,,,,,,,,,,,,,,,,
,MultiPolygon,-46.5919348,-22.9014675,,,,water,,,,,,,,,,,,,,,,,,,,,,,,,,,,,,,,,,,,,,,,,,,,,,,,,,
,MultiPolygon,-46.5923264,-22.9014774,,,,water,,,,,,,,,,,,,,,,,,,,,,,,,,,,,,,,,,,,,,,,,,,,,,,,,,
,MultiPolygon,-46.5916451,-22.9016108,,,,water,,,,,,,,,,,,,,,,,,,,,,,,,,,,,,,,,,,,,,,,,,,,,,,,,,
,MultiPolygon,-46.5924176,-22.901591,,,,water,,,,,,,,,,,,,,,,,,,,,,,,,,,,,,,,,,,,,,,,,,,,,,,,,,
,MultiPolygon,-46.5927877,-22.9018826,,,,water,,,,,,,,,,,,,,,,,,,,,,,,,,,,,,,,,,,,,,,,,,,,,,,,,,
,MultiPolygon,-46.5823137,-22.9053293,,,,water,,,,,,,,,,,,,,,,,,,,,,,,,,,,,,,,,,,,,,,,,,,,,,,,,,
,MultiPolygon,-46.5822547,-22.9129067,,,,water,,,,,,,,,,,,,,,,,,,,,,,,,,,,,,,,,,,,,,,,,,,,,,,,,,
,MultiPolygon,-46.5837828,-22.9079226,,,,water,,,,,,,,,,,,,,,,,,,,,,,,,,,,,,,,,,,,,,,,,,,,,,,,,,
,MultiPolygon,-46.5845768,-22.9092172,,,,water,,,,,,,,,,,,,,,,,,,,,,,,,,,,,,,,,,,,,,,,,,,,,,,,,,
,MultiPolygon,-46.5848664,-22.9094643,,,,water,,,,,,,,,,,,,,,,,,,,,,,,,,,,,,,,,,,,,,,,,,,,,,,,,,
,MultiPolygon,-46.5464104,-22.9558435,Praça Nippon,,park,,,,,,,,,,,,,,,,,,,,,,,,,,,,,,,,,,,,,,,,,,,,,,,,,,,
,MultiPolygon,-46.5962156,-22.895152,,,,water,,pond,,,,,,,,,,,,,,,,,,,,,,,,,,,,,,,,,,,,,,,,,,,,,,,,
,MultiPolygon,-46.5975808,-22.8954708,,,,water,,,,,,,,,,,,,,,,,,,,,,,,,,,,,,,,,,,,,,,,,,,,,,,,,,
,MultiPolygon,-46.5975379,-22.8949741,,,,water,,,,,,,,,,,,,,,,,,,,,,,,,,,,,,,,,,,,,,,,,,,,,,,,,,
,MultiPolygon,-46.5973233,-22.8950334,,,,water,,,,,,,,,,,,,,,,,,,,,,,,,,,,,,,,,,,,,,,,,,,,,,,,,,
,MultiPolygon,-46.5972912,-22.8948506,,,,water,,,,,,,,,,,,,,,,,,,,,,,,,,,,,,,,,,,,,,,,,,,,,,,,,,
,MultiPolygon,-46.5968701,-22.8947838,,,,water,,,,,,,,,,,,,,,,,,,,,,,,,,,,,,,,,,,,,,,,,,,,,,,,,,
,MultiPolygon,-46.6146316,-22.8812055,,,,water,,,,,,,,,,,,,,,,,,,,,,,,,,,,,,,,,,,,,,,,,,,,,,,,,,
,MultiPolygon,-46.6146638,-22.8819172,,,,water,,,,,,,,,,,,,,,,,,,,,,,,,,,,,,,,,,,,,,,,,,,,,,,,,,
,MultiPolygon,-46.6275116,-22.8715875,,,,water,,,,,,,,,,,,,,,,,,,,,,,,,,,,,,,,,,,,,,,,,,,,,,,,,,
,MultiPolygon,-46.6126388,-22.8866346,,,,water,,,,,,,,,,,,,,,,,,,,,,,,,,,,,,,,,,,,,,,,,,,,,,,,,,
,MultiPolygon,-46.6080468,-22.8940772,,,,water,,,,,,,,,,,,,,,,,,,,,,,,,,,,,,,,,,,,,,,,,,,,,,,,,,
,MultiPolygon,-46.6093638,-22.8907364,,,,water,,,,,,,,,,,,,,,,,,,,,,,,,,,,,,,,,,,,,,,,,,,,,,,,,,
,MultiPolygon,-46.6227453,-22.8942032,,,,water,,,,,,,,,,,,,,,,,,,,,,,,,,,,,,,,,,,,,,,,,,,,,,,,,,
,MultiPolygon,-46.6355019,-22.9180454,,,,water,,,,,,,,,,,,,,,,,,,,,,,,,,,,,,,,,,,,,,,,,,,,,,,,,,
,MultiPolygon,-46.6442915,-22.9212595,,,,water,,,,,,,,,,,,,,,,,,,,,,,,,,,,,,,,,,,,,,,,,,,,,,,,,,
,MultiPolygon,-46.6444176,-22.9226009,,,,water,,,,,,,,,,,,,,,,,,,,,,,,,,,,,,,,,,,,,,,,,,,,,,,,,,
,MultiPolygon,-46.6433179,-22.9183419,,,,water,,,,,,,,,,,,,,,,,,,,,,,,,,,,,,,,,,,,,,,,,,,,,,,,,,
,MultiPolygon,-46.5473093,-22.9542998,,,park,,,,,,,,,,,,,,,,,,,,,,,,,,,,,,,,,,,,,,,,,,,,,,,,,,,
,MultiPolygon,-46.5482077,-22.954651,,,park,,,,,,,,,,,,,,,,,,,,,,,,,,,,,,,,,,,,,,,,,,,,,,,,,,,
,MultiPolygon,-46.4183876,-22.8921396,,,,water,,lake,,,,,,,,,,,,,,,,,,,,,,,,,,,,,,,,,,,,,,,,,,,,,,,,
,MultiPolygon,-46.4254976,-22.8960912,,,,wood,,,,,,,,,,,,,,,,,,,,,,,,,,,,,,,,,,,,,,,,,,,,,,,,,,
,MultiPolygon,-46.5322597,-22.9763667,,,park,,,,,,,,,,,,,,,,,,,,,,,,,,,,,,,,,,,,,,,,,,,,,,,,,,,
,MultiPolygon,-46.5334574,-22.9755537,Jardim Japonês,,park,,,,,,,,,,,,,,,,,,,,,,,,,,,,,,,,,,,,,,,,,,,,,,,,,,,
,MultiPolygon,-46.5347027,-22.9725722,,,park,,,,,,,,,,,,,,,,,,,,,,,,,,,,,,,,,,,,,,,,,,,,,,,,,,,
,MultiPolygon,-46.5350313,-22.9722858,,,park,,,,,,,,,,,,,,,,,,,,,,,,,,,,,,,,,,,,,,,,,,,,,,,,,,,
,MultiPolygon,-46.5353172,-22.9717067,,,park,,,,,,,,,,,,,,,,,,,,,,,,,,,,,,,,,,,,,,,,,,,,,,,,,,,
,MultiPolygon,-46.5388498,-22.9700761,,,park,,,,,,,,,,,,,,,,,,,,,,,,,,,,,,,,,,,,,,,,,,,,,,,,,,,
,MultiPolygon,-46.4110998,-22.8782151,,,,wood,,,,,,,,,,,,,,,,,,,,,,,,,,,,,,,,,,,,,,,,,,,,,,,,,,
,MultiPolygon,-46.5559585,-22.9208333,,,park,,,,,,,,,,,,,,,,,,,,,,,,,,,,,,,,,,,,,,,,,,,,,,,,,,,
,MultiPolygon,-46.5555837,-22.9199288,,,park,,,,,,,,,,,,,,,,,,,,,,,,,,,,,,,,,,,,,,,,,,,,,,,,,,,
,MultiPolygon,-46.5553382,-22.9194168,,,park,,,,,,,,,,,,,,,,,,,,,,,,,,,,,,,,,,,,,,,,,,,,,,,,,,,
,MultiPolygon,-46.5539811,-22.916294,,,park,,,,,,,,,,,,,,,,,,,,,,,,,,,,,,,,,,,,,,,,,,,,,,,,,,,
,MultiPolygon,-46.552919,-22.9140195,,,park,,,,,,,,,,,,,,,,,,,,,,,,,,,,,,,,,,,,,,,,,,,,,,,,,,,
,MultiPolygon,-46.477952,-22.8540522,,,,water,,,,,,,,,,,,,,,,,,,,,,,,,,,,,,,,,,,,,,,,,,,,,,,,,,
,MultiPolygon,-46.4773747,-22.8556628,,,,water,,,,,,,,,,,,,,,,,,,,,,,,,,,,,,,,,,,,,,,,,,,,,,,,,,
,MultiPolygon,-46.4830272,-22.8533216,,,,water,,lake,,,,,,,,,,,,,,,,,,,,,,,,,,,,,,,,,,,,,,,,,,,,,,,,
,MultiPolygon,-46.4775627,-22.8524019,,,,water,,lake,,,,,,,,,,,,,,,,,,,,,,,,,,,,,,,,,,,,,,,,,,,,,,,,
,MultiPolygon,-46.4650481,-22.8836197,,,,water,,lake,,,,,,,,,,,,,,,,,,,,,,,,,,,,,,,,,,,,,,,,,,,,,,,,
,MultiPolygon,-46.4230197,-22.9154017,,,,wood,,,,,,,,,,,,,,,,,,,,,,,,,,,,,,,,,,,,,,,,,,,,,,,,,,
,MultiPolygon,-46.6474206,-22.8363927,,,park,,,,,,,,,,,,,,,,,,,,,,,,,,,,,,,,,,,,,,,,,,,,,,,,,,,
,MultiPolygon,-46.7025429,-22.8333076,,,,wood,,,,,,,,,,,,,,,,,,,,,,,,,,,,,,,,,,,,,,,,,,,,,,,,,,
,MultiPolygon,-46.4190835,-22.9421947,,,,wood,,,,,,,,,,,,,,,,,,,,,,,,,,,,,,,,,,,,,,,,,,,,,,,,,,
,MultiPolygon,-46.4115379,-22.9480198,,,,wood,,,,,,,,,,,,,,,,,,,,,,,,,,,,,,,,,,,,,,,,,,,,,,,,,,
,MultiPolygon,-46.4597808,-22.8813512,,,,wood,,,,,,,,,,,,,,,,,,,,,,,,,,,,,,,,,,,,,,,,,,,,,,,,,,
,MultiPolygon,-46.4592254,-22.8948501,,,,wood,,,,,,,,,,,,,,,,,,,,,,,,,,,,,,,,,,,,,,,,,,,,,,,,,,
,MultiPolygon,-46.4451524,-22.8621146,,,,water,,lake,,,,,,,,,,,,,,,,,,,,,,,,,,,,,,,,,,,,,,,,,,,,,,,,
,MultiPolygon,-46.4562526,-22.8655875,,,,water,,lake,,,,,,,,,,,,,,,,,,,,,,,,,,,,,,,,,,,,,,,,,,,,,,,,
,MultiPolygon,-46.4532256,-22.8814208,,,,water,,lake,,,,,,,,,,,,,,,,,,,,,,,,,,,,,,,,,,,,,,,,,,,,,,,,
,MultiPolygon,-46.4512259,-22.8819318,,,,water,,lake,,,,,,,,,,,,,,,,,,,,,,,,,,,,,,,,,,,,,,,,,,,,,,,,
,MultiPolygon,-46.4150647,-22.8913924,,,park,,,,,,,,,,,,,,,,,,,,,,,,,,,,,,,,,,,,,,,,,,,,,,,,,,,
,MultiPolygon,-46.4087944,-22.8867669,,,,water,,lake,,,,,,,,,,,,,,,,,,,,,,,,,,,,,,,,,,,,,,,,,,,,,,,,
,MultiPolygon,-46.4059084,-22.8868436,,,,water,,lake,,,,,,,,,,,,,,,,,,,,,,,,,,,,,,,,,,,,,,,,,,,,,,,,
,MultiPolygon,-46.442862,-22.8976026,,,,wood,,,,,,,,,,,,,,,,,,,,,,,,,,,,,,,,,,,,,,,,,,,,,,,,,,
,MultiPolygon,-46.4425943,-22.9088972,,,,wood,,,,,,,,,,,,,,,,,,,,,,,,,,,,,,,,,,,,,,,,,,,,,,,,,,
,MultiPolygon,-46.4923574,-22.9817874,,,,wood,,,,,,,,,,,,,,,,,,,,,,,,,,,,,,,,,,,,,,,,,,,,,,,,,,
,MultiPolygon,-46.6380225,-22.8682333,,,,water,,lake,,,,,,,,,,,,,,,,,,,,,,,,,,,,,,,,,,,,,,,,,,,,,,,,
,MultiPolygon,-46.6159946,-22.9573296,,,,water,,lake,,,,,,,,,,,,,,,,,,,,,,,,,,,,,,,,,,,,,,,,,,,,,,,,
,MultiPolygon,-46.6132067,-22.9597918,,,,wood,,,,,,,,,,,,,,,,,,,,,,,,,,,,,,,,,,,,,,,,,,,,,,,,,,
,MultiPolygon,-46.5117351,-22.8922122,,,,water,,lake,,,,,,,,,,,,,,,,,,,,,,,,,,,,,,,,,,,,,,,,,,,,,,,,
,MultiPolygon,-46.5246596,-22.8776104,,,,water,,lake,,,,,,,,,,,,,,,,,,,,,,,,,,,,,,,,,,,,,,,,,,,,,,,,
,MultiPolygon,-46.5534277,-22.9307356,,,,water,,,,,,,,,,,,,,,,,,,,,,,,,,,,,,,,,,,,,,,,,,,,,,,,,,
,MultiPolygon,-46.4162523,-22.8912811,,,park,,,,,,,,,,,,,,,,,,,,,,,,,,,,,,,,,,,,,,,,,,,,,,,,,,,
,MultiPolygon,-46.4158301,-22.8923637,,,park,,,,,,,,,,,,,,,,,,,,,,,,,,,,,,,,,,,,,,,,,,,,,,,,,,,
,MultiPolygon,-46.4159806,-22.8923432,,,park,,,,,,,,,,,,,,,,,,,,,,,,,,,,,,,,,,,,,,,,,,,,,,,,,,,
,MultiPolygon,-46.7129426,-22.8191844,,,,wood,,,,,,,,,,,,,,,,,,,,,,,,,,,,,,,,,,,,,,,,,,,,,,,,,,
,MultiPolygon,-46.7185785,-22.8226742,,,,water,,,,,,,,,,,,,,,,,,,,,,,,,,,,,,,,,,,,,,,,,,,,,,,,,,
,MultiPolygon,-46.6364718,-22.8731408,,,,wood,,,,,,,,,,,,,,,,,,,,,,,,,,,,,,,,,,,,,,,,,,,,,,,,,,
,MultiPolygon,-46.6305468,-22.8835928,,,,water,,,,,,,,,,,,,,,,,,,,,,,,,,,,,,,,,,,,,,,,,,,,,,,,,,
,MultiPolygon,-46.6284868,-22.8844527,,,,water,,,,,,,,,,,,,,,,,,,,,,,,,,,,,,,,,,,,,,,,,,,,,,,,,,
,MultiPolygon,-46.4187473,-22.8921435,,,park,,,,,,,,,,,,,,,,,,,,,,,,,,,,,,,,,,,,,,,,,,,,,,,,,,,
,MultiPolygon,-46.6868044,-22.9161111,,,,water,,,,,,,,,,,,,,,,,,,,,,,,,,,,,,,,,,,,,,,,,,,,,,,,,,
,MultiPolygon,-46.6836064,-22.9143302,,,,water,,,,,,,,,,,,,,,,,,,,,,,,,,,,,,,,,,,,,,,,,,,,,,,,,,
,MultiPolygon,-46.4443144,-22.8843245,,,,wood,,,,,,,,,,,,,,,,,,,,,,,,,,,,,,,,,,,,,,,,,,,,,,,,,,
,MultiPolygon,-46.4888298,-22.9234424,,,,wood,,,,,,,,,,,,,,,,,,,,,,,,,,,,,,,,,,,,,,,,,,,,,,,,,,
,MultiPolygon,-46.5413816,-22.9750481,Aeroporto Estadual Arthur Siqueira,,,,aerodrome,,Q3813428,,,,,,,,,,,,,,,,,,,BJP,SBBP,,,,,Estadual Arthur Siqueira Airport,Aeroporto Estadual Arthur Siqueira,,,,,,,,,,,,,,,,ourairports.com,,,,,
,MultiPolygon,-46.5890043,-22.8818996,,,,water,,,,,,,,,,,,,,,,,,,,,,,,,,,,,,,,,,,,,,,,,,,,,,,,,,
,MultiPolygon,-46.5874825,-22.8814373,,,,water,,,,,,,,,,,,,,,,,,,,,,,,,,,,,,,,,,,,,,,,,,,,,,,,,,
,MultiPolygon,-46.5856635,-22.8784791,,,,water,,,,,,,,,,,,,,,,,,,,,,,,,,,,,,,,,,,,,,,,,,,,,,,,,,
,MultiPolygon,-46.5944995,-22.831306,,,,water,,lake,,,,,,,,,,,,,,,,,,,,,,,,,,,,,,,,,,,,,,,,,,,,,,,,
,MultiPolygon,-46.5934709,-22.8316682,,,,water,,lake,,,,,,,,,,,,,,,,,,,,,,,,,,,,,,,,,,,,,,,,,,,,,,,,
,MultiPolygon,-46.5942407,-22.8310947,,,,water,,lake,,,,,,,,,,,,,,,,,,,,,,,,,,,,,,,,,,,,,,,,,,,,,,,,
,MultiPolygon,-46.5931396,-22.8315607,,,,water,,lake,,,,,,,,,,,,,,,,,,,,,,,,,,,,,,,,,,,,,,,,,,,,,,,,
,MultiPolygon,-46.5920962,-22.8321577,,,,water,,lake,,,,,,,,,,,,,,,,,,,,,,,,,,,,,,,,,,,,,,,,,,,,,,,,
,MultiPolygon,-46.5861136,-22.8316651,,,,water,,lake,,,,,,,,,,,,,,,,,,,,,,,,,,,,,,,,,,,,,,,,,,,,,,,,
,MultiPolygon,-46.5869565,-22.8318833,,,,water,,lake,,,,,,,,,,,,,,,,,,,,,,,,,,,,,,,,,,,,,,,,,,,,,,,,
,MultiPolygon,-46.5875928,-22.831044,,,,water,,lake,,,,,,,,,,,,,,,,,,,,,,,,,,,,,,,,,,,,,,,,,,,,,,,,
,MultiPolygon,-46.5253893,-22.963251,Bosque do Colinas da Mantiqueira,,park,,,,,,,,,,,,,,,,,,,,,,,,,,,,,,,,,,,,,,,,,,,,,,,,,,,
,MultiPolygon,-46.7199872,-22.9730186,,,park,,,,,,,,,,,,,,,,,,,,,,,,,,,,,,,,,,,,,,,,,,,,,,,,,,,
,MultiPolygon,-46.719849,-22.9729709,,,park,,,,,,,,,,,,,,,,,,,,,,,,,,,,,,,,,,,,,,,,,,,,,,,,,,,
,MultiPolygon,-46.7196335,-22.972853,,,park,,,,,,,,,,,,,,,,,,,,,,,,,,,,,,,,,,,,,,,,,,,,,,,,,,,
,MultiPolygon,-46.7198403,-22.9735812,,,park,,,,,,,,,,,,,,,,,,,,,,,,,,,,,,,,,,,,,,,,,,,,,,,,,,,
,MultiPolygon,-46.7198514,-22.9735371,,,park,,,,,,,,,,,,,,,,,,,,,,,,,,,,,,,,,,,,,,,,,,,,,,,,,,,
,MultiPolygon,-46.7197177,-22.9734845,,,park,,,,,,,,,,,,,,,,,,,,,,,,,,,,,,,,,,,,,,,,,,,,,,,,,,,
,MultiPolygon,-46.7195525,-22.9734447,,,park,,,,,,,,,,,,,,,,,,,,,,,,,,,,,,,,,,,,,,,,,,,,,,,,,,,
,MultiPolygon,-46.7195876,-22.9733227,,,park,,,,,,,,,,,,,,,,,,,,,,,,,,,,,,,,,,,,,,,,,,,,,,,,,,,
,MultiPolygon,-46.7195234,-22.9732389,,,park,,,,,,,,,,,,,,,,,,,,,,,,,,,,,,,,,,,,,,,,,,,,,,,,,,,
,MultiPolygon,-46.7196261,-22.9732002,,,park,,,,,,,,,,,,,,,,,,,,,,,,,,,,,,,,,,,,,,,,,,,,,,,,,,,
,MultiPolygon,-46.7199853,-22.9728271,,,park,,,,,,,,,,,,,,,,,,,,,,,,,,,,,,,,,,,,,,,,,,,,,,,,,,,
,MultiPolygon,-46.7192189,-22.9728326,,,park,,,,,,,,,,,,,,,,,,,,,,,,,,,,,,,,,,,,,,,,,,,,,,,,,,,
,MultiPolygon,-46.7193452,-22.9725986,,,park,,,,,,,,,,,,,,,,,,,,,,,,,,,,,,,,,,,,,,,,,,,,,,,,,,,
,MultiPolygon,-46.7200838,-22.9738144,,,park,,,,,,,,,,,,,,,,,,,,,,,,,,,,,,,,,,,,,,,,,,,,,,,,,,,
,MultiPolygon,-46.7172455,-22.9706515,,,,water,,pond,,,,,,,,,,,,,,,,,,,,,,,,,,,,,,,,,,,,,,,,,,,,,,,,
,MultiPolygon,-46.7078376,-22.8490852,,,,water,,lake,,,,,,,,,,,,,,,,,,,,,,,,,,,,,,,,,,,,,,,,,,,,,,,,
,MultiPolygon,-46.695706,-22.8443023,,,,water,,lake,,,,,,,,,,,,,,,,,,,,,,,,,,,,,,,,,,,,,,,,,,,,,,,,
,MultiPolygon,-46.6966233,-22.8446409,,,,water,,lake,,,,,,,,,,,,,,,,,,,,,,,,,,,,,,,,,,,,,,,,,,,,,,,,
,MultiPolygon,-46.704002,-22.8320316,,,,water,,lake,,,,,,,,,,,,,,,,,,,,,,,,,,,,,,,,,,,,,,,,,,,,,,,,
,MultiPolygon,-46.6662271,-22.8218933,,,,water,,lake,,,,,,,,,,,,,,,,,,,,,,,,,,,,,,,,,,,,,,,,,,,,,,,,
,MultiPolygon,-46.6655901,-22.8218167,,,,water,,lake,,,,,,,,,,,,,,,,,,,,,,,,,,,,,,,,,,,,,,,,,,,,,,,,
,MultiPolygon,-46.6741839,-22.8268748,,,,water,,lake,,,,,,,,,,,,,,,,,,,,,,,,,,,,,,,,,,,,,,,,,,,,,,,,
,MultiPolygon,-46.6543047,-22.8636911,,,,water,,lake,,,,,,,,,,,,,,,,,,,,,,,,,,,,,,,,,,,,,,,,,,,,,,,,
,MultiPolygon,-46.6755974,-22.8756365,,,,water,,lake,,,,,,,,,,,,,,,,,,,,,,,,,,,,,,,,,,,,,,,,,,,,,,,,
,MultiPolygon,-46.6762143,-22.8754511,,,,water,,lake,,,,,,,,,,,,,,,,,,,,,,,,,,,,,,,,,,,,,,,,,,,,,,,,
,MultiPolygon,-46.6766301,-22.8752905,,,,water,,lake,,,,,,,,,,,,,,,,,,,,,,,,,,,,,,,,,,,,,,,,,,,,,,,,
,MultiPolygon,-46.6775152,-22.8749643,,,,water,,lake,,,,,,,,,,,,,,,,,,,,,,,,,,,,,,,,,,,,,,,,,,,,,,,,
,MultiPolygon,-46.6690475,-22.8920372,,,,water,,lake,,,,,,,,,,,,,,,,,,,,,,,,,,,,,,,,,,,,,,,,,,,,,,,,
,MultiPolygon,-46.6954109,-22.8776307,,,,water,,lake,,,,,,,,,,,,,,,,,,,,,,,,,,,,,,,,,,,,,,,,,,,,,,,,
,MultiPolygon,-46.4164175,-22.8920357,,,park,,,,,,,,,,,,,,,,,,,,,,,,,,,,,,,,,,,,,,,,,,,,,,,,,,,
,MultiPolygon,-46.5394875,-22.9646808,Parque Luiz Gonzaga da Silva Leme,,park,,,,,,,,,Bragança Paulista,220,12914-370,Rua Albino Dantas,Centro,Jardim Público,,,,,,,,,,,,,,,,,,,,,,,,,,,,,,,,,,,,,
,MultiPolygon,-46.5301041,-22.9920512,,,,wood,,,,,,,,,,,,,,,,,,,,,,,,,,,,,,,,,,,,,,,,,,,,,,,,,,
,MultiPolygon,-46.5312078,-22.9518089,Estádio Cicero De Souza Marques,,stadium,,,,,,,,,,,,,,,,,,,,,,,,,,,,,,,,,,,,,,,,,,,,,,,soccer,,,limited,
,MultiPolygon,-46.5288417,-22.9527498,Parque de Exposições Doutor Fernando Costa - Posto de Monta,,park,,,,,,,,,,,,,,,,,,,,,,,,,,,,,,,,,,,,,,,,,,,,,,,,,,,
,MultiPolygon,-46.5258605,-22.9836883,,,,water,,lake,,,,,,,,,,,,,,,,,,,,,,,,,,,,,,,,,,,,,,,,,,,,,,,,
,MultiPolygon,-46.5520583,-22.9423772,Parque Poliesportivo,,park,,,,,,Local com pista de skate e ginásio poliesportivo,,,,,,,,,,,,,,,,,,,,,,,,,,,,,,,,,,,,,,,,,,,,,
,MultiPolygon,-46.5368146,-22.9631358,Praça da Santa,,park,,,,,,,,,,,,,,,,,,,,,,,,,,,,,,,,,,,,,,,,,,,,,,,,,,,
,MultiPolygon,-46.5411805,-22.9689924,Praça 9 de Julho,,park,,,,,,,,,,,,,,Praça do Soldado,,,,,,,,,,,,,,,,,,,,,,,,,,,,,,,,,,,,,
,MultiPolygon,-46.5440155,-22.9490357,Praça dos combatentes,,park,,,,,,,,,,,,,,,,,,,,,,,,,,,,,,,,,,,,,,,,,,,,,,,,,,,
,MultiPolygon,-46.7047289,-22.8635292,,,,water,,lake,,,,,,,,,,,,,,,,,,,,,,,,,,,,,,,,,,,,,,,,,,,,,,,,
,MultiPolygon,-46.7049944,-22.863722,,,,water,,lake,,,,,,,,,,,,,,,,,,,,,,,,,,,,,,,,,,,,,,,,,,,,,,,,
,MultiPolygon,-46.6923706,-22.8623849,,,,water,,lake,,,,,,,,,,,,,,,,,,,,,,,,,,,,,,,,,,,,,,,,,,,,,,,,
,MultiPolygon,-46.6884103,-22.8631746,,,,water,,lake,,,,,,,,,,,,,,,,,,,,,,,,,,,,,,,,,,,,,,,,,,,,,,,,
,MultiPolygon,-46.7045063,-22.8254434,,,,water,,lake,,,,,,,,,,,,,,,,,,,,,,,,,,,,,,,,,,,,,,,,,,,,,,,,
,MultiPolygon,-46.7042917,-22.8255052,,,,water,,lake,,,,,,,,,,,,,,,,,,,,,,,,,,,,,,,,,,,,,,,,,,,,,,,,
,MultiPolygon,-46.7024598,-22.8254039,,,,water,,lake,,,,,,,,,,,,,,,,,,,,,,,,,,,,,,,,,,,,,,,,,,,,,,,,
,MultiPolygon,-46.7013118,-22.8565422,,,,water,,lake,,,,,,,,,,,,,,,,,,,,,,,,,,,,,,,,,,,,,,,,,,,,,,,,
,MultiPolygon,-46.7021741,-22.8593351,,,,water,,lake,,,,,,,,,,,,,,,,,,,,,,,,,,,,,,,,,,,,,,,,,,,,,,,,
,MultiPolygon,-46.7022184,-22.8597725,,,,water,,lake,,,,,,,,,,,,,,,,,,,,,,,,,,,,,,,,,,,,,,,,,,,,,,,,
,MultiPolygon,-46.670056,-22.8492755,,,,water,,lake,,,,,,,,,,,,,,,,,,,,,,,,,,,,,,,,,,,,,,,,,,,,,,,,
,MultiPolygon,-46.6534343,-22.8566806,,,,water,,lake,,,,,,,,,,,,,,,,,,,,,,,,,,,,,,,,,,,,,,,,,,,,,,,,
,MultiPolygon,-46.6753104,-22.8611937,,,,water,,lake,,,,,,,,,,,,,,,,,,,,,,,,,,,,,,,,,,,,,,,,,,,,,,,,
,MultiPolygon,-46.6794732,-22.8612307,,,,water,,lake,,,,,,,,,,,,,,,,,,,,,,,,,,,,,,,,,,,,,,,,,,,,,,,,
,MultiPolygon,-46.6747552,-22.8577805,,,,water,,lake,,,,,,,,,,,,,,,,,,,,,,,,,,,,,,,,,,,,,,,,,,,,,,,,
,MultiPolygon,-46.6717994,-22.8636059,,,,water,,lake,,,,,,,,,,,,,,,,,,,,,,,,,,,,,,,,,,,,,,,,,,,,,,,,
,MultiPolygon,-46.6713046,-22.8636244,,,,water,,lake,,,,,,,,,,,,,,,,,,,,,,,,,,,,,,,,,,,,,,,,,,,,,,,,
,MultiPolygon,-46.5689904,-22.8424632,,,,water,,lake,,,,,,,,,,,,,,,,,,,,,,,,,,,,,,,,,,,,,,,,,,,,,,,,
,MultiPolygon,-46.5693766,-22.8425028,,,,water,,lake,,,,,,,,,,,,,,,,,,,,,,,,,,,,,,,,,,,,,,,,,,,,,,,,
,MultiPolygon,-46.5690225,-22.8428686,,,,water,,lake,,,,,,,,,,,,,,,,,,,,,,,,,,,,,,,,,,,,,,,,,,,,,,,,
,MultiPolygon,-46.5759373,-22.8294606,,,,water,,lake,,,,,,,,,,,,,,,,,,,,,,,,,,,,,,,,,,,,,,,,,,,,,,,,
,MultiPolygon,-46.5924999,-22.8346148,,,,water,,lake,,,,,,,,,,,,,,,,,,,,,,,,,,,,,,,,,,,,,,,,,,,,,,,,
,MultiPolygon,-46.5924516,-22.8345085,,,,water,,lake,,,,,,,,,,,,,,,,,,,,,,,,,,,,,,,,,,,,,,,,,,,,,,,,
,MultiPolygon,-46.5924677,-22.83438,,,,water,,lake,,,,,,,,,,,,,,,,,,,,,,,,,,,,,,,,,,,,,,,,,,,,,,,,
,MultiPolygon,-46.5924275,-22.8342589,,,,water,,lake,,,,,,,,,,,,,,,,,,,,,,,,,,,,,,,,,,,,,,,,,,,,,,,,
,MultiPolygon,-46.5439063,-22.8282097,,,,water,,lake,,,,,,,,,,,,,,,,,,,,,,,,,,,,,,,,,,,,,,,,,,,,,,,,
,MultiPolygon,-46.5418786,-22.8276164,,,,water,,lake,,,,,,,,,,,,,,,,,,,,,,,,,,,,,,,,,,,,,,,,,,,,,,,,
,MultiPolygon,-46.5327054,-22.8273939,,,,water,,lake,,,,,,,,,,,,,,,,,,,,,,,,,,,,,,,,,,,,,,,,,,,,,,,,
,MultiPolygon,-46.5479028,-22.8308598,,,,water,,lake,,,,,,,,,,,,,,,,,,,,,,,,,,,,,,,,,,,,,,,,,,,,,,,,
,MultiPolygon,-46.5532565,-22.834951,,,,water,,lake,,,,,,,,,,,,,,,,,,,,,,,,,,,,,,,,,,,,,,,,,,,,,,,,
,MultiPolygon,-46.5608364,-22.8382907,,,,water,,lake,,,,,,,,,,,,,,,,,,,,,,,,,,,,,,,,,,,,,,,,,,,,,,,,
,MultiPolygon,-46.564436,-22.8400161,,,,water,,lake,,,,,,,,,,,,,,,,,,,,,,,,,,,,,,,,,,,,,,,,,,,,,,,,
,MultiPolygon,-46.5850058,-22.8253865,,,,water,,lake,,,,,,,,,,,,,,,,,,,,,,,,,,,,,,,,,,,,,,,,,,,,,,,,
,MultiPolygon,-46.5852928,-22.8255571,,,,water,,lake,,,,,,,,,,,,,,,,,,,,,,,,,,,,,,,,,,,,,,,,,,,,,,,,
,MultiPolygon,-46.5854323,-22.8246795,,,,water,,lake,,,,,,,,,,,,,,,,,,,,,,,,,,,,,,,,,,,,,,,,,,,,,,,,
,MultiPolygon,-46.5710714,-23.0346329,,,,water,,lake,,,,,,,,,,,,,,,,,,,,,,,,,,,,,,,,,,,,,,,,,,,,,,,,
,MultiPolygon,-46.5521489,-23.0377978,,,,water,,lake,,,,,,,,,,,,,,,,,,,,,,,,,,,,,,,,,,,,,,,,,,,,,,,,
,MultiPolygon,-46.5632826,-22.836234,,,,water,,lake,,,,,,,,,,,,,,,,,,,,,,,,,,,,,,,,,,,,,,,,,,,,,,,,
,MultiPolygon,-46.5623787,-22.8236313,,,,water,,lake,,,,,,,,,,,,,,,,,,,,,,,,,,,,,,,,,,,,,,,,,,,,,,,,
,MultiPolygon,-46.5723351,-22.8237129,,,,water,,lake,,,,,,,,,,,,,,,,,,,,,,,,,,,,,,,,,,,,,,,,,,,,,,,,
,MultiPolygon,-46.6478653,-22.8357879,,,park,,,,,,,,,,,,,,,,,,,,,,,,,,,,,,,,,,,,,,,,,,,,,,,,,,,
,MultiPolygon,-46.6495478,-22.8350722,Estádio Municipal Plácido de Lima,,stadium,,,,,,,,,,,,,,,,,,,,,,,,,,,,,,,,,,,,,,,,,,,,,,,soccer,,,,
,MultiPolygon,-46.6451108,-22.8321941,Praça Dr. Miguel Vieira Ferreira,,park,,,,,,,,,,,,,,,,,,,,,,,,,,,,,,,,,,,,,,,,,,,,,,,,,,,
,MultiPolygon,-46.7176586,-22.8538957,Praça da Igreja,,park,,,,,,,,,,,,,,,,,,,,,,,,,,,,,,,,,,,,,,,,,,,,,,,,,,,
,MultiPolygon,-46.6457525,-22.8308326,,,,water,,,,,,,,,,,,,,,,,,,,,,,,,,,,,,,,,,,,,,,,,,,,,,,,,,
,MultiPolygon,-46.6458866,-22.8305582,,,,water,,,,,,,,,,,,,,,,,,,,,,,,,,,,,,,,,,,,,,,,,,,,,,,,,,
,MultiPolygon,-46.6459912,-22.8303456,,,,water,,,,,,,,,,,,,,,,,,,,,,,,,,,,,,,,,,,,,,,,,,,,,,,,,,
,MultiPolygon,-46.6455406,-22.8296633,,,,water,,,,,,,,,,,,,,,,,,,,,,,,,,,,,,,,,,,,,,,,,,,,,,,,,,
,MultiPolygon,-46.6569561,-22.8363477,,,,water,,,,,,,,,,,,,,,,,,,,,,,,,,,,,,,,,,,,,,,,,,,,,,,,,,
,MultiPolygon,-46.5381342,-23.0297353,,,,water,,pond,,,,,,,,,,,,,,,,,,,,,,,,,,,,,,,,,,,,,,,,,,,DGS,,,,,
,MultiPolygon,-46.670749,-22.970215,lagoa,,,water,,lagoon,,,Lagoa usada para pesca pelos moradores do bairro,,,,,,,,,,,,,,,,,,,no,,,,,,,,,,,,,,,,,,,,,,,,,,
,MultiPolygon,-46.6710293,-22.9701298,,,park,,,,,,Campo de Futebol no Bairro Biriça do Valado,,,,,,,,,,,,,,,,,,,,,,,,,,,,,,,,,,,,,,,,,,,,,
,MultiPolygon,-46.6693548,-22.9714546,lago,,,water,,lake,,,lago onde os moradores do bairro costumam pescar,,,,,,,,,,,,,,,,,,,no,,,,,,,,,,,,,,,,,,,,,,,,,,
,MultiPolygon,-46.5475741,-22.9551155,,,park,,,,,,,,,,,,,,,,,,,,,,,,,,,,,,,,,,,,,,,,,,,,,,,,,,,
,MultiPolygon,-46.5363248,-22.9580328,Praça Vila Aparecida,,park,,,,,,,,,,,,,,,,,,,,,,,,,,,,,,,,,,,,,,,,,,,,,,,,,,,
,MultiPolygon,-46.5424629,-22.9483633,Praça da Biblia,,park,,,,,,,,,,,,,,,,,,,,,,,,,,,,,,,,,,,,,,,,,,,,,,,,,,,
,MultiPolygon,-46.543525,-22.9488807,,,park,,,,,,,,,,,,,,,,,,,,,,,,,,,,,,,,,,,,,,,,,,,,,,,,,,,
,MultiPolygon,-46.5427793,-22.9481616,,,park,,,,,,,,,,,,,,,,,,,,,,,,,,,,,,,,,,,,,,,,,,,,,,,,,,,
,MultiPolygon,-46.5436122,-22.9487446,,,park,,,,,,,,,,,,,,,,,,,,,,,,,,,,,,,,,,,,,,,,,,,,,,,,,,,
,MultiPolygon,-46.5411016,-22.948397,,,park,,,,,,,,,,,,,,,,,,,,,,,,,,,,,,,,,,,,,,,,,,,,,,,,,,,
,MultiPolygon,-46.5366697,-22.9697987,,,park,,,,,,,,,,,,,,,,,,,,,,,,,,,,,,,,,,,,,,,,,,,,,,,,,,,
,MultiPolygon,-46.5467236,-22.94334,,,park,,,,,,,,,,,,,,,,,,,,,,,,,,,,,,,,,,,,,,,,,,,,,,,,,,,
,MultiPolygon,-46.5463441,-22.9458544,Praça da Igreja São Francisco de Assis,,park,,,,,,,,,,,,,,,,,,,,,,,,,,,,,,,,,,,,,,,,,,,,,,,,,,,
,MultiPolygon,-46.5438242,-22.9470407,,,park,,,,,,,,,,,,,,,,,,,,,,,,,,,,,,,,,,,,,,,,,,,,,,,,,,,
,MultiPolygon,-46.5469953,-22.9470016,,,park,,,,,,,,,,,,,,,,,,,,,,,,,,,,,,,,,,,,,,,,,,,,,,,,,,,
,MultiPolygon,-46.5461579,-22.9311369,playground,,park,,,,,,,,private,,485,12908-840,rua vicente de vita,uberaba,,,,,,,,,,,,,,,,,,,,,,,toscana,,,,,,,,,,,,,,,
,MultiPolygon,-46.5463258,-22.9315011,,,,water,,,,,,,,,,,,,,,,,,,,,,,,,,,,,,,,,,,,,,,,,,,,yes,,,,,,
,MultiPolygon,-46.5243329,-22.8957197,,,,wood,,,,,,Floresta Ombrófila Densa,,,,,,,,,,,,,,,,,,,,,,,,,,,,,,,,,,,,,,,,,,,,
,MultiPolygon,-46.4700973,-22.9008854,,,,wood,,,,,,,,,,,,,,,,,,,,,,,,,,,,,,,,,,,,,,,,,,,,,,,,,,
,MultiPolygon,-46.5418306,-22.9474865,Cíles Lavapés,,park,,,,,,,,,,,,,,,,,,,,,,,,,,,,,,,,,,,,,,,,,,,,,,,,,,,
,MultiPolygon,-46.5526473,-22.9444685,,,park,,,,,,,,,,,,,,,,,,,,,,,,,,,,,,,,,,,,,,,,,,,,,,,,,,,
,MultiPolygon,-46.5407194,-22.9408571,,,park,,,,,,,,,,,,,,,,,,,,,,,,,,,,,,,,,,,,,,,,,,,,,,,,,,,
,MultiPolygon,-46.5371445,-22.9618312,,,,wood,,,,,,,,,,,,,,,,,,,,,,,,,,,,,,,,,,,,,,,,,,,,,,,,,,
,MultiPolygon,-46.5347412,-22.9670001,,,,wood,,,,,,,,,,,,,,,,,,,,,,,,,,,,,,,,,,,,,,,,,,,,,,,,,,
,MultiPolygon,-46.5347412,-22.9670001,Parque Natural Municipal Lago Dos Padres,,park,,,,,,,,,,,,,,,,,,,,,,,,,,,,,,,,,,,,,,,,,,,,,,,,,,,
,MultiPolygon,-46.5296799,-22.9678077,Lago dos Padres,,,water,,lake,,,,,,,,,,,,,,,,,,,,,,,,,,,,,,,,,,,,,,,,,,,,,,,,
,MultiPolygon,-46.5311793,-22.9662963,,,,wood,,,,,,,,,,,,,,,,,,,,,,,,,,,,,,,,,,,,,,,,,,,,,,,,,,
,MultiPolygon,-46.5442712,-22.917264,Praça Fraternidade,,park,,,,,,,,,Bragança Paulista,,,Avenida Ernesto Vaz de Lima,Jardim Fraternidade,,,,,,,,,,,,,,,,,,,,,,,,,,,,,,,,,,,,,,
,MultiPolygon,-46.4410648,-23.014413,,,,water,,lake,,,,,,,,,,,,,,,,,,,,,,,,,,,,,,,,,,,,,,,,,,,,,,,,
,MultiPolygon,-46.46218,-22.9943828,,,,water,,pond,,,,,,,,,,,,,,,,,,,,,,,,,,,,,,,,,,,,,,,,,,,,,,,,
,MultiPolygon,-46.4620093,-22.9921935,,,,water,,pond,,,,,,,,,,,,,,,,,,,,,,,,,,,,,,,,,,,,,,,,,,,,,,,,
,MultiPolygon,-46.4651597,-23.0025206,,,,water,,pond,,,,,,,,,,,,,,,,,,,,,,,,,,,,,,,,,,,,,,,,,,,,,,,,
,MultiPolygon,-46.4654866,-23.0044233,,,,water,,pond,,,,,,,,,,,,,,,,,,,,,,,,,,,,,,,,,,,,,,,,,,,,,,,,
,MultiPolygon,-46.4873876,-22.9972434,,,,water,,pond,,,,,,,,,,,,,,,,,,,,,,,,,,,,,,,,,,,,,,,,,,,,,,,,
,MultiPolygon,-46.4862014,-22.9969002,,,,water,,pond,,,,,,,,,,,,,,,,,,,,,,,,,,,,,,,,,,,,,,,,,,,,,,,,
,MultiPolygon,-46.484818,-22.9970137,,,,water,,pond,,,,,,,,,,,,,,,,,,,,,,,,,,,,,,,,,,,,,,,,,,,,,,,,
,MultiPolygon,-46.4842973,-22.9972349,,,,water,,pond,,,,,,,,,,,,,,,,,,,,,,,,,,,,,,,,,,,,,,,,,,,,,,,,
,MultiPolygon,-46.4845037,-22.9964578,,,,water,,pond,,,,,,,,,,,,,,,,,,,,,,,,,,,,,,,,,,,,,,,,,,,,,,,,
,MultiPolygon,-46.4851168,-22.9970562,,,,water,,pond,,,,,,,,,,,,,,,,,,,,,,,,,,,,,,,,,,,,,,,,,,,,,,,,
,MultiPolygon,-46.485465,-22.9968719,,,,water,,pond,,,,,,,,,,,,,,,,,,,,,,,,,,,,,,,,,,,,,,,,,,,,,,,,
,MultiPolygon,-46.4851647,-22.9963651,,,,water,,pond,,,,,,,,,,,,,,,,,,,,,,,,,,,,,,,,,,,,,,,,,,,,,,,,
,MultiPolygon,-46.4857415,-22.996623,,,,water,,pond,,,,,,,,,,,,,,,,,,,,,,,,,,,,,,,,,,,,,,,,,,,,,,,,
,MultiPolygon,-46.4854309,-22.9965564,,,,water,,pond,,,,,,,,,,,,,,,,,,,,,,,,,,,,,,,,,,,,,,,,,,,,,,,,
,MultiPolygon,-46.4847491,-22.9964984,,,,water,,pond,,,,,,,,,,,,,,,,,,,,,,,,,,,,,,,,,,,,,,,,,,,,,,,,
,MultiPolygon,-46.4836272,-22.9971021,,,,water,,pond,,,,,,,,,,,,,,,,,,,,,,,,,,,,,,,,,,,,,,,,,,,,,,,,
,MultiPolygon,-46.4887355,-22.9926329,,,,water,,pond,,,,,,,,,,,,,,,,,,,,,,,,,,,,,,,,,,,,,,,,,,,,,,,,
,MultiPolygon,-46.5467918,-22.985312,,,,wood,,,,,,,,,,,,,,,,,,,,,,,,,,,,,,,,,,,,,,,,,,,,,,,,,,
,MultiPolygon,-46.5421107,-22.9570694,Praça José Bonifacio,,park,,,,,,,,,,,,,,,,,,,,,,,,,,,,,,,,,,,,,,,,,,,,,,,,,,,
,MultiPolygon,-46.5421644,-22.9560419,Praça Raul Leme,,park,,,,,,,,,,,,,,,,,,,,,,,,,,,,,,,,,,,,,,,,,,,,,,,,,,,
,MultiPolygon,-46.5362714,-22.9577594,Praça Professora Carolina Ribeiro,,park,,,,,,,,,,,,,,,,,,,,,,,,,,,,,,,,,,,,,,,,,,,,,,,,,,,
,MultiPolygon,-46.5382261,-22.954391,Praça Hermógenes Paiva,,park,,,,,,,,,,,,,,,,,,,,,,,,,,,,,,,,,,,,,,,,,,,,,,,,,,,
,MultiPolygon,-46.5291671,-22.9542534,Praça Maçon,,park,,,,,,,,,,,,,,,,,,,,,,,,,,,,,,,,,,,,,,,,,,,,,,,,,,,
,MultiPolygon,-46.5273532,-22.9545992,,,,wood,,,,,,,,,,,,,,,,,,,,,,,,,,,,,,,,,,,,,,,,,,,,,,,,,,
,MultiPolygon,-46.5338237,-22.9538682,,,,wood,,,,,,,,,,,,,,,,,,,,,,,,,,mixed,,,,,,,,,,,,,,,,,,,,,,,,
,MultiPolygon,-46.5335181,-22.9568687,Praça Herondina Milozzi Vicchiatti,,park,,,,,,,,,,,,,,,,,,,,,,,,,,,,,,,,,,,,,,,,,,,,,,,,,,,
,MultiPolygon,-46.5353983,-22.9568292,Praça Maria G. Sanches,,park,,,,,,,,,,,,,,,,,,,,,,,,,,,,,,,,,,,,,,,,,,,,,,,,,,,
,MultiPolygon,-46.5303682,-22.9574062,,,,wood,,,,,,,,,,,,,,,,,,,,,,,,,,mixed,,,,,,,,,,,,,,,,,,,,,,,,
,MultiPolygon,-46.5164167,-22.9372696,Praça Maria Garisto,,park,,,,,,,,,,,,,,,,,,,,,,,,,,,,,,,,,,,,,,,,,,,,,,,,,,,
,MultiPolygon,-46.5691143,-22.9199339,,,,wood,,,,,,,,,,,,,,,,,,,,,,,,,,,,,,,,,,,,,,,,,,,,,,,,,,
,MultiPolygon,-46.5709799,-22.9204233,,,,wood,,,,,,,,,,,,,,,,,,,,,,,,,,,,,,,,,,,,,,,,,,,,,,,,,,
,MultiPolygon,-46.5411613,-22.9437521,,,,wood,,,,,,,,,,,,,,,,,,,,,,,,,,,,,,,,,,,,,,,,,,,,,,,,,,
,MultiPolygon,-46.5419811,-22.9451391,Praça Manoel Teodoro,,park,,,,,,,,,,,,,,,,,,,,,,,,,,,,,,,,,,,,,,,,,,,,,,,,,,,
,MultiPolygon,-46.533471,-22.9334097,Praça Côneco Francisco Claro de Assis,,park,,,,,,,,,,,,,,,,,,,,,,,,,,,,,,,,,,,,,,,,,,,,,,,,,,,
,MultiPolygon,-46.5396536,-22.9421134,,,stadium,,,,,,,,,,,,,,,,,,,,,,,,,,,,,,,,,,,,,,,,,,,,,,,soccer,,,,
,MultiPolygon,-46.5370064,-22.9290269,,,,wood,,,,,,,,,,,,,,,,,,,,,,,,,,,,,,,,,,,,,,,,,,,,,,,,,,
,MultiPolygon,-46.4620128,-22.9888105,,,,water,,,,,,,,,,,,,,,,,,,,,,,,,,,,,,,,,,,,,,,,,,,,,,,,,,
,MultiPolygon,-46.4663677,-22.9820427,,,,water,,,,,,,,,,,,,,,,,,,,,,,,,,,,,,,,,,,,,,,,,,,,,,,,,,
,MultiPolygon,-46.4650265,-22.9820556,,,,water,,pond,,,,,,,,,,,,,,,,,,,,,,,,,,,,,,,,,,,,,,,,,,,,,,,,
,MultiPolygon,-46.4632349,-22.9818635,,,,water,,pond,,,,,,,,,,,,,,,,,,,,,,,,,,,,,,,,,,,,,,,,,,,,,,,,
,MultiPolygon,-46.4624845,-22.9821912,,,,water,,,,,,,,,,,,,,,,,,,,,,,,,,,,,,,,,,,,,,,,,,,,,,,,,,
,MultiPolygon,-46.4606917,-22.9858715,,,,wood,,,,,,,,,,,,,,,,,,,,,,,,,,,,,,,,,,,,,,,,,,,,,,,,,,
,MultiPolygon,-46.4680883,-22.9738226,,,,water,,,,,,,,,,,,,,,,,,,,,,,,,,,,,,,,,,,,,,,,,,,,,,,,,,
,MultiPolygon,-46.4667395,-22.9748473,,,,water,,,,,,,,,,,,,,,,,,,,,,,,,,,,,,,,,,,,,,,,,,,,,,,,,,
,MultiPolygon,-46.4569962,-22.9794872,,,,wood,,,,,,,,,,,,,,,,,,,,,,,,,,,,,,,,,,,,,,,,,,,,,,,,,,
,MultiPolygon,-46.4581817,-22.9753024,,,,water,,,,,,,,,,,,,,,,,,,,,,,,,,,,,,,,,,,,,,,,,,,,,,,,,,
,MultiPolygon,-46.4571615,-22.9747252,,,,water,,,,,,,,,,,,,,,,,,,,,,,,,,,,,,,,,,,,,,,,,,,,,,,,,,
,MultiPolygon,-46.4568938,-22.9728609,,,,wood,,,,,,,,,,,,,,,,,,,,,,,,,,,,,,,,,,,,,,,,,,,,,,,,,,
,MultiPolygon,-46.7214142,-23.018095,,,,water,,lake,,,,,,,,,,,,,,,,,,,,,,,,,,,,,,,,,,,,,,,,,,,,,,,,
,MultiPolygon,-46.533069,-22.9331869,Praça Côneco Francisco Claro de Assis,,park,,,,,,,,,,,,,,,,,,,,,,,,,,,,,,,,,,,,,,,,,,,,,,,,,,,
,MultiPolygon,-46.4536705,-23.0503755,,,,water,,pond,,,,,,,,,,,,,,,,,,,,,,,,,,,,,,,,,,,,,,,,,,,,,,,,
,MultiPolygon,-46.4540143,-23.050329,,,,water,,pond,,,,,,,,,,,,,,,,,,,,,,,,,,,,,,,,,,,,,,,,,,,,,,,,
,MultiPolygon,-46.5312151,-22.9472395,,,,water,,,,,,,,,,,,,,,,,,,,,,,,,,,,,,,,,,,,,,,,,,,,,,,,,,
,MultiPolygon,-46.5316772,-22.9470182,,,,wood,,,,,,,,,,,,,,,,,,,,,,,,,,,,,,,,,,,,,,,,,,,,,,,,,,
,MultiPolygon,-46.5281968,-22.9451799,,,park,,,,,,,,,Bragança Paulista,,,Rua Monsenhor Meca,Jd. Júlio Mesquita,,,,,,yes,,,,,,,recreation_ground,,,,,,,,,24/7,,,,,,,,,,,,,,,,
,MultiPolygon,-46.5532881,-22.9410681,,,park,,,,,,,,,,,,,,,,,,,,,,,,,,,,,,,,,,,,,,,,,,,,,,,,,,,
,MultiPolygon,-46.5535826,-22.9436036,Praça das Pedras,,park,,,,,,,,,,,,,,,,,,,,,,,,,,,,,,,,,,,,,,,,,,,,,,,,,,,
,MultiPolygon,-46.5402123,-22.9696985,,,park,,,,,,,,,,,,,,,,,,,,,,,,,,,,,,,,,,,,,,,,,,,,,,,,,,,
,MultiPolygon,-46.5582195,-22.9191881,,,park,,,,,,,,,,,,Rua Elisario Eliseu de Oliveira,Julieta Cristina,,,,,,,,,,,,,recreation_ground,,,,,,,,,sunrise-sunset,Prefeitura de Bragança Paulista,,,,,,,,,,,,,,,
,MultiPolygon,-46.5580318,-22.9216674,,,swimming_pool,water,,,,,,,,,,,,,,,,,,,,,,,,,,,,,,,,,,,,,,,,,,,,,,,,,,
,MultiPolygon,-46.5591882,-22.9220444,,,swimming_pool,water,,,,,,,,,,,,,,,,,,,,,,,,,,,,,,,,,,,,,,,,,,,,,,,,,,
,MultiPolygon,-46.7051001,-22.8635455,,,,wood,,,,,,Floresta Ombrófila Densa,,,,,,,,,,,,,,,,,,,,,,,,,,,,,,,,,,,,,,,,,,,,
,MultiPolygon,-46.6965518,-22.8991166,,,,wood,,,,,,Floresta Ombrófila Densa,,,,,,,,,,,,,,,,,,,,,,,,,,,,,,,,,,,,,,,,,,,,
,MultiPolygon,-46.7046989,-22.8468303,,,,wood,,,,,,Floresta Ombrófila Densa,,,,,,,,,,,,,,,,,,,,,,,,,,,,,,,,,,,,,,,,,,,,
,MultiPolygon,-46.6972318,-22.8630223,,,,wood,,,,,,Floresta Ombrófila Densa,,,,,,,,,,,,,,,,,,,,,,,,,,,,,,,,,,,,,,,,,,,,
,MultiPolygon,-46.6751061,-22.8608789,,,,wood,,,,,,Floresta Ombrófila Densa,,,,,,,,,,,,,,,,,,,,,,,,,,,,,,,,,,,,,,,,,,,,
,MultiPolygon,-46.671206,-22.8236309,,,,wood,,,,,,Floresta Ombrófila Densa,,,,,,,,,,,,,,,,,,,,,,,,,,,,,,,,,,,,,,,,,,,,
,MultiPolygon,-46.7070015,-22.9073221,,,,wood,,,,,,Floresta Ombrófila Densa,,,,,,,,,,,,,,,,,,,,,,,,,,,,,,,,,,,,,,,,,,,,
,MultiPolygon,-46.6985814,-22.8678249,,,,wood,,,,,,Floresta Ombrófila Densa,,,,,,,,,,,,,,,,,,,,,,,,,,,,,,,,,,,,,,,,,,,,
,MultiPolygon,-46.667404,-22.8305903,,,,wood,,,,,,Floresta Ombrófila Densa,,,,,,,,,,,,,,,,,,,,,,,,,,,,,,,,,,,,,,,,,,,,
,MultiPolygon,-46.7006923,-22.9004782,,,,wood,,,,,,Floresta Ombrófila Densa,,,,,,,,,,,,,,,,,,,,,,,,,,,,,,,,,,,,,,,,,,,,
,MultiPolygon,-46.690713,-22.8322734,,,,wood,,,,,,Floresta Ombrófila Densa,,,,,,,,,,,,,,,,,,,,,,,,,,,,,,,,,,,,,,,,,,,,
,MultiPolygon,-46.681411,-22.8573608,,,,wood,,,,,,Floresta Ombrófila Densa,,,,,,,,,,,,,,,,,,,,,,,,,,,,,,,,,,,,,,,,,,,,
,MultiPolygon,-46.7093552,-22.8757202,,,,wood,,,,,,Floresta Ombrófila Densa,,,,,,,,,,,,,,,,,,,,,,,,,,,,,,,,,,,,,,,,,,,,
,MultiPolygon,-46.713139,-22.8255264,,,,wood,,,,,,Floresta Ombrófila Densa,,,,,,,,,,,,,,,,,,,,,,,,,,,,,,,,,,,,,,,,,,,,
,MultiPolygon,-46.6896318,-22.8450975,,,,wood,,,,,,Floresta Ombrófila Densa,,,,,,,,,,,,,,,,,,,,,,,,,,,,,,,,,,,,,,,,,,,,
,MultiPolygon,-46.6922306,-22.8692907,,,,wood,,,,,,Floresta Ombrófila Densa,,,,,,,,,,,,,,,,,,,,,,,,,,,,,,,,,,,,,,,,,,,,
,MultiPolygon,-46.7154372,-22.8581107,,,,wood,,,,,,Floresta Ombrófila Densa,,,,,,,,,,,,,,,,,,,,,,,,,,,,,,,,,,,,,,,,,,,,
,MultiPolygon,-46.6853121,-22.8427832,,,,grassland,,,,,,,,,,,,,,,,,,,,,,,,,,,,,,,,,,,,,,,,,,,,,,,,,,
,MultiPolygon,-46.6990762,-22.9091992,,,,wood,,,,,,Floresta Ombrófila Densa,,,,,,,,,,,,,,,,,,,,,,,,,,,,,,,,,,,,,,,,,,,,
,MultiPolygon,-46.6853072,-22.8439853,,,,wood,,,,,,Floresta Ombrófila Densa,,,,,,,,,,,,,,,,,,,,,,,,,,,,,,,,,,,,,,,,,,,,
,MultiPolygon,-46.6941684,-22.8794283,,,,wood,,,,,,,,,,,,,,,,,,,,,,,,,,,,,,,,,,,,,,,,,,,,,,,,,,
,MultiPolygon,-46.6789046,-22.8363466,,,,wood,,,,,,Floresta Ombrófila Densa,,,,,,,,,,,,,,,,,,,,,,,,,,,,,,,,,,,,,,,,,,,,
,MultiPolygon,-46.6881837,-22.8336812,,,,wood,,,,,,,,,,,,,,,,,,,,,,,,,,,,,,,,,,,,,,,,,,,,,,,,,,
,MultiPolygon,-46.7159251,-22.8675641,,,,wood,,,,,,Floresta Ombrófila Densa,,,,,,,,,,,,,,,,,,,,,,,,,,,,,,,,,,,,,,,,,,,,
,MultiPolygon,-46.7001402,-22.9116296,,,,wood,,,,,,Floresta Ombrófila Densa,,,,,,,,,,,,,,,,,,,,,,,,,,,,,,,,,,,,,,,,,,,,
,MultiPolygon,-46.7082896,-22.8568741,,,,wood,,,,,,Floresta Ombrófila Densa,,,,,,,,,,,,,,,,,,,,,,,,,,,,,,,,,,,,,,,,,,,,
,MultiPolygon,-46.6838699,-22.8590398,,,,wood,,,,,,Floresta Ombrófila Densa,,,,,,,,,,,,,,,,,,,,,,,,,,,,,,,,,,,,,,,,,,,,
,MultiPolygon,-46.6765003,-22.8437469,,,,wood,,,,,,Floresta Ombrófila Densa,,,,,,,,,,,,,,,,,,,,,,,,,,,,,,,,,,,,,,,,,,,,
,MultiPolygon,-46.6822563,-22.8439869,,,,wood,,,,,,Floresta Ombrófila Densa,,,,,,,,,,,,,,,,,,,,,,,,,,,,,,,,,,,,,,,,,,,,
,MultiPolygon,-46.6806225,-22.858558,,,,wood,,,,,,Floresta Ombrófila Densa,,,,,,,,,,,,,,,,,,,,,,,,,,,,,,,,,,,,,,,,,,,,
,MultiPolygon,-46.7135664,-22.8387846,,,,wood,,,,,,Floresta Ombrófila Densa,,,,,,,,,,,,,,,,,,,,,,,,,,,,,,,,,,,,,,,,,,,,
,MultiPolygon,-46.6692519,-22.830662,,,,wood,,,,,,Floresta Ombrófila Densa,,,,,,,,,,,,,,,,,,,,,,,,,,,,,,,,,,,,,,,,,,,,
,MultiPolygon,-46.6675121,-22.8283848,,,,wood,,,,,,Floresta Ombrófila Densa,,,,,,,,,,,,,,,,,,,,,,,,,,,,,,,,,,,,,,,,,,,,
,MultiPolygon,-46.6956651,-22.8629016,,,,wood,,,,,,Floresta Ombrófila Densa,,,,,,,,,,,,,,,,,,,,,,,,,,,,,,,,,,,,,,,,,,,,
,MultiPolygon,-46.6693095,-22.8233266,,,,wood,,,,,,Floresta Ombrófila Densa,,,,,,,,,,,,,,,,,,,,,,,,,,,,,,,,,,,,,,,,,,,,
,MultiPolygon,-46.7176233,-22.8729334,,,,,,,,,,,,,,,,,,,,,,,,,,,,,farmyard,,,,,,,,,,,,,,,,,,,,,,,,,
,MultiPolygon,-46.700752,-22.9184126,,,,wood,,,,,,Floresta Ombrófila Densa,,,,,,,,,,,,,,,,,,,,,,,,,,,,,,,,,,,,,,,,,,,,
,MultiPolygon,-46.7171998,-22.9139645,,,,wood,,,,,,Floresta Ombrófila Densa,,,,,,,,,,,,,,,,,,,,,,,,,,,,,,,,,,,,,,,,,,,,
,MultiPolygon,-46.6828453,-22.8214217,,,,wood,,,,,,Floresta Ombrófila Densa,,,,,,,,,,,,,,,,,,,,,,,,,,,,,,,,,,,,,,,,,,,,
,MultiPolygon,-46.6817682,-22.8391048,,,,wood,,,,,,Floresta Ombrófila Densa,,,,,,,,,,,,,,,,,,,,,,,,,,,,,,,,,,,,,,,,,,,,
,MultiPolygon,-46.7003385,-22.8798415,,,,wood,,,,,,Floresta Ombrófila Densa,,,,,,,,,,,,,,,,,,,,,,,,,,,,,,,,,,,,,,,,,,,,
,MultiPolygon,-46.7155342,-22.9133664,,,,wood,,,,,,Floresta Ombrófila Densa,,,,,,,,,,,,,,,,,,,,,,,,,,,,,,,,,,,,,,,,,,,,
,MultiPolygon,-46.7156121,-22.8795921,,,,wood,,,,,,Floresta Ombrófila Densa,,,,,,,,,,,,,,,,,,,,,,,,,,,,,,,,,,,,,,,,,,,,
,MultiPolygon,-46.6921642,-22.8601603,,,,wood,,,,,,Floresta Ombrófila Densa,,,,,,,,,,,,,,,,,,,,,,,,,,,,,,,,,,,,,,,,,,,,
,MultiPolygon,-46.71538,-22.8924915,,,,wood,,,,,,,,,,,,,,,,,,,,,,,,,,,,,,,,,,,,,,,,,,,,,,,,,,
,MultiPolygon,-46.69641,-22.8736624,,,,wood,,,,,,Floresta Ombrófila Densa,,,,,,,,,,,,,,,,,,,,,,,,,,,,,,,,,,,,,,,,,,,,
,MultiPolygon,-46.7044118,-22.8715133,,,,wood,,,,,,Floresta Ombrófila Densa,,,,,,,,,,,,,,,,,,,,,,,,,,,,,,,,,,,,,,,,,,,,
,MultiPolygon,-46.687903,-22.8578074,,,,wood,,,,,,Floresta Ombrófila Densa,,,,,,,,,,,,,,,,,,,,,,,,,,,,,,,,,,,,,,,,,,,,
,MultiPolygon,-46.7068082,-22.9169414,,,,wood,,,,,,Floresta Ombrófila Densa,,,,,,,,,,,,,,,,,,,,,,,,,,,,,,,,,,,,,,,,,,,,
,MultiPolygon,-46.6794283,-22.8376685,,,,wood,,,,,,Floresta Ombrófila Densa,,,,,,,,,,,,,,,,,,,,,,,,,,,,,,,,,,,,,,,,,,,,
,MultiPolygon,-46.7015452,-22.8504349,,,,wood,,,,,,Floresta Ombrófila Densa,,,,,,,,,,,,,,,,,,,,,,,,,,,,,,,,,,,,,,,,,,,,
,MultiPolygon,-46.6927302,-22.8958267,,,,scrub,,,,,,,,,,,,,,,,,,,,,,,,,,,,,,,,,,,,,,,,,,,,,,,,,,
,MultiPolygon,-46.6822546,-22.8552039,,,,wood,,,,,,Floresta Ombrófila Densa,,,,,,,,,,,,,,,,,,,,,,,,,,,,,,,,,,,,,,,,,,,,
,MultiPolygon,-46.694699,-22.8720123,,,,wood,,,,,,Floresta Ombrófila Densa,,,,,,,,,,,,,,,,,,,,,,,,,,,,,,,,,,,,,,,,,,,,
,MultiPolygon,-46.684893,-22.8542666,,,,wood,,,,,,Floresta Ombrófila Densa,,,,,,,,,,,,,,,,,,,,,,,,,,,,,,,,,,,,,,,,,,,,
,MultiPolygon,-46.6902715,-22.8681101,,,,wood,,,,,,Floresta Ombrófila Densa,,,,,,,,,,,,,,,,,,,,,,,,,,,,,,,,,,,,,,,,,,,,
,MultiPolygon,-46.7091998,-22.9124285,,,,wood,,,,,,Floresta Ombrófila Densa,,,,,,,,,,,,,,,,,,,,,,,,,,,,,,,,,,,,,,,,,,,,
,MultiPolygon,-46.6865427,-22.8290597,,,,wood,,,,,,Floresta Ombrófila Densa,,,,,,,,,,,,,,,,,,,,,,,,,,,,,,,,,,,,,,,,,,,,
,MultiPolygon,-46.7116421,-22.8930026,,,,wood,,,,,,Floresta Ombrófila Densa,,,,,,,,,,,,,,,,,,,,,,,,,,,,,,,,,,,,,,,,,,,,
,MultiPolygon,-46.7034212,-22.8470473,,,,wood,,,,,,Floresta Ombrófila Densa,,,,,,,,,,,,,,,,,,,,,,,,,,,,,,,,,,,,,,,,,,,,
,MultiPolygon,-46.7090119,-22.8354143,,,,wood,,,,,,Floresta Ombrófila Densa,,,,,,,,,,,,,,,,,,,,,,,,,,,,,,,,,,,,,,,,,,,,
,MultiPolygon,-46.6945365,-22.8327869,,,,wood,,,,,,Floresta Ombrófila Densa,,,,,,,,,,,,,,,,,,,,,,,,,,,,,,,,,,,,,,,,,,,,
,MultiPolygon,-46.6959103,-22.902317,,,,wood,,,,,,Floresta Ombrófila Densa,,,,,,,,,,,,,,,,,,,,,,,,,,,,,,,,,,,,,,,,,,,,
,MultiPolygon,-46.6886877,-22.8494801,,,,wood,,,,,,Floresta Ombrófila Densa,,,,,,,,,,,,,,,,,,,,,,,,,,,,,,,,,,,,,,,,,,,,
,MultiPolygon,-46.7132876,-22.8974127,,,,wood,,,,,,Floresta Ombrófila Densa,,,,,,,,,,,,,,,,,,,,,,,,,,,,,,,,,,,,,,,,,,,,
,MultiPolygon,-46.7055496,-22.910517,,,,wood,,,,,,Floresta Ombrófila Densa,,,,,,,,,,,,,,,,,,,,,,,,,,,,,,,,,,,,,,,,,,,,
,MultiPolygon,-46.6900158,-22.8440024,,,,wood,,,,,,Floresta Ombrófila Densa,,,,,,,,,,,,,,,,,,,,,,,,,,,,,,,,,,,,,,,,,,,,
,MultiPolygon,-46.6988766,-22.8421093,,,,wood,,,,,,Floresta Ombrófila Densa,,,,,,,,,,,,,,,,,,,,,,,,,,,,,,,,,,,,,,,,,,,,
,MultiPolygon,-46.6995662,-22.8576309,,,,wood,,,,,,Floresta Ombrófila Densa,,,,,,,,,,,,,,,,,,,,,,,,,,,,,,,,,,,,,,,,,,,,
,MultiPolygon,-46.6988655,-22.9064639,,,,wood,,,,,,Floresta Ombrófila Densa,,,,,,,,,,,,,,,,,,,,,,,,,,,,,,,,,,,,,,,,,,,,
,MultiPolygon,-46.6852326,-22.8582923,,,,wood,,,,,,Floresta Ombrófila Densa,,,,,,,,,,,,,,,,,,,,,,,,,,,,,,,,,,,,,,,,,,,,
,MultiPolygon,-46.7099017,-22.9206779,,,,wood,,,,,,Floresta Ombrófila Densa,,,,,,,,,,,,,,,,,,,,,,,,,,,,,,,,,,,,,,,,,,,,
,MultiPolygon,-46.6848434,-22.8466088,,,,wood,,,,,,Floresta Ombrófila Densa,,,,,,,,,,,,,,,,,,,,,,,,,,,,,,,,,,,,,,,,,,,,
,MultiPolygon,-46.6835141,-22.8450216,,,,wood,,,,,,Floresta Ombrófila Densa,,,,,,,,,,,,,,,,,,,,,,,,,,,,,,,,,,,,,,,,,,,,
,MultiPolygon,-46.699407,-22.8596659,,,,wood,,,,,,Floresta Ombrófila Densa,,,,,,,,,,,,,,,,,,,,,,,,,,,,,,,,,,,,,,,,,,,,
,MultiPolygon,-46.7141267,-22.9054979,,,,wood,,,,,,Floresta Ombrófila Densa,,,,,,,,,,,,,,,,,,,,,,,,,,,,,,,,,,,,,,,,,,,,
,MultiPolygon,-46.7084122,-22.8320314,,,,scrub,,,,,,,,,,,,,,,,,,,,,,,,,,,,,,,,,,,,,,,,,,,,,,,,,,
,MultiPolygon,-46.7141389,-22.8330573,,,,wood,,,,,,Floresta Ombrófila Densa,,,,,,,,,,,,,,,,,,,,,,,,,,,,,,,,,,,,,,,,,,,,
,MultiPolygon,-46.6987622,-22.9031415,,,,wood,,,,,,Floresta Ombrófila Densa,,,,,,,,,,,,,,,,,,,,,,,,,,,,,,,,,,,,,,,,,,,,
,MultiPolygon,-46.7168311,-22.8508695,,,,wood,,,,,,Floresta Ombrófila Densa,,,,,,,,,,,,,,,,,,,,,,,,,,,,,,,,,,,,,,,,,,,,
,MultiPolygon,-46.6838219,-22.8483884,,,,wood,,,,,,Floresta Ombrófila Densa,,,,,,,,,,,,,,,,,,,,,,,,,,,,,,,,,,,,,,,,,,,,
,MultiPolygon,-46.7115861,-22.9073423,,,,wood,,,,,,Floresta Ombrófila Densa,,,,,,,,,,,,,,,,,,,,,,,,,,,,,,,,,,,,,,,,,,,,
,MultiPolygon,-46.6714167,-22.8249356,,,,wood,,,,,,Floresta Ombrófila Densa,,,,,,,,,,,,,,,,,,,,,,,,,,,,,,,,,,,,,,,,,,,,
,MultiPolygon,-46.7154355,-22.9070574,,,,wood,,,,,,Floresta Ombrófila Densa,,,,,,,,,,,,,,,,,,,,,,,,,,,,,,,,,,,,,,,,,,,,
,MultiPolygon,-46.6777404,-22.8365593,,,,wood,,,,,,Floresta Ombrófila Densa,,,,,,,,,,,,,,,,,,,,,,,,,,,,,,,,,,,,,,,,,,,,
,MultiPolygon,-46.6972,-22.8549781,,,,wood,,,,,,Floresta Ombrófila Densa,,,,,,,,,,,,,,,,,,,,,,,,,,,,,,,,,,,,,,,,,,,,
,MultiPolygon,-46.6740415,-22.8432633,,,,wood,,,,,,Floresta Ombrófila Densa,,,,,,,,,,,,,,,,,,,,,,,,,,,,,,,,,,,,,,,,,,,,
,MultiPolygon,-46.7186147,-22.89549,,,,wood,,,,,,Floresta Ombrófila Densa,,,,,,,,,,,,,,,,,,,,,,,,,,,,,,,,,,,,,,,,,,,,
,MultiPolygon,-46.6851588,-22.8313369,,,,wood,,,,,,Floresta Ombrófila Densa,,,,,,,,,,,,,,,,,,,,,,,,,,,,,,,,,,,,,,,,,,,,
,MultiPolygon,-46.6971506,-22.850115,,,,wood,,,,,,Floresta Ombrófila Densa,,,,,,,,,,,,,,,,,,,,,,,,,,,,,,,,,,,,,,,,,,,,
,MultiPolygon,-46.7218836,-22.9269405,,,,wood,,,,,,Floresta Ombrófila Densa,,,,,,,,,,,,,,,,,,,,,,,,,,,,,,,,,,,,,,,,,,,,
,MultiPolygon,-46.7208581,-22.9118901,,,,wood,,,,,,Floresta Ombrófila Densa,,,,,,,,,,,,,,,,,,,,,,,,,,,,,,,,,,,,,,,,,,,,
,MultiPolygon,-46.7117398,-22.8531734,,,,wood,,,,,,Floresta Ombrófila Densa,,,,,,,,,,,,,,,,,,,,,,,,,,,,,,,,,,,,,,,,,,,,
,MultiPolygon,-46.7139103,-22.8531746,,,,wood,,,,,,Floresta Ombrófila Densa,,,,,,,,,,,,,,,,,,,,,,,,,,,,,,,,,,,,,,,,,,,,
,MultiPolygon,-46.6939755,-22.8586621,,,,wood,,,,,,Floresta Ombrófila Densa,,,,,,,,,,,,,,,,,,,,,,,,,,,,,,,,,,,,,,,,,,,,
,MultiPolygon,-46.7187086,-22.8670202,,,,wood,,,,,,Floresta Ombrófila Densa,,,,,,,,,,,,,,,,,,,,,,,,,,,,,,,,,,,,,,,,,,,,
,MultiPolygon,-46.71722,-22.8498932,,,,wood,,,,,,Floresta Ombrófila Densa,,,,,,,,,,,,,,,,,,,,,,,,,,,,,,,,,,,,,,,,,,,,
,MultiPolygon,-46.6685699,-22.8285059,,,,wood,,,,,,Floresta Ombrófila Densa,,,,,,,,,,,,,,,,,,,,,,,,,,,,,,,,,,,,,,,,,,,,
,MultiPolygon,-46.7106867,-22.8559171,,,,wood,,,,,,Floresta Ombrófila Densa,,,,,,,,,,,,,,,,,,,,,,,,,,,,,,,,,,,,,,,,,,,,
,MultiPolygon,-46.6883522,-22.862825,,,,wood,,,,,,Floresta Ombrófila Densa,,,,,,,,,,,,,,,,,,,,,,,,,,,,,,,,,,,,,,,,,,,,
,MultiPolygon,-46.7019868,-22.8589411,,,,wood,,,,,,Floresta Ombrófila Densa,,,,,,,,,,,,,,,,,,,,,,,,,,,,,,,,,,,,,,,,,,,,
,MultiPolygon,-46.7071152,-22.9177362,,,,wood,,,,,,Floresta Ombrófila Densa,,,,,,,,,,,,,,,,,,,,,,,,,,,,,,,,,,,,,,,,,,,,
,MultiPolygon,-46.7056698,-22.8593413,,,,wood,,,,,,Floresta Ombrófila Densa,,,,,,,,,,,,,,,,,,,,,,,,,,,,,,,,,,,,,,,,,,,,
,MultiPolygon,-46.6762697,-22.8211193,,,,wood,,,,,,Floresta Ombrófila Densa,,,,,,,,,,,,,,,,,,,,,,,,,,,,,,,,,,,,,,,,,,,,
,MultiPolygon,-46.7017244,-22.8492684,,,,wood,,,,,,Floresta Ombrófila Densa,,,,,,,,,,,,,,,,,,,,,,,,,,,,,,,,,,,,,,,,,,,,
,MultiPolygon,-46.7082546,-22.8369925,,,,wood,,,,,,Floresta Ombrófila Densa,,,,,,,,,,,,,,,,,,,,,,,,,,,,,,,,,,,,,,,,,,,,
,MultiPolygon,-46.6878606,-22.8647378,,,,wood,,,,,,Floresta Ombrófila Densa,,,,,,,,,,,,,,,,,,,,,,,,,,,,,,,,,,,,,,,,,,,,
,MultiPolygon,-46.6760368,-22.8267065,,,,wood,,,,,,Floresta Ombrófila Densa,,,,,,,,,,,,,,,,,,,,,,,,,,,,,,,,,,,,,,,,,,,,
,MultiPolygon,-46.7113393,-22.8251539,,,,wood,,,,,,Floresta Ombrófila Densa,,,,,,,,,,,,,,,,,,,,,,,,,,,,,,,,,,,,,,,,,,,,
,MultiPolygon,-46.6925537,-22.8846232,,,,wood,,,,,,,,,,,,,,,,,,,,,,,,,,,,,,,,,,,,,,,,,,,,,,,,,,
,MultiPolygon,-46.690707,-22.8678107,,,,wood,,,,,,Floresta Ombrófila Densa,,,,,,,,,,,,,,,,,,,,,,,,,,,,,,,,,,,,,,,,,,,,
,MultiPolygon,-46.6697002,-22.828988,,,,wood,,,,,,Floresta Ombrófila Densa,,,,,,,,,,,,,,,,,,,,,,,,,,,,,,,,,,,,,,,,,,,,
,MultiPolygon,-46.7158352,-22.864431,,,,wood,,,,,,Floresta Ombrófila Densa,,,,,,,,,,,,,,,,,,,,,,,,,,,,,,,,,,,,,,,,,,,,
,MultiPolygon,-46.7140869,-22.8361768,,,,wood,,,,,,Floresta Ombrófila Densa,,,,,,,,,,,,,,,,,,,,,,,,,,,,,,,,,,,,,,,,,,,,
,MultiPolygon,-46.7133821,-22.8240437,,,,wood,,,,,,Floresta Ombrófila Densa,,,,,,,,,,,,,,,,,,,,,,,,,,,,,,,,,,,,,,,,,,,,
,MultiPolygon,-46.6755982,-22.8426999,,,,wood,,,,,,Floresta Ombrófila Densa,,,,,,,,,,,,,,,,,,,,,,,,,,,,,,,,,,,,,,,,,,,,
,MultiPolygon,-46.7074904,-22.8587709,,,,wood,,,,,,Floresta Ombrófila Densa,,,,,,,,,,,,,,,,,,,,,,,,,,,,,,,,,,,,,,,,,,,,
,MultiPolygon,-46.6957587,-22.8326683,,,,wood,,,,,,Floresta Ombrófila Densa,,,,,,,,,,,,,,,,,,,,,,,,,,,,,,,,,,,,,,,,,,,,
,MultiPolygon,-46.7006881,-22.9021609,,,,wood,,,,,,Floresta Ombrófila Densa,,,,,,,,,,,,,,,,,,,,,,,,,,,,,,,,,,,,,,,,,,,,
,MultiPolygon,-46.6855451,-22.8495933,,,,wood,,,,,,Floresta Ombrófila Densa,,,,,,,,,,,,,,,,,,,,,,,,,,,,,,,,,,,,,,,,,,,,
,MultiPolygon,-46.7171755,-22.8492695,,,,wood,,,,,,Floresta Ombrófila Densa,,,,,,,,,,,,,,,,,,,,,,,,,,,,,,,,,,,,,,,,,,,,
,MultiPolygon,-46.6906298,-22.8913678,,,,wood,,,,,,Floresta Ombrófila Densa,,,,,,,,,,,,,,,,,,,,,,,,,,,,,,,,,,,,,,,,,,,,
,MultiPolygon,-46.6951963,-22.8984263,,,,wood,,,,,,Floresta Ombrófila Densa,,,,,,,,,,,,,,,,,,,,,,,,,,,,,,,,,,,,,,,,,,,,
,MultiPolygon,-46.7127297,-22.8755661,,,,wood,,,,,,Floresta Ombrófila Densa,,,,,,,,,,,,,,,,,,,,,,,,,,,,,,,,,,,,,,,,,,,,
,MultiPolygon,-46.6788063,-22.8607976,,,,wood,,,,,,Floresta Ombrófila Densa,,,,,,,,,,,,,,,,,,,,,,,,,,,,,,,,,,,,,,,,,,,,
,MultiPolygon,-46.6819234,-22.8545647,,,,wood,,,,,,Floresta Ombrófila Densa,,,,,,,,,,,,,,,,,,,,,,,,,,,,,,,,,,,,,,,,,,,,
,MultiPolygon,-46.6802239,-22.843582,,,,wood,,,,,,Floresta Ombrófila Densa,,,,,,,,,,,,,,,,,,,,,,,,,,,,,,,,,,,,,,,,,,,,
,MultiPolygon,-46.7219421,-22.8700373,,,,wood,,,,,,,,,,,,,,,,,,,,,,,,,,,,,,,,,,,,,,,,,,,,,,,,,,
,MultiPolygon,-46.7122828,-22.8526809,,,,wood,,,,,,Floresta Ombrófila Densa,,,,,,,,,,,,,,,,,,,,,,,,,,,,,,,,,,,,,,,,,,,,
,MultiPolygon,-46.6819945,-22.841549,,,,wood,,,,,,Floresta Ombrófila Densa,,,,,,,,,,,,,,,,,,,,,,,,,,,,,,,,,,,,,,,,,,,,
,MultiPolygon,-46.6835418,-22.8497536,,,,wood,,,,,,Floresta Ombrófila Densa,,,,,,,,,,,,,,,,,,,,,,,,,,,,,,,,,,,,,,,,,,,,
,MultiPolygon,-46.7189262,-22.8810191,,,,wood,,,,,,Floresta Ombrófila Densa,,,,,,,,,,,,,,,,,,,,,,,,,,,,,,,,,,,,,,,,,,,,
,MultiPolygon,-46.6933183,-22.898818,,,,wood,,,,,,Floresta Ombrófila Densa,,,,,,,,,,,,,,,,,,,,,,,,,,,,,,,,,,,,,,,,,,,,
,MultiPolygon,-46.7039772,-22.8568341,,,,wood,,,,,,Floresta Ombrófila Densa,,,,,,,,,,,,,,,,,,,,,,,,,,,,,,,,,,,,,,,,,,,,
,MultiPolygon,-46.70117,-22.8905442,,,,wood,,,,,,Floresta Ombrófila Densa,,,,,,,,,,,,,,,,,,,,,,,,,,,,,,,,,,,,,,,,,,,,
,MultiPolygon,-46.6828192,-22.8267681,,,,wood,,,,,,Floresta Ombrófila Densa,,,,,,,,,,,,,,,,,,,,,,,,,,,,,,,,,,,,,,,,,,,,
,MultiPolygon,-46.7113889,-22.8689438,,,,wood,,,,,,Floresta Ombrófila Densa,,,,,,,,,,,,,,,,,,,,,,,,,,,,,,,,,,,,,,,,,,,,
,MultiPolygon,-46.6905845,-22.8856253,,,,wood,,,,,,Floresta Ombrófila Densa,,,,,,,,,,,,,,,,,,,,,,,,,,,,,,,,,,,,,,,,,,,,
,MultiPolygon,-46.7079466,-22.9197222,,,,wood,,,,,,Floresta Ombrófila Densa,,,,,,,,,,,,,,,,,,,,,,,,,,,,,,,,,,,,,,,,,,,,
,MultiPolygon,-46.6951468,-22.8522657,,,,wood,,,,,,Floresta Ombrófila Densa,,,,,,,,,,,,,,,,,,,,,,,,,,,,,,,,,,,,,,,,,,,,
,MultiPolygon,-46.7104628,-22.9149819,,,,wood,,,,,,Floresta Ombrófila Densa,,,,,,,,,,,,,,,,,,,,,,,,,,,,,,,,,,,,,,,,,,,,
,MultiPolygon,-46.6919567,-22.8515954,,,,wood,,,,,,,,,,,,,,,,,,,,,,,,,,,,,,,,,,,,,,,,,,,,,,,,,,
,MultiPolygon,-46.7181306,-22.8639251,,,,wood,,,,,,Floresta Ombrófila Densa,,,,,,,,,,,,,,,,,,,,,,,,,,,,,,,,,,,,,,,,,,,,
,MultiPolygon,-46.6958246,-22.8957937,,,,grassland,,,,,,,,,,,,,,,,,,,,,,,,,,,,,,,,,,,,,,,,,,,,,,,,,,
,MultiPolygon,-46.680621,-22.8281528,,,,wood,,,,,,Floresta Ombrófila Densa,,,,,,,,,,,,,,,,,,,,,,,,,,,,,,,,,,,,,,,,,,,,
,MultiPolygon,-46.6776638,-22.8256042,,,,wood,,,,,,Floresta Ombrófila Densa,,,,,,,,,,,,,,,,,,,,,,,,,,,,,,,,,,,,,,,,,,,,
,MultiPolygon,-46.6955313,-22.8800781,,,,wood,,,,,,,,,,,,,,,,,,,,,,,,,,,,,,,,,,,,,,,,,,,,,,,,,,
,MultiPolygon,-46.7059872,-22.868267,,,,wood,,,,,,Floresta Ombrófila Densa,,,,,,,,,,,,,,,,,,,,,,,,,,,,,,,,,,,,,,,,,,,,
,MultiPolygon,-46.7132155,-22.8415586,,,,wood,,,,,,Floresta Ombrófila Densa,,,,,,,,,,,,,,,,,,,,,,,,,,,,,,,,,,,,,,,,,,,,
,MultiPolygon,-46.7204245,-22.8967647,,,,wood,,,,,,Floresta Ombrófila Densa,,,,,,,,,,,,,,,,,,,,,,,,,,,,,,,,,,,,,,,,,,,,
,MultiPolygon,-46.670312,-22.8215952,,,,wood,,,,,,Floresta Ombrófila Densa,,,,,,,,,,,,,,,,,,,,,,,,,,,,,,,,,,,,,,,,,,,,
,MultiPolygon,-46.7131612,-22.8689618,,,,wood,,,,,,Floresta Ombrófila Densa,,,,,,,,,,,,,,,,,,,,,,,,,,,,,,,,,,,,,,,,,,,,
,MultiPolygon,-46.7180624,-22.8747723,,,,wood,,,,,,Floresta Ombrófila Densa,,,,,,,,,,,,,,,,,,,,,,,,,,,,,,,,,,,,,,,,,,,,
,MultiPolygon,-46.6867778,-22.8474441,,,,wood,,,,,,Floresta Ombrófila Densa,,,,,,,,,,,,,,,,,,,,,,,,,,,,,,,,,,,,,,,,,,,,
,MultiPolygon,-46.7156432,-22.8777742,,,,wood,,,,,,Floresta Ombrófila Densa,,,,,,,,,,,,,,,,,,,,,,,,,,,,,,,,,,,,,,,,,,,,
,MultiPolygon,-46.7003025,-22.8719011,,,,wood,,,,,,Floresta Ombrófila Densa,,,,,,,,,,,,,,,,,,,,,,,,,,,,,,,,,,,,,,,,,,,,
,MultiPolygon,-46.6935548,-22.8479383,,,,wood,,,,,,Floresta Ombrófila Densa,,,,,,,,,,,,,,,,,,,,,,,,,,,,,,,,,,,,,,,,,,,,
,MultiPolygon,-46.6920376,-22.8879854,,,,wood,,,,,,Floresta Ombrófila Densa,,,,,,,,,,,,,,,,,,,,,,,,,,,,,,,,,,,,,,,,,,,,
,MultiPolygon,-46.6666746,-22.8229759,,,,wood,,,,,,Floresta Ombrófila Densa,,,,,,,,,,,,,,,,,,,,,,,,,,,,,,,,,,,,,,,,,,,,
,MultiPolygon,-46.7015346,-22.8545617,,,,wood,,,,,,Floresta Ombrófila Densa,,,,,,,,,,,,,,,,,,,,,,,,,,,,,,,,,,,,,,,,,,,,
,MultiPolygon,-46.6756974,-22.8598938,,,,wood,,,,,,Floresta Ombrófila Densa,,,,,,,,,,,,,,,,,,,,,,,,,,,,,,,,,,,,,,,,,,,,
,MultiPolygon,-46.7145204,-22.9041295,,,,wood,,,,,,Floresta Ombrófila Densa,,,,,,,,,,,,,,,,,,,,,,,,,,,,,,,,,,,,,,,,,,,,
,MultiPolygon,-46.719164,-22.896114,,,,wood,,,,,,Floresta Ombrófila Densa,,,,,,,,,,,,,,,,,,,,,,,,,,,,,,,,,,,,,,,,,,,,
,MultiPolygon,-46.7123377,-22.8915419,,,,wood,,,,,,Floresta Ombrófila Densa,,,,,,,,,,,,,,,,,,,,,,,,,,,,,,,,,,,,,,,,,,,,
,MultiPolygon,-46.6929371,-22.8563236,,,,wood,,,,,,Floresta Ombrófila Densa,,,,,,,,,,,,,,,,,,,,,,,,,,,,,,,,,,,,,,,,,,,,
,MultiPolygon,-46.7148388,-22.8634465,,,,wood,,,,,,Floresta Ombrófila Densa,,,,,,,,,,,,,,,,,,,,,,,,,,,,,,,,,,,,,,,,,,,,
,MultiPolygon,-46.6951468,-22.8437076,,,,wood,,,,,,Floresta Ombrófila Densa,,,,,,,,,,,,,,,,,,,,,,,,,,,,,,,,,,,,,,,,,,,,
,MultiPolygon,-46.6777668,-22.8537974,,,,wood,,,,,,Floresta Ombrófila Densa,,,,,,,,,,,,,,,,,,,,,,,,,,,,,,,,,,,,,,,,,,,,
,MultiPolygon,-46.6860384,-22.8526591,,,,wood,,,,,,Floresta Ombrófila Densa,,,,,,,,,,,,,,,,,,,,,,,,,,,,,,,,,,,,,,,,,,,,
,MultiPolygon,-46.6877753,-22.8709842,,,,wood,,,,,,Floresta Ombrófila Densa,,,,,,,,,,,,,,,,,,,,,,,,,,,,,,,,,,,,,,,,,,,,
,MultiPolygon,-46.6992696,-22.9018716,,,,wood,,,,,,Floresta Ombrófila Densa,,,,,,,,,,,,,,,,,,,,,,,,,,,,,,,,,,,,,,,,,,,,
,MultiPolygon,-46.7041541,-22.9148849,,,,wood,,,,,,Floresta Ombrófila Densa,,,,,,,,,,,,,,,,,,,,,,,,,,,,,,,,,,,,,,,,,,,,
,MultiPolygon,-46.6889892,-22.8614173,,,,wood,,,,,,Floresta Ombrófila Densa,,,,,,,,,,,,,,,,,,,,,,,,,,,,,,,,,,,,,,,,,,,,
,MultiPolygon,-46.7075819,-22.9112159,,,,wood,,,,,,Floresta Ombrófila Densa,,,,,,,,,,,,,,,,,,,,,,,,,,,,,,,,,,,,,,,,,,,,
,MultiPolygon,-46.7187506,-22.8454348,,,,wood,,,,,,Floresta Ombrófila Densa,,,,,,,,,,,,,,,,,,,,,,,,,,,,,,,,,,,,,,,,,,,,
,MultiPolygon,-46.6985355,-22.8724901,,,,wood,,,,,,Floresta Ombrófila Densa,,,,,,,,,,,,,,,,,,,,,,,,,,,,,,,,,,,,,,,,,,,,
,MultiPolygon,-46.6886041,-22.8595728,,,,wood,,,,,,Floresta Ombrófila Densa,,,,,,,,,,,,,,,,,,,,,,,,,,,,,,,,,,,,,,,,,,,,
,MultiPolygon,-46.6916666,-22.8855286,,,,wood,,,,,,Floresta Ombrófila Densa,,,,,,,,,,,,,,,,,,,,,,,,,,,,,,,,,,,,,,,,,,,,
,MultiPolygon,-46.711829,-22.9050237,,,,wood,,,,,,Floresta Ombrófila Densa,,,,,,,,,,,,,,,,,,,,,,,,,,,,,,,,,,,,,,,,,,,,
,MultiPolygon,-46.7121291,-22.8331439,,,,wood,,,,,,,,,,,,,,,,,,,,,,,,,,,,,,,,,,,,,,,,,,,,,,,,,,
,MultiPolygon,-46.6999717,-22.9173457,,,,wood,,,,,,Floresta Ombrófila Densa,,,,,,,,,,,,,,,,,,,,,,,,,,,,,,,,,,,,,,,,,,,,
,MultiPolygon,-46.6755345,-22.830797,,,,wood,,,,,,Floresta Ombrófila Densa,,,,,,,,,,,,,,,,,,,,,,,,,,,,,,,,,,,,,,,,,,,,
,MultiPolygon,-46.6968925,-22.8964429,,,,grassland,,,,,,,,,,,,,,,,,,,,,,,,,,,,,,,,,,,,,,,,,,,,,,,,,,
,MultiPolygon,-46.7067177,-22.9077376,,,,wood,,,,,,Floresta Ombrófila Densa,,,,,,,,,,,,,,,,,,,,,,,,,,,,,,,,,,,,,,,,,,,,
,MultiPolygon,-46.6869356,-22.8595744,,,,wood,,,,,,Floresta Ombrófila Densa,,,,,,,,,,,,,,,,,,,,,,,,,,,,,,,,,,,,,,,,,,,,
,MultiPolygon,-46.690361,-22.8899615,,,,wood,,,,,,Floresta Ombrófila Densa,,,,,,,,,,,,,,,,,,,,,,,,,,,,,,,,,,,,,,,,,,,,
,MultiPolygon,-46.7105397,-22.8284073,,,,wood,,,,,,Floresta Ombrófila Densa,,,,,,,,,,,,,,,,,,,,,,,,,,,,,,,,,,,,,,,,,,,,
,MultiPolygon,-46.7093439,-22.8548431,,,,wood,,,,,,Floresta Ombrófila Densa,,,,,,,,,,,,,,,,,,,,,,,,,,,,,,,,,,,,,,,,,,,,
,MultiPolygon,-46.6980599,-22.8686955,,,,wood,,,,,,Floresta Ombrófila Densa,,,,,,,,,,,,,,,,,,,,,,,,,,,,,,,,,,,,,,,,,,,,
,MultiPolygon,-46.6747955,-22.8402225,,,,wood,,,,,,Floresta Ombrófila Densa,,,,,,,,,,,,,,,,,,,,,,,,,,,,,,,,,,,,,,,,,,,,
,MultiPolygon,-46.6923232,-22.8635583,,,,wood,,,,,,Floresta Ombrófila Densa,,,,,,,,,,,,,,,,,,,,,,,,,,,,,,,,,,,,,,,,,,,,
,MultiPolygon,-46.6935675,-22.8566006,,,,wood,,,,,,Floresta Ombrófila Densa,,,,,,,,,,,,,,,,,,,,,,,,,,,,,,,,,,,,,,,,,,,,
,MultiPolygon,-46.7068058,-22.859168,,,,wood,,,,,,Floresta Ombrófila Densa,,,,,,,,,,,,,,,,,,,,,,,,,,,,,,,,,,,,,,,,,,,,
,MultiPolygon,-46.7026001,-22.9092247,,,,wood,,,,,,Floresta Ombrófila Densa,,,,,,,,,,,,,,,,,,,,,,,,,,,,,,,,,,,,,,,,,,,,
,MultiPolygon,-46.6744652,-22.8534675,,,,wood,,,,,,Floresta Ombrófila Densa,,,,,,,,,,,,,,,,,,,,,,,,,,,,,,,,,,,,,,,,,,,,
,MultiPolygon,-46.6798977,-22.8223951,,,,wood,,,,,,Floresta Ombrófila Densa,,,,,,,,,,,,,,,,,,,,,,,,,,,,,,,,,,,,,,,,,,,,
,MultiPolygon,-46.7098554,-22.9240788,,,,wood,,,,,,Floresta Ombrófila Densa,,,,,,,,,,,,,,,,,,,,,,,,,,,,,,,,,,,,,,,,,,,,
,MultiPolygon,-46.6890888,-22.840775,,,,wood,,,,,,Floresta Ombrófila Densa,,,,,,,,,,,,,,,,,,,,,,,,,,,,,,,,,,,,,,,,,,,,
,MultiPolygon,-46.7200345,-22.832987,,,,wood,,,,,,Floresta Ombrófila Densa,,,,,,,,,,,,,,,,,,,,,,,,,,,,,,,,,,,,,,,,,,,,
,MultiPolygon,-46.7027403,-22.8507242,,,,wood,,,,,,Floresta Ombrófila Densa,,,,,,,,,,,,,,,,,,,,,,,,,,,,,,,,,,,,,,,,,,,,
,MultiPolygon,-46.7108256,-22.8915801,,,,wood,,,,,,Floresta Ombrófila Densa,,,,,,,,,,,,,,,,,,,,,,,,,,,,,,,,,,,,,,,,,,,,
,MultiPolygon,-46.6731668,-22.825999,,,,wood,,,,,,Floresta Ombrófila Densa,,,,,,,,,,,,,,,,,,,,,,,,,,,,,,,,,,,,,,,,,,,,
,MultiPolygon,-46.7163678,-22.854491,,,,wood,,,,,,,,,,,,,,,,,,,,,,,,,,,,,,,,,,,,,,,,,,,,,,,,,,
,MultiPolygon,-46.7133225,-22.8551201,,,,grassland,,,,,,,,,,,,,,,,,,,,,,,,,,,,,,,,,,,,,,,,,,,,,,,,,,
,MultiPolygon,-46.6948035,-22.8574526,,,,wood,,,,,,Floresta Ombrófila Densa,,,,,,,,,,,,,,,,,,,,,,,,,,,,,,,,,,,,,,,,,,,,
,MultiPolygon,-46.6995124,-22.8812449,,,,wood,,,,,,Floresta Ombrófila Densa,,,,,,,,,,,,,,,,,,,,,,,,,,,,,,,,,,,,,,,,,,,,
,MultiPolygon,-46.7194513,-22.8494091,,,,wood,,,,,,Floresta Ombrófila Densa,,,,,,,,,,,,,,,,,,,,,,,,,,,,,,,,,,,,,,,,,,,,
,MultiPolygon,-46.7043567,-22.8662176,,,,wood,,,,,,Floresta Ombrófila Densa,,,,,,,,,,,,,,,,,,,,,,,,,,,,,,,,,,,,,,,,,,,,
,MultiPolygon,-46.7061218,-22.8477729,,,,wood,,,,,,Floresta Ombrófila Densa,,,,,,,,,,,,,,,,,,,,,,,,,,,,,,,,,,,,,,,,,,,,
,MultiPolygon,-46.6931237,-22.8856059,,,,wood,,,,,,,,,,,,,,,,,,,,,,,,,,,,,,,,,,,,,,,,,,,,,,,,,,
,MultiPolygon,-46.7196396,-22.8968704,,,,wood,,,,,,Floresta Ombrófila Densa,,,,,,,,,,,,,,,,,,,,,,,,,,,,,,,,,,,,,,,,,,,,
,MultiPolygon,-46.7012825,-22.9052865,,,,wood,,,,,,Floresta Ombrófila Densa,,,,,,,,,,,,,,,,,,,,,,,,,,,,,,,,,,,,,,,,,,,,
,MultiPolygon,-46.7139182,-22.9030722,,,,wood,,,,,,Floresta Ombrófila Densa,,,,,,,,,,,,,,,,,,,,,,,,,,,,,,,,,,,,,,,,,,,,
,MultiPolygon,-46.6759508,-22.8223369,,,,wood,,,,,,Floresta Ombrófila Densa,,,,,,,,,,,,,,,,,,,,,,,,,,,,,,,,,,,,,,,,,,,,
,MultiPolygon,-46.6960779,-22.8999521,,,,wood,,,,,,Floresta Ombrófila Densa,,,,,,,,,,,,,,,,,,,,,,,,,,,,,,,,,,,,,,,,,,,,
,MultiPolygon,-46.708036,-22.8707313,,,,wood,,,,,,Floresta Ombrófila Densa,,,,,,,,,,,,,,,,,,,,,,,,,,,,,,,,,,,,,,,,,,,,
,MultiPolygon,-46.6821538,-22.8595105,,,,wood,,,,,,,,,,,,,,,,,,,,,,,,,,,,,,,,,,,,,,,,,,,,,,,,,,
,MultiPolygon,-46.6800847,-22.8599764,,,,grassland,,,,,,,,,,,,,,,,,,,,,,,,,,,,,,,,,,,,,,,,,,,,,,,,,,
,MultiPolygon,-46.6951928,-22.906959,,,,wood,,,,,,Floresta Ombrófila Densa,,,,,,,,,,,,,,,,,,,,,,,,,,,,,,,,,,,,,,,,,,,,
,MultiPolygon,-46.6834349,-22.836829,,,,wood,,,,,,Floresta Ombrófila Densa,,,,,,,,,,,,,,,,,,,,,,,,,,,,,,,,,,,,,,,,,,,,
,MultiPolygon,-46.6805402,-22.8550324,,,,wood,,,,,,Floresta Ombrófila Densa,,,,,,,,,,,,,,,,,,,,,,,,,,,,,,,,,,,,,,,,,,,,
,MultiPolygon,-46.6941743,-22.8570447,,,,wood,,,,,,Floresta Ombrófila Densa,,,,,,,,,,,,,,,,,,,,,,,,,,,,,,,,,,,,,,,,,,,,
,MultiPolygon,-46.7058663,-22.978735,,,,wood,,,,,,Floresta Ombrófila Densa,,,,,,,,,,,,,,,,,,,,,,,,,,,,,,,,,,,,,,,,,,,,
,MultiPolygon,-46.7179606,-22.9747916,,,,wood,,,,,,Floresta Ombrófila Densa,,,,,,,,,,,,,,,,,,,,,,,,,,,,,,,,,,,,,,,,,,,,
,MultiPolygon,-46.7064619,-22.9794544,,,,wood,,,,,,,,,,,,,,,,,,,,,,,,,,,,,,,,,,,,,,,,,,,,,,,,,,
,MultiPolygon,-46.674762,-22.9928904,,,,wood,,,,,,Floresta Ombrófila Densa,,,,,,,,,,,,,,,,,,,,,,,,,,,,,,,,,,,,,,,,,,,,
,MultiPolygon,-46.6715893,-22.9921868,,,,wood,,,,,,Floresta Ombrófila Densa,,,,,,,,,,,,,,,,,,,,,,,,,,,,,,,,,,,,,,,,,,,,
,MultiPolygon,-46.7180669,-22.9761586,,,,wood,,,,,,Floresta Ombrófila Densa,,,,,,,,,,,,,,,,,,,,,,,,,,,,,,,,,,,,,,,,,,,,
,MultiPolygon,-46.671823,-22.9964983,,,,wood,,,,,,Floresta Ombrófila Densa,,,,,,,,,,,,,,,,,,,,,,,,,,,,,,,,,,,,,,,,,,,,
,MultiPolygon,-46.7041709,-23.0315472,,,,wood,,,,,,Floresta Ombrófila Densa,,,,,,,,,,,,,,,,,,,,,,,,,,,,,,,,,,,,,,,,,,,,
,MultiPolygon,-46.6975533,-23.0132832,,,,wood,,,,,,,,,,,,,,,,,,,,,,,,,,,,,,,,,,,,,,,,,,,,,,,,,,
,MultiPolygon,-46.7031782,-23.0254291,,,,wood,,,,,,Floresta Ombrófila Densa,,,,,,,,,,,,,,,,,,,,,,,,,,,,,,,,,,,,,,,,,,,,
,MultiPolygon,-46.7131396,-23.0146231,,,,wood,,,,,,Floresta Ombrófila Densa,,,,,,,,,,,,,,,,,,,,,,,,,,,,,,,,,,,,,,,,,,,,
,MultiPolygon,-46.710937,-23.0022476,,,,wood,,,,,,Floresta Ombrófila Densa,,,,,,,,,,,,,,,,,,,,,,,,,,,,,,,,,,,,,,,,,,,,
,MultiPolygon,-46.708946,-23.0134329,,,,wood,,,,,,,,,,,,,,,,,,,,,,,,,,,,,,,,,,,,,,,,,,,,,,,,,,
,MultiPolygon,-46.7138556,-23.0064989,,,,wood,,,,,,Floresta Ombrófila Densa,,,,,,,,,,,,,,,,,,,,,,,,,,,,,,,,,,,,,,,,,,,,
,MultiPolygon,-46.7232916,-23.0125292,,,,wood,,,,,,,,,,,,,,,,,,,,,,,,,,,,,,,,,,,,,,,,,,,,,,,,,,
,MultiPolygon,-46.7068881,-23.0056659,,,,wood,,,,,,Floresta Ombrófila Densa,,,,,,,,,,,,,,,,,,,,,,,,,,,,,,,,,,,,,,,,,,,,
,MultiPolygon,-46.7006548,-23.0089501,,,,wood,,,,,,Floresta Ombrófila Densa,,,,,,,,,,,,,,,,,,,,,,,,,,,,,,,,,,,,,,,,,,,,
,MultiPolygon,-46.7204716,-22.9933694,,,,wood,,,,,,Floresta Ombrófila Densa,,,,,,,,,,,,,,,,,,,,,,,,,,,,,,,,,,,,,,,,,,,,
,MultiPolygon,-46.7183747,-23.0065632,,,,wood,,,,,,Floresta Ombrófila Densa,,,,,,,,,,,,,,,,,,,,,,,,,,,,,,,,,,,,,,,,,,,,
,MultiPolygon,-46.719705,-23.0026299,,,,wood,,,,,,Floresta Ombrófila Densa,,,,,,,,,,,,,,,,,,,,,,,,,,,,,,,,,,,,,,,,,,,,
,MultiPolygon,-46.7182867,-23.0156421,,,,wood,,,,,,Floresta Ombrófila Densa,,,,,,,,,,,,,,,,,,,,,,,,,,,,,,,,,,,,,,,,,,,,
,MultiPolygon,-46.7059234,-23.0101297,,,,wood,,,,,,Floresta Ombrófila Densa,,,,,,,,,,,,,,,,,,,,,,,,,,,,,,,,,,,,,,,,,,,,
,MultiPolygon,-46.7034297,-23.0333122,,,,wood,,,,,,Floresta Ombrófila Densa,,,,,,,,,,,,,,,,,,,,,,,,,,,,,,,,,,,,,,,,,,,,
,MultiPolygon,-46.6930851,-23.0104139,,,,wood,,,,,,Floresta Ombrófila Densa,,,,,,,,,,,,,,,,,,,,,,,,,,,,,,,,,,,,,,,,,,,,
,MultiPolygon,-46.7037782,-23.0269571,,,,wood,,,,,,Floresta Ombrófila Densa,,,,,,,,,,,,,,,,,,,,,,,,,,,,,,,,,,,,,,,,,,,,
,MultiPolygon,-46.7023114,-23.0328648,,,,wood,,,,,,Floresta Ombrófila Densa,,,,,,,,,,,,,,,,,,,,,,,,,,,,,,,,,,,,,,,,,,,,
,MultiPolygon,-46.7109573,-23.0078665,,,,wood,,,,,,Floresta Ombrófila Densa,,,,,,,,,,,,,,,,,,,,,,,,,,,,,,,,,,,,,,,,,,,,
,MultiPolygon,-46.7165315,-23.0187549,,,,wood,,,,,,Floresta Ombrófila Densa,,,,,,,,,,,,,,,,,,,,,,,,,,,,,,,,,,,,,,,,,,,,
,MultiPolygon,-46.7231776,-23.031608,,,,wood,,,,,,Floresta Ombrófila Densa,,,,,,,,,,,,,,,,,,,,,,,,,,,,,,,,,,,,,,,,,,,,
,MultiPolygon,-46.6968816,-23.0167138,,,,wood,,,,,,,,,,,,,,,,,,,,,,,,,,,,,,,,,,,,,,,,,,,,,,,,,,
,MultiPolygon,-46.6990275,-23.0288583,,,,wood,,,,,,Floresta Ombrófila Densa,,,,,,,,,,,,,,,,,,,,,,,,,,,,,,,,,,,,,,,,,,,,
,MultiPolygon,-46.7111849,-23.0070995,,,,wood,,,,,,Floresta Ombrófila Densa,,,,,,,,,,,,,,,,,,,,,,,,,,,,,,,,,,,,,,,,,,,,
,MultiPolygon,-46.7212351,-22.9996348,,,,wood,,,,,,,,,,,,,,,,,,,,,,,,,,,,,,,,,,,,,,,,,,,,,,,,,,
,MultiPolygon,-46.7337593,-22.9791703,,,,wood,,,,,,,,,,,,,,,,,,,,,,,,,,,,,,,,,,,,,,,,,,,,,,,,,,
,MultiPolygon,-46.6985751,-23.0195712,,,,wood,,,,,,Floresta Ombrófila Densa,,,,,,,,,,,,,,,,,,,,,,,,,,,,,,,,,,,,,,,,,,,,
,MultiPolygon,-46.4827997,-22.8444256,,,,wood,,,,,,Floresta Ombrófila Densa,,,,,,,,,,,,,,,,,,,,,,,,,,,,,,,,,,,,,,,,,,,,
,MultiPolygon,-46.4751117,-22.9008916,,,,wood,,,,,,Floresta Ombrófila Densa,,,,,,,,,,,,,,,,,,,,,,,,,,,,,,,,,,,,,,,,,,,,
,MultiPolygon,-46.4515462,-22.8861353,,,,wood,,,,,,Floresta Ombrófila Densa,,,,,,,,,,,,,,,,,,,,,,,,,,,,,,,,,,,,,,,,,,,,
,MultiPolygon,-46.544117,-22.8194726,,,,wood,,,,,,Floresta Ombrófila Densa,,,,,,,,,,,,,,,,,,,,,,,,,,,,,,,,,,,,,,,,,,,,
,MultiPolygon,-46.5768926,-22.8497433,,,,wood,,,,,,Floresta Ombrófila Densa,,,,,,,,,,,,,,,,,,,,,,,,,,,,,,,,,,,,,,,,,,,,
,MultiPolygon,-46.586777,-22.9071375,,,,wood,,,,,,Floresta Ombrófila Densa,,,,,,,,,,,,,,,,,,,,,,,,,,,,,,,,,,,,,,,,,,,,
,MultiPolygon,-46.6135506,-22.824503,,,,wood,,,,,,Floresta Ombrófila Densa,,,,,,,,,,,,,,,,,,,,,,,,,,,,,,,,,,,,,,,,,,,,
,MultiPolygon,-46.5055187,-22.9106341,,,,wood,,,,,,,,,,,,,,,,,,,,,,,,,,,,,,,,,,,,,,,,,,,,,,,,,,
,MultiPolygon,-46.5836512,-22.9079933,,,,wood,,,,,,,,,,,,,,,,,,,,,,,,,,,,,,,,,,,,,,,,,,,,,,,,,,
,MultiPolygon,-46.6036096,-22.8424032,,,,wood,,,,,,,,,,,,,,,,,,,,,,,,,,,,,,,,,,,,,,,,,,,,,,,,,,
,MultiPolygon,-46.5801239,-22.8841227,,,,wood,,,,,,Floresta Ombrófila Densa,,,,,,,,,,,,,,,,,,,,,,,,,,,,,,,,,,,,,,,,,,,,
,MultiPolygon,-46.526877,-22.8761687,,,,wood,,,,,,Floresta Ombrófila Densa,,,,,,,,,,,,,,,,,,,,,,,,,,,,,,,,,,,,,,,,,,,,
,MultiPolygon,-46.6139518,-22.8520441,,,,wood,,,,,,Floresta Ombrófila Densa,,,,,,,,,,,,,,,,,,,,,,,,,,,,,,,,,,,,,,,,,,,,
,MultiPolygon,-46.5751946,-22.8234423,,,,wood,,,,,,Floresta Ombrófila Densa,,,,,,,,,,,,,,,,,,,,,,,,,,,,,,,,,,,,,,,,,,,,
,MultiPolygon,-46.6062774,-22.844952,,,,wood,,,,,,Floresta Ombrófila Densa,,,,,,,,,,,,,,,,,,,,,,,,,,,,,,,,,,,,,,,,,,,,
,MultiPolygon,-46.6198441,-22.8223186,,,,wood,,,,,,Floresta Ombrófila Densa,,,,,,,,,,,,,,,,,,,,,,,,,,,,,,,,,,,,,,,,,,,,
,MultiPolygon,-46.6200826,-22.8663144,,,,wood,,,,,,Floresta Ombrófila Densa,,,,,,,,,,,,,,,,,,,,,,,,,,,,,,,,,,,,,,,,,,,,
,MultiPolygon,-46.5683229,-22.8770575,,,,wood,,,,,,Floresta Ombrófila Densa,,,,,,,,,,,,,,,,,,,,,,,,,,,,,,,,,,,,,,,,,,,,
,MultiPolygon,-46.5774032,-22.8411377,,,,wood,,,,,,Floresta Ombrófila Densa,,,,,,,,,,,,,,,,,,,,,,,,,,,,,,,,,,,,,,,,,,,,
,MultiPolygon,-46.5760318,-22.8273325,,,,wood,,,,,,Floresta Ombrófila Densa,,,,,,,,,,,,,,,,,,,,,,,,,,,,,,,,,,,,,,,,,,,,
,MultiPolygon,-46.547861,-22.8739538,,,,wood,,,,,,Floresta Ombrófila Densa,,,,,,,,,,,,,,,,,,,,,,,,,,,,,,,,,,,,,,,,,,,,
,MultiPolygon,-46.474618,-22.8549227,,,,wood,,,,,,Floresta Ombrófila Densa,,,,,,,,,,,,,,,,,,,,,,,,,,,,,,,,,,,,,,,,,,,,
,MultiPolygon,-46.5680377,-22.8683425,,,,wood,,,,,,Floresta Ombrófila Densa,,,,,,,,,,,,,,,,,,,,,,,,,,,,,,,,,,,,,,,,,,,,
,MultiPolygon,-46.5091998,-22.8481546,,,,wood,,,,,,Floresta Ombrófila Densa,,,,,,,,,,,,,,,,,,,,,,,,,,,,,,,,,,,,,,,,,,,,
,MultiPolygon,-46.5984874,-22.9003486,,,,wood,,,,,,Floresta Ombrófila Densa,,,,,,,,,,,,,,,,,,,,,,,,,,,,,,,,,,,,,,,,,,,,
,MultiPolygon,-46.6038789,-22.8866271,,,,wood,,,,,,Floresta Ombrófila Densa,,,,,,,,,,,,,,,,,,,,,,,,,,,,,,,,,,,,,,,,,,,,
,MultiPolygon,-46.5329793,-22.8296839,,,,wood,,,,,,Floresta Ombrófila Densa,,,,,,,,,,,,,,,,,,,,,,,,,,,,,,,,,,,,,,,,,,,,
,MultiPolygon,-46.5800407,-22.8255795,,,,wood,,,,,,Floresta Ombrófila Densa,,,,,,,,,,,,,,,,,,,,,,,,,,,,,,,,,,,,,,,,,,,,
,MultiPolygon,-46.5632715,-22.871821,,,,wood,,,,,,Floresta Ombrófila Densa,,,,,,,,,,,,,,,,,,,,,,,,,,,,,,,,,,,,,,,,,,,,
,MultiPolygon,-46.5873583,-22.8334207,,,,wood,,,,,,Floresta Ombrófila Densa,,,,,,,,,,,,,,,,,,,,,,,,,,,,,,,,,,,,,,,,,,,,
,MultiPolygon,-46.5797427,-22.872146,,,,wood,,,,,,Floresta Ombrófila Densa,,,,,,,,,,,,,,,,,,,,,,,,,,,,,,,,,,,,,,,,,,,,
,MultiPolygon,-46.5572628,-22.8781167,,,,wood,,,,,,Floresta Ombrófila Densa,,,,,,,,,,,,,,,,,,,,,,,,,,,,,,,,,,,,,,,,,,,,
,MultiPolygon,-46.6138179,-22.8632324,,,,wood,,,,,,Floresta Ombrófila Densa,,,,,,,,,,,,,,,,,,,,,,,,,,,,,,,,,,,,,,,,,,,,
,MultiPolygon,-46.626695,-22.8419164,,,,wood,,,,,,Floresta Ombrófila Densa,,,,,,,,,,,,,,,,,,,,,,,,,,,,,,,,,,,,,,,,,,,,
,MultiPolygon,-46.5525963,-22.8512572,,,,wood,,,,,,Floresta Ombrófila Densa,,,,,,,,,,,,,,,,,,,,,,,,,,,,,,,,,,,,,,,,,,,,
,MultiPolygon,-46.5293502,-22.8372431,,,,wood,,,,,,Floresta Ombrófila Densa,,,,,,,,,,,,,,,,,,,,,,,,,,,,,,,,,,,,,,,,,,,,
,MultiPolygon,-46.6082862,-22.8490528,,,,wood,,,,,,Floresta Ombrófila Densa,,,,,,,,,,,,,,,,,,,,,,,,,,,,,,,,,,,,,,,,,,,,
,MultiPolygon,-46.5533802,-22.8953747,,,,wood,,,,,,Floresta Ombrófila Densa,,,,,,,,,,,,,,,,,,,,,,,,,,,,,,,,,,,,,,,,,,,,
,MultiPolygon,-46.5749616,-22.8198758,,,,wood,,,,,,Floresta Ombrófila Densa,,,,,,,,,,,,,,,,,,,,,,,,,,,,,,,,,,,,,,,,,,,,
,MultiPolygon,-46.4610505,-22.8900875,,,,wood,,,,,,Floresta Ombrófila Densa,,,,,,,,,,,,,,,,,,,,,,,,,,,,,,,,,,,,,,,,,,,,
,MultiPolygon,-46.4546628,-22.8673112,,,,wood,,,,,,Floresta Ombrófila Densa,,,,,,,,,,,,,,,,,,,,,,,,,,,,,,,,,,,,,,,,,,,,
,MultiPolygon,-46.5744663,-22.8298024,,,,wood,,,,,,Floresta Ombrófila Densa,,,,,,,,,,,,,,,,,,,,,,,,,,,,,,,,,,,,,,,,,,,,
,LineString,-22.8619855,-46.5153388,,,,wood,,,,,,Floresta Ombrófila Densa,,,,,,,,,,,,,,,,,,,,,,,,,,,,,,,,,,,,,,,,,,,,
,LineString,-22.8407821,-46.6181442,,,,wood,,,,,,Floresta Ombrófila Densa,,,,,,,,,,,,,,,,,,,,,,,,,,,,,,,,,,,,,,,,,,,,
,LineString,-22.8275646,-46.5882964,,,,wood,,,,,,Floresta Ombrófila Densa,,,,,,,,,,,,,,,,,,,,,,,,,,,,,,,,,,,,,,,,,,,,
,LineString,-22.8220132,-46.5336849,,,,wood,,,,,,Floresta Ombrófila Densa,,,,,,,,,,,,,,,,,,,,,,,,,,,,,,,,,,,,,,,,,,,,
,LineString,-22.8494692,-46.488829,,,,wood,,,,,,Floresta Ombrófila Densa,,,,,,,,,,,,,,,,,,,,,,,,,,,,,,,,,,,,,,,,,,,,
,LineString,-22.8331549,-46.5887132,,,,wood,,,,,,Floresta Ombrófila Densa,,,,,,,,,,,,,,,,,,,,,,,,,,,,,,,,,,,,,,,,,,,,
,LineString,-22.8451376,-46.6266989,,,,wood,,,,,,Floresta Ombrófila Densa,,,,,,,,,,,,,,,,,,,,,,,,,,,,,,,,,,,,,,,,,,,,
,LineString,-22.901576,-46.5885779,,,,wood,,,,,,Floresta Ombrófila Densa,,,,,,,,,,,,,,,,,,,,,,,,,,,,,,,,,,,,,,,,,,,,
,LineString,-22.8869339,-46.5525009,,,,wood,,,,,,Floresta Ombrófila Densa,,,,,,,,,,,,,,,,,,,,,,,,,,,,,,,,,,,,,,,,,,,,
,LineString,-22.8509928,-46.6012421,,,,wood,,,,,,Floresta Ombrófila Densa,,,,,,,,,,,,,,,,,,,,,,,,,,,,,,,,,,,,,,,,,,,,
,LineString,-22.8818417,-46.6092128,,,,wood,,,,,,Floresta Ombrófila Densa,,,,,,,,,,,,,,,,,,,,,,,,,,,,,,,,,,,,,,,,,,,,
,LineString,-22.8933506,-46.5802274,,,,wood,,,,,,Floresta Ombrófila Densa,,,,,,,,,,,,,,,,,,,,,,,,,,,,,,,,,,,,,,,,,,,,
,LineString,-22.8249779,-46.5823885,,,,wood,,,,,,,,,,,,,,,,,,,,,,,,,,,,,,,,,,,,,,,,,,,,,,,,,,
,LineString,-22.843905,-46.4914896,,,,wood,,,,,,Floresta Ombrófila Densa,,,,,,,,,,,,,,,,,,,,,,,,,,,,,,,,,,,,,,,,,,,,
,LineString,-22.884579,-46.6053556,,,,wood,,,,,,Floresta Ombrófila Densa,,,,,,,,,,,,,,,,,,,,,,,,,,,,,,,,,,,,,,,,,,,,
,LineString,-22.8814402,-46.4792495,,,,wood,,,,,,Floresta Ombrófila Densa,,,,,,,,,,,,,,,,,,,,,,,,,,,,,,,,,,,,,,,,,,,,
,LineString,-22.890687,-46.6068595,,,,wood,,,,,,Floresta Ombrófila Densa,,,,,,,,,,,,,,,,,,,,,,,,,,,,,,,,,,,,,,,,,,,,
,LineString,-22.844615,-46.5358282,,,,wood,,,,,,,,,,,,,,,,,,,,,,,,,,,,,,,,,,,,,,,,,,,,,,,,,,
,LineString,-22.9021899,-46.5844389,,,,wood,,,,,,Floresta Ombrófila Densa,,,,,,,,,,,,,,,,,,,,,,,,,,,,,,,,,,,,,,,,,,,,
,LineString,-22.820449,-46.6106642,,,,wood,,,,,,Floresta Ombrófila Densa,,,,,,,,,,,,,,,,,,,,,,,,,,,,,,,,,,,,,,,,,,,,
,LineString,-22.8898076,-46.495318,,,,wood,,,,,,Floresta Ombrófila Densa,,,,,,,,,,,,,,,,,,,,,,,,,,,,,,,,,,,,,,,,,,,,
,LineString,-22.8642597,-46.5754949,,,,wood,,,,,,Floresta Ombrófila Densa,,,,,,,,,,,,,,,,,,,,,,,,,,,,,,,,,,,,,,,,,,,,
,LineString,-22.8524515,-46.6054035,,,,wood,,,,,,Floresta Ombrófila Densa,,,,,,,,,,,,,,,,,,,,,,,,,,,,,,,,,,,,,,,,,,,,
,LineString,-22.8620157,-46.6218495,,,,wood,,,,,,Floresta Ombrófila Densa,,,,,,,,,,,,,,,,,,,,,,,,,,,,,,,,,,,,,,,,,,,,
,LineString,-22.8587186,-46.5628714,,,,wood,,,,,,Floresta Ombrófila Densa,,,,,,,,,,,,,,,,,,,,,,,,,,,,,,,,,,,,,,,,,,,,
,LineString,-22.86734,-46.6099584,,,,wood,,,,,,Floresta Ombrófila Densa,,,,,,,,,,,,,,,,,,,,,,,,,,,,,,,,,,,,,,,,,,,,
,LineString,-22.8319908,-46.5350395,,,,wood,,,,,,Floresta Ombrófila Densa,,,,,,,,,,,,,,,,,,,,,,,,,,,,,,,,,,,,,,,,,,,,
,LineString,-22.9103121,-46.509478,,,,wood,,,,,,Floresta Ombrófila Densa,,,,,,,,,,,,,,,,,,,,,,,,,,,,,,,,,,,,,,,,,,,,
,LineString,-22.8741386,-46.4947362,,,,wood,,,,,,Floresta Ombrófila Densa,,,,,,,,,,,,,,,,,,,,,,,,,,,,,,,,,,,,,,,,,,,,
,LineString,-22.8986214,-46.4790374,,,,wood,,,,,,Floresta Ombrófila Densa,,,,,,,,,,,,,,,,,,,,,,,,,,,,,,,,,,,,,,,,,,,,
,LineString,-22.848496,-46.6030827,,,,wood,,,,,,Floresta Ombrófila Densa,,,,,,,,,,,,,,,,,,,,,,,,,,,,,,,,,,,,,,,,,,,,
,LineString,-22.9041745,-46.589673,,,,wood,,,,,,Floresta Ombrófila Densa,,,,,,,,,,,,,,,,,,,,,,,,,,,,,,,,,,,,,,,,,,,,
,LineString,-22.8881079,-46.4487265,,,,wood,,,,,,Floresta Ombrófila Densa,,,,,,,,,,,,,,,,,,,,,,,,,,,,,,,,,,,,,,,,,,,,
,LineString,-22.8312549,-46.5414657,,,,wood,,,,,,Floresta Ombrófila Densa,,,,,,,,,,,,,,,,,,,,,,,,,,,,,,,,,,,,,,,,,,,,
,LineString,-22.8774633,-46.4734321,,,,wood,,,,,,Floresta Ombrófila Densa,,,,,,,,,,,,,,,,,,,,,,,,,,,,,,,,,,,,,,,,,,,,
,LineString,-22.8268256,-46.591474,,,,wood,,,,,,Floresta Ombrófila Densa,,,,,,,,,,,,,,,,,,,,,,,,,,,,,,,,,,,,,,,,,,,,
,LineString,-22.8781399,-46.6067105,,,,wood,,,,,,Floresta Ombrófila Densa,,,,,,,,,,,,,,,,,,,,,,,,,,,,,,,,,,,,,,,,,,,,
,LineString,-22.847026,-46.6087673,,,,wood,,,,,,Floresta Ombrófila Densa,,,,,,,,,,,,,,,,,,,,,,,,,,,,,,,,,,,,,,,,,,,,
,LineString,-22.8345,-46.512629,,,,wood,,,,,,Floresta Ombrófila Densa,,,,,,,,,,,,,,,,,,,,,,,,,,,,,,,,,,,,,,,,,,,,
,LineString,-22.8915912,-46.5494131,,,,wood,,,,,,Floresta Ombrófila Densa,,,,,,,,,,,,,,,,,,,,,,,,,,,,,,,,,,,,,,,,,,,,
,LineString,-22.9005472,-46.5940592,,,,wood,,,,,,Floresta Ombrófila Densa,,,,,,,,,,,,,,,,,,,,,,,,,,,,,,,,,,,,,,,,,,,,
,LineString,-22.8644098,-46.5698952,,,,wood,,,,,,Floresta Ombrófila Densa,,,,,,,,,,,,,,,,,,,,,,,,,,,,,,,,,,,,,,,,,,,,
,LineString,-22.8545292,-46.5800585,,,,wood,,,,,,Floresta Ombrófila Densa,,,,,,,,,,,,,,,,,,,,,,,,,,,,,,,,,,,,,,,,,,,,
,LineString,-22.8976545,-46.4645081,,,,wood,,,,,,Floresta Ombrófila Densa,,,,,,,,,,,,,,,,,,,,,,,,,,,,,,,,,,,,,,,,,,,,
,LineString,-22.9067131,-46.5274758,,,,wood,,,,,,Floresta Ombrófila Densa,,,,,,,,,,,,,,,,,,,,,,,,,,,,,,,,,,,,,,,,,,,,
,LineString,-22.8277516,-46.5722501,,,,wood,,,,,,Floresta Ombrófila Densa,,,,,,,,,,,,,,,,,,,,,,,,,,,,,,,,,,,,,,,,,,,,
,LineString,-22.8794195,-46.5120726,,,,wood,,,,,,Floresta Ombrófila Densa,,,,,,,,,,,,,,,,,,,,,,,,,,,,,,,,,,,,,,,,,,,,
,LineString,-22.8970067,-46.4583922,,,,wood,,,,,,Floresta Ombrófila Densa,,,,,,,,,,,,,,,,,,,,,,,,,,,,,,,,,,,,,,,,,,,,
,LineString,-22.9027838,-46.4736734,,,,wood,,,,,,Floresta Ombrófila Densa,,,,,,,,,,,,,,,,,,,,,,,,,,,,,,,,,,,,,,,,,,,,
,LineString,-22.8198801,-46.5687342,,,,wood,,,,,,Floresta Ombrófila Densa,,,,,,,,,,,,,,,,,,,,,,,,,,,,,,,,,,,,,,,,,,,,
,LineString,-22.8302654,-46.5720058,,,,wood,,,,,,Floresta Ombrófila Densa,,,,,,,,,,,,,,,,,,,,,,,,,,,,,,,,,,,,,,,,,,,,
,LineString,-22.9000821,-46.5908231,,,,wood,,,,,,Floresta Ombrófila Densa,,,,,,,,,,,,,,,,,,,,,,,,,,,,,,,,,,,,,,,,,,,,
,LineString,-22.8632621,-46.5712268,,,,wood,,,,,,Floresta Ombrófila Densa,,,,,,,,,,,,,,,,,,,,,,,,,,,,,,,,,,,,,,,,,,,,
,LineString,-22.9093369,-46.5202034,,,,wood,,,,,,Floresta Ombrófila Densa,,,,,,,,,,,,,,,,,,,,,,,,,,,,,,,,,,,,,,,,,,,,
,LineString,-22.8839529,-46.5450936,,,,wood,,,,,,Floresta Ombrófila Densa,,,,,,,,,,,,,,,,,,,,,,,,,,,,,,,,,,,,,,,,,,,,
,LineString,-22.8720127,-46.572455,,,,wood,,,,,,Floresta Ombrófila Densa,,,,,,,,,,,,,,,,,,,,,,,,,,,,,,,,,,,,,,,,,,,,
,LineString,-22.8219884,-46.6076972,,,,wood,,,,,,Floresta Ombrófila Densa,,,,,,,,,,,,,,,,,,,,,,,,,,,,,,,,,,,,,,,,,,,,
,LineString,-22.8486051,-46.4767131,,,,wood,,,,,,Floresta Ombrófila Densa,,,,,,,,,,,,,,,,,,,,,,,,,,,,,,,,,,,,,,,,,,,,
,LineString,-22.8556024,-46.6139401,,,,wood,,,,,,Floresta Ombrófila Densa,,,,,,,,,,,,,,,,,,,,,,,,,,,,,,,,,,,,,,,,,,,,
,LineString,-22.8446014,-46.4931688,,,,wood,,,,,,Floresta Ombrófila Densa,,,,,,,,,,,,,,,,,,,,,,,,,,,,,,,,,,,,,,,,,,,,
,LineString,-22.9002333,-46.5380119,,,,wood,,,,,,Floresta Ombrófila Densa,,,,,,,,,,,,,,,,,,,,,,,,,,,,,,,,,,,,,,,,,,,,
,LineString,-22.886784,-46.5408844,,,,wood,,,,,,Floresta Ombrófila Densa,,,,,,,,,,,,,,,,,,,,,,,,,,,,,,,,,,,,,,,,,,,,
,LineString,-22.8657251,-46.5587398,,,,wood,,,,,,Floresta Ombrófila Densa,,,,,,,,,,,,,,,,,,,,,,,,,,,,,,,,,,,,,,,,,,,,
,LineString,-22.829267,-46.5238372,,,,wood,,,,,,Floresta Ombrófila Densa,,,,,,,,,,,,,,,,,,,,,,,,,,,,,,,,,,,,,,,,,,,,
,LineString,-22.9020877,-46.5529437,,,,wood,,,,,,,,,,,,,,,,,,,,,,,,,,,,,,,,,,,,,,,,,,,,,,,,,,
,LineString,-22.8817291,-46.548811,,,,wood,,,,,,,,,,,,,,,,,,,,,,,,,,,,,,,,,,,,,,,,,,,,,,,,,,
,LineString,-22.8610335,-46.6146404,,,,wood,,,,,,Floresta Ombrófila Densa,,,,,,,,,,,,,,,,,,,,,,,,,,,,,,,,,,,,,,,,,,,,
,LineString,-22.8499852,-46.5658062,,,,wood,,,,,,Floresta Ombrófila Densa,,,,,,,,,,,,,,,,,,,,,,,,,,,,,,,,,,,,,,,,,,,,
,LineString,-22.8295396,-46.533765,,,,wood,,,,,,Floresta Ombrófila Densa,,,,,,,,,,,,,,,,,,,,,,,,,,,,,,,,,,,,,,,,,,,,
,LineString,-22.8714708,-46.5918182,,,,wood,,,,,,Floresta Ombrófila Densa,,,,,,,,,,,,,,,,,,,,,,,,,,,,,,,,,,,,,,,,,,,,
,LineString,-22.8348833,-46.5937113,,,,wood,,,,,,Floresta Ombrófila Densa,,,,,,,,,,,,,,,,,,,,,,,,,,,,,,,,,,,,,,,,,,,,
,LineString,-22.8774206,-46.612267,,,,wood,,,,,,Floresta Ombrófila Densa,,,,,,,,,,,,,,,,,,,,,,,,,,,,,,,,,,,,,,,,,,,,
,LineString,-22.8674246,-46.5592425,,,,wood,,,,,,Floresta Ombrófila Densa,,,,,,,,,,,,,,,,,,,,,,,,,,,,,,,,,,,,,,,,,,,,
,LineString,-22.8457148,-46.6066159,,,,wood,,,,,,Floresta Ombrófila Densa,,,,,,,,,,,,,,,,,,,,,,,,,,,,,,,,,,,,,,,,,,,,
,LineString,-22.8992786,-46.5928476,,,,wood,,,,,,Floresta Ombrófila Densa,,,,,,,,,,,,,,,,,,,,,,,,,,,,,,,,,,,,,,,,,,,,
,LineString,-22.8636728,-46.6221401,,,,wood,,,,,,Floresta Ombrófila Densa,,,,,,,,,,,,,,,,,,,,,,,,,,,,,,,,,,,,,,,,,,,,
,LineString,-22.9114224,-46.5906908,,,,wood,,,,,,Floresta Ombrófila Densa,,,,,,,,,,,,,,,,,,,,,,,,,,,,,,,,,,,,,,,,,,,,
,LineString,-22.8791963,-46.5946684,,,,wood,,,,,,Floresta Ombrófila Densa,,,,,,,,,,,,,,,,,,,,,,,,,,,,,,,,,,,,,,,,,,,,
,LineString,-22.8591998,-46.5758663,,,,wood,,,,,,Floresta Ombrófila Densa,,,,,,,,,,,,,,,,,,,,,,,,,,,,,,,,,,,,,,,,,,,,
,LineString,-22.8907393,-46.5381106,,,,wood,,,,,,Floresta Ombrófila Densa,,,,,,,,,,,,,,,,,,,,,,,,,,,,,,,,,,,,,,,,,,,,
,LineString,-22.8433296,-46.58885,,,,wood,,,,,,Floresta Ombrófila Densa,,,,,,,,,,,,,,,,,,,,,,,,,,,,,,,,,,,,,,,,,,,,
,LineString,-22.820592,-46.5840256,,,,wood,,,,,,,,,,,,,,,,,,,,,,,,,,,,,,,,,,,,,,,,,,,,,,,,,,
,LineString,-22.8657743,-46.5337524,,,,wood,,,,,,Floresta Ombrófila Densa,,,,,,,,,,,,,,,,,,,,,,,,,,,,,,,,,,,,,,,,,,,,
,LineString,-22.9121078,-46.590563,,,,wood,,,,,,Floresta Ombrófila Densa,,,,,,,,,,,,,,,,,,,,,,,,,,,,,,,,,,,,,,,,,,,,
,LineString,-22.897589,-46.5875409,,,,wood,,,,,,Floresta Ombrófila Densa,,,,,,,,,,,,,,,,,,,,,,,,,,,,,,,,,,,,,,,,,,,,
,LineString,-22.8742204,-46.4801151,,,,wood,,,,,,Floresta Ombrófila Densa,,,,,,,,,,,,,,,,,,,,,,,,,,,,,,,,,,,,,,,,,,,,
,LineString,-22.8423865,-46.4967108,,,,wood,,,,,,Floresta Ombrófila Densa,,,,,,,,,,,,,,,,,,,,,,,,,,,,,,,,,,,,,,,,,,,,
,LineString,-22.8273281,-46.5779628,,,,wood,,,,,,Floresta Ombrófila Densa,,,,,,,,,,,,,,,,,,,,,,,,,,,,,,,,,,,,,,,,,,,,
,LineString,-22.8576614,-46.5559614,,,,wood,,,,,,Floresta Ombrófila Densa,,,,,,,,,,,,,,,,,,,,,,,,,,,,,,,,,,,,,,,,,,,,
,LineString,-22.8346553,-46.482502,,,,wood,,,,,,Floresta Ombrófila Densa,,,,,,,,,,,,,,,,,,,,,,,,,,,,,,,,,,,,,,,,,,,,
,LineString,-22.8474348,-46.5848008,,,,wood,,,,,,Floresta Ombrófila Densa,,,,,,,,,,,,,,,,,,,,,,,,,,,,,,,,,,,,,,,,,,,,
,LineString,-22.831909,-46.6129971,,,,wood,,,,,,Floresta Ombrófila Densa,,,,,,,,,,,,,,,,,,,,,,,,,,,,,,,,,,,,,,,,,,,,
,LineString,-22.8381829,-46.5352018,,,,wood,,,,,,Floresta Ombrófila Densa,,,,,,,,,,,,,,,,,,,,,,,,,,,,,,,,,,,,,,,,,,,,
,LineString,-22.8965757,-46.4680942,,,,wood,,,,,,Floresta Ombrófila Densa,,,,,,,,,,,,,,,,,,,,,,,,,,,,,,,,,,,,,,,,,,,,
,LineString,-22.8822834,-46.4580965,,,,wood,,,,,,Floresta Ombrófila Densa,,,,,,,,,,,,,,,,,,,,,,,,,,,,,,,,,,,,,,,,,,,,
,LineString,-22.8252255,-46.6055899,,,,wood,,,,,,Floresta Ombrófila Densa,,,,,,,,,,,,,,,,,,,,,,,,,,,,,,,,,,,,,,,,,,,,
,LineString,-22.893668,-46.5531877,,,,wood,,,,,,Floresta Ombrófila Densa,,,,,,,,,,,,,,,,,,,,,,,,,,,,,,,,,,,,,,,,,,,,
,LineString,-22.834077,-46.6142914,,,,wood,,,,,,Floresta Ombrófila Densa,,,,,,,,,,,,,,,,,,,,,,,,,,,,,,,,,,,,,,,,,,,,
,LineString,-22.8650764,-46.5392723,,,,wood,,,,,,Floresta Ombrófila Densa,,,,,,,,,,,,,,,,,,,,,,,,,,,,,,,,,,,,,,,,,,,,
,LineString,-22.910395,-46.5892082,,,,wood,,,,,,Floresta Ombrófila Densa,,,,,,,,,,,,,,,,,,,,,,,,,,,,,,,,,,,,,,,,,,,,
,LineString,-22.8849544,-46.5777154,,,,wood,,,,,,Floresta Ombrófila Densa,,,,,,,,,,,,,,,,,,,,,,,,,,,,,,,,,,,,,,,,,,,,
,LineString,-22.8495607,-46.6027085,,,,wood,,,,,,Floresta Ombrófila Densa,,,,,,,,,,,,,,,,,,,,,,,,,,,,,,,,,,,,,,,,,,,,
,LineString,-22.879517,-46.5697771,,,,wood,,,,,,Floresta Ombrófila Densa,,,,,,,,,,,,,,,,,,,,,,,,,,,,,,,,,,,,,,,,,,,,
,LineString,-22.8591533,-46.5213797,,,,wood,,,,,,Floresta Ombrófila Densa,,,,,,,,,,,,,,,,,,,,,,,,,,,,,,,,,,,,,,,,,,,,
,LineString,-22.8467072,-46.5250741,,,,wood,,,,,,Floresta Ombrófila Densa,,,,,,,,,,,,,,,,,,,,,,,,,,,,,,,,,,,,,,,,,,,,
,LineString,-22.8325276,-46.6200121,,,,wood,,,,,,Floresta Ombrófila Densa,,,,,,,,,,,,,,,,,,,,,,,,,,,,,,,,,,,,,,,,,,,,
,LineString,-22.8537311,-46.5345255,,,,wood,,,,,,,,,,,,,,,,,,,,,,,,,,,,,,,,,,,,,,,,,,,,,,,,,,
,LineString,-22.8525779,-46.4931005,,,,wood,,,,,,Floresta Ombrófila Densa,,,,,,,,,,,,,,,,,,,,,,,,,,,,,,,,,,,,,,,,,,,,
,LineString,-22.873383,-46.5314571,,,,wood,,,,,,Floresta Ombrófila Densa,,,,,,,,,,,,,,,,,,,,,,,,,,,,,,,,,,,,,,,,,,,,
,LineString,-22.8786956,-46.4562311,,,,wood,,,,,,Floresta Ombrófila Densa,,,,,,,,,,,,,,,,,,,,,,,,,,,,,,,,,,,,,,,,,,,,
,LineString,-22.8457221,-46.6116048,,,,wood,,,,,,Floresta Ombrófila Densa,,,,,,,,,,,,,,,,,,,,,,,,,,,,,,,,,,,,,,,,,,,,
,LineString,-22.8725967,-46.558828,,,,wood,,,,,,Floresta Ombrófila Densa,,,,,,,,,,,,,,,,,,,,,,,,,,,,,,,,,,,,,,,,,,,,
,LineString,-22.8516014,-46.6174218,,,,wood,,,,,,Floresta Ombrófila Densa,,,,,,,,,,,,,,,,,,,,,,,,,,,,,,,,,,,,,,,,,,,,
,LineString,-22.8390098,-46.521574,,,,wood,,,,,,Floresta Ombrófila Densa,,,,,,,,,,,,,,,,,,,,,,,,,,,,,,,,,,,,,,,,,,,,
,LineString,-22.8929279,-46.5471123,,,,wood,,,,,,Floresta Ombrófila Densa,,,,,,,,,,,,,,,,,,,,,,,,,,,,,,,,,,,,,,,,,,,,
,LineString,-22.8215772,-46.5865376,,,,wood,,,,,,Floresta Ombrófila Densa,,,,,,,,,,,,,,,,,,,,,,,,,,,,,,,,,,,,,,,,,,,,
,LineString,-22.8887687,-46.5324458,,,,wood,,,,,,Floresta Ombrófila Densa,,,,,,,,,,,,,,,,,,,,,,,,,,,,,,,,,,,,,,,,,,,,
,LineString,-22.8655061,-46.5784716,,,,wood,,,,,,Floresta Ombrófila Densa,,,,,,,,,,,,,,,,,,,,,,,,,,,,,,,,,,,,,,,,,,,,
,LineString,-22.8315404,-46.6161405,,,,wood,,,,,,Floresta Ombrófila Densa,,,,,,,,,,,,,,,,,,,,,,,,,,,,,,,,,,,,,,,,,,,,
,LineString,-22.9003114,-46.5416313,,,,wood,,,,,,Floresta Ombrófila Densa,,,,,,,,,,,,,,,,,,,,,,,,,,,,,,,,,,,,,,,,,,,,
,LineString,-22.8426131,-46.5324229,,,,wood,,,,,,Floresta Ombrófila Densa,,,,,,,,,,,,,,,,,,,,,,,,,,,,,,,,,,,,,,,,,,,,
,LineString,-22.8269981,-46.5745074,,,,wood,,,,,,Floresta Ombrófila Densa,,,,,,,,,,,,,,,,,,,,,,,,,,,,,,,,,,,,,,,,,,,,
,LineString,-22.8839224,-46.5033993,,,,wood,,,,,,Floresta Ombrófila Densa,,,,,,,,,,,,,,,,,,,,,,,,,,,,,,,,,,,,,,,,,,,,
,LineString,-22.8512315,-46.5615302,,,,wood,,,,,,Floresta Ombrófila Densa,,,,,,,,,,,,,,,,,,,,,,,,,,,,,,,,,,,,,,,,,,,,
,LineString,-22.8477255,-46.4866841,,,,wood,,,,,,Floresta Ombrófila Densa,,,,,,,,,,,,,,,,,,,,,,,,,,,,,,,,,,,,,,,,,,,,
,LineString,-22.8333316,-46.6138828,,,,wood,,,,,,Floresta Ombrófila Densa,,,,,,,,,,,,,,,,,,,,,,,,,,,,,,,,,,,,,,,,,,,,
,LineString,-22.8929284,-46.5381518,,,,wood,,,,,,Floresta Ombrófila Densa,,,,,,,,,,,,,,,,,,,,,,,,,,,,,,,,,,,,,,,,,,,,
,LineString,-22.8642073,-46.5427772,,,,wood,,,,,,Floresta Ombrófila Densa,,,,,,,,,,,,,,,,,,,,,,,,,,,,,,,,,,,,,,,,,,,,
,LineString,-22.8812265,-46.5237357,,,,wood,,,,,,Floresta Ombrófila Densa,,,,,,,,,,,,,,,,,,,,,,,,,,,,,,,,,,,,,,,,,,,,
,LineString,-22.9098543,-46.5836993,,,,wood,,,,,,,,,,,,,,,,,,,,,,,,,,,,,,,,,,,,,,,,,,,,,,,,,,
,LineString,-22.8323975,-46.572354,,,,wood,,,,,,Floresta Ombrófila Densa,,,,,,,,,,,,,,,,,,,,,,,,,,,,,,,,,,,,,,,,,,,,
,LineString,-22.9087282,-46.5464667,,,,wood,,,,,,,,,,,,,,,,,,,,,,,,,,,,,,,,,,,,,,,,,,,,,,,,,,
,LineString,-22.863787,-46.458045,,,,wood,,,,,,Floresta Ombrófila Densa,,,,,,,,,,,,,,,,,,,,,,,,,,,,,,,,,,,,,,,,,,,,
,LineString,-22.8514556,-46.6122358,,,,wood,,,,,,Floresta Ombrófila Densa,,,,,,,,,,,,,,,,,,,,,,,,,,,,,,,,,,,,,,,,,,,,
,LineString,-22.839073,-46.6043152,,,,wood,,,,,,Floresta Ombrófila Densa,,,,,,,,,,,,,,,,,,,,,,,,,,,,,,,,,,,,,,,,,,,,
,LineString,-22.8947507,-46.4623294,,,,wood,,,,,,Floresta Ombrófila Densa,,,,,,,,,,,,,,,,,,,,,,,,,,,,,,,,,,,,,,,,,,,,
,LineString,-22.8811187,-46.5430054,,,,wood,,,,,,Floresta Ombrófila Densa,,,,,,,,,,,,,,,,,,,,,,,,,,,,,,,,,,,,,,,,,,,,
,LineString,-22.8497228,-46.4903026,,,,wood,,,,,,Floresta Ombrófila Densa,,,,,,,,,,,,,,,,,,,,,,,,,,,,,,,,,,,,,,,,,,,,
,LineString,-22.8235533,-46.6277682,,,,wood,,,,,,Floresta Ombrófila Densa,,,,,,,,,,,,,,,,,,,,,,,,,,,,,,,,,,,,,,,,,,,,
,LineString,-22.8939494,-46.5912728,,,,wood,,,,,,Floresta Ombrófila Densa,,,,,,,,,,,,,,,,,,,,,,,,,,,,,,,,,,,,,,,,,,,,
,LineString,-22.9014672,-46.5128145,,,,wood,,,,,,Floresta Ombrófila Densa,,,,,,,,,,,,,,,,,,,,,,,,,,,,,,,,,,,,,,,,,,,,
,LineString,-22.8544434,-46.5770487,,,,wood,,,,,,Floresta Ombrófila Densa,,,,,,,,,,,,,,,,,,,,,,,,,,,,,,,,,,,,,,,,,,,,
,LineString,-22.9131519,-46.5772788,,,,wood,,,,,,Floresta Ombrófila Densa,,,,,,,,,,,,,,,,,,,,,,,,,,,,,,,,,,,,,,,,,,,,
,LineString,-22.8627145,-46.4565537,,,,wood,,,,,,Floresta Ombrófila Densa,,,,,,,,,,,,,,,,,,,,,,,,,,,,,,,,,,,,,,,,,,,,
,LineString,-22.8422224,-46.6008999,,,,wood,,,,,,Floresta Ombrófila Densa,,,,,,,,,,,,,,,,,,,,,,,,,,,,,,,,,,,,,,,,,,,,
,LineString,-22.9045554,-46.580455,,,,wood,,,,,,Floresta Ombrófila Densa,,,,,,,,,,,,,,,,,,,,,,,,,,,,,,,,,,,,,,,,,,,,
,LineString,-22.822416,-46.6276381,,,,wood,,,,,,Floresta Ombrófila Densa,,,,,,,,,,,,,,,,,,,,,,,,,,,,,,,,,,,,,,,,,,,,
,LineString,-22.8789026,-46.5689889,,,,wood,,,,,,Floresta Ombrófila Densa,,,,,,,,,,,,,,,,,,,,,,,,,,,,,,,,,,,,,,,,,,,,
,LineString,-22.8685462,-46.5883411,,,,wood,,,,,,Floresta Ombrófila Densa,,,,,,,,,,,,,,,,,,,,,,,,,,,,,,,,,,,,,,,,,,,,
,LineString,-22.8647809,-46.5438506,,,,wood,,,,,,Floresta Ombrófila Densa,,,,,,,,,,,,,,,,,,,,,,,,,,,,,,,,,,,,,,,,,,,,
,LineString,-22.8523743,-46.6213675,,,,wood,,,,,,Floresta Ombrófila Densa,,,,,,,,,,,,,,,,,,,,,,,,,,,,,,,,,,,,,,,,,,,,
,LineString,-22.9020168,-46.5533491,,,,wood,,,,,,,,,,,,,,,,,,,,,,,,,,,,,,,,,,,,,,,,,,,,,,,,,,
,LineString,-22.8496578,-46.608738,,,,wood,,,,,,Floresta Ombrófila Densa,,,,,,,,,,,,,,,,,,,,,,,,,,,,,,,,,,,,,,,,,,,,
,LineString,-22.877744,-46.5710498,,,,wood,,,,,,Floresta Ombrófila Densa,,,,,,,,,,,,,,,,,,,,,,,,,,,,,,,,,,,,,,,,,,,,
,LineString,-22.842134,-46.5835886,,,,wood,,,,,,Floresta Ombrófila Densa,,,,,,,,,,,,,,,,,,,,,,,,,,,,,,,,,,,,,,,,,,,,
,LineString,-22.9106481,-46.5206475,,,,wood,,,,,,Floresta Ombrófila Densa,,,,,,,,,,,,,,,,,,,,,,,,,,,,,,,,,,,,,,,,,,,,
,LineString,-22.8737565,-46.5505697,,,,wood,,,,,,Floresta Ombrófila Densa,,,,,,,,,,,,,,,,,,,,,,,,,,,,,,,,,,,,,,,,,,,,
,LineString,-22.8507059,-46.4998255,,,,wood,,,,,,Floresta Ombrófila Densa,,,,,,,,,,,,,,,,,,,,,,,,,,,,,,,,,,,,,,,,,,,,
,LineString,-22.8369762,-46.6018009,,,,wood,,,,,,Floresta Ombrófila Densa,,,,,,,,,,,,,,,,,,,,,,,,,,,,,,,,,,,,,,,,,,,,
,LineString,-22.8775811,-46.5957368,,,,wood,,,,,,Floresta Ombrófila Densa,,,,,,,,,,,,,,,,,,,,,,,,,,,,,,,,,,,,,,,,,,,,
,LineString,-22.8887499,-46.4920283,,,,wood,,,,,,Floresta Ombrófila Densa,,,,,,,,,,,,,,,,,,,,,,,,,,,,,,,,,,,,,,,,,,,,
,LineString,-22.8661719,-46.5349282,,,,wood,,,,,,Floresta Ombrófila Densa,,,,,,,,,,,,,,,,,,,,,,,,,,,,,,,,,,,,,,,,,,,,
,LineString,-22.9123067,-46.5115325,,,,wood,,,,,,Floresta Ombrófila Densa,,,,,,,,,,,,,,,,,,,,,,,,,,,,,,,,,,,,,,,,,,,,
,LineString,-22.8750825,-46.4814551,,,,wood,,,,,,Floresta Ombrófila Densa,,,,,,,,,,,,,,,,,,,,,,,,,,,,,,,,,,,,,,,,,,,,
,LineString,-22.8573122,-46.5927295,,,,wood,,,,,,Floresta Ombrófila Densa,,,,,,,,,,,,,,,,,,,,,,,,,,,,,,,,,,,,,,,,,,,,
,LineString,-22.8348631,-46.6266228,,,,wood,,,,,,Floresta Ombrófila Densa,,,,,,,,,,,,,,,,,,,,,,,,,,,,,,,,,,,,,,,,,,,,
,LineString,-22.872895,-46.5001054,,,,wood,,,,,,Floresta Ombrófila Densa,,,,,,,,,,,,,,,,,,,,,,,,,,,,,,,,,,,,,,,,,,,,
,LineString,-22.8509418,-46.6183687,,,,wood,,,,,,Floresta Ombrófila Densa,,,,,,,,,,,,,,,,,,,,,,,,,,,,,,,,,,,,,,,,,,,,
,LineString,-22.8931222,-46.4826568,,,,wood,,,,,,Floresta Ombrófila Densa,,,,,,,,,,,,,,,,,,,,,,,,,,,,,,,,,,,,,,,,,,,,
,LineString,-22.8349962,-46.6172936,,,,wood,,,,,,Floresta Ombrófila Densa,,,,,,,,,,,,,,,,,,,,,,,,,,,,,,,,,,,,,,,,,,,,
,LineString,-22.8220269,-46.6269296,,,,wood,,,,,,Floresta Ombrófila Densa,,,,,,,,,,,,,,,,,,,,,,,,,,,,,,,,,,,,,,,,,,,,
,LineString,-22.8774123,-46.5416843,,,,wood,,,,,,Floresta Ombrófila Densa,,,,,,,,,,,,,,,,,,,,,,,,,,,,,,,,,,,,,,,,,,,,
,LineString,-22.8298309,-46.5864414,,,,wood,,,,,,Floresta Ombrófila Densa,,,,,,,,,,,,,,,,,,,,,,,,,,,,,,,,,,,,,,,,,,,,
,LineString,-22.8423162,-46.6053548,,,,wood,,,,,,Floresta Ombrófila Densa,,,,,,,,,,,,,,,,,,,,,,,,,,,,,,,,,,,,,,,,,,,,
,LineString,-22.8298065,-46.5196921,,,,wood,,,,,,Floresta Ombrófila Densa,,,,,,,,,,,,,,,,,,,,,,,,,,,,,,,,,,,,,,,,,,,,
,LineString,-22.8850144,-46.5752136,,,,wood,,,,,,Floresta Ombrófila Densa,,,,,,,,,,,,,,,,,,,,,,,,,,,,,,,,,,,,,,,,,,,,
,LineString,-22.8500501,-46.620433,,,,wood,,,,,,Floresta Ombrófila Densa,,,,,,,,,,,,,,,,,,,,,,,,,,,,,,,,,,,,,,,,,,,,
,LineString,-22.837783,-46.5539097,,,,wood,,,,,,Floresta Ombrófila Densa,,,,,,,,,,,,,,,,,,,,,,,,,,,,,,,,,,,,,,,,,,,,
,LineString,-22.8795849,-46.5965442,,,,wood,,,,,,Floresta Ombrófila Densa,,,,,,,,,,,,,,,,,,,,,,,,,,,,,,,,,,,,,,,,,,,,
,LineString,-22.8907315,-46.4969953,,,,wood,,,,,,Floresta Ombrófila Densa,,,,,,,,,,,,,,,,,,,,,,,,,,,,,,,,,,,,,,,,,,,,
,LineString,-22.8754423,-46.4895868,,,,wood,,,,,,Floresta Ombrófila Densa,,,,,,,,,,,,,,,,,,,,,,,,,,,,,,,,,,,,,,,,,,,,
,LineString,-22.8704825,-46.6103182,,,,wood,,,,,,Floresta Ombrófila Densa,,,,,,,,,,,,,,,,,,,,,,,,,,,,,,,,,,,,,,,,,,,,
,LineString,-22.8365977,-46.5823901,,,,wood,,,,,,Floresta Ombrófila Densa,,,,,,,,,,,,,,,,,,,,,,,,,,,,,,,,,,,,,,,,,,,,
,LineString,-22.8222606,-46.5677619,,,,wood,,,,,,Floresta Ombrófila Densa,,,,,,,,,,,,,,,,,,,,,,,,,,,,,,,,,,,,,,,,,,,,
,LineString,-22.866838,-46.5362375,,,,wood,,,,,,,,,,,,,,,,,,,,,,,,,,,,,,,,,,,,,,,,,,,,,,,,,,
,LineString,-22.8328193,-46.5916778,,,,wood,,,,,,Floresta Ombrófila Densa,,,,,,,,,,,,,,,,,,,,,,,,,,,,,,,,,,,,,,,,,,,,
,LineString,-22.8299768,-46.5800656,,,,wood,,,,,,,,,,,,,,,,,,,,,,,,,,,,,,,,,,,,,,,,,,,,,,,,,,
,LineString,-22.8514899,-46.5263999,,,,wood,,,,,,Floresta Ombrófila Densa,,,,,,,,,,,,,,,,,,,,,,,,,,,,,,,,,,,,,,,,,,,,
,LineString,-22.839859,-46.5186011,,,,wood,,,,,,Floresta Ombrófila Densa,,,,,,,,,,,,,,,,,,,,,,,,,,,,,,,,,,,,,,,,,,,,
,LineString,-22.8602945,-46.4595915,,,,wood,,,,,,Floresta Ombrófila Densa,,,,,,,,,,,,,,,,,,,,,,,,,,,,,,,,,,,,,,,,,,,,
,LineString,-22.8485377,-46.6103255,,,,wood,,,,,,Floresta Ombrófila Densa,,,,,,,,,,,,,,,,,,,,,,,,,,,,,,,,,,,,,,,,,,,,
,LineString,-22.9061491,-46.5194624,,,,wood,,,,,,Floresta Ombrófila Densa,,,,,,,,,,,,,,,,,,,,,,,,,,,,,,,,,,,,,,,,,,,,
,LineString,-22.8243963,-46.6076763,,,,wood,,,,,,Floresta Ombrófila Densa,,,,,,,,,,,,,,,,,,,,,,,,,,,,,,,,,,,,,,,,,,,,
,LineString,-22.8579294,-46.5907722,,,,wood,,,,,,Floresta Ombrófila Densa,,,,,,,,,,,,,,,,,,,,,,,,,,,,,,,,,,,,,,,,,,,,
,LineString,-22.8298019,-46.5496808,,,,wood,,,,,,Floresta Ombrófila Densa,,,,,,,,,,,,,,,,,,,,,,,,,,,,,,,,,,,,,,,,,,,,
,LineString,-22.826262,-46.6113973,,,,wood,,,,,,Floresta Ombrófila Densa,,,,,,,,,,,,,,,,,,,,,,,,,,,,,,,,,,,,,,,,,,,,
,LineString,-22.8837265,-46.4504396,,,,wood,,,,,,Floresta Ombrófila Densa,,,,,,,,,,,,,,,,,,,,,,,,,,,,,,,,,,,,,,,,,,,,
,LineString,-22.8736792,-46.5860672,,,,wood,,,,,,Floresta Ombrófila Densa,,,,,,,,,,,,,,,,,,,,,,,,,,,,,,,,,,,,,,,,,,,,
,LineString,-22.8512217,-46.6137834,,,,wood,,,,,,Floresta Ombrófila Densa,,,,,,,,,,,,,,,,,,,,,,,,,,,,,,,,,,,,,,,,,,,,
,LineString,-22.9048046,-46.5221263,,,,wood,,,,,,Floresta Ombrófila Densa,,,,,,,,,,,,,,,,,,,,,,,,,,,,,,,,,,,,,,,,,,,,
,LineString,-22.8472959,-46.5040704,,,,wood,,,,,,Floresta Ombrófila Densa,,,,,,,,,,,,,,,,,,,,,,,,,,,,,,,,,,,,,,,,,,,,
,LineString,-22.8925405,-46.5476289,,,,wood,,,,,,Floresta Ombrófila Densa,,,,,,,,,,,,,,,,,,,,,,,,,,,,,,,,,,,,,,,,,,,,
,LineString,-22.8653204,-46.605743,,,,wood,,,,,,Floresta Ombrófila Densa,,,,,,,,,,,,,,,,,,,,,,,,,,,,,,,,,,,,,,,,,,,,
,LineString,-22.8535606,-46.6194319,,,,wood,,,,,,Floresta Ombrófila Densa,,,,,,,,,,,,,,,,,,,,,,,,,,,,,,,,,,,,,,,,,,,,
,LineString,-22.8310408,-46.6005452,,,,wood,,,,,,Floresta Ombrófila Densa,,,,,,,,,,,,,,,,,,,,,,,,,,,,,,,,,,,,,,,,,,,,
,LineString,-22.8520308,-46.4630143,,,,wood,,,,,,Floresta Ombrófila Densa,,,,,,,,,,,,,,,,,,,,,,,,,,,,,,,,,,,,,,,,,,,,
,LineString,-22.8247892,-46.6086068,,,,wood,,,,,,Floresta Ombrófila Densa,,,,,,,,,,,,,,,,,,,,,,,,,,,,,,,,,,,,,,,,,,,,
,LineString,-22.9083923,-46.5832163,,,,wood,,,,,,,,,,,,,,,,,,,,,,,,,,,,,,,,,,,,,,,,,,,,,,,,,,
,LineString,-22.9106322,-46.5315152,,,,wood,,,,,,Floresta Ombrófila Densa,,,,,,,,,,,,,,,,,,,,,,,,,,,,,,,,,,,,,,,,,,,,
,LineString,-22.8289389,-46.581632,,,,wood,,,,,,,,,,,,,,,,,,,,,,,,,,,,,,,,,,,,,,,,,,,,,,,,,,
,LineString,-22.8517173,-46.619516,,,,wood,,,,,,Floresta Ombrófila Densa,,,,,,,,,,,,,,,,,,,,,,,,,,,,,,,,,,,,,,,,,,,,
,LineString,-22.8393316,-46.487465,,,,wood,,,,,,Floresta Ombrófila Densa,,,,,,,,,,,,,,,,,,,,,,,,,,,,,,,,,,,,,,,,,,,,
,LineString,-22.8244308,-46.5258043,,,,wood,,,,,,Floresta Ombrófila Densa,,,,,,,,,,,,,,,,,,,,,,,,,,,,,,,,,,,,,,,,,,,,
,LineString,-22.8564821,-46.5582419,,,,wood,,,,,,Floresta Ombrófila Densa,,,,,,,,,,,,,,,,,,,,,,,,,,,,,,,,,,,,,,,,,,,,
,LineString,-22.8699992,-46.5995449,,,,wood,,,,,,Floresta Ombrófila Densa,,,,,,,,,,,,,,,,,,,,,,,,,,,,,,,,,,,,,,,,,,,,
,LineString,-22.8539585,-46.594454,,,,wood,,,,,,Floresta Ombrófila Densa,,,,,,,,,,,,,,,,,,,,,,,,,,,,,,,,,,,,,,,,,,,,
,LineString,-22.8414136,-46.5640319,,,,wood,,,,,,Floresta Ombrófila Densa,,,,,,,,,,,,,,,,,,,,,,,,,,,,,,,,,,,,,,,,,,,,
,LineString,-22.9092544,-46.5702494,,,,wood,,,,,,Floresta Ombrófila Densa,,,,,,,,,,,,,,,,,,,,,,,,,,,,,,,,,,,,,,,,,,,,
,LineString,-22.8277263,-46.5733557,,,,wood,,,,,,Floresta Ombrófila Densa,,,,,,,,,,,,,,,,,,,,,,,,,,,,,,,,,,,,,,,,,,,,
,LineString,-22.8720041,-46.616602,,,,wood,,,,,,Floresta Ombrófila Densa,,,,,,,,,,,,,,,,,,,,,,,,,,,,,,,,,,,,,,,,,,,,
,LineString,-22.8598816,-46.618374,,,,wood,,,,,,Floresta Ombrófila Densa,,,,,,,,,,,,,,,,,,,,,,,,,,,,,,,,,,,,,,,,,,,,
,LineString,-22.8359495,-46.5824063,,,,wood,,,,,,Floresta Ombrófila Densa,,,,,,,,,,,,,,,,,,,,,,,,,,,,,,,,,,,,,,,,,,,,
,LineString,-22.8217074,-46.615168,,,,wood,,,,,,Floresta Ombrófila Densa,,,,,,,,,,,,,,,,,,,,,,,,,,,,,,,,,,,,,,,,,,,,
,LineString,-22.8706718,-46.5540432,,,,wood,,,,,,Floresta Ombrófila Densa,,,,,,,,,,,,,,,,,,,,,,,,,,,,,,,,,,,,,,,,,,,,
,LineString,-22.8334288,-46.5581922,,,,wood,,,,,,Floresta Ombrófila Densa,,,,,,,,,,,,,,,,,,,,,,,,,,,,,,,,,,,,,,,,,,,,
,LineString,-22.8546422,-46.6185312,,,,wood,,,,,,Floresta Ombrófila Densa,,,,,,,,,,,,,,,,,,,,,,,,,,,,,,,,,,,,,,,,,,,,
,LineString,-22.9011942,-46.5905612,,,,wood,,,,,,Floresta Ombrófila Densa,,,,,,,,,,,,,,,,,,,,,,,,,,,,,,,,,,,,,,,,,,,,
,LineString,-22.8869852,-46.4734604,,,,wood,,,,,,Floresta Ombrófila Densa,,,,,,,,,,,,,,,,,,,,,,,,,,,,,,,,,,,,,,,,,,,,
,LineString,-22.8523537,-46.5852331,,,,wood,,,,,,Floresta Ombrófila Densa,,,,,,,,,,,,,,,,,,,,,,,,,,,,,,,,,,,,,,,,,,,,
,LineString,-22.9042297,-46.5173839,,,,wood,,,,,,Floresta Ombrófila Densa,,,,,,,,,,,,,,,,,,,,,,,,,,,,,,,,,,,,,,,,,,,,
,LineString,-22.8793249,-46.6112368,,,,wood,,,,,,,,,,,,,,,,,,,,,,,,,,,,,,,,,,,,,,,,,,,,,,,,,,
,LineString,-22.8306947,-46.5297754,,,,wood,,,,,,Floresta Ombrófila Densa,,,,,,,,,,,,,,,,,,,,,,,,,,,,,,,,,,,,,,,,,,,,
,LineString,-22.8920481,-46.5528019,,,,wood,,,,,,Floresta Ombrófila Densa,,,,,,,,,,,,,,,,,,,,,,,,,,,,,,,,,,,,,,,,,,,,
,LineString,-22.8918155,-46.5689168,,,,wood,,,,,,Floresta Ombrófila Densa,,,,,,,,,,,,,,,,,,,,,,,,,,,,,,,,,,,,,,,,,,,,
,LineString,-22.911453,-46.5709738,,,,wood,,,,,,Floresta Ombrófila Densa,,,,,,,,,,,,,,,,,,,,,,,,,,,,,,,,,,,,,,,,,,,,
,LineString,-22.8272223,-46.5277534,,,,wood,,,,,,Floresta Ombrófila Densa,,,,,,,,,,,,,,,,,,,,,,,,,,,,,,,,,,,,,,,,,,,,
,LineString,-22.9062413,-46.5273034,,,,wood,,,,,,Floresta Ombrófila Densa,,,,,,,,,,,,,,,,,,,,,,,,,,,,,,,,,,,,,,,,,,,,
,LineString,-22.8791042,-46.459619,,,,wood,,,,,,Floresta Ombrófila Densa,,,,,,,,,,,,,,,,,,,,,,,,,,,,,,,,,,,,,,,,,,,,
,LineString,-22.8699854,-46.5026877,,,,wood,,,,,,Floresta Ombrófila Densa,,,,,,,,,,,,,,,,,,,,,,,,,,,,,,,,,,,,,,,,,,,,
,LineString,-22.8459281,-46.6183359,,,,wood,,,,,,Floresta Ombrófila Densa,,,,,,,,,,,,,,,,,,,,,,,,,,,,,,,,,,,,,,,,,,,,
,LineString,-22.831738,-46.5850972,,,,wood,,,,,,Floresta Ombrófila Densa,,,,,,,,,,,,,,,,,,,,,,,,,,,,,,,,,,,,,,,,,,,,
,LineString,-22.8431447,-46.5856779,,,,wood,,,,,,Floresta Ombrófila Densa,,,,,,,,,,,,,,,,,,,,,,,,,,,,,,,,,,,,,,,,,,,,
,LineString,-22.8727389,-46.5807356,,,,wood,,,,,,Floresta Ombrófila Densa,,,,,,,,,,,,,,,,,,,,,,,,,,,,,,,,,,,,,,,,,,,,
,LineString,-22.8514556,-46.6122358,,,,wood,,,,,,Floresta Ombrófila Densa,,,,,,,,,,,,,,,,,,,,,,,,,,,,,,,,,,,,,,,,,,,,
,LineString,-22.8815603,-46.5729844,,,,wood,,,,,,Floresta Ombrófila Densa,,,,,,,,,,,,,,,,,,,,,,,,,,,,,,,,,,,,,,,,,,,,
,LineString,-22.8225732,-46.5614758,,,,wood,,,,,,Floresta Ombrófila Densa,,,,,,,,,,,,,,,,,,,,,,,,,,,,,,,,,,,,,,,,,,,,
,LineString,-22.8689272,-46.567394,,,,wood,,,,,,Floresta Ombrófila Densa,,,,,,,,,,,,,,,,,,,,,,,,,,,,,,,,,,,,,,,,,,,,
,LineString,-22.8355216,-46.5573919,,,,wood,,,,,,Floresta Ombrófila Densa,,,,,,,,,,,,,,,,,,,,,,,,,,,,,,,,,,,,,,,,,,,,
,LineString,-22.8771707,-46.450666,,,,wood,,,,,,Floresta Ombrófila Densa,,,,,,,,,,,,,,,,,,,,,,,,,,,,,,,,,,,,,,,,,,,,
,LineString,-22.8540265,-46.6138819,,,,wood,,,,,,Floresta Ombrófila Densa,,,,,,,,,,,,,,,,,,,,,,,,,,,,,,,,,,,,,,,,,,,,
,LineString,-22.830481,-46.5131001,,,,wood,,,,,,Floresta Ombrófila Densa,,,,,,,,,,,,,,,,,,,,,,,,,,,,,,,,,,,,,,,,,,,,
,LineString,-22.9006911,-46.5879991,,,,wood,,,,,,Floresta Ombrófila Densa,,,,,,,,,,,,,,,,,,,,,,,,,,,,,,,,,,,,,,,,,,,,
,LineString,-22.8172169,-46.5561787,,,,wood,,,,,,Floresta Ombrófila Densa,,,,,,,,,,,,,,,,,,,,,,,,,,,,,,,,,,,,,,,,,,,,
,LineString,-22.8837674,-46.4486037,,,,wood,,,,,,Floresta Ombrófila Densa,,,,,,,,,,,,,,,,,,,,,,,,,,,,,,,,,,,,,,,,,,,,
,LineString,-22.8730474,-46.5294208,,,,wood,,,,,,Floresta Ombrófila Densa,,,,,,,,,,,,,,,,,,,,,,,,,,,,,,,,,,,,,,,,,,,,
,LineString,-22.8319227,-46.5845425,,,,wood,,,,,,Floresta Ombrófila Densa,,,,,,,,,,,,,,,,,,,,,,,,,,,,,,,,,,,,,,,,,,,,
,LineString,-22.8904773,-46.4989618,,,,wood,,,,,,Floresta Ombrófila Densa,,,,,,,,,,,,,,,,,,,,,,,,,,,,,,,,,,,,,,,,,,,,
,LineString,-22.8442859,-46.4852545,,,,wood,,,,,,Floresta Ombrófila Densa,,,,,,,,,,,,,,,,,,,,,,,,,,,,,,,,,,,,,,,,,,,,
,LineString,-22.8984527,-46.6014885,,,,wood,,,,,,Floresta Ombrófila Densa,,,,,,,,,,,,,,,,,,,,,,,,,,,,,,,,,,,,,,,,,,,,
,LineString,-22.8746675,-46.6138725,,,,wood,,,,,,Floresta Ombrófila Densa,,,,,,,,,,,,,,,,,,,,,,,,,,,,,,,,,,,,,,,,,,,,
,LineString,-22.8324256,-46.4707737,,,,wood,,,,,,Floresta Ombrófila Densa,,,,,,,,,,,,,,,,,,,,,,,,,,,,,,,,,,,,,,,,,,,,
,LineString,-22.8356538,-46.6038026,,,,wood,,,,,,Floresta Ombrófila Densa,,,,,,,,,,,,,,,,,,,,,,,,,,,,,,,,,,,,,,,,,,,,
,LineString,-22.8227526,-46.5730668,,,,wood,,,,,,Floresta Ombrófila Densa,,,,,,,,,,,,,,,,,,,,,,,,,,,,,,,,,,,,,,,,,,,,
,LineString,-22.8692172,-46.5402693,,,,wood,,,,,,,,,,,,,,,,,,,,,,,,,,,,,,,,,,,,,,,,,,,,,,,,,,
,LineString,-22.845042,-46.5832674,,,,wood,,,,,,Floresta Ombrófila Densa,,,,,,,,,,,,,,,,,,,,,,,,,,,,,,,,,,,,,,,,,,,,
,LineString,-22.8311968,-46.5872563,,,,wood,,,,,,Floresta Ombrófila Densa,,,,,,,,,,,,,,,,,,,,,,,,,,,,,,,,,,,,,,,,,,,,
,LineString,-22.8766394,-46.6045555,,,,wood,,,,,,Floresta Ombrófila Densa,,,,,,,,,,,,,,,,,,,,,,,,,,,,,,,,,,,,,,,,,,,,
,LineString,-22.85582,-46.5537001,,,,wood,,,,,,Floresta Ombrófila Densa,,,,,,,,,,,,,,,,,,,,,,,,,,,,,,,,,,,,,,,,,,,,
,LineString,-22.8427559,-46.6018039,,,,wood,,,,,,,,,,,,,,,,,,,,,,,,,,,,,,,,,,,,,,,,,,,,,,,,,,
,LineString,-22.9104869,-46.5996684,,,,wood,,,,,,Floresta Ombrófila Densa,,,,,,,,,,,,,,,,,,,,,,,,,,,,,,,,,,,,,,,,,,,,
,LineString,-22.8282117,-46.5757432,,,,wood,,,,,,Floresta Ombrófila Densa,,,,,,,,,,,,,,,,,,,,,,,,,,,,,,,,,,,,,,,,,,,,
,LineString,-22.8840444,-46.4608272,,,,wood,,,,,,Floresta Ombrófila Densa,,,,,,,,,,,,,,,,,,,,,,,,,,,,,,,,,,,,,,,,,,,,
,LineString,-22.8725464,-46.6163636,,,,wood,,,,,,Floresta Ombrófila Densa,,,,,,,,,,,,,,,,,,,,,,,,,,,,,,,,,,,,,,,,,,,,
,LineString,-22.851293,-46.5459757,,,,wood,,,,,,Floresta Ombrófila Densa,,,,,,,,,,,,,,,,,,,,,,,,,,,,,,,,,,,,,,,,,,,,
,LineString,-22.8392247,-46.5144485,,,,wood,,,,,,Floresta Ombrófila Densa,,,,,,,,,,,,,,,,,,,,,,,,,,,,,,,,,,,,,,,,,,,,
,LineString,-22.8792235,-46.4865425,,,,wood,,,,,,Floresta Ombrófila Densa,,,,,,,,,,,,,,,,,,,,,,,,,,,,,,,,,,,,,,,,,,,,
,LineString,-22.8482375,-46.5531216,,,,wood,,,,,,Floresta Ombrófila Densa,,,,,,,,,,,,,,,,,,,,,,,,,,,,,,,,,,,,,,,,,,,,
,LineString,-22.9074508,-46.5416491,,,,wood,,,,,,Floresta Ombrófila Densa,,,,,,,,,,,,,,,,,,,,,,,,,,,,,,,,,,,,,,,,,,,,
,LineString,-22.8890842,-46.5924924,,,,wood,,,,,,Floresta Ombrófila Densa,,,,,,,,,,,,,,,,,,,,,,,,,,,,,,,,,,,,,,,,,,,,
,LineString,-22.8308566,-46.5870225,,,,wood,,,,,,Floresta Ombrófila Densa,,,,,,,,,,,,,,,,,,,,,,,,,,,,,,,,,,,,,,,,,,,,
,LineString,-22.8182703,-46.5145154,,,,wood,,,,,,Floresta Ombrófila Densa,,,,,,,,,,,,,,,,,,,,,,,,,,,,,,,,,,,,,,,,,,,,
,LineString,-22.8620045,-46.6210802,,,,wood,,,,,,Floresta Ombrófila Densa,,,,,,,,,,,,,,,,,,,,,,,,,,,,,,,,,,,,,,,,,,,,
,LineString,-22.8847825,-46.5432962,,,,wood,,,,,,Floresta Ombrófila Densa,,,,,,,,,,,,,,,,,,,,,,,,,,,,,,,,,,,,,,,,,,,,
,LineString,-22.8745928,-46.5667474,,,,wood,,,,,,Floresta Ombrófila Densa,,,,,,,,,,,,,,,,,,,,,,,,,,,,,,,,,,,,,,,,,,,,
,LineString,-22.8501708,-46.4928544,,,,wood,,,,,,Floresta Ombrófila Densa,,,,,,,,,,,,,,,,,,,,,,,,,,,,,,,,,,,,,,,,,,,,
,LineString,-22.837787,-46.6154343,,,,wood,,,,,,Floresta Ombrófila Densa,,,,,,,,,,,,,,,,,,,,,,,,,,,,,,,,,,,,,,,,,,,,
,LineString,-22.9072434,-46.551734,,,,wood,,,,,,Floresta Ombrófila Densa,,,,,,,,,,,,,,,,,,,,,,,,,,,,,,,,,,,,,,,,,,,,
,LineString,-22.8238989,-46.5078382,,,,wood,,,,,,Floresta Ombrófila Densa,,,,,,,,,,,,,,,,,,,,,,,,,,,,,,,,,,,,,,,,,,,,
,LineString,-22.9002699,-46.591694,,,,wood,,,,,,Floresta Ombrófila Densa,,,,,,,,,,,,,,,,,,,,,,,,,,,,,,,,,,,,,,,,,,,,
,LineString,-22.8847966,-46.579162,,,,wood,,,,,,Floresta Ombrófila Densa,,,,,,,,,,,,,,,,,,,,,,,,,,,,,,,,,,,,,,,,,,,,
,LineString,-22.8529515,-46.5470771,,,,wood,,,,,,Floresta Ombrófila Densa,,,,,,,,,,,,,,,,,,,,,,,,,,,,,,,,,,,,,,,,,,,,
,LineString,-22.862268,-46.5398196,,,,wood,,,,,,Floresta Ombrófila Densa,,,,,,,,,,,,,,,,,,,,,,,,,,,,,,,,,,,,,,,,,,,,
,LineString,-22.8728733,-46.6014843,,,,wood,,,,,,Floresta Ombrófila Densa,,,,,,,,,,,,,,,,,,,,,,,,,,,,,,,,,,,,,,,,,,,,
,LineString,-22.8368906,-46.5324339,,,,wood,,,,,,Floresta Ombrófila Densa,,,,,,,,,,,,,,,,,,,,,,,,,,,,,,,,,,,,,,,,,,,,
,LineString,-22.8616624,-46.5635688,,,,wood,,,,,,Floresta Ombrófila Densa,,,,,,,,,,,,,,,,,,,,,,,,,,,,,,,,,,,,,,,,,,,,
,LineString,-22.8236116,-46.5664498,,,,wood,,,,,,Floresta Ombrófila Densa,,,,,,,,,,,,,,,,,,,,,,,,,,,,,,,,,,,,,,,,,,,,
,LineString,-22.8943644,-46.6078847,,,,wood,,,,,,Floresta Ombrófila Densa,,,,,,,,,,,,,,,,,,,,,,,,,,,,,,,,,,,,,,,,,,,,
,LineString,-22.9025173,-46.5928739,,,,wood,,,,,,Floresta Ombrófila Densa,,,,,,,,,,,,,,,,,,,,,,,,,,,,,,,,,,,,,,,,,,,,
,LineString,-22.8667873,-46.5695144,,,,wood,,,,,,Floresta Ombrófila Densa,,,,,,,,,,,,,,,,,,,,,,,,,,,,,,,,,,,,,,,,,,,,
,LineString,-22.8307559,-46.5940672,,,,wood,,,,,,Floresta Ombrófila Densa,,,,,,,,,,,,,,,,,,,,,,,,,,,,,,,,,,,,,,,,,,,,
,LineString,-22.8416097,-46.6266379,,,,wood,,,,,,Floresta Ombrófila Densa,,,,,,,,,,,,,,,,,,,,,,,,,,,,,,,,,,,,,,,,,,,,
,LineString,-22.9099363,-46.5791103,,,,wood,,,,,,Floresta Ombrófila Densa,,,,,,,,,,,,,,,,,,,,,,,,,,,,,,,,,,,,,,,,,,,,
,LineString,-22.8725464,-46.6163636,,,,wood,,,,,,Floresta Ombrófila Densa,,,,,,,,,,,,,,,,,,,,,,,,,,,,,,,,,,,,,,,,,,,,
,LineString,-22.8354313,-46.5748081,,,,wood,,,,,,Floresta Ombrófila Densa,,,,,,,,,,,,,,,,,,,,,,,,,,,,,,,,,,,,,,,,,,,,
,LineString,-22.8230315,-46.5316906,,,,wood,,,,,,Floresta Ombrófila Densa,,,,,,,,,,,,,,,,,,,,,,,,,,,,,,,,,,,,,,,,,,,,
,LineString,-22.8689321,-46.4470341,,,,wood,,,,,,Floresta Ombrófila Densa,,,,,,,,,,,,,,,,,,,,,,,,,,,,,,,,,,,,,,,,,,,,
,LineString,-22.8761626,-46.6016837,,,,wood,,,,,,Floresta Ombrófila Densa,,,,,,,,,,,,,,,,,,,,,,,,,,,,,,,,,,,,,,,,,,,,
,LineString,-22.8553689,-46.4631916,,,,wood,,,,,,Floresta Ombrófila Densa,,,,,,,,,,,,,,,,,,,,,,,,,,,,,,,,,,,,,,,,,,,,
,LineString,-22.9030792,-46.5903884,,,,wood,,,,,,Floresta Ombrófila Densa,,,,,,,,,,,,,,,,,,,,,,,,,,,,,,,,,,,,,,,,,,,,
,LineString,-22.8219004,-46.5507224,,,,wood,,,,,,Floresta Ombrófila Densa,,,,,,,,,,,,,,,,,,,,,,,,,,,,,,,,,,,,,,,,,,,,
,LineString,-22.8807146,-46.5467975,,,,wood,,,,,,,,,,,,,,,,,,,,,,,,,,,,,,,,,,,,,,,,,,,,,,,,,,
,LineString,-22.8606249,-46.6136875,,,,wood,,,,,,Floresta Ombrófila Densa,,,,,,,,,,,,,,,,,,,,,,,,,,,,,,,,,,,,,,,,,,,,
,LineString,-22.9075273,-46.5159062,,,,wood,,,,,,Floresta Ombrófila Densa,,,,,,,,,,,,,,,,,,,,,,,,,,,,,,,,,,,,,,,,,,,,
,LineString,-22.8339635,-46.528468,,,,wood,,,,,,Floresta Ombrófila Densa,,,,,,,,,,,,,,,,,,,,,,,,,,,,,,,,,,,,,,,,,,,,
,LineString,-22.8225108,-46.5822442,,,,wood,,,,,,,,,,,,,,,,,,,,,,,,,,,,,,,,,,,,,,,,,,,,,,,,,,
,LineString,-22.8774047,-46.6074934,,,,wood,,,,,,Floresta Ombrófila Densa,,,,,,,,,,,,,,,,,,,,,,,,,,,,,,,,,,,,,,,,,,,,
,LineString,-22.8691198,-46.6175335,,,,wood,,,,,,Floresta Ombrófila Densa,,,,,,,,,,,,,,,,,,,,,,,,,,,,,,,,,,,,,,,,,,,,
,LineString,-22.8459586,-46.4792219,,,,wood,,,,,,Floresta Ombrófila Densa,,,,,,,,,,,,,,,,,,,,,,,,,,,,,,,,,,,,,,,,,,,,
,LineString,-22.8974827,-46.601371,,,,wood,,,,,,Floresta Ombrófila Densa,,,,,,,,,,,,,,,,,,,,,,,,,,,,,,,,,,,,,,,,,,,,
,LineString,-22.8598033,-46.6202674,,,,wood,,,,,,Floresta Ombrófila Densa,,,,,,,,,,,,,,,,,,,,,,,,,,,,,,,,,,,,,,,,,,,,
,LineString,-22.8488913,-46.5213665,,,,wood,,,,,,Floresta Ombrófila Densa,,,,,,,,,,,,,,,,,,,,,,,,,,,,,,,,,,,,,,,,,,,,
,LineString,-22.8326938,-46.5811132,,,,wood,,,,,,Floresta Ombrófila Densa,,,,,,,,,,,,,,,,,,,,,,,,,,,,,,,,,,,,,,,,,,,,
,LineString,-22.8448175,-46.5942683,,,,wood,,,,,,Floresta Ombrófila Densa,,,,,,,,,,,,,,,,,,,,,,,,,,,,,,,,,,,,,,,,,,,,
,LineString,-22.8895612,-46.547589,,,,wood,,,,,,Floresta Ombrófila Densa,,,,,,,,,,,,,,,,,,,,,,,,,,,,,,,,,,,,,,,,,,,,
,LineString,-22.8646477,-46.5462439,,,,wood,,,,,,Floresta Ombrófila Densa,,,,,,,,,,,,,,,,,,,,,,,,,,,,,,,,,,,,,,,,,,,,
,LineString,-22.8525852,-46.5985696,,,,wood,,,,,,Floresta Ombrófila Densa,,,,,,,,,,,,,,,,,,,,,,,,,,,,,,,,,,,,,,,,,,,,
,MultiPolygon,-46.5180753,-22.8643655,,,,wood,,,,,,Floresta Ombrófila Densa,,,,,,,,,,,,,,,,,,,,,,,,,,,,,,,,,,,,,,,,,,,,
,MultiPolygon,-46.6182419,-22.841017,,,,wood,,,,,,Floresta Ombrófila Densa,,,,,,,,,,,,,,,,,,,,,,,,,,,,,,,,,,,,,,,,,,,,
,MultiPolygon,-46.5890602,-22.8285128,,,,wood,,,,,,Floresta Ombrófila Densa,,,,,,,,,,,,,,,,,,,,,,,,,,,,,,,,,,,,,,,,,,,,
,MultiPolygon,-46.5352531,-22.822575,,,,wood,,,,,,Floresta Ombrófila Densa,,,,,,,,,,,,,,,,,,,,,,,,,,,,,,,,,,,,,,,,,,,,
,MultiPolygon,-46.4889709,-22.8493649,,,,wood,,,,,,Floresta Ombrófila Densa,,,,,,,,,,,,,,,,,,,,,,,,,,,,,,,,,,,,,,,,,,,,
,MultiPolygon,-46.5910913,-22.83383,,,,wood,,,,,,Floresta Ombrófila Densa,,,,,,,,,,,,,,,,,,,,,,,,,,,,,,,,,,,,,,,,,,,,
,MultiPolygon,-46.6290112,-22.8462976,,,,wood,,,,,,Floresta Ombrófila Densa,,,,,,,,,,,,,,,,,,,,,,,,,,,,,,,,,,,,,,,,,,,,
,MultiPolygon,-46.5896428,-22.9019955,,,,wood,,,,,,Floresta Ombrófila Densa,,,,,,,,,,,,,,,,,,,,,,,,,,,,,,,,,,,,,,,,,,,,
,MultiPolygon,-46.5532127,-22.8860337,,,,wood,,,,,,Floresta Ombrófila Densa,,,,,,,,,,,,,,,,,,,,,,,,,,,,,,,,,,,,,,,,,,,,
,MultiPolygon,-46.6014446,-22.850943,,,,wood,,,,,,Floresta Ombrófila Densa,,,,,,,,,,,,,,,,,,,,,,,,,,,,,,,,,,,,,,,,,,,,
,MultiPolygon,-46.6093434,-22.8818004,,,,wood,,,,,,Floresta Ombrófila Densa,,,,,,,,,,,,,,,,,,,,,,,,,,,,,,,,,,,,,,,,,,,,
,MultiPolygon,-46.5833352,-22.8943298,,,,wood,,,,,,Floresta Ombrófila Densa,,,,,,,,,,,,,,,,,,,,,,,,,,,,,,,,,,,,,,,,,,,,
,MultiPolygon,-46.5824685,-22.8252065,,,,wood,,,,,,,,,,,,,,,,,,,,,,,,,,,,,,,,,,,,,,,,,,,,,,,,,,
,MultiPolygon,-46.4926743,-22.8437864,,,,wood,,,,,,Floresta Ombrófila Densa,,,,,,,,,,,,,,,,,,,,,,,,,,,,,,,,,,,,,,,,,,,,
,MultiPolygon,-46.6075944,-22.8840105,,,,wood,,,,,,Floresta Ombrófila Densa,,,,,,,,,,,,,,,,,,,,,,,,,,,,,,,,,,,,,,,,,,,,
,MultiPolygon,-46.4815267,-22.8816771,,,,wood,,,,,,Floresta Ombrófila Densa,,,,,,,,,,,,,,,,,,,,,,,,,,,,,,,,,,,,,,,,,,,,
,MultiPolygon,-46.6072648,-22.8903178,,,,wood,,,,,,Floresta Ombrófila Densa,,,,,,,,,,,,,,,,,,,,,,,,,,,,,,,,,,,,,,,,,,,,
,MultiPolygon,-46.540602,-22.8513611,,,,wood,,,,,,,,,,,,,,,,,,,,,,,,,,,,,,,,,,,,,,,,,,,,,,,,,,
,MultiPolygon,-46.5858452,-22.9027971,,,,wood,,,,,,Floresta Ombrófila Densa,,,,,,,,,,,,,,,,,,,,,,,,,,,,,,,,,,,,,,,,,,,,
,MultiPolygon,-46.6112963,-22.8203841,,,,wood,,,,,,Floresta Ombrófila Densa,,,,,,,,,,,,,,,,,,,,,,,,,,,,,,,,,,,,,,,,,,,,
,MultiPolygon,-46.4957879,-22.8897593,,,,wood,,,,,,Floresta Ombrófila Densa,,,,,,,,,,,,,,,,,,,,,,,,,,,,,,,,,,,,,,,,,,,,
,MultiPolygon,-46.5767696,-22.8647823,,,,wood,,,,,,Floresta Ombrófila Densa,,,,,,,,,,,,,,,,,,,,,,,,,,,,,,,,,,,,,,,,,,,,
,MultiPolygon,-46.6084755,-22.8594891,,,,wood,,,,,,Floresta Ombrófila Densa,,,,,,,,,,,,,,,,,,,,,,,,,,,,,,,,,,,,,,,,,,,,
,MultiPolygon,-46.62201,-22.8620012,,,,wood,,,,,,Floresta Ombrófila Densa,,,,,,,,,,,,,,,,,,,,,,,,,,,,,,,,,,,,,,,,,,,,
,MultiPolygon,-46.5645549,-22.8587862,,,,wood,,,,,,Floresta Ombrófila Densa,,,,,,,,,,,,,,,,,,,,,,,,,,,,,,,,,,,,,,,,,,,,
,MultiPolygon,-46.6102187,-22.8671478,,,,wood,,,,,,Floresta Ombrófila Densa,,,,,,,,,,,,,,,,,,,,,,,,,,,,,,,,,,,,,,,,,,,,
,MultiPolygon,-46.5363707,-22.8320783,,,,wood,,,,,,Floresta Ombrófila Densa,,,,,,,,,,,,,,,,,,,,,,,,,,,,,,,,,,,,,,,,,,,,
,MultiPolygon,-46.5119356,-22.9113622,,,,wood,,,,,,Floresta Ombrófila Densa,,,,,,,,,,,,,,,,,,,,,,,,,,,,,,,,,,,,,,,,,,,,
,MultiPolygon,-46.4967646,-22.8728578,,,,wood,,,,,,Floresta Ombrófila Densa,,,,,,,,,,,,,,,,,,,,,,,,,,,,,,,,,,,,,,,,,,,,
,MultiPolygon,-46.4816024,-22.8986233,,,,wood,,,,,,Floresta Ombrófila Densa,,,,,,,,,,,,,,,,,,,,,,,,,,,,,,,,,,,,,,,,,,,,
,MultiPolygon,-46.6043583,-22.8495393,,,,wood,,,,,,Floresta Ombrófila Densa,,,,,,,,,,,,,,,,,,,,,,,,,,,,,,,,,,,,,,,,,,,,
,MultiPolygon,-46.5903057,-22.9039681,,,,wood,,,,,,Floresta Ombrófila Densa,,,,,,,,,,,,,,,,,,,,,,,,,,,,,,,,,,,,,,,,,,,,
,MultiPolygon,-46.4528982,-22.890926,,,,wood,,,,,,Floresta Ombrófila Densa,,,,,,,,,,,,,,,,,,,,,,,,,,,,,,,,,,,,,,,,,,,,
,MultiPolygon,-46.5431434,-22.8305218,,,,wood,,,,,,Floresta Ombrófila Densa,,,,,,,,,,,,,,,,,,,,,,,,,,,,,,,,,,,,,,,,,,,,
,MultiPolygon,-46.4782842,-22.8766031,,,,wood,,,,,,Floresta Ombrófila Densa,,,,,,,,,,,,,,,,,,,,,,,,,,,,,,,,,,,,,,,,,,,,
,MultiPolygon,-46.5929375,-22.8291192,,,,wood,,,,,,Floresta Ombrófila Densa,,,,,,,,,,,,,,,,,,,,,,,,,,,,,,,,,,,,,,,,,,,,
,MultiPolygon,-46.6074693,-22.8779549,,,,wood,,,,,,Floresta Ombrófila Densa,,,,,,,,,,,,,,,,,,,,,,,,,,,,,,,,,,,,,,,,,,,,
,MultiPolygon,-46.6091332,-22.8465344,,,,wood,,,,,,Floresta Ombrófila Densa,,,,,,,,,,,,,,,,,,,,,,,,,,,,,,,,,,,,,,,,,,,,
,MultiPolygon,-46.5136524,-22.8338021,,,,wood,,,,,,Floresta Ombrófila Densa,,,,,,,,,,,,,,,,,,,,,,,,,,,,,,,,,,,,,,,,,,,,
,MultiPolygon,-46.5507821,-22.8922278,,,,wood,,,,,,Floresta Ombrófila Densa,,,,,,,,,,,,,,,,,,,,,,,,,,,,,,,,,,,,,,,,,,,,
,MultiPolygon,-46.5954905,-22.9011924,,,,wood,,,,,,Floresta Ombrófila Densa,,,,,,,,,,,,,,,,,,,,,,,,,,,,,,,,,,,,,,,,,,,,
,MultiPolygon,-46.5707824,-22.8646431,,,,wood,,,,,,Floresta Ombrófila Densa,,,,,,,,,,,,,,,,,,,,,,,,,,,,,,,,,,,,,,,,,,,,
,MultiPolygon,-46.5814924,-22.8527959,,,,wood,,,,,,Floresta Ombrófila Densa,,,,,,,,,,,,,,,,,,,,,,,,,,,,,,,,,,,,,,,,,,,,
,MultiPolygon,-46.4702577,-22.900813,,,,wood,,,,,,Floresta Ombrófila Densa,,,,,,,,,,,,,,,,,,,,,,,,,,,,,,,,,,,,,,,,,,,,
,MultiPolygon,-46.5290565,-22.9073386,,,,wood,,,,,,Floresta Ombrófila Densa,,,,,,,,,,,,,,,,,,,,,,,,,,,,,,,,,,,,,,,,,,,,
,MultiPolygon,-46.5737365,-22.8285541,,,,wood,,,,,,Floresta Ombrófila Densa,,,,,,,,,,,,,,,,,,,,,,,,,,,,,,,,,,,,,,,,,,,,
,MultiPolygon,-46.5131692,-22.87979,,,,wood,,,,,,Floresta Ombrófila Densa,,,,,,,,,,,,,,,,,,,,,,,,,,,,,,,,,,,,,,,,,,,,
,MultiPolygon,-46.4593109,-22.8958553,,,,wood,,,,,,Floresta Ombrófila Densa,,,,,,,,,,,,,,,,,,,,,,,,,,,,,,,,,,,,,,,,,,,,
,MultiPolygon,-46.4740288,-22.9027375,,,,wood,,,,,,Floresta Ombrófila Densa,,,,,,,,,,,,,,,,,,,,,,,,,,,,,,,,,,,,,,,,,,,,
,MultiPolygon,-46.5697708,-22.8203573,,,,wood,,,,,,Floresta Ombrófila Densa,,,,,,,,,,,,,,,,,,,,,,,,,,,,,,,,,,,,,,,,,,,,
,MultiPolygon,-46.572263,-22.8306643,,,,wood,,,,,,Floresta Ombrófila Densa,,,,,,,,,,,,,,,,,,,,,,,,,,,,,,,,,,,,,,,,,,,,
,MultiPolygon,-46.5914193,-22.9004525,,,,wood,,,,,,Floresta Ombrófila Densa,,,,,,,,,,,,,,,,,,,,,,,,,,,,,,,,,,,,,,,,,,,,
,MultiPolygon,-46.5729685,-22.862256,,,,wood,,,,,,Floresta Ombrófila Densa,,,,,,,,,,,,,,,,,,,,,,,,,,,,,,,,,,,,,,,,,,,,
,MultiPolygon,-46.5213853,-22.9095048,,,,wood,,,,,,Floresta Ombrófila Densa,,,,,,,,,,,,,,,,,,,,,,,,,,,,,,,,,,,,,,,,,,,,
,MultiPolygon,-46.5474375,-22.8860224,,,,wood,,,,,,Floresta Ombrófila Densa,,,,,,,,,,,,,,,,,,,,,,,,,,,,,,,,,,,,,,,,,,,,
,MultiPolygon,-46.5750505,-22.8730265,,,,wood,,,,,,Floresta Ombrófila Densa,,,,,,,,,,,,,,,,,,,,,,,,,,,,,,,,,,,,,,,,,,,,
,MultiPolygon,-46.6083968,-22.8220186,,,,wood,,,,,,Floresta Ombrófila Densa,,,,,,,,,,,,,,,,,,,,,,,,,,,,,,,,,,,,,,,,,,,,
,MultiPolygon,-46.4854744,-22.8491372,,,,wood,,,,,,Floresta Ombrófila Densa,,,,,,,,,,,,,,,,,,,,,,,,,,,,,,,,,,,,,,,,,,,,
,MultiPolygon,-46.6153688,-22.8556159,,,,wood,,,,,,Floresta Ombrófila Densa,,,,,,,,,,,,,,,,,,,,,,,,,,,,,,,,,,,,,,,,,,,,
,MultiPolygon,-46.4931688,-22.8446014,,,,wood,,,,,,Floresta Ombrófila Densa,,,,,,,,,,,,,,,,,,,,,,,,,,,,,,,,,,,,,,,,,,,,
,MultiPolygon,-46.5386664,-22.9010872,,,,wood,,,,,,Floresta Ombrófila Densa,,,,,,,,,,,,,,,,,,,,,,,,,,,,,,,,,,,,,,,,,,,,
,MultiPolygon,-46.543708,-22.8903655,,,,wood,,,,,,Floresta Ombrófila Densa,,,,,,,,,,,,,,,,,,,,,,,,,,,,,,,,,,,,,,,,,,,,
,MultiPolygon,-46.5618436,-22.8665549,,,,wood,,,,,,Floresta Ombrófila Densa,,,,,,,,,,,,,,,,,,,,,,,,,,,,,,,,,,,,,,,,,,,,
,MultiPolygon,-46.5140625,-22.8649092,,,,wood,,,,,,,,,,,,,,,,,,,,,,,,,,,,,,,,,,,,,,,,,,,,,,,,,,
,MultiPolygon,-46.5274761,-22.8308243,,,,wood,,,,,,Floresta Ombrófila Densa,,,,,,,,,,,,,,,,,,,,,,,,,,,,,,,,,,,,,,,,,,,,
,MultiPolygon,-46.553351,-22.9029786,,,,wood,,,,,,,,,,,,,,,,,,,,,,,,,,,,,,,,,,,,,,,,,,,,,,,,,,
,MultiPolygon,-46.5494061,-22.8821546,,,,wood,,,,,,,,,,,,,,,,,,,,,,,,,,,,,,,,,,,,,,,,,,,,,,,,,,
,MultiPolygon,-46.6162814,-22.8696171,,,,wood,,,,,,Floresta Ombrófila Densa,,,,,,,,,,,,,,,,,,,,,,,,,,,,,,,,,,,,,,,,,,,,
,MultiPolygon,-46.5673315,-22.8498937,,,,wood,,,,,,Floresta Ombrófila Densa,,,,,,,,,,,,,,,,,,,,,,,,,,,,,,,,,,,,,,,,,,,,
,MultiPolygon,-46.5366369,-22.826857,,,,wood,,,,,,Floresta Ombrófila Densa,,,,,,,,,,,,,,,,,,,,,,,,,,,,,,,,,,,,,,,,,,,,
,MultiPolygon,-46.5926905,-22.8717857,,,,wood,,,,,,Floresta Ombrófila Densa,,,,,,,,,,,,,,,,,,,,,,,,,,,,,,,,,,,,,,,,,,,,
,MultiPolygon,-46.5937113,-22.8348833,,,,wood,,,,,,Floresta Ombrófila Densa,,,,,,,,,,,,,,,,,,,,,,,,,,,,,,,,,,,,,,,,,,,,
,MultiPolygon,-46.6132842,-22.87763,,,,wood,,,,,,Floresta Ombrófila Densa,,,,,,,,,,,,,,,,,,,,,,,,,,,,,,,,,,,,,,,,,,,,
,MultiPolygon,-46.5624856,-22.8699321,,,,wood,,,,,,Floresta Ombrófila Densa,,,,,,,,,,,,,,,,,,,,,,,,,,,,,,,,,,,,,,,,,,,,
,MultiPolygon,-46.6070261,-22.8459508,,,,wood,,,,,,Floresta Ombrófila Densa,,,,,,,,,,,,,,,,,,,,,,,,,,,,,,,,,,,,,,,,,,,,
,MultiPolygon,-46.5933423,-22.8992354,,,,wood,,,,,,Floresta Ombrófila Densa,,,,,,,,,,,,,,,,,,,,,,,,,,,,,,,,,,,,,,,,,,,,
,MultiPolygon,-46.6227296,-22.8633132,,,,wood,,,,,,Floresta Ombrófila Densa,,,,,,,,,,,,,,,,,,,,,,,,,,,,,,,,,,,,,,,,,,,,
,MultiPolygon,-46.5909365,-22.9112575,,,,wood,,,,,,Floresta Ombrófila Densa,,,,,,,,,,,,,,,,,,,,,,,,,,,,,,,,,,,,,,,,,,,,
,MultiPolygon,-46.5951325,-22.8794981,,,,wood,,,,,,Floresta Ombrófila Densa,,,,,,,,,,,,,,,,,,,,,,,,,,,,,,,,,,,,,,,,,,,,
,MultiPolygon,-46.5768634,-22.8603049,,,,wood,,,,,,Floresta Ombrófila Densa,,,,,,,,,,,,,,,,,,,,,,,,,,,,,,,,,,,,,,,,,,,,
,MultiPolygon,-46.5402683,-22.8913451,,,,wood,,,,,,Floresta Ombrófila Densa,,,,,,,,,,,,,,,,,,,,,,,,,,,,,,,,,,,,,,,,,,,,
,MultiPolygon,-46.5909797,-22.8446612,,,,wood,,,,,,Floresta Ombrófila Densa,,,,,,,,,,,,,,,,,,,,,,,,,,,,,,,,,,,,,,,,,,,,
,MultiPolygon,-46.5849884,-22.8211595,,,,wood,,,,,,,,,,,,,,,,,,,,,,,,,,,,,,,,,,,,,,,,,,,,,,,,,,
,MultiPolygon,-46.5349563,-22.8659136,,,,wood,,,,,,Floresta Ombrófila Densa,,,,,,,,,,,,,,,,,,,,,,,,,,,,,,,,,,,,,,,,,,,,
,MultiPolygon,-46.5927085,-22.9119489,,,,wood,,,,,,Floresta Ombrófila Densa,,,,,,,,,,,,,,,,,,,,,,,,,,,,,,,,,,,,,,,,,,,,
,MultiPolygon,-46.5888144,-22.8983312,,,,wood,,,,,,Floresta Ombrófila Densa,,,,,,,,,,,,,,,,,,,,,,,,,,,,,,,,,,,,,,,,,,,,
,MultiPolygon,-46.4808126,-22.8743286,,,,wood,,,,,,Floresta Ombrófila Densa,,,,,,,,,,,,,,,,,,,,,,,,,,,,,,,,,,,,,,,,,,,,
,MultiPolygon,-46.4969041,-22.8423847,,,,wood,,,,,,Floresta Ombrófila Densa,,,,,,,,,,,,,,,,,,,,,,,,,,,,,,,,,,,,,,,,,,,,
,MultiPolygon,-46.5783699,-22.827351,,,,wood,,,,,,Floresta Ombrófila Densa,,,,,,,,,,,,,,,,,,,,,,,,,,,,,,,,,,,,,,,,,,,,
,MultiPolygon,-46.5567132,-22.8579337,,,,wood,,,,,,Floresta Ombrófila Densa,,,,,,,,,,,,,,,,,,,,,,,,,,,,,,,,,,,,,,,,,,,,
,MultiPolygon,-46.4863334,-22.8357676,,,,wood,,,,,,Floresta Ombrófila Densa,,,,,,,,,,,,,,,,,,,,,,,,,,,,,,,,,,,,,,,,,,,,
,MultiPolygon,-46.5856331,-22.8480675,,,,wood,,,,,,Floresta Ombrófila Densa,,,,,,,,,,,,,,,,,,,,,,,,,,,,,,,,,,,,,,,,,,,,
,MultiPolygon,-46.613451,-22.8319987,,,,wood,,,,,,Floresta Ombrófila Densa,,,,,,,,,,,,,,,,,,,,,,,,,,,,,,,,,,,,,,,,,,,,
,MultiPolygon,-46.5375065,-22.838175,,,,wood,,,,,,Floresta Ombrófila Densa,,,,,,,,,,,,,,,,,,,,,,,,,,,,,,,,,,,,,,,,,,,,
,MultiPolygon,-46.4692678,-22.8966587,,,,wood,,,,,,Floresta Ombrófila Densa,,,,,,,,,,,,,,,,,,,,,,,,,,,,,,,,,,,,,,,,,,,,
,MultiPolygon,-46.4606594,-22.8832608,,,,wood,,,,,,Floresta Ombrófila Densa,,,,,,,,,,,,,,,,,,,,,,,,,,,,,,,,,,,,,,,,,,,,
,MultiPolygon,-46.6070501,-22.8260889,,,,wood,,,,,,Floresta Ombrófila Densa,,,,,,,,,,,,,,,,,,,,,,,,,,,,,,,,,,,,,,,,,,,,
,MultiPolygon,-46.5540087,-22.8947999,,,,wood,,,,,,Floresta Ombrófila Densa,,,,,,,,,,,,,,,,,,,,,,,,,,,,,,,,,,,,,,,,,,,,
,MultiPolygon,-46.6147897,-22.8342637,,,,wood,,,,,,Floresta Ombrófila Densa,,,,,,,,,,,,,,,,,,,,,,,,,,,,,,,,,,,,,,,,,,,,
,MultiPolygon,-46.5410344,-22.8638569,,,,wood,,,,,,Floresta Ombrófila Densa,,,,,,,,,,,,,,,,,,,,,,,,,,,,,,,,,,,,,,,,,,,,
,MultiPolygon,-46.5900093,-22.9105184,,,,wood,,,,,,Floresta Ombrófila Densa,,,,,,,,,,,,,,,,,,,,,,,,,,,,,,,,,,,,,,,,,,,,
,MultiPolygon,-46.5784142,-22.8846757,,,,wood,,,,,,Floresta Ombrófila Densa,,,,,,,,,,,,,,,,,,,,,,,,,,,,,,,,,,,,,,,,,,,,
,MultiPolygon,-46.6032444,-22.849971,,,,wood,,,,,,Floresta Ombrófila Densa,,,,,,,,,,,,,,,,,,,,,,,,,,,,,,,,,,,,,,,,,,,,
,MultiPolygon,-46.5722199,-22.8819119,,,,wood,,,,,,Floresta Ombrófila Densa,,,,,,,,,,,,,,,,,,,,,,,,,,,,,,,,,,,,,,,,,,,,
,MultiPolygon,-46.5226609,-22.8602582,,,,wood,,,,,,Floresta Ombrófila Densa,,,,,,,,,,,,,,,,,,,,,,,,,,,,,,,,,,,,,,,,,,,,
,MultiPolygon,-46.5287376,-22.8484656,,,,wood,,,,,,Floresta Ombrófila Densa,,,,,,,,,,,,,,,,,,,,,,,,,,,,,,,,,,,,,,,,,,,,
,MultiPolygon,-46.6224873,-22.8340021,,,,wood,,,,,,Floresta Ombrófila Densa,,,,,,,,,,,,,,,,,,,,,,,,,,,,,,,,,,,,,,,,,,,,
,MultiPolygon,-46.5360203,-22.8545912,,,,wood,,,,,,,,,,,,,,,,,,,,,,,,,,,,,,,,,,,,,,,,,,,,,,,,,,
,MultiPolygon,-46.4953687,-22.8532766,,,,wood,,,,,,Floresta Ombrófila Densa,,,,,,,,,,,,,,,,,,,,,,,,,,,,,,,,,,,,,,,,,,,,
,MultiPolygon,-46.4731458,-22.8484083,,,,wood,,,,,,,,,,,,,,,,,,,,,,,,,,,,,,,,,,,,,,,,,,,,,,,,,,
,MultiPolygon,-46.5329027,-22.8712185,,,,wood,,,,,,Floresta Ombrófila Densa,,,,,,,,,,,,,,,,,,,,,,,,,,,,,,,,,,,,,,,,,,,,
,MultiPolygon,-46.4583549,-22.8785824,,,,wood,,,,,,Floresta Ombrófila Densa,,,,,,,,,,,,,,,,,,,,,,,,,,,,,,,,,,,,,,,,,,,,
,MultiPolygon,-46.61284,-22.8461039,,,,wood,,,,,,Floresta Ombrófila Densa,,,,,,,,,,,,,,,,,,,,,,,,,,,,,,,,,,,,,,,,,,,,
,MultiPolygon,-46.559882,-22.8729155,,,,wood,,,,,,Floresta Ombrófila Densa,,,,,,,,,,,,,,,,,,,,,,,,,,,,,,,,,,,,,,,,,,,,
,MultiPolygon,-46.6176012,-22.8515767,,,,wood,,,,,,Floresta Ombrófila Densa,,,,,,,,,,,,,,,,,,,,,,,,,,,,,,,,,,,,,,,,,,,,
,MultiPolygon,-46.5232911,-22.8395993,,,,wood,,,,,,Floresta Ombrófila Densa,,,,,,,,,,,,,,,,,,,,,,,,,,,,,,,,,,,,,,,,,,,,
,MultiPolygon,-46.5486055,-22.8936063,,,,wood,,,,,,Floresta Ombrófila Densa,,,,,,,,,,,,,,,,,,,,,,,,,,,,,,,,,,,,,,,,,,,,
,MultiPolygon,-46.5892125,-22.8229513,,,,wood,,,,,,Floresta Ombrófila Densa,,,,,,,,,,,,,,,,,,,,,,,,,,,,,,,,,,,,,,,,,,,,
,MultiPolygon,-46.5372777,-22.8910939,,,,wood,,,,,,Floresta Ombrófila Densa,,,,,,,,,,,,,,,,,,,,,,,,,,,,,,,,,,,,,,,,,,,,
,MultiPolygon,-46.5814196,-22.8669098,,,,wood,,,,,,Floresta Ombrófila Densa,,,,,,,,,,,,,,,,,,,,,,,,,,,,,,,,,,,,,,,,,,,,
,MultiPolygon,-46.6169744,-22.83191,,,,wood,,,,,,Floresta Ombrófila Densa,,,,,,,,,,,,,,,,,,,,,,,,,,,,,,,,,,,,,,,,,,,,
,MultiPolygon,-46.5425561,-22.9016119,,,,wood,,,,,,Floresta Ombrófila Densa,,,,,,,,,,,,,,,,,,,,,,,,,,,,,,,,,,,,,,,,,,,,
,MultiPolygon,-46.5326194,-22.8425488,,,,wood,,,,,,Floresta Ombrófila Densa,,,,,,,,,,,,,,,,,,,,,,,,,,,,,,,,,,,,,,,,,,,,
,MultiPolygon,-46.5756821,-22.827603,,,,wood,,,,,,Floresta Ombrófila Densa,,,,,,,,,,,,,,,,,,,,,,,,,,,,,,,,,,,,,,,,,,,,
,MultiPolygon,-46.5064929,-22.8899704,,,,wood,,,,,,Floresta Ombrófila Densa,,,,,,,,,,,,,,,,,,,,,,,,,,,,,,,,,,,,,,,,,,,,
,MultiPolygon,-46.5630024,-22.8524326,,,,wood,,,,,,Floresta Ombrófila Densa,,,,,,,,,,,,,,,,,,,,,,,,,,,,,,,,,,,,,,,,,,,,
,MultiPolygon,-46.4877962,-22.8468549,,,,wood,,,,,,Floresta Ombrófila Densa,,,,,,,,,,,,,,,,,,,,,,,,,,,,,,,,,,,,,,,,,,,,
,MultiPolygon,-46.6147487,-22.8329823,,,,wood,,,,,,Floresta Ombrófila Densa,,,,,,,,,,,,,,,,,,,,,,,,,,,,,,,,,,,,,,,,,,,,
,MultiPolygon,-46.5423983,-22.8980351,,,,wood,,,,,,Floresta Ombrófila Densa,,,,,,,,,,,,,,,,,,,,,,,,,,,,,,,,,,,,,,,,,,,,
,MultiPolygon,-46.5425907,-22.864489,,,,wood,,,,,,Floresta Ombrófila Densa,,,,,,,,,,,,,,,,,,,,,,,,,,,,,,,,,,,,,,,,,,,,
,MultiPolygon,-46.5263367,-22.8813544,,,,wood,,,,,,Floresta Ombrófila Densa,,,,,,,,,,,,,,,,,,,,,,,,,,,,,,,,,,,,,,,,,,,,
,MultiPolygon,-46.5866409,-22.9078228,,,,wood,,,,,,,,,,,,,,,,,,,,,,,,,,,,,,,,,,,,,,,,,,,,,,,,,,
,MultiPolygon,-46.5727539,-22.8321758,,,,wood,,,,,,Floresta Ombrófila Densa,,,,,,,,,,,,,,,,,,,,,,,,,,,,,,,,,,,,,,,,,,,,
,MultiPolygon,-46.5465495,-22.9097728,,,,wood,,,,,,,,,,,,,,,,,,,,,,,,,,,,,,,,,,,,,,,,,,,,,,,,,,
,MultiPolygon,-46.4586779,-22.8643056,,,,wood,,,,,,Floresta Ombrófila Densa,,,,,,,,,,,,,,,,,,,,,,,,,,,,,,,,,,,,,,,,,,,,
,MultiPolygon,-46.612676,-22.8514239,,,,wood,,,,,,Floresta Ombrófila Densa,,,,,,,,,,,,,,,,,,,,,,,,,,,,,,,,,,,,,,,,,,,,
,MultiPolygon,-46.6057283,-22.8396443,,,,wood,,,,,,Floresta Ombrófila Densa,,,,,,,,,,,,,,,,,,,,,,,,,,,,,,,,,,,,,,,,,,,,
,MultiPolygon,-46.4635136,-22.8957331,,,,wood,,,,,,Floresta Ombrófila Densa,,,,,,,,,,,,,,,,,,,,,,,,,,,,,,,,,,,,,,,,,,,,
,MultiPolygon,-46.5433081,-22.8803052,,,,wood,,,,,,Floresta Ombrófila Densa,,,,,,,,,,,,,,,,,,,,,,,,,,,,,,,,,,,,,,,,,,,,
,MultiPolygon,-46.491774,-22.8487054,,,,wood,,,,,,Floresta Ombrófila Densa,,,,,,,,,,,,,,,,,,,,,,,,,,,,,,,,,,,,,,,,,,,,
,MultiPolygon,-46.6281539,-22.8235848,,,,wood,,,,,,Floresta Ombrófila Densa,,,,,,,,,,,,,,,,,,,,,,,,,,,,,,,,,,,,,,,,,,,,
,MultiPolygon,-46.5952886,-22.8946284,,,,wood,,,,,,Floresta Ombrófila Densa,,,,,,,,,,,,,,,,,,,,,,,,,,,,,,,,,,,,,,,,,,,,
,MultiPolygon,-46.5133091,-22.9024601,,,,wood,,,,,,Floresta Ombrófila Densa,,,,,,,,,,,,,,,,,,,,,,,,,,,,,,,,,,,,,,,,,,,,
,MultiPolygon,-46.579014,-22.8551832,,,,wood,,,,,,Floresta Ombrófila Densa,,,,,,,,,,,,,,,,,,,,,,,,,,,,,,,,,,,,,,,,,,,,
,MultiPolygon,-46.5780278,-22.9134255,,,,wood,,,,,,Floresta Ombrófila Densa,,,,,,,,,,,,,,,,,,,,,,,,,,,,,,,,,,,,,,,,,,,,
,MultiPolygon,-46.4572944,-22.8615276,,,,wood,,,,,,Floresta Ombrófila Densa,,,,,,,,,,,,,,,,,,,,,,,,,,,,,,,,,,,,,,,,,,,,
,MultiPolygon,-46.604901,-22.8415331,,,,wood,,,,,,Floresta Ombrófila Densa,,,,,,,,,,,,,,,,,,,,,,,,,,,,,,,,,,,,,,,,,,,,
,MultiPolygon,-46.5811379,-22.9047278,,,,wood,,,,,,Floresta Ombrófila Densa,,,,,,,,,,,,,,,,,,,,,,,,,,,,,,,,,,,,,,,,,,,,
,MultiPolygon,-46.6282286,-22.8223692,,,,wood,,,,,,Floresta Ombrófila Densa,,,,,,,,,,,,,,,,,,,,,,,,,,,,,,,,,,,,,,,,,,,,
,MultiPolygon,-46.5713066,-22.8832935,,,,wood,,,,,,Floresta Ombrófila Densa,,,,,,,,,,,,,,,,,,,,,,,,,,,,,,,,,,,,,,,,,,,,
,MultiPolygon,-46.5886527,-22.8685639,,,,wood,,,,,,Floresta Ombrófila Densa,,,,,,,,,,,,,,,,,,,,,,,,,,,,,,,,,,,,,,,,,,,,
,MultiPolygon,-46.5465263,-22.8670489,,,,wood,,,,,,Floresta Ombrófila Densa,,,,,,,,,,,,,,,,,,,,,,,,,,,,,,,,,,,,,,,,,,,,
,MultiPolygon,-46.6227983,-22.8530277,,,,wood,,,,,,Floresta Ombrófila Densa,,,,,,,,,,,,,,,,,,,,,,,,,,,,,,,,,,,,,,,,,,,,
,MultiPolygon,-46.5537774,-22.9023723,,,,wood,,,,,,,,,,,,,,,,,,,,,,,,,,,,,,,,,,,,,,,,,,,,,,,,,,
,MultiPolygon,-46.6099749,-22.8506785,,,,wood,,,,,,Floresta Ombrófila Densa,,,,,,,,,,,,,,,,,,,,,,,,,,,,,,,,,,,,,,,,,,,,
,MultiPolygon,-46.5896438,-22.9055368,,,,wood,,,,,,,,,,,,,,,,,,,,,,,,,,,,,,,,,,,,,,,,,,,,,,,,,,
,MultiPolygon,-46.5724078,-22.8781033,,,,wood,,,,,,Floresta Ombrófila Densa,,,,,,,,,,,,,,,,,,,,,,,,,,,,,,,,,,,,,,,,,,,,
,MultiPolygon,-46.5843012,-22.8425853,,,,wood,,,,,,Floresta Ombrófila Densa,,,,,,,,,,,,,,,,,,,,,,,,,,,,,,,,,,,,,,,,,,,,
,MultiPolygon,-46.5208364,-22.9109331,,,,wood,,,,,,Floresta Ombrófila Densa,,,,,,,,,,,,,,,,,,,,,,,,,,,,,,,,,,,,,,,,,,,,
,MultiPolygon,-46.5505557,-22.8737874,,,,wood,,,,,,Floresta Ombrófila Densa,,,,,,,,,,,,,,,,,,,,,,,,,,,,,,,,,,,,,,,,,,,,
,MultiPolygon,-46.503705,-22.8529992,,,,wood,,,,,,Floresta Ombrófila Densa,,,,,,,,,,,,,,,,,,,,,,,,,,,,,,,,,,,,,,,,,,,,
,MultiPolygon,-46.6028038,-22.8373126,,,,wood,,,,,,Floresta Ombrófila Densa,,,,,,,,,,,,,,,,,,,,,,,,,,,,,,,,,,,,,,,,,,,,
,MultiPolygon,-46.598035,-22.8782844,,,,wood,,,,,,Floresta Ombrófila Densa,,,,,,,,,,,,,,,,,,,,,,,,,,,,,,,,,,,,,,,,,,,,
,MultiPolygon,-46.5255402,-22.9044846,,,,wood,,,,,,,,,,,,,,,,,,,,,,,,,,,,,,,,,,,,,,,,,,,,,,,,,,
,MultiPolygon,-46.4930893,-22.889225,,,,wood,,,,,,Floresta Ombrófila Densa,,,,,,,,,,,,,,,,,,,,,,,,,,,,,,,,,,,,,,,,,,,,
,MultiPolygon,-46.5359227,-22.8666143,,,,wood,,,,,,Floresta Ombrófila Densa,,,,,,,,,,,,,,,,,,,,,,,,,,,,,,,,,,,,,,,,,,,,
,MultiPolygon,-46.5120932,-22.9121473,,,,wood,,,,,,Floresta Ombrófila Densa,,,,,,,,,,,,,,,,,,,,,,,,,,,,,,,,,,,,,,,,,,,,
,MultiPolygon,-46.4833699,-22.8744986,,,,wood,,,,,,Floresta Ombrófila Densa,,,,,,,,,,,,,,,,,,,,,,,,,,,,,,,,,,,,,,,,,,,,
,MultiPolygon,-46.5995505,-22.8609665,,,,wood,,,,,,Floresta Ombrófila Densa,,,,,,,,,,,,,,,,,,,,,,,,,,,,,,,,,,,,,,,,,,,,
,MultiPolygon,-46.6272311,-22.8353563,,,,wood,,,,,,Floresta Ombrófila Densa,,,,,,,,,,,,,,,,,,,,,,,,,,,,,,,,,,,,,,,,,,,,
,MultiPolygon,-46.5007699,-22.8733811,,,,wood,,,,,,Floresta Ombrófila Densa,,,,,,,,,,,,,,,,,,,,,,,,,,,,,,,,,,,,,,,,,,,,
,MultiPolygon,-46.6191686,-22.851362,,,,wood,,,,,,Floresta Ombrófila Densa,,,,,,,,,,,,,,,,,,,,,,,,,,,,,,,,,,,,,,,,,,,,
,MultiPolygon,-46.4847535,-22.8938195,,,,wood,,,,,,Floresta Ombrófila Densa,,,,,,,,,,,,,,,,,,,,,,,,,,,,,,,,,,,,,,,,,,,,
,MultiPolygon,-46.6234034,-22.8421629,,,,wood,,,,,,Floresta Ombrófila Densa,,,,,,,,,,,,,,,,,,,,,,,,,,,,,,,,,,,,,,,,,,,,
,MultiPolygon,-46.6272959,-22.8219103,,,,wood,,,,,,Floresta Ombrófila Densa,,,,,,,,,,,,,,,,,,,,,,,,,,,,,,,,,,,,,,,,,,,,
,MultiPolygon,-46.5440854,-22.8782954,,,,wood,,,,,,Floresta Ombrófila Densa,,,,,,,,,,,,,,,,,,,,,,,,,,,,,,,,,,,,,,,,,,,,
,MultiPolygon,-46.5868449,-22.8307289,,,,wood,,,,,,Floresta Ombrófila Densa,,,,,,,,,,,,,,,,,,,,,,,,,,,,,,,,,,,,,,,,,,,,
,MultiPolygon,-46.6059596,-22.8420879,,,,wood,,,,,,Floresta Ombrófila Densa,,,,,,,,,,,,,,,,,,,,,,,,,,,,,,,,,,,,,,,,,,,,
,MultiPolygon,-46.5239225,-22.8320372,,,,wood,,,,,,Floresta Ombrófila Densa,,,,,,,,,,,,,,,,,,,,,,,,,,,,,,,,,,,,,,,,,,,,
,MultiPolygon,-46.5762006,-22.8832537,,,,wood,,,,,,Floresta Ombrófila Densa,,,,,,,,,,,,,,,,,,,,,,,,,,,,,,,,,,,,,,,,,,,,
,MultiPolygon,-46.6218769,-22.8503187,,,,wood,,,,,,Floresta Ombrófila Densa,,,,,,,,,,,,,,,,,,,,,,,,,,,,,,,,,,,,,,,,,,,,
,MultiPolygon,-46.5634091,-22.8403288,,,,wood,,,,,,Floresta Ombrófila Densa,,,,,,,,,,,,,,,,,,,,,,,,,,,,,,,,,,,,,,,,,,,,
,MultiPolygon,-46.5993994,-22.8802922,,,,wood,,,,,,Floresta Ombrófila Densa,,,,,,,,,,,,,,,,,,,,,,,,,,,,,,,,,,,,,,,,,,,,
,MultiPolygon,-46.4994278,-22.8918986,,,,wood,,,,,,Floresta Ombrófila Densa,,,,,,,,,,,,,,,,,,,,,,,,,,,,,,,,,,,,,,,,,,,,
,MultiPolygon,-46.4908459,-22.8752027,,,,wood,,,,,,Floresta Ombrófila Densa,,,,,,,,,,,,,,,,,,,,,,,,,,,,,,,,,,,,,,,,,,,,
,MultiPolygon,-46.610718,-22.8702505,,,,wood,,,,,,Floresta Ombrófila Densa,,,,,,,,,,,,,,,,,,,,,,,,,,,,,,,,,,,,,,,,,,,,
,MultiPolygon,-46.5873874,-22.8400245,,,,wood,,,,,,Floresta Ombrófila Densa,,,,,,,,,,,,,,,,,,,,,,,,,,,,,,,,,,,,,,,,,,,,
,MultiPolygon,-46.5683644,-22.8219799,,,,wood,,,,,,Floresta Ombrófila Densa,,,,,,,,,,,,,,,,,,,,,,,,,,,,,,,,,,,,,,,,,,,,
,MultiPolygon,-46.5447033,-22.8698227,,,,wood,,,,,,,,,,,,,,,,,,,,,,,,,,,,,,,,,,,,,,,,,,,,,,,,,,
,MultiPolygon,-46.5929437,-22.8325067,,,,wood,,,,,,Floresta Ombrófila Densa,,,,,,,,,,,,,,,,,,,,,,,,,,,,,,,,,,,,,,,,,,,,
,MultiPolygon,-46.5841556,-22.8294909,,,,wood,,,,,,,,,,,,,,,,,,,,,,,,,,,,,,,,,,,,,,,,,,,,,,,,,,
,MultiPolygon,-46.5292049,-22.8532816,,,,wood,,,,,,Floresta Ombrófila Densa,,,,,,,,,,,,,,,,,,,,,,,,,,,,,,,,,,,,,,,,,,,,
,MultiPolygon,-46.5192056,-22.839968,,,,wood,,,,,,Floresta Ombrófila Densa,,,,,,,,,,,,,,,,,,,,,,,,,,,,,,,,,,,,,,,,,,,,
,MultiPolygon,-46.4610925,-22.8588756,,,,wood,,,,,,Floresta Ombrófila Densa,,,,,,,,,,,,,,,,,,,,,,,,,,,,,,,,,,,,,,,,,,,,
,MultiPolygon,-46.61079,-22.8486456,,,,wood,,,,,,Floresta Ombrófila Densa,,,,,,,,,,,,,,,,,,,,,,,,,,,,,,,,,,,,,,,,,,,,
,MultiPolygon,-46.5221301,-22.9069277,,,,wood,,,,,,Floresta Ombrófila Densa,,,,,,,,,,,,,,,,,,,,,,,,,,,,,,,,,,,,,,,,,,,,
,MultiPolygon,-46.6086687,-22.8225394,,,,wood,,,,,,Floresta Ombrófila Densa,,,,,,,,,,,,,,,,,,,,,,,,,,,,,,,,,,,,,,,,,,,,
,MultiPolygon,-46.5914123,-22.8569851,,,,wood,,,,,,Floresta Ombrófila Densa,,,,,,,,,,,,,,,,,,,,,,,,,,,,,,,,,,,,,,,,,,,,
,MultiPolygon,-46.5571908,-22.8305316,,,,wood,,,,,,Floresta Ombrófila Densa,,,,,,,,,,,,,,,,,,,,,,,,,,,,,,,,,,,,,,,,,,,,
,MultiPolygon,-46.612181,-22.8275296,,,,wood,,,,,,Floresta Ombrófila Densa,,,,,,,,,,,,,,,,,,,,,,,,,,,,,,,,,,,,,,,,,,,,
,MultiPolygon,-46.4525441,-22.883725,,,,wood,,,,,,Floresta Ombrófila Densa,,,,,,,,,,,,,,,,,,,,,,,,,,,,,,,,,,,,,,,,,,,,
,MultiPolygon,-46.5911013,-22.8761952,,,,wood,,,,,,Floresta Ombrófila Densa,,,,,,,,,,,,,,,,,,,,,,,,,,,,,,,,,,,,,,,,,,,,
,MultiPolygon,-46.6138804,-22.851199,,,,wood,,,,,,Floresta Ombrófila Densa,,,,,,,,,,,,,,,,,,,,,,,,,,,,,,,,,,,,,,,,,,,,
,MultiPolygon,-46.5225853,-22.9061604,,,,wood,,,,,,Floresta Ombrófila Densa,,,,,,,,,,,,,,,,,,,,,,,,,,,,,,,,,,,,,,,,,,,,
,MultiPolygon,-46.5054057,-22.8470717,,,,wood,,,,,,Floresta Ombrófila Densa,,,,,,,,,,,,,,,,,,,,,,,,,,,,,,,,,,,,,,,,,,,,
,MultiPolygon,-46.548566,-22.8928468,,,,wood,,,,,,Floresta Ombrófila Densa,,,,,,,,,,,,,,,,,,,,,,,,,,,,,,,,,,,,,,,,,,,,
,MultiPolygon,-46.614588,-22.8446277,,,,wood,,,,,,,,,,,,,,,,,,,,,,,,,,,,,,,,,,,,,,,,,,,,,,,,,,
,MultiPolygon,-46.489202,-22.8887764,,,,wood,,,,,,,,,,,,,,,,,,,,,,,,,,,,,,,,,,,,,,,,,,,,,,,,,,
,MultiPolygon,-46.6071526,-22.86607,,,,wood,,,,,,Floresta Ombrófila Densa,,,,,,,,,,,,,,,,,,,,,,,,,,,,,,,,,,,,,,,,,,,,
,MultiPolygon,-46.6200426,-22.853188,,,,wood,,,,,,Floresta Ombrófila Densa,,,,,,,,,,,,,,,,,,,,,,,,,,,,,,,,,,,,,,,,,,,,
,MultiPolygon,-46.6016523,-22.8295151,,,,wood,,,,,,Floresta Ombrófila Densa,,,,,,,,,,,,,,,,,,,,,,,,,,,,,,,,,,,,,,,,,,,,
,MultiPolygon,-46.4677549,-22.8497099,,,,wood,,,,,,Floresta Ombrófila Densa,,,,,,,,,,,,,,,,,,,,,,,,,,,,,,,,,,,,,,,,,,,,
,MultiPolygon,-46.6090334,-22.8247291,,,,wood,,,,,,Floresta Ombrófila Densa,,,,,,,,,,,,,,,,,,,,,,,,,,,,,,,,,,,,,,,,,,,,
,MultiPolygon,-46.5838126,-22.9091032,,,,wood,,,,,,,,,,,,,,,,,,,,,,,,,,,,,,,,,,,,,,,,,,,,,,,,,,
,MultiPolygon,-46.5500869,-22.8384519,,,,wood,,,,,,,,,,,,,,,,,,,,,,,,,,,,,,,,,,,,,,,,,,,,,,,,,,
,MultiPolygon,-46.5325958,-22.9116081,,,,wood,,,,,,Floresta Ombrófila Densa,,,,,,,,,,,,,,,,,,,,,,,,,,,,,,,,,,,,,,,,,,,,
,MultiPolygon,-46.5818779,-22.8291372,,,,wood,,,,,,,,,,,,,,,,,,,,,,,,,,,,,,,,,,,,,,,,,,,,,,,,,,
,MultiPolygon,-46.6209002,-22.8520377,,,,wood,,,,,,Floresta Ombrófila Densa,,,,,,,,,,,,,,,,,,,,,,,,,,,,,,,,,,,,,,,,,,,,
,MultiPolygon,-46.4899196,-22.8407258,,,,wood,,,,,,Floresta Ombrófila Densa,,,,,,,,,,,,,,,,,,,,,,,,,,,,,,,,,,,,,,,,,,,,
,MultiPolygon,-46.5268424,-22.8250517,,,,wood,,,,,,Floresta Ombrófila Densa,,,,,,,,,,,,,,,,,,,,,,,,,,,,,,,,,,,,,,,,,,,,
,MultiPolygon,-46.5594095,-22.8558932,,,,wood,,,,,,Floresta Ombrófila Densa,,,,,,,,,,,,,,,,,,,,,,,,,,,,,,,,,,,,,,,,,,,,
,MultiPolygon,-46.6020749,-22.8668702,,,,wood,,,,,,Floresta Ombrófila Densa,,,,,,,,,,,,,,,,,,,,,,,,,,,,,,,,,,,,,,,,,,,,
,MultiPolygon,-46.5959069,-22.8548619,,,,wood,,,,,,Floresta Ombrófila Densa,,,,,,,,,,,,,,,,,,,,,,,,,,,,,,,,,,,,,,,,,,,,
,MultiPolygon,-46.543263,-22.9040891,,,,wood,,,,,,,,,,,,,,,,,,,,,,,,,,,,,,,,,,,,,,,,,,,,,,,,,,
,MultiPolygon,-46.5646822,-22.8403848,,,,wood,,,,,,Floresta Ombrófila Densa,,,,,,,,,,,,,,,,,,,,,,,,,,,,,,,,,,,,,,,,,,,,
,MultiPolygon,-46.5707291,-22.9094597,,,,wood,,,,,,Floresta Ombrófila Densa,,,,,,,,,,,,,,,,,,,,,,,,,,,,,,,,,,,,,,,,,,,,
,MultiPolygon,-46.5738202,-22.8277647,,,,wood,,,,,,Floresta Ombrófila Densa,,,,,,,,,,,,,,,,,,,,,,,,,,,,,,,,,,,,,,,,,,,,
,MultiPolygon,-46.6167663,-22.8723393,,,,wood,,,,,,Floresta Ombrófila Densa,,,,,,,,,,,,,,,,,,,,,,,,,,,,,,,,,,,,,,,,,,,,
,MultiPolygon,-46.6187856,-22.8579191,,,,wood,,,,,,Floresta Ombrófila Densa,,,,,,,,,,,,,,,,,,,,,,,,,,,,,,,,,,,,,,,,,,,,
,MultiPolygon,-46.5826097,-22.8359493,,,,wood,,,,,,Floresta Ombrófila Densa,,,,,,,,,,,,,,,,,,,,,,,,,,,,,,,,,,,,,,,,,,,,
,MultiPolygon,-46.6161811,-22.8229781,,,,wood,,,,,,Floresta Ombrófila Densa,,,,,,,,,,,,,,,,,,,,,,,,,,,,,,,,,,,,,,,,,,,,
,MultiPolygon,-46.5591675,-22.8754859,,,,wood,,,,,,Floresta Ombrófila Densa,,,,,,,,,,,,,,,,,,,,,,,,,,,,,,,,,,,,,,,,,,,,
,MultiPolygon,-46.5598107,-22.8342923,,,,wood,,,,,,Floresta Ombrófila Densa,,,,,,,,,,,,,,,,,,,,,,,,,,,,,,,,,,,,,,,,,,,,
,MultiPolygon,-46.6189256,-22.8544993,,,,wood,,,,,,Floresta Ombrófila Densa,,,,,,,,,,,,,,,,,,,,,,,,,,,,,,,,,,,,,,,,,,,,
,MultiPolygon,-46.5914846,-22.9020786,,,,wood,,,,,,Floresta Ombrófila Densa,,,,,,,,,,,,,,,,,,,,,,,,,,,,,,,,,,,,,,,,,,,,
,MultiPolygon,-46.4747031,-22.8874325,,,,wood,,,,,,Floresta Ombrófila Densa,,,,,,,,,,,,,,,,,,,,,,,,,,,,,,,,,,,,,,,,,,,,
,MultiPolygon,-46.5892511,-22.8531776,,,,wood,,,,,,Floresta Ombrófila Densa,,,,,,,,,,,,,,,,,,,,,,,,,,,,,,,,,,,,,,,,,,,,
,MultiPolygon,-46.5182009,-22.9053307,,,,wood,,,,,,Floresta Ombrófila Densa,,,,,,,,,,,,,,,,,,,,,,,,,,,,,,,,,,,,,,,,,,,,
,MultiPolygon,-46.6115268,-22.8792099,,,,wood,,,,,,,,,,,,,,,,,,,,,,,,,,,,,,,,,,,,,,,,,,,,,,,,,,
,MultiPolygon,-46.5302631,-22.8310843,,,,wood,,,,,,Floresta Ombrófila Densa,,,,,,,,,,,,,,,,,,,,,,,,,,,,,,,,,,,,,,,,,,,,
,MultiPolygon,-46.5548659,-22.8921116,,,,wood,,,,,,Floresta Ombrófila Densa,,,,,,,,,,,,,,,,,,,,,,,,,,,,,,,,,,,,,,,,,,,,
,MultiPolygon,-46.5693713,-22.8909699,,,,wood,,,,,,Floresta Ombrófila Densa,,,,,,,,,,,,,,,,,,,,,,,,,,,,,,,,,,,,,,,,,,,,
,MultiPolygon,-46.5734785,-22.9115511,,,,wood,,,,,,Floresta Ombrófila Densa,,,,,,,,,,,,,,,,,,,,,,,,,,,,,,,,,,,,,,,,,,,,
,MultiPolygon,-46.5288956,-22.8279378,,,,wood,,,,,,Floresta Ombrófila Densa,,,,,,,,,,,,,,,,,,,,,,,,,,,,,,,,,,,,,,,,,,,,
,MultiPolygon,-46.5286132,-22.9067013,,,,wood,,,,,,Floresta Ombrófila Densa,,,,,,,,,,,,,,,,,,,,,,,,,,,,,,,,,,,,,,,,,,,,
,MultiPolygon,-46.4629022,-22.8832224,,,,wood,,,,,,Floresta Ombrófila Densa,,,,,,,,,,,,,,,,,,,,,,,,,,,,,,,,,,,,,,,,,,,,
,MultiPolygon,-46.5051435,-22.873457,,,,wood,,,,,,Floresta Ombrófila Densa,,,,,,,,,,,,,,,,,,,,,,,,,,,,,,,,,,,,,,,,,,,,
,MultiPolygon,-46.6209706,-22.8472011,,,,wood,,,,,,Floresta Ombrófila Densa,,,,,,,,,,,,,,,,,,,,,,,,,,,,,,,,,,,,,,,,,,,,
,MultiPolygon,-46.5866852,-22.8319611,,,,wood,,,,,,Floresta Ombrófila Densa,,,,,,,,,,,,,,,,,,,,,,,,,,,,,,,,,,,,,,,,,,,,
,MultiPolygon,-46.5873488,-22.8439535,,,,wood,,,,,,Floresta Ombrófila Densa,,,,,,,,,,,,,,,,,,,,,,,,,,,,,,,,,,,,,,,,,,,,
,MultiPolygon,-46.5826685,-22.8750331,,,,wood,,,,,,Floresta Ombrófila Densa,,,,,,,,,,,,,,,,,,,,,,,,,,,,,,,,,,,,,,,,,,,,
,MultiPolygon,-46.6122976,-22.8513704,,,,wood,,,,,,Floresta Ombrófila Densa,,,,,,,,,,,,,,,,,,,,,,,,,,,,,,,,,,,,,,,,,,,,
,MultiPolygon,-46.5741013,-22.8818073,,,,wood,,,,,,Floresta Ombrófila Densa,,,,,,,,,,,,,,,,,,,,,,,,,,,,,,,,,,,,,,,,,,,,
,MultiPolygon,-46.5625273,-22.823232,,,,wood,,,,,,Floresta Ombrófila Densa,,,,,,,,,,,,,,,,,,,,,,,,,,,,,,,,,,,,,,,,,,,,
,MultiPolygon,-46.5687332,-22.8692318,,,,wood,,,,,,Floresta Ombrófila Densa,,,,,,,,,,,,,,,,,,,,,,,,,,,,,,,,,,,,,,,,,,,,
,MultiPolygon,-46.5581901,-22.8358865,,,,wood,,,,,,Floresta Ombrófila Densa,,,,,,,,,,,,,,,,,,,,,,,,,,,,,,,,,,,,,,,,,,,,
,MultiPolygon,-46.4517915,-22.8779192,,,,wood,,,,,,Floresta Ombrófila Densa,,,,,,,,,,,,,,,,,,,,,,,,,,,,,,,,,,,,,,,,,,,,
,MultiPolygon,-46.6142156,-22.8542142,,,,wood,,,,,,Floresta Ombrófila Densa,,,,,,,,,,,,,,,,,,,,,,,,,,,,,,,,,,,,,,,,,,,,
,MultiPolygon,-46.5174483,-22.8360506,,,,wood,,,,,,Floresta Ombrófila Densa,,,,,,,,,,,,,,,,,,,,,,,,,,,,,,,,,,,,,,,,,,,,
,MultiPolygon,-46.5891989,-22.9002615,,,,wood,,,,,,Floresta Ombrófila Densa,,,,,,,,,,,,,,,,,,,,,,,,,,,,,,,,,,,,,,,,,,,,
,MultiPolygon,-46.5598101,-22.8216595,,,,wood,,,,,,Floresta Ombrófila Densa,,,,,,,,,,,,,,,,,,,,,,,,,,,,,,,,,,,,,,,,,,,,
,MultiPolygon,-46.4499791,-22.8841774,,,,wood,,,,,,Floresta Ombrófila Densa,,,,,,,,,,,,,,,,,,,,,,,,,,,,,,,,,,,,,,,,,,,,
,MultiPolygon,-46.5312571,-22.873068,,,,wood,,,,,,Floresta Ombrófila Densa,,,,,,,,,,,,,,,,,,,,,,,,,,,,,,,,,,,,,,,,,,,,
,MultiPolygon,-46.5849773,-22.8320713,,,,wood,,,,,,Floresta Ombrófila Densa,,,,,,,,,,,,,,,,,,,,,,,,,,,,,,,,,,,,,,,,,,,,
,MultiPolygon,-46.4998277,-22.8916235,,,,wood,,,,,,Floresta Ombrófila Densa,,,,,,,,,,,,,,,,,,,,,,,,,,,,,,,,,,,,,,,,,,,,
,MultiPolygon,-46.4880128,-22.8454311,,,,wood,,,,,,Floresta Ombrófila Densa,,,,,,,,,,,,,,,,,,,,,,,,,,,,,,,,,,,,,,,,,,,,
,MultiPolygon,-46.6089251,-22.8720735,,,,wood,,,,,,,,,,,,,,,,,,,,,,,,,,,,,,,,,,,,,,,,,,,,,,,,,,
,MultiPolygon,-46.6013125,-22.8986187,,,,wood,,,,,,Floresta Ombrófila Densa,,,,,,,,,,,,,,,,,,,,,,,,,,,,,,,,,,,,,,,,,,,,
,MultiPolygon,-46.6142197,-22.8746365,,,,wood,,,,,,Floresta Ombrófila Densa,,,,,,,,,,,,,,,,,,,,,,,,,,,,,,,,,,,,,,,,,,,,
,MultiPolygon,-46.4798109,-22.8389816,,,,wood,,,,,,Floresta Ombrófila Densa,,,,,,,,,,,,,,,,,,,,,,,,,,,,,,,,,,,,,,,,,,,,
,MultiPolygon,-46.6040036,-22.8357593,,,,wood,,,,,,Floresta Ombrófila Densa,,,,,,,,,,,,,,,,,,,,,,,,,,,,,,,,,,,,,,,,,,,,
,MultiPolygon,-46.5737439,-22.8221736,,,,wood,,,,,,Floresta Ombrófila Densa,,,,,,,,,,,,,,,,,,,,,,,,,,,,,,,,,,,,,,,,,,,,
,MultiPolygon,-46.5405793,-22.8692715,,,,wood,,,,,,,,,,,,,,,,,,,,,,,,,,,,,,,,,,,,,,,,,,,,,,,,,,
,MultiPolygon,-46.5853718,-22.8453198,,,,wood,,,,,,Floresta Ombrófila Densa,,,,,,,,,,,,,,,,,,,,,,,,,,,,,,,,,,,,,,,,,,,,
,MultiPolygon,-46.5877624,-22.8314904,,,,wood,,,,,,Floresta Ombrófila Densa,,,,,,,,,,,,,,,,,,,,,,,,,,,,,,,,,,,,,,,,,,,,
,MultiPolygon,-46.6052256,-22.8768806,,,,wood,,,,,,Floresta Ombrófila Densa,,,,,,,,,,,,,,,,,,,,,,,,,,,,,,,,,,,,,,,,,,,,
,MultiPolygon,-46.5583113,-22.8614737,,,,wood,,,,,,Floresta Ombrófila Densa,,,,,,,,,,,,,,,,,,,,,,,,,,,,,,,,,,,,,,,,,,,,
,MultiPolygon,-46.6055423,-22.8418473,,,,wood,,,,,,,,,,,,,,,,,,,,,,,,,,,,,,,,,,,,,,,,,,,,,,,,,,
,MultiPolygon,-46.5997035,-22.9103492,,,,wood,,,,,,Floresta Ombrófila Densa,,,,,,,,,,,,,,,,,,,,,,,,,,,,,,,,,,,,,,,,,,,,
,MultiPolygon,-46.5764623,-22.8288712,,,,wood,,,,,,Floresta Ombrófila Densa,,,,,,,,,,,,,,,,,,,,,,,,,,,,,,,,,,,,,,,,,,,,
,MultiPolygon,-46.4625656,-22.884254,,,,wood,,,,,,Floresta Ombrófila Densa,,,,,,,,,,,,,,,,,,,,,,,,,,,,,,,,,,,,,,,,,,,,
,MultiPolygon,-46.6164724,-22.8731371,,,,wood,,,,,,Floresta Ombrófila Densa,,,,,,,,,,,,,,,,,,,,,,,,,,,,,,,,,,,,,,,,,,,,
,MultiPolygon,-46.5478822,-22.8516186,,,,wood,,,,,,Floresta Ombrófila Densa,,,,,,,,,,,,,,,,,,,,,,,,,,,,,,,,,,,,,,,,,,,,
,MultiPolygon,-46.5155538,-22.8398594,,,,wood,,,,,,Floresta Ombrófila Densa,,,,,,,,,,,,,,,,,,,,,,,,,,,,,,,,,,,,,,,,,,,,
,MultiPolygon,-46.487243,-22.8796112,,,,wood,,,,,,Floresta Ombrófila Densa,,,,,,,,,,,,,,,,,,,,,,,,,,,,,,,,,,,,,,,,,,,,
,MultiPolygon,-46.5533382,-22.8486538,,,,wood,,,,,,Floresta Ombrófila Densa,,,,,,,,,,,,,,,,,,,,,,,,,,,,,,,,,,,,,,,,,,,,
,MultiPolygon,-46.5435793,-22.9063154,,,,wood,,,,,,Floresta Ombrófila Densa,,,,,,,,,,,,,,,,,,,,,,,,,,,,,,,,,,,,,,,,,,,,
,MultiPolygon,-46.5965986,-22.8882822,,,,wood,,,,,,Floresta Ombrófila Densa,,,,,,,,,,,,,,,,,,,,,,,,,,,,,,,,,,,,,,,,,,,,
,MultiPolygon,-46.5872746,-22.831101,,,,wood,,,,,,Floresta Ombrófila Densa,,,,,,,,,,,,,,,,,,,,,,,,,,,,,,,,,,,,,,,,,,,,
,MultiPolygon,-46.5160332,-22.8186253,,,,wood,,,,,,Floresta Ombrófila Densa,,,,,,,,,,,,,,,,,,,,,,,,,,,,,,,,,,,,,,,,,,,,
,MultiPolygon,-46.6213381,-22.8618348,,,,wood,,,,,,Floresta Ombrófila Densa,,,,,,,,,,,,,,,,,,,,,,,,,,,,,,,,,,,,,,,,,,,,
,MultiPolygon,-46.5438215,-22.8846604,,,,wood,,,,,,Floresta Ombrófila Densa,,,,,,,,,,,,,,,,,,,,,,,,,,,,,,,,,,,,,,,,,,,,
,MultiPolygon,-46.5680854,-22.8738914,,,,wood,,,,,,Floresta Ombrófila Densa,,,,,,,,,,,,,,,,,,,,,,,,,,,,,,,,,,,,,,,,,,,,
,MultiPolygon,-46.4943805,-22.8512856,,,,wood,,,,,,Floresta Ombrófila Densa,,,,,,,,,,,,,,,,,,,,,,,,,,,,,,,,,,,,,,,,,,,,
,MultiPolygon,-46.6160622,-22.837593,,,,wood,,,,,,Floresta Ombrófila Densa,,,,,,,,,,,,,,,,,,,,,,,,,,,,,,,,,,,,,,,,,,,,
,MultiPolygon,-46.5525374,-22.9084353,,,,wood,,,,,,Floresta Ombrófila Densa,,,,,,,,,,,,,,,,,,,,,,,,,,,,,,,,,,,,,,,,,,,,
,MultiPolygon,-46.508055,-22.8239255,,,,wood,,,,,,Floresta Ombrófila Densa,,,,,,,,,,,,,,,,,,,,,,,,,,,,,,,,,,,,,,,,,,,,
,MultiPolygon,-46.5938283,-22.9006069,,,,wood,,,,,,Floresta Ombrófila Densa,,,,,,,,,,,,,,,,,,,,,,,,,,,,,,,,,,,,,,,,,,,,
,MultiPolygon,-46.5792753,-22.8852256,,,,wood,,,,,,Floresta Ombrófila Densa,,,,,,,,,,,,,,,,,,,,,,,,,,,,,,,,,,,,,,,,,,,,
,MultiPolygon,-46.5473991,-22.8527528,,,,wood,,,,,,Floresta Ombrófila Densa,,,,,,,,,,,,,,,,,,,,,,,,,,,,,,,,,,,,,,,,,,,,
,MultiPolygon,-46.5627452,-22.8991602,,,,wood,,,,,,,,,,,,,,,,,,,,,,,,,,,,,,,,,,,,,,,,,,,,,,,,,,
,MultiPolygon,-46.5434643,-22.8603258,,,,wood,,,,,,Floresta Ombrófila Densa,,,,,,,,,,,,,,,,,,,,,,,,,,,,,,,,,,,,,,,,,,,,
,MultiPolygon,-46.5865002,-22.8980449,,,,wood,,,,,,,,,,,,,,,,,,,,,,,,,,,,,,,,,,,,,,,,,,,,,,,,,,
,MultiPolygon,-46.6031614,-22.8736563,,,,wood,,,,,,Floresta Ombrófila Densa,,,,,,,,,,,,,,,,,,,,,,,,,,,,,,,,,,,,,,,,,,,,
,MultiPolygon,-46.5329659,-22.8374303,,,,wood,,,,,,Floresta Ombrófila Densa,,,,,,,,,,,,,,,,,,,,,,,,,,,,,,,,,,,,,,,,,,,,
,MultiPolygon,-46.5661918,-22.8612217,,,,wood,,,,,,Floresta Ombrófila Densa,,,,,,,,,,,,,,,,,,,,,,,,,,,,,,,,,,,,,,,,,,,,
,MultiPolygon,-46.5668747,-22.8235716,,,,wood,,,,,,Floresta Ombrófila Densa,,,,,,,,,,,,,,,,,,,,,,,,,,,,,,,,,,,,,,,,,,,,
,MultiPolygon,-46.6083421,-22.8942325,,,,wood,,,,,,Floresta Ombrófila Densa,,,,,,,,,,,,,,,,,,,,,,,,,,,,,,,,,,,,,,,,,,,,
,MultiPolygon,-46.5937729,-22.9024777,,,,wood,,,,,,Floresta Ombrófila Densa,,,,,,,,,,,,,,,,,,,,,,,,,,,,,,,,,,,,,,,,,,,,
,MultiPolygon,-46.5714114,-22.8669108,,,,wood,,,,,,Floresta Ombrófila Densa,,,,,,,,,,,,,,,,,,,,,,,,,,,,,,,,,,,,,,,,,,,,
,MultiPolygon,-46.5956825,-22.8308236,,,,wood,,,,,,Floresta Ombrófila Densa,,,,,,,,,,,,,,,,,,,,,,,,,,,,,,,,,,,,,,,,,,,,
,MultiPolygon,-46.626843,-22.8412384,,,,wood,,,,,,Floresta Ombrófila Densa,,,,,,,,,,,,,,,,,,,,,,,,,,,,,,,,,,,,,,,,,,,,
,MultiPolygon,-46.5804222,-22.9116638,,,,wood,,,,,,Floresta Ombrófila Densa,,,,,,,,,,,,,,,,,,,,,,,,,,,,,,,,,,,,,,,,,,,,
,MultiPolygon,-46.5747421,-22.8343351,,,,wood,,,,,,,,,,,,,,,,,,,,,,,,,,,,,,,,,,,,,,,,,,,,,,,,,,
,MultiPolygon,-46.6163925,-22.8721407,,,,wood,,,,,,Floresta Ombrófila Densa,,,,,,,,,,,,,,,,,,,,,,,,,,,,,,,,,,,,,,,,,,,,
,MultiPolygon,-46.5761954,-22.8360197,,,,wood,,,,,,Floresta Ombrófila Densa,,,,,,,,,,,,,,,,,,,,,,,,,,,,,,,,,,,,,,,,,,,,
,MultiPolygon,-46.5326462,-22.8231184,,,,wood,,,,,,Floresta Ombrófila Densa,,,,,,,,,,,,,,,,,,,,,,,,,,,,,,,,,,,,,,,,,,,,
,MultiPolygon,-46.4549119,-22.8744414,,,,wood,,,,,,Floresta Ombrófila Densa,,,,,,,,,,,,,,,,,,,,,,,,,,,,,,,,,,,,,,,,,,,,
,MultiPolygon,-46.6021227,-22.8765209,,,,wood,,,,,,Floresta Ombrófila Densa,,,,,,,,,,,,,,,,,,,,,,,,,,,,,,,,,,,,,,,,,,,,
,MultiPolygon,-46.4637828,-22.8552022,,,,wood,,,,,,Floresta Ombrófila Densa,,,,,,,,,,,,,,,,,,,,,,,,,,,,,,,,,,,,,,,,,,,,
,MultiPolygon,-46.5937504,-22.9041393,,,,wood,,,,,,Floresta Ombrófila Densa,,,,,,,,,,,,,,,,,,,,,,,,,,,,,,,,,,,,,,,,,,,,
,MultiPolygon,-46.5543341,-22.8230245,,,,wood,,,,,,Floresta Ombrófila Densa,,,,,,,,,,,,,,,,,,,,,,,,,,,,,,,,,,,,,,,,,,,,
,MultiPolygon,-46.5505917,-22.8821438,,,,wood,,,,,,,,,,,,,,,,,,,,,,,,,,,,,,,,,,,,,,,,,,,,,,,,,,
,MultiPolygon,-46.6137873,-22.8613289,,,,wood,,,,,,Floresta Ombrófila Densa,,,,,,,,,,,,,,,,,,,,,,,,,,,,,,,,,,,,,,,,,,,,
,MultiPolygon,-46.5167339,-22.9075891,,,,wood,,,,,,Floresta Ombrófila Densa,,,,,,,,,,,,,,,,,,,,,,,,,,,,,,,,,,,,,,,,,,,,
,MultiPolygon,-46.4956923,-22.8672476,,,,wood,,,,,,,,,,,,,,,,,,,,,,,,,,,,,,,,,,,,,,,,,,,,,,,,,,
,MultiPolygon,-46.5292468,-22.8342668,,,,wood,,,,,,Floresta Ombrófila Densa,,,,,,,,,,,,,,,,,,,,,,,,,,,,,,,,,,,,,,,,,,,,
,MultiPolygon,-46.5891768,-22.8262022,,,,wood,,,,,,,,,,,,,,,,,,,,,,,,,,,,,,,,,,,,,,,,,,,,,,,,,,
,MultiPolygon,-46.6076292,-22.8775607,,,,wood,,,,,,Floresta Ombrófila Densa,,,,,,,,,,,,,,,,,,,,,,,,,,,,,,,,,,,,,,,,,,,,
,MultiPolygon,-46.6222581,-22.8686909,,,,wood,,,,,,Floresta Ombrófila Densa,,,,,,,,,,,,,,,,,,,,,,,,,,,,,,,,,,,,,,,,,,,,
,MultiPolygon,-46.4808365,-22.8471663,,,,wood,,,,,,Floresta Ombrófila Densa,,,,,,,,,,,,,,,,,,,,,,,,,,,,,,,,,,,,,,,,,,,,
,MultiPolygon,-46.5975216,-22.8518578,,,,wood,,,,,,,,,,,,,,,,,,,,,,,,,,,,,,,,,,,,,,,,,,,,,,,,,,
,MultiPolygon,-46.6047354,-22.8846209,,,,wood,,,,,,,,,,,,,,,,,,,,,,,,,,,,,,,,,,,,,,,,,,,,,,,,,,
,MultiPolygon,-46.6015492,-22.8974955,,,,wood,,,,,,Floresta Ombrófila Densa,,,,,,,,,,,,,,,,,,,,,,,,,,,,,,,,,,,,,,,,,,,,
,MultiPolygon,-46.6208417,-22.8593182,,,,wood,,,,,,Floresta Ombrófila Densa,,,,,,,,,,,,,,,,,,,,,,,,,,,,,,,,,,,,,,,,,,,,
,MultiPolygon,-46.5242419,-22.8495195,,,,wood,,,,,,Floresta Ombrófila Densa,,,,,,,,,,,,,,,,,,,,,,,,,,,,,,,,,,,,,,,,,,,,
,MultiPolygon,-46.58398,-22.8350365,,,,wood,,,,,,Floresta Ombrófila Densa,,,,,,,,,,,,,,,,,,,,,,,,,,,,,,,,,,,,,,,,,,,,
,MultiPolygon,-46.595489,-22.8444827,,,,wood,,,,,,Floresta Ombrófila Densa,,,,,,,,,,,,,,,,,,,,,,,,,,,,,,,,,,,,,,,,,,,,
,MultiPolygon,-46.5487987,-22.8907107,,,,wood,,,,,,Floresta Ombrófila Densa,,,,,,,,,,,,,,,,,,,,,,,,,,,,,,,,,,,,,,,,,,,,
,MultiPolygon,-46.5469241,-22.8649422,,,,wood,,,,,,Floresta Ombrófila Densa,,,,,,,,,,,,,,,,,,,,,,,,,,,,,,,,,,,,,,,,,,,,
,MultiPolygon,-46.5992288,-22.8524391,,,,wood,,,,,,Floresta Ombrófila Densa,,,,,,,,,,,,,,,,,,,,,,,,,,,,,,,,,,,,,,,,,,,,
,MultiPolygon,-46.6131961,-22.8339247,,,,wood,,,,,,,,,,,,,,,,,,,,,,,,,,,,,,,,,,,,,,,,,,,,,,,,,,
,MultiPolygon,-46.6048266,-22.8246809,,,,wood,,,,,,,,,,,,,,,,,,,,,,,,,,,,,,,,,,,,,,,,,,,,,,,,,,
,MultiPolygon,-46.5025417,-22.8796562,,,,wood,,,,,,,,,,,,,,,,,,,,,,,,,,,,,,,,,,,,,,,,,,,,,,,,,,
,LineString,-22.8696972,-46.5717814,,,,wood,,,,,,Floresta Ombrófila Densa,,,,,,,,,,,,,,,,,,,,,,,,,,,,,,,,,,,,,,,,,,,,
,LineString,-22.857788,-46.5331424,,,,wood,,,,,,Floresta Ombrófila Densa,,,,,,,,,,,,,,,,,,,,,,,,,,,,,,,,,,,,,,,,,,,,
,LineString,-22.9055991,-46.5205854,,,,wood,,,,,,Floresta Ombrófila Densa,,,,,,,,,,,,,,,,,,,,,,,,,,,,,,,,,,,,,,,,,,,,
,LineString,-22.8229837,-46.5671257,,,,wood,,,,,,Floresta Ombrófila Densa,,,,,,,,,,,,,,,,,,,,,,,,,,,,,,,,,,,,,,,,,,,,
,LineString,-22.8787889,-46.6139709,,,,wood,,,,,,Floresta Ombrófila Densa,,,,,,,,,,,,,,,,,,,,,,,,,,,,,,,,,,,,,,,,,,,,
,LineString,-22.84705,-46.4771364,,,,wood,,,,,,Floresta Ombrófila Densa,,,,,,,,,,,,,,,,,,,,,,,,,,,,,,,,,,,,,,,,,,,,
,LineString,-22.8315544,-46.5316991,,,,wood,,,,,,Floresta Ombrófila Densa,,,,,,,,,,,,,,,,,,,,,,,,,,,,,,,,,,,,,,,,,,,,
,LineString,-22.8557559,-46.6087413,,,,wood,,,,,,Floresta Ombrófila Densa,,,,,,,,,,,,,,,,,,,,,,,,,,,,,,,,,,,,,,,,,,,,
,LineString,-22.8736258,-46.4668156,,,,wood,,,,,,Floresta Ombrófila Densa,,,,,,,,,,,,,,,,,,,,,,,,,,,,,,,,,,,,,,,,,,,,
,LineString,-22.8387099,-46.4956929,,,,wood,,,,,,Floresta Ombrófila Densa,,,,,,,,,,,,,,,,,,,,,,,,,,,,,,,,,,,,,,,,,,,,
,LineString,-22.8881325,-46.6040509,,,,wood,,,,,,Floresta Ombrófila Densa,,,,,,,,,,,,,,,,,,,,,,,,,,,,,,,,,,,,,,,,,,,,
,LineString,-22.860668,-46.6182159,,,,wood,,,,,,Floresta Ombrófila Densa,,,,,,,,,,,,,,,,,,,,,,,,,,,,,,,,,,,,,,,,,,,,
,LineString,-22.848894,-46.4869418,,,,wood,,,,,,Floresta Ombrófila Densa,,,,,,,,,,,,,,,,,,,,,,,,,,,,,,,,,,,,,,,,,,,,
,LineString,-22.8232296,-46.6277391,,,,wood,,,,,,Floresta Ombrófila Densa,,,,,,,,,,,,,,,,,,,,,,,,,,,,,,,,,,,,,,,,,,,,
,LineString,-22.8344703,-46.5792039,,,,wood,,,,,,Floresta Ombrófila Densa,,,,,,,,,,,,,,,,,,,,,,,,,,,,,,,,,,,,,,,,,,,,
,LineString,-22.8226546,-46.5240598,,,,wood,,,,,,Floresta Ombrófila Densa,,,,,,,,,,,,,,,,,,,,,,,,,,,,,,,,,,,,,,,,,,,,
,LineString,-22.9008047,-46.5822406,,,,wood,,,,,,Floresta Ombrófila Densa,,,,,,,,,,,,,,,,,,,,,,,,,,,,,,,,,,,,,,,,,,,,
,LineString,-22.8673218,-46.5543094,,,,wood,,,,,,Floresta Ombrófila Densa,,,,,,,,,,,,,,,,,,,,,,,,,,,,,,,,,,,,,,,,,,,,
,LineString,-22.908674,-46.5305095,,,,wood,,,,,,Floresta Ombrófila Densa,,,,,,,,,,,,,,,,,,,,,,,,,,,,,,,,,,,,,,,,,,,,
,LineString,-22.8467405,-46.5975333,,,,wood,,,,,,Floresta Ombrófila Densa,,,,,,,,,,,,,,,,,,,,,,,,,,,,,,,,,,,,,,,,,,,,
,LineString,-22.8931819,-46.507333,,,,wood,,,,,,Floresta Ombrófila Densa,,,,,,,,,,,,,,,,,,,,,,,,,,,,,,,,,,,,,,,,,,,,
,LineString,-22.9451904,-46.6844726,,,,wood,,,,,,Floresta Ombrófila Densa,,,,,,,,,,,,,,,,,,,,,,,,,,,,,,,,,,,,,,,,,,,,
,LineString,-22.9529836,-46.6915332,,,,wood,,,,,,Floresta Ombrófila Densa,,,,,,,,,,,,,,,,,,,,,,,,,,,,,,,,,,,,,,,,,,,,
,LineString,-22.9417995,-46.7126196,,,,wood,,,,,,Floresta Ombrófila Densa,,,,,,,,,,,,,,,,,,,,,,,,,,,,,,,,,,,,,,,,,,,,
,LineString,-22.9251128,-46.7183883,,,,wood,,,,,,Floresta Ombrófila Densa,,,,,,,,,,,,,,,,,,,,,,,,,,,,,,,,,,,,,,,,,,,,
,LineString,-22.9264275,-46.7084722,,,,wood,,,,,,Floresta Ombrófila Densa,,,,,,,,,,,,,,,,,,,,,,,,,,,,,,,,,,,,,,,,,,,,
,LineString,-22.9522287,-46.6875545,,,,wood,,,,,,Floresta Ombrófila Densa,,,,,,,,,,,,,,,,,,,,,,,,,,,,,,,,,,,,,,,,,,,,
,LineString,-22.9574776,-46.6952298,,,,wood,,,,,,Floresta Ombrófila Densa,,,,,,,,,,,,,,,,,,,,,,,,,,,,,,,,,,,,,,,,,,,,
,LineString,-22.9361651,-46.6965272,,,,wood,,,,,,Floresta Ombrófila Densa,,,,,,,,,,,,,,,,,,,,,,,,,,,,,,,,,,,,,,,,,,,,
,LineString,-22.9298151,-46.6844195,,,,wood,,,,,,Floresta Ombrófila Densa,,,,,,,,,,,,,,,,,,,,,,,,,,,,,,,,,,,,,,,,,,,,
,LineString,-22.9393843,-46.7008567,,,,wood,,,,,,Floresta Ombrófila Densa,,,,,,,,,,,,,,,,,,,,,,,,,,,,,,,,,,,,,,,,,,,,
,LineString,-22.9397898,-46.7011553,,,,wood,,,,,,Floresta Ombrófila Densa,,,,,,,,,,,,,,,,,,,,,,,,,,,,,,,,,,,,,,,,,,,,
,LineString,-22.9336323,-46.6969997,,,,wood,,,,,,Floresta Ombrófila Densa,,,,,,,,,,,,,,,,,,,,,,,,,,,,,,,,,,,,,,,,,,,,
,LineString,-22.9245297,-46.7024163,,,,wood,,,,,,Floresta Ombrófila Densa,,,,,,,,,,,,,,,,,,,,,,,,,,,,,,,,,,,,,,,,,,,,
,LineString,-22.9480982,-46.6931606,,,,wood,,,,,,Floresta Ombrófila Densa,,,,,,,,,,,,,,,,,,,,,,,,,,,,,,,,,,,,,,,,,,,,
,LineString,-22.947627,-46.6884455,,,,wood,,,,,,Floresta Ombrófila Densa,,,,,,,,,,,,,,,,,,,,,,,,,,,,,,,,,,,,,,,,,,,,
,LineString,-22.9554919,-46.6945466,,,,wood,,,,,,Floresta Ombrófila Densa,,,,,,,,,,,,,,,,,,,,,,,,,,,,,,,,,,,,,,,,,,,,
,LineString,-22.9457247,-46.6880655,,,,wood,,,,,,Floresta Ombrófila Densa,,,,,,,,,,,,,,,,,,,,,,,,,,,,,,,,,,,,,,,,,,,,
,LineString,-22.9573404,-46.6937918,,,,wood,,,,,,Floresta Ombrófila Densa,,,,,,,,,,,,,,,,,,,,,,,,,,,,,,,,,,,,,,,,,,,,
,LineString,-22.9255926,-46.6860419,,,,wood,,,,,,Floresta Ombrófila Densa,,,,,,,,,,,,,,,,,,,,,,,,,,,,,,,,,,,,,,,,,,,,
,LineString,-22.9488078,-46.6863361,,,,wood,,,,,,Floresta Ombrófila Densa,,,,,,,,,,,,,,,,,,,,,,,,,,,,,,,,,,,,,,,,,,,,
,LineString,-22.9313879,-46.6874006,,,,wood,,,,,,Floresta Ombrófila Densa,,,,,,,,,,,,,,,,,,,,,,,,,,,,,,,,,,,,,,,,,,,,
,LineString,-22.9503074,-46.6895443,,,,wood,,,,,,Floresta Ombrófila Densa,,,,,,,,,,,,,,,,,,,,,,,,,,,,,,,,,,,,,,,,,,,,
,LineString,-22.9419939,-46.693029,,,,wood,,,,,,Floresta Ombrófila Densa,,,,,,,,,,,,,,,,,,,,,,,,,,,,,,,,,,,,,,,,,,,,
,LineString,-22.9566496,-46.710019,,,,wood,,,,,,Floresta Ombrófila Densa,,,,,,,,,,,,,,,,,,,,,,,,,,,,,,,,,,,,,,,,,,,,
,LineString,-22.9461335,-46.6906625,,,,wood,,,,,,Floresta Ombrófila Densa,,,,,,,,,,,,,,,,,,,,,,,,,,,,,,,,,,,,,,,,,,,,
,LineString,-22.9480114,-46.6874795,,,,wood,,,,,,Floresta Ombrófila Densa,,,,,,,,,,,,,,,,,,,,,,,,,,,,,,,,,,,,,,,,,,,,
,LineString,-22.9576909,-46.6956445,,,,wood,,,,,,Floresta Ombrófila Densa,,,,,,,,,,,,,,,,,,,,,,,,,,,,,,,,,,,,,,,,,,,,
,LineString,-22.9395565,-46.688482,,,,wood,,,,,,Floresta Ombrófila Densa,,,,,,,,,,,,,,,,,,,,,,,,,,,,,,,,,,,,,,,,,,,,
,LineString,-22.9629619,-46.698034,,,,wood,,,,,,Floresta Ombrófila Densa,,,,,,,,,,,,,,,,,,,,,,,,,,,,,,,,,,,,,,,,,,,,
,LineString,-22.9651733,-46.7140291,,,,wood,,,,,,Floresta Ombrófila Densa,,,,,,,,,,,,,,,,,,,,,,,,,,,,,,,,,,,,,,,,,,,,
,LineString,-22.9307151,-46.6916998,,,,wood,,,,,,Floresta Ombrófila Densa,,,,,,,,,,,,,,,,,,,,,,,,,,,,,,,,,,,,,,,,,,,,
,LineString,-22.9403183,-46.7171666,,,,wood,,,,,,Floresta Ombrófila Densa,,,,,,,,,,,,,,,,,,,,,,,,,,,,,,,,,,,,,,,,,,,,
,LineString,-22.9423446,-46.6915888,,,,wood,,,,,,Floresta Ombrófila Densa,,,,,,,,,,,,,,,,,,,,,,,,,,,,,,,,,,,,,,,,,,,,
,LineString,-22.9572342,-46.6837559,,,,wood,,,,,,Floresta Ombrófila Densa,,,,,,,,,,,,,,,,,,,,,,,,,,,,,,,,,,,,,,,,,,,,
,LineString,-22.9616932,-46.7040057,,,,wood,,,,,,Floresta Ombrófila Densa,,,,,,,,,,,,,,,,,,,,,,,,,,,,,,,,,,,,,,,,,,,,
,LineString,-22.9316831,-46.7147281,,,,wood,,,,,,Floresta Ombrófila Densa,,,,,,,,,,,,,,,,,,,,,,,,,,,,,,,,,,,,,,,,,,,,
,LineString,-22.9577749,-46.6846176,,,,wood,,,,,,Floresta Ombrófila Densa,,,,,,,,,,,,,,,,,,,,,,,,,,,,,,,,,,,,,,,,,,,,
,LineString,-22.9598225,-46.7093419,,,,wood,,,,,,Floresta Ombrófila Densa,,,,,,,,,,,,,,,,,,,,,,,,,,,,,,,,,,,,,,,,,,,,
,LineString,-22.9281851,-46.7121181,,,,wood,,,,,,Floresta Ombrófila Densa,,,,,,,,,,,,,,,,,,,,,,,,,,,,,,,,,,,,,,,,,,,,
,LineString,-22.9385615,-46.6737627,,,,wood,,,,,,Floresta Ombrófila Densa,,,,,,,,,,,,,,,,,,,,,,,,,,,,,,,,,,,,,,,,,,,,
,LineString,-22.9575389,-46.703602,,,,wood,,,,,,,,,,,,,,,,,,,,,,,,,,,,,,,,,,,,,,,,,,,,,,,,,,
,LineString,-22.9593691,-46.7133983,,,,wood,,,,,,Floresta Ombrófila Densa,,,,,,,,,,,,,,,,,,,,,,,,,,,,,,,,,,,,,,,,,,,,
,LineString,-22.9378161,-46.6887466,,,,wood,,,,,,Floresta Ombrófila Densa,,,,,,,,,,,,,,,,,,,,,,,,,,,,,,,,,,,,,,,,,,,,
,LineString,-22.9391234,-46.7028142,,,,wood,,,,,,Floresta Ombrófila Densa,,,,,,,,,,,,,,,,,,,,,,,,,,,,,,,,,,,,,,,,,,,,
,LineString,-22.9511705,-46.6903593,,,,wood,,,,,,Floresta Ombrófila Densa,,,,,,,,,,,,,,,,,,,,,,,,,,,,,,,,,,,,,,,,,,,,
,LineString,-22.9403861,-46.700643,,,,wood,,,,,,Floresta Ombrófila Densa,,,,,,,,,,,,,,,,,,,,,,,,,,,,,,,,,,,,,,,,,,,,
,LineString,-22.9393869,-46.6940936,,,,wood,,,,,,Floresta Ombrófila Densa,,,,,,,,,,,,,,,,,,,,,,,,,,,,,,,,,,,,,,,,,,,,
,LineString,-22.9383955,-46.7198855,,,,wood,,,,,,Floresta Ombrófila Densa,,,,,,,,,,,,,,,,,,,,,,,,,,,,,,,,,,,,,,,,,,,,
,LineString,-22.9676201,-46.7198165,,,,wood,,,,,,,,,,,,,,,,,,,,,,,,,,,,,,,,,,,,,,,,,,,,,,,,,,
,LineString,-22.9553288,-46.6980792,,,,wood,,,,,,,,,,,,,,,,,,,,,,,,,,,,,,,,,,,,,,,,,,,,,,,,,,
,LineString,-22.9523382,-46.6901697,,,,wood,,,,,,Floresta Ombrófila Densa,,,,,,,,,,,,,,,,,,,,,,,,,,,,,,,,,,,,,,,,,,,,
,LineString,-22.9423522,-46.714754,,,,wood,,,,,,Floresta Ombrófila Densa,,,,,,,,,,,,,,,,,,,,,,,,,,,,,,,,,,,,,,,,,,,,
,LineString,-22.9429184,-46.6773597,,,,wood,,,,,,Floresta Ombrófila Densa,,,,,,,,,,,,,,,,,,,,,,,,,,,,,,,,,,,,,,,,,,,,
,LineString,-22.9389953,-46.7173485,,,,wood,,,,,,Floresta Ombrófila Densa,,,,,,,,,,,,,,,,,,,,,,,,,,,,,,,,,,,,,,,,,,,,
,LineString,-22.940102,-46.7022659,,,,wood,,,,,,Floresta Ombrófila Densa,,,,,,,,,,,,,,,,,,,,,,,,,,,,,,,,,,,,,,,,,,,,
,LineString,-22.946046,-46.706651,,,,wood,,,,,,Floresta Ombrófila Densa,,,,,,,,,,,,,,,,,,,,,,,,,,,,,,,,,,,,,,,,,,,,
,LineString,-22.968473,-46.7181771,,,,wood,,,,,,Floresta Ombrófila Densa,,,,,,,,,,,,,,,,,,,,,,,,,,,,,,,,,,,,,,,,,,,,
,LineString,-22.9471422,-46.691993,,,,wood,,,,,,Floresta Ombrófila Densa,,,,,,,,,,,,,,,,,,,,,,,,,,,,,,,,,,,,,,,,,,,,
,LineString,-22.9368273,-46.6952021,,,,wood,,,,,,Floresta Ombrófila Densa,,,,,,,,,,,,,,,,,,,,,,,,,,,,,,,,,,,,,,,,,,,,
,LineString,-22.9297669,-46.6759896,,,,wood,,,,,,Floresta Ombrófila Densa,,,,,,,,,,,,,,,,,,,,,,,,,,,,,,,,,,,,,,,,,,,,
,LineString,-22.9654585,-46.7189389,,,,wood,,,,,,,,,,,,,,,,,,,,,,,,,,,,,,,,,,,,,,,,,,,,,,,,,,
,LineString,-22.9425468,-46.6919982,,,,wood,,,,,,Floresta Ombrófila Densa,,,,,,,,,,,,,,,,,,,,,,,,,,,,,,,,,,,,,,,,,,,,
,LineString,-22.8956332,-46.6596728,,,,wood,,,,,,Floresta Ombrófila Densa,,,,,,,,,,,,,,,,,,,,,,,,,,,,,,,,,,,,,,,,,,,,
,LineString,-22.8925964,-46.6788511,,,,wood,,,,,,Floresta Ombrófila Densa,,,,,,,,,,,,,,,,,,,,,,,,,,,,,,,,,,,,,,,,,,,,
,LineString,-22.8745539,-46.6754763,,,,wood,,,,,,Floresta Ombrófila Densa,,,,,,,,,,,,,,,,,,,,,,,,,,,,,,,,,,,,,,,,,,,,
,LineString,-22.8833313,-46.666681,,,,wood,,,,,,Floresta Ombrófila Densa,,,,,,,,,,,,,,,,,,,,,,,,,,,,,,,,,,,,,,,,,,,,
,LineString,-22.8944904,-46.6341691,,,,wood,,,,,,Floresta Ombrófila Densa,,,,,,,,,,,,,,,,,,,,,,,,,,,,,,,,,,,,,,,,,,,,
,LineString,-22.8689989,-46.6552897,,,,wood,,,,,,Floresta Ombrófila Densa,,,,,,,,,,,,,,,,,,,,,,,,,,,,,,,,,,,,,,,,,,,,
,LineString,-22.8803013,-46.6475991,,,,wood,,,,,,Floresta Ombrófila Densa,,,,,,,,,,,,,,,,,,,,,,,,,,,,,,,,,,,,,,,,,,,,
,LineString,-22.9001713,-46.6624405,,,,wood,,,,,,Floresta Ombrófila Densa,,,,,,,,,,,,,,,,,,,,,,,,,,,,,,,,,,,,,,,,,,,,
,LineString,-22.8763725,-46.6308138,,,,wood,,,,,,Floresta Ombrófila Densa,,,,,,,,,,,,,,,,,,,,,,,,,,,,,,,,,,,,,,,,,,,,
,LineString,-22.8816079,-46.6473868,,,,wood,,,,,,Floresta Ombrófila Densa,,,,,,,,,,,,,,,,,,,,,,,,,,,,,,,,,,,,,,,,,,,,
,LineString,-22.8885079,-46.6783818,,,,wood,,,,,,Floresta Ombrófila Densa,,,,,,,,,,,,,,,,,,,,,,,,,,,,,,,,,,,,,,,,,,,,
,LineString,-22.8655799,-46.6781876,,,,wood,,,,,,Floresta Ombrófila Densa,,,,,,,,,,,,,,,,,,,,,,,,,,,,,,,,,,,,,,,,,,,,
,LineString,-22.887343,-46.6320778,,,,wood,,,,,,Floresta Ombrófila Densa,,,,,,,,,,,,,,,,,,,,,,,,,,,,,,,,,,,,,,,,,,,,
,LineString,-22.8693682,-46.6739229,,,,wood,,,,,,Floresta Ombrófila Densa,,,,,,,,,,,,,,,,,,,,,,,,,,,,,,,,,,,,,,,,,,,,
,LineString,-22.8816964,-46.649496,,,,wood,,,,,,Floresta Ombrófila Densa,,,,,,,,,,,,,,,,,,,,,,,,,,,,,,,,,,,,,,,,,,,,
,LineString,-22.8769478,-46.6240178,,,,wood,,,,,,Floresta Ombrófila Densa,,,,,,,,,,,,,,,,,,,,,,,,,,,,,,,,,,,,,,,,,,,,
,LineString,-22.8735783,-46.6768653,,,,wood,,,,,,Floresta Ombrófila Densa,,,,,,,,,,,,,,,,,,,,,,,,,,,,,,,,,,,,,,,,,,,,
,LineString,-22.8662412,-46.6352512,,,,wood,,,,,,Floresta Ombrófila Densa,,,,,,,,,,,,,,,,,,,,,,,,,,,,,,,,,,,,,,,,,,,,
,LineString,-22.8616689,-46.65405,,,,wood,,,,,,Floresta Ombrófila Densa,,,,,,,,,,,,,,,,,,,,,,,,,,,,,,,,,,,,,,,,,,,,
,LineString,-22.8844036,-46.6557077,,,,wood,,,,,,Floresta Ombrófila Densa,,,,,,,,,,,,,,,,,,,,,,,,,,,,,,,,,,,,,,,,,,,,
,LineString,-22.8647076,-46.6739828,,,,wood,,,,,,Floresta Ombrófila Densa,,,,,,,,,,,,,,,,,,,,,,,,,,,,,,,,,,,,,,,,,,,,
,LineString,-22.8683251,-46.6649123,,,,wood,,,,,,Floresta Ombrófila Densa,,,,,,,,,,,,,,,,,,,,,,,,,,,,,,,,,,,,,,,,,,,,
,LineString,-22.9011608,-46.6770698,,,,wood,,,,,,Floresta Ombrófila Densa,,,,,,,,,,,,,,,,,,,,,,,,,,,,,,,,,,,,,,,,,,,,
,LineString,-22.8902673,-46.6839361,,,,wood,,,,,,Floresta Ombrófila Densa,,,,,,,,,,,,,,,,,,,,,,,,,,,,,,,,,,,,,,,,,,,,
,LineString,-22.8731165,-46.6460955,,,,wood,,,,,,Floresta Ombrófila Densa,,,,,,,,,,,,,,,,,,,,,,,,,,,,,,,,,,,,,,,,,,,,
,LineString,-22.8963315,-46.6253983,,,,wood,,,,,,Floresta Ombrófila Densa,,,,,,,,,,,,,,,,,,,,,,,,,,,,,,,,,,,,,,,,,,,,
,LineString,-22.9019073,-46.6337269,,,,wood,,,,,,Floresta Ombrófila Densa,,,,,,,,,,,,,,,,,,,,,,,,,,,,,,,,,,,,,,,,,,,,
,LineString,-22.8847189,-46.6769024,,,,wood,,,,,,,,,,,,,,,,,,,,,,,,,,,,,,,,,,,,,,,,,,,,,,,,,,
,LineString,-22.8756973,-46.6276702,,,,wood,,,,,,Floresta Ombrófila Densa,,,,,,,,,,,,,,,,,,,,,,,,,,,,,,,,,,,,,,,,,,,,
,LineString,-22.8907323,-46.6727043,,,,wood,,,,,,Floresta Ombrófila Densa,,,,,,,,,,,,,,,,,,,,,,,,,,,,,,,,,,,,,,,,,,,,
,LineString,-22.8693682,-46.6739229,,,,wood,,,,,,Floresta Ombrófila Densa,,,,,,,,,,,,,,,,,,,,,,,,,,,,,,,,,,,,,,,,,,,,
,LineString,-22.8952274,-46.6402862,,,,wood,,,,,,Floresta Ombrófila Densa,,,,,,,,,,,,,,,,,,,,,,,,,,,,,,,,,,,,,,,,,,,,
,LineString,-22.8917284,-46.6725322,,,,wood,,,,,,Floresta Ombrófila Densa,,,,,,,,,,,,,,,,,,,,,,,,,,,,,,,,,,,,,,,,,,,,
,LineString,-22.8737602,-46.6377865,,,,wood,,,,,,Floresta Ombrófila Densa,,,,,,,,,,,,,,,,,,,,,,,,,,,,,,,,,,,,,,,,,,,,
,LineString,-22.8682204,-46.6783109,,,,wood,,,,,,Floresta Ombrófila Densa,,,,,,,,,,,,,,,,,,,,,,,,,,,,,,,,,,,,,,,,,,,,
,LineString,-22.878378,-46.6237034,,,,wood,,,,,,Floresta Ombrófila Densa,,,,,,,,,,,,,,,,,,,,,,,,,,,,,,,,,,,,,,,,,,,,
,LineString,-22.896128,-46.6686109,,,,wood,,,,,,Floresta Ombrófila Densa,,,,,,,,,,,,,,,,,,,,,,,,,,,,,,,,,,,,,,,,,,,,
,LineString,-22.8657441,-46.6335046,,,,wood,,,,,,Floresta Ombrófila Densa,,,,,,,,,,,,,,,,,,,,,,,,,,,,,,,,,,,,,,,,,,,,
,LineString,-22.8948902,-46.6424668,,,,wood,,,,,,Floresta Ombrófila Densa,,,,,,,,,,,,,,,,,,,,,,,,,,,,,,,,,,,,,,,,,,,,
,LineString,-22.8946228,-46.6224414,,,,wood,,,,,,,,,,,,,,,,,,,,,,,,,,,,,,,,,,,,,,,,,,,,,,,,,,
,LineString,-22.8682178,-46.6805048,,,,wood,,,,,,Floresta Ombrófila Densa,,,,,,,,,,,,,,,,,,,,,,,,,,,,,,,,,,,,,,,,,,,,
,LineString,-22.8714806,-46.6565451,,,,wood,,,,,,Floresta Ombrófila Densa,,,,,,,,,,,,,,,,,,,,,,,,,,,,,,,,,,,,,,,,,,,,
,LineString,-22.8858691,-46.6817628,,,,wood,,,,,,,,,,,,,,,,,,,,,,,,,,,,,,,,,,,,,,,,,,,,,,,,,,
,LineString,-22.8953906,-46.6215761,,,,wood,,,,,,Floresta Ombrófila Densa,,,,,,,,,,,,,,,,,,,,,,,,,,,,,,,,,,,,,,,,,,,,
,LineString,-22.8883357,-46.6335844,,,,wood,,,,,,Floresta Ombrófila Densa,,,,,,,,,,,,,,,,,,,,,,,,,,,,,,,,,,,,,,,,,,,,
,LineString,-22.8739918,-46.6792261,,,,wood,,,,,,Floresta Ombrófila Densa,,,,,,,,,,,,,,,,,,,,,,,,,,,,,,,,,,,,,,,,,,,,
,LineString,-22.8870526,-46.6643571,,,,wood,,,,,,Floresta Ombrófila Densa,,,,,,,,,,,,,,,,,,,,,,,,,,,,,,,,,,,,,,,,,,,,
,LineString,-22.8991906,-46.6736844,,,,wood,,,,,,Floresta Ombrófila Densa,,,,,,,,,,,,,,,,,,,,,,,,,,,,,,,,,,,,,,,,,,,,
,LineString,-22.8669394,-46.6686813,,,,wood,,,,,,Floresta Ombrófila Densa,,,,,,,,,,,,,,,,,,,,,,,,,,,,,,,,,,,,,,,,,,,,
,LineString,-22.8765877,-46.6439717,,,,wood,,,,,,Floresta Ombrófila Densa,,,,,,,,,,,,,,,,,,,,,,,,,,,,,,,,,,,,,,,,,,,,
,LineString,-22.8780848,-46.6241093,,,,wood,,,,,,Floresta Ombrófila Densa,,,,,,,,,,,,,,,,,,,,,,,,,,,,,,,,,,,,,,,,,,,,
,LineString,-22.8780848,-46.6241093,,,,wood,,,,,,Floresta Ombrófila Densa,,,,,,,,,,,,,,,,,,,,,,,,,,,,,,,,,,,,,,,,,,,,
,LineString,-22.8986678,-46.6652072,,,,wood,,,,,,Floresta Ombrófila Densa,,,,,,,,,,,,,,,,,,,,,,,,,,,,,,,,,,,,,,,,,,,,
,LineString,-22.8790022,-46.6442691,,,,wood,,,,,,Floresta Ombrófila Densa,,,,,,,,,,,,,,,,,,,,,,,,,,,,,,,,,,,,,,,,,,,,
,LineString,-22.8844965,-46.6608529,,,,wood,,,,,,Floresta Ombrófila Densa,,,,,,,,,,,,,,,,,,,,,,,,,,,,,,,,,,,,,,,,,,,,
,LineString,-22.8875236,-46.6718809,,,,wood,,,,,,,,,,,,,,,,,,,,,,,,,,,,,,,,,,,,,,,,,,,,,,,,,,
,LineString,-22.8971735,-46.6671728,,,,wood,,,,,,Floresta Ombrófila Densa,,,,,,,,,,,,,,,,,,,,,,,,,,,,,,,,,,,,,,,,,,,,
,LineString,-22.8733042,-46.6735956,,,,wood,,,,,,Floresta Ombrófila Densa,,,,,,,,,,,,,,,,,,,,,,,,,,,,,,,,,,,,,,,,,,,,
,LineString,-22.9028354,-46.6365104,,,,wood,,,,,,Floresta Ombrófila Densa,,,,,,,,,,,,,,,,,,,,,,,,,,,,,,,,,,,,,,,,,,,,
,LineString,-22.8980171,-46.663318,,,,wood,,,,,,Floresta Ombrófila Densa,,,,,,,,,,,,,,,,,,,,,,,,,,,,,,,,,,,,,,,,,,,,
,LineString,-22.8871757,-46.650798,,,,wood,,,,,,,,,,,,,,,,,,,,,,,,,,,,,,,,,,,,,,,,,,,,,,,,,,
,LineString,-22.8783248,-46.6462266,,,,wood,,,,,,Floresta Ombrófila Densa,,,,,,,,,,,,,,,,,,,,,,,,,,,,,,,,,,,,,,,,,,,,
,LineString,-22.8687511,-46.6345565,,,,wood,,,,,,Floresta Ombrófila Densa,,,,,,,,,,,,,,,,,,,,,,,,,,,,,,,,,,,,,,,,,,,,
,LineString,-22.8806917,-46.649623,,,,wood,,,,,,Floresta Ombrófila Densa,,,,,,,,,,,,,,,,,,,,,,,,,,,,,,,,,,,,,,,,,,,,
,LineString,-22.903254,-46.6473229,,,,wood,,,,,,Floresta Ombrófila Densa,,,,,,,,,,,,,,,,,,,,,,,,,,,,,,,,,,,,,,,,,,,,
,LineString,-22.8778826,-46.6444682,,,,wood,,,,,,Floresta Ombrófila Densa,,,,,,,,,,,,,,,,,,,,,,,,,,,,,,,,,,,,,,,,,,,,
,LineString,-22.8970128,-46.623427,,,,wood,,,,,,,,,,,,,,,,,,,,,,,,,,,,,,,,,,,,,,,,,,,,,,,,,,
,LineString,-22.8631782,-46.6759339,,,,wood,,,,,,Floresta Ombrófila Densa,,,,,,,,,,,,,,,,,,,,,,,,,,,,,,,,,,,,,,,,,,,,
,LineString,-22.8841119,-46.6252364,,,,wood,,,,,,Floresta Ombrófila Densa,,,,,,,,,,,,,,,,,,,,,,,,,,,,,,,,,,,,,,,,,,,,
,LineString,-22.8794381,-46.67189,,,,wood,,,,,,Floresta Ombrófila Densa,,,,,,,,,,,,,,,,,,,,,,,,,,,,,,,,,,,,,,,,,,,,
,LineString,-22.8949965,-46.6434373,,,,wood,,,,,,Floresta Ombrófila Densa,,,,,,,,,,,,,,,,,,,,,,,,,,,,,,,,,,,,,,,,,,,,
,LineString,-22.8810337,-46.6380098,,,,wood,,,,,,Floresta Ombrófila Densa,,,,,,,,,,,,,,,,,,,,,,,,,,,,,,,,,,,,,,,,,,,,
,LineString,-22.8970519,-46.665214,,,,wood,,,,,,Floresta Ombrófila Densa,,,,,,,,,,,,,,,,,,,,,,,,,,,,,,,,,,,,,,,,,,,,
,LineString,-22.8833301,-46.6513169,,,,wood,,,,,,Floresta Ombrófila Densa,,,,,,,,,,,,,,,,,,,,,,,,,,,,,,,,,,,,,,,,,,,,
,LineString,-22.8755495,-46.6303035,,,,wood,,,,,,Floresta Ombrófila Densa,,,,,,,,,,,,,,,,,,,,,,,,,,,,,,,,,,,,,,,,,,,,
,LineString,-22.8682158,-46.6461561,,,,wood,,,,,,Floresta Ombrófila Densa,,,,,,,,,,,,,,,,,,,,,,,,,,,,,,,,,,,,,,,,,,,,
,LineString,-22.8940518,-46.6446823,,,,wood,,,,,,Floresta Ombrófila Densa,,,,,,,,,,,,,,,,,,,,,,,,,,,,,,,,,,,,,,,,,,,,
,LineString,-22.8722688,-46.6800121,,,,wood,,,,,,Floresta Ombrófila Densa,,,,,,,,,,,,,,,,,,,,,,,,,,,,,,,,,,,,,,,,,,,,
,LineString,-22.8794243,-46.6190724,,,,wood,,,,,,Floresta Ombrófila Densa,,,,,,,,,,,,,,,,,,,,,,,,,,,,,,,,,,,,,,,,,,,,
,LineString,-22.8963688,-46.6415262,,,,wood,,,,,,Floresta Ombrófila Densa,,,,,,,,,,,,,,,,,,,,,,,,,,,,,,,,,,,,,,,,,,,,
,LineString,-22.8871948,-46.6609476,,,,wood,,,,,,,,,,,,,,,,,,,,,,,,,,,,,,,,,,,,,,,,,,,,,,,,,,
,LineString,-22.8765951,-46.6477749,,,,wood,,,,,,Floresta Ombrófila Densa,,,,,,,,,,,,,,,,,,,,,,,,,,,,,,,,,,,,,,,,,,,,
,LineString,-22.8696496,-46.6474245,,,,wood,,,,,,Floresta Ombrófila Densa,,,,,,,,,,,,,,,,,,,,,,,,,,,,,,,,,,,,,,,,,,,,
,LineString,-22.8820852,-46.6388002,,,,wood,,,,,,Floresta Ombrófila Densa,,,,,,,,,,,,,,,,,,,,,,,,,,,,,,,,,,,,,,,,,,,,
,LineString,-22.8748091,-46.6288838,,,,wood,,,,,,,,,,,,,,,,,,,,,,,,,,,,,,,,,,,,,,,,,,,,,,,,,,
,LineString,-22.9002354,-46.6684184,,,,wood,,,,,,Floresta Ombrófila Densa,,,,,,,,,,,,,,,,,,,,,,,,,,,,,,,,,,,,,,,,,,,,
,LineString,-22.8849776,-46.6828607,,,,wood,,,,,,Floresta Ombrófila Densa,,,,,,,,,,,,,,,,,,,,,,,,,,,,,,,,,,,,,,,,,,,,
,LineString,-22.8660889,-46.6404471,,,,wood,,,,,,Floresta Ombrófila Densa,,,,,,,,,,,,,,,,,,,,,,,,,,,,,,,,,,,,,,,,,,,,
,LineString,-22.8898965,-46.6214878,,,,wood,,,,,,Floresta Ombrófila Densa,,,,,,,,,,,,,,,,,,,,,,,,,,,,,,,,,,,,,,,,,,,,
,LineString,-22.8709073,-46.6732386,,,,wood,,,,,,Floresta Ombrófila Densa,,,,,,,,,,,,,,,,,,,,,,,,,,,,,,,,,,,,,,,,,,,,
,LineString,-22.8918925,-46.6280376,,,,wood,,,,,,Floresta Ombrófila Densa,,,,,,,,,,,,,,,,,,,,,,,,,,,,,,,,,,,,,,,,,,,,
,LineString,-22.8958886,-46.6634861,,,,wood,,,,,,Floresta Ombrófila Densa,,,,,,,,,,,,,,,,,,,,,,,,,,,,,,,,,,,,,,,,,,,,
,LineString,-22.8897182,-46.6721452,,,,wood,,,,,,Floresta Ombrófila Densa,,,,,,,,,,,,,,,,,,,,,,,,,,,,,,,,,,,,,,,,,,,,
,LineString,-22.8849507,-46.6605158,,,,wood,,,,,,Floresta Ombrófila Densa,,,,,,,,,,,,,,,,,,,,,,,,,,,,,,,,,,,,,,,,,,,,
,LineString,-22.8726957,-46.6300487,,,,wood,,,,,,,,,,,,,,,,,,,,,,,,,,,,,,,,,,,,,,,,,,,,,,,,,,
,LineString,-22.8983387,-46.6826032,,,,wood,,,,,,Floresta Ombrófila Densa,,,,,,,,,,,,,,,,,,,,,,,,,,,,,,,,,,,,,,,,,,,,
,LineString,-22.8839054,-46.6741597,,,,wood,,,,,,Floresta Ombrófila Densa,,,,,,,,,,,,,,,,,,,,,,,,,,,,,,,,,,,,,,,,,,,,
,LineString,-22.8747993,-46.6450348,,,,wood,,,,,,Floresta Ombrófila Densa,,,,,,,,,,,,,,,,,,,,,,,,,,,,,,,,,,,,,,,,,,,,
,LineString,-22.8406957,-46.6513246,,,,wood,,,,,,Floresta Ombrófila Densa,,,,,,,,,,,,,,,,,,,,,,,,,,,,,,,,,,,,,,,,,,,,
,LineString,-22.8431364,-46.6485407,,,,wood,,,,,,Floresta Ombrófila Densa,,,,,,,,,,,,,,,,,,,,,,,,,,,,,,,,,,,,,,,,,,,,
,LineString,-22.8570695,-46.6250892,,,,wood,,,,,,Floresta Ombrófila Densa,,,,,,,,,,,,,,,,,,,,,,,,,,,,,,,,,,,,,,,,,,,,
,LineString,-22.8490339,-46.672684,,,,wood,,,,,,Floresta Ombrófila Densa,,,,,,,,,,,,,,,,,,,,,,,,,,,,,,,,,,,,,,,,,,,,
,LineString,-22.8655867,-46.6487263,,,,wood,,,,,,Floresta Ombrófila Densa,,,,,,,,,,,,,,,,,,,,,,,,,,,,,,,,,,,,,,,,,,,,
,LineString,-22.8604504,-46.6375133,,,,wood,,,,,,Floresta Ombrófila Densa,,,,,,,,,,,,,,,,,,,,,,,,,,,,,,,,,,,,,,,,,,,,
,LineString,-22.8356526,-46.674965,,,,wood,,,,,,Floresta Ombrófila Densa,,,,,,,,,,,,,,,,,,,,,,,,,,,,,,,,,,,,,,,,,,,,
,LineString,-22.8524504,-46.6591357,,,,wood,,,,,,Floresta Ombrófila Densa,,,,,,,,,,,,,,,,,,,,,,,,,,,,,,,,,,,,,,,,,,,,
,LineString,-22.8588214,-46.663017,,,,wood,,,,,,Floresta Ombrófila Densa,,,,,,,,,,,,,,,,,,,,,,,,,,,,,,,,,,,,,,,,,,,,
,LineString,-22.8577214,-46.6596125,,,,wood,,,,,,Floresta Ombrófila Densa,,,,,,,,,,,,,,,,,,,,,,,,,,,,,,,,,,,,,,,,,,,,
,LineString,-22.8629489,-46.6247019,,,,wood,,,,,,Floresta Ombrófila Densa,,,,,,,,,,,,,,,,,,,,,,,,,,,,,,,,,,,,,,,,,,,,
,LineString,-22.85418,-46.6419762,,,,wood,,,,,,Floresta Ombrófila Densa,,,,,,,,,,,,,,,,,,,,,,,,,,,,,,,,,,,,,,,,,,,,
,LineString,-22.849157,-46.6300809,,,,wood,,,,,,Floresta Ombrófila Densa,,,,,,,,,,,,,,,,,,,,,,,,,,,,,,,,,,,,,,,,,,,,
,LineString,-22.8309002,-46.6355826,,,,wood,,,,,,Floresta Ombrófila Densa,,,,,,,,,,,,,,,,,,,,,,,,,,,,,,,,,,,,,,,,,,,,
,LineString,-22.8391546,-46.6639501,,,,wood,,,,,,Floresta Ombrófila Densa,,,,,,,,,,,,,,,,,,,,,,,,,,,,,,,,,,,,,,,,,,,,
,LineString,-22.8370863,-46.6415978,,,,wood,,,,,,Floresta Ombrófila Densa,,,,,,,,,,,,,,,,,,,,,,,,,,,,,,,,,,,,,,,,,,,,
,LineString,-22.841925,-46.6604959,,,,wood,,,,,,Floresta Ombrófila Densa,,,,,,,,,,,,,,,,,,,,,,,,,,,,,,,,,,,,,,,,,,,,
,LineString,-22.8604697,-46.6261791,,,,wood,,,,,,Floresta Ombrófila Densa,,,,,,,,,,,,,,,,,,,,,,,,,,,,,,,,,,,,,,,,,,,,
,LineString,-22.8323423,-46.6264957,,,,wood,,,,,,Floresta Ombrófila Densa,,,,,,,,,,,,,,,,,,,,,,,,,,,,,,,,,,,,,,,,,,,,
,LineString,-22.8410388,-46.6588261,,,,wood,,,,,,Floresta Ombrófila Densa,,,,,,,,,,,,,,,,,,,,,,,,,,,,,,,,,,,,,,,,,,,,
,LineString,-22.8617979,-46.671348,,,,wood,,,,,,Floresta Ombrófila Densa,,,,,,,,,,,,,,,,,,,,,,,,,,,,,,,,,,,,,,,,,,,,
,LineString,-22.8487839,-46.6488711,,,,wood,,,,,,Floresta Ombrófila Densa,,,,,,,,,,,,,,,,,,,,,,,,,,,,,,,,,,,,,,,,,,,,
,LineString,-22.8553427,-46.645242,,,,wood,,,,,,Floresta Ombrófila Densa,,,,,,,,,,,,,,,,,,,,,,,,,,,,,,,,,,,,,,,,,,,,
,LineString,-22.8304563,-46.6644178,,,,wood,,,,,,Floresta Ombrófila Densa,,,,,,,,,,,,,,,,,,,,,,,,,,,,,,,,,,,,,,,,,,,,
,LineString,-22.8481474,-46.655646,,,,wood,,,,,,Floresta Ombrófila Densa,,,,,,,,,,,,,,,,,,,,,,,,,,,,,,,,,,,,,,,,,,,,
,LineString,-22.8326538,-46.6442573,,,,wood,,,,,,Floresta Ombrófila Densa,,,,,,,,,,,,,,,,,,,,,,,,,,,,,,,,,,,,,,,,,,,,
,LineString,-22.8641756,-46.6715873,,,,wood,,,,,,Floresta Ombrófila Densa,,,,,,,,,,,,,,,,,,,,,,,,,,,,,,,,,,,,,,,,,,,,
,LineString,-22.8663952,-46.6219113,,,,wood,,,,,,Floresta Ombrófila Densa,,,,,,,,,,,,,,,,,,,,,,,,,,,,,,,,,,,,,,,,,,,,
,LineString,-22.8552748,-46.6590144,,,,wood,,,,,,Floresta Ombrófila Densa,,,,,,,,,,,,,,,,,,,,,,,,,,,,,,,,,,,,,,,,,,,,
,LineString,-22.8594668,-46.6540309,,,,wood,,,,,,Floresta Ombrófila Densa,,,,,,,,,,,,,,,,,,,,,,,,,,,,,,,,,,,,,,,,,,,,
,LineString,-22.8397164,-46.6666675,,,,wood,,,,,,Floresta Ombrófila Densa,,,,,,,,,,,,,,,,,,,,,,,,,,,,,,,,,,,,,,,,,,,,
,LineString,-22.8560796,-46.6259472,,,,wood,,,,,,Floresta Ombrófila Densa,,,,,,,,,,,,,,,,,,,,,,,,,,,,,,,,,,,,,,,,,,,,
,LineString,-22.8584098,-46.6563648,,,,wood,,,,,,Floresta Ombrófila Densa,,,,,,,,,,,,,,,,,,,,,,,,,,,,,,,,,,,,,,,,,,,,
,LineString,-22.8607192,-46.6687373,,,,wood,,,,,,Floresta Ombrófila Densa,,,,,,,,,,,,,,,,,,,,,,,,,,,,,,,,,,,,,,,,,,,,
,LineString,-22.8380489,-46.6437421,,,,wood,,,,,,Floresta Ombrófila Densa,,,,,,,,,,,,,,,,,,,,,,,,,,,,,,,,,,,,,,,,,,,,
,LineString,-22.8417363,-46.6527647,,,,wood,,,,,,Floresta Ombrófila Densa,,,,,,,,,,,,,,,,,,,,,,,,,,,,,,,,,,,,,,,,,,,,
,LineString,-22.8568156,-46.6688903,,,,wood,,,,,,Floresta Ombrófila Densa,,,,,,,,,,,,,,,,,,,,,,,,,,,,,,,,,,,,,,,,,,,,
,LineString,-22.8426567,-46.6460211,,,,wood,,,,,,Floresta Ombrófila Densa,,,,,,,,,,,,,,,,,,,,,,,,,,,,,,,,,,,,,,,,,,,,
,LineString,-22.8393933,-46.6605608,,,,wood,,,,,,Floresta Ombrófila Densa,,,,,,,,,,,,,,,,,,,,,,,,,,,,,,,,,,,,,,,,,,,,
,LineString,-22.8549851,-46.6626486,,,,wood,,,,,,Floresta Ombrófila Densa,,,,,,,,,,,,,,,,,,,,,,,,,,,,,,,,,,,,,,,,,,,,
,LineString,-22.8611053,-46.6709591,,,,wood,,,,,,Floresta Ombrófila Densa,,,,,,,,,,,,,,,,,,,,,,,,,,,,,,,,,,,,,,,,,,,,
,LineString,-22.8488708,-46.6544362,,,,wood,,,,,,Floresta Ombrófila Densa,,,,,,,,,,,,,,,,,,,,,,,,,,,,,,,,,,,,,,,,,,,,
,LineString,-22.8521165,-46.6646793,,,,wood,,,,,,Floresta Ombrófila Densa,,,,,,,,,,,,,,,,,,,,,,,,,,,,,,,,,,,,,,,,,,,,
,LineString,-22.8623477,-46.664696,,,,wood,,,,,,Floresta Ombrófila Densa,,,,,,,,,,,,,,,,,,,,,,,,,,,,,,,,,,,,,,,,,,,,
,LineString,-22.8337039,-46.6735101,,,,wood,,,,,,Floresta Ombrófila Densa,,,,,,,,,,,,,,,,,,,,,,,,,,,,,,,,,,,,,,,,,,,,
,LineString,-22.8584584,-46.6288647,,,,wood,,,,,,Floresta Ombrófila Densa,,,,,,,,,,,,,,,,,,,,,,,,,,,,,,,,,,,,,,,,,,,,
,LineString,-22.8336089,-46.6643607,,,,wood,,,,,,Floresta Ombrófila Densa,,,,,,,,,,,,,,,,,,,,,,,,,,,,,,,,,,,,,,,,,,,,
,LineString,-22.8604491,-46.6545966,,,,wood,,,,,,Floresta Ombrófila Densa,,,,,,,,,,,,,,,,,,,,,,,,,,,,,,,,,,,,,,,,,,,,
,LineString,-22.838304,-46.6432776,,,,wood,,,,,,Floresta Ombrófila Densa,,,,,,,,,,,,,,,,,,,,,,,,,,,,,,,,,,,,,,,,,,,,
,LineString,-22.8434146,-46.6460887,,,,wood,,,,,,Floresta Ombrófila Densa,,,,,,,,,,,,,,,,,,,,,,,,,,,,,,,,,,,,,,,,,,,,
,LineString,-22.8596851,-46.6574248,,,,wood,,,,,,Floresta Ombrófila Densa,,,,,,,,,,,,,,,,,,,,,,,,,,,,,,,,,,,,,,,,,,,,
,LineString,-22.8491439,-46.6294953,,,,wood,,,,,,Floresta Ombrófila Densa,,,,,,,,,,,,,,,,,,,,,,,,,,,,,,,,,,,,,,,,,,,,
,LineString,-22.8567131,-46.6649033,,,,wood,,,,,,Floresta Ombrófila Densa,,,,,,,,,,,,,,,,,,,,,,,,,,,,,,,,,,,,,,,,,,,,
,LineString,-22.8507487,-46.6272536,,,,wood,,,,,,Floresta Ombrófila Densa,,,,,,,,,,,,,,,,,,,,,,,,,,,,,,,,,,,,,,,,,,,,
,LineString,-22.8513815,-46.6585104,,,,wood,,,,,,Floresta Ombrófila Densa,,,,,,,,,,,,,,,,,,,,,,,,,,,,,,,,,,,,,,,,,,,,
,LineString,-22.8361073,-46.665033,,,,wood,,,,,,Floresta Ombrófila Densa,,,,,,,,,,,,,,,,,,,,,,,,,,,,,,,,,,,,,,,,,,,,
,LineString,-22.8549497,-46.6464192,,,,wood,,,,,,Floresta Ombrófila Densa,,,,,,,,,,,,,,,,,,,,,,,,,,,,,,,,,,,,,,,,,,,,
,LineString,-22.8446307,-46.6469405,,,,wood,,,,,,Floresta Ombrófila Densa,,,,,,,,,,,,,,,,,,,,,,,,,,,,,,,,,,,,,,,,,,,,
,LineString,-22.8550432,-46.6603194,,,,wood,,,,,,Floresta Ombrófila Densa,,,,,,,,,,,,,,,,,,,,,,,,,,,,,,,,,,,,,,,,,,,,
,LineString,-22.8491577,-46.6532987,,,,wood,,,,,,Floresta Ombrófila Densa,,,,,,,,,,,,,,,,,,,,,,,,,,,,,,,,,,,,,,,,,,,,
,LineString,-22.8316634,-46.6496909,,,,wood,,,,,,Floresta Ombrófila Densa,,,,,,,,,,,,,,,,,,,,,,,,,,,,,,,,,,,,,,,,,,,,
,LineString,-22.8342513,-46.6437871,,,,wood,,,,,,Floresta Ombrófila Densa,,,,,,,,,,,,,,,,,,,,,,,,,,,,,,,,,,,,,,,,,,,,
,LineString,-22.8401711,-46.6502835,,,,wood,,,,,,Floresta Ombrófila Densa,,,,,,,,,,,,,,,,,,,,,,,,,,,,,,,,,,,,,,,,,,,,
,LineString,-22.8624297,-46.6445294,,,,wood,,,,,,Floresta Ombrófila Densa,,,,,,,,,,,,,,,,,,,,,,,,,,,,,,,,,,,,,,,,,,,,
,LineString,-22.8538052,-46.6501398,,,,wood,,,,,,Floresta Ombrófila Densa,,,,,,,,,,,,,,,,,,,,,,,,,,,,,,,,,,,,,,,,,,,,
,LineString,-22.8643246,-46.6726137,,,,wood,,,,,,Floresta Ombrófila Densa,,,,,,,,,,,,,,,,,,,,,,,,,,,,,,,,,,,,,,,,,,,,
,LineString,-22.8444045,-46.6563451,,,,wood,,,,,,Floresta Ombrófila Densa,,,,,,,,,,,,,,,,,,,,,,,,,,,,,,,,,,,,,,,,,,,,
,LineString,-22.8600964,-46.6500194,,,,wood,,,,,,Floresta Ombrófila Densa,,,,,,,,,,,,,,,,,,,,,,,,,,,,,,,,,,,,,,,,,,,,
,LineString,-22.8375514,-46.6650639,,,,wood,,,,,,Floresta Ombrófila Densa,,,,,,,,,,,,,,,,,,,,,,,,,,,,,,,,,,,,,,,,,,,,
,LineString,-22.8525098,-46.6694999,,,,wood,,,,,,Floresta Ombrófila Densa,,,,,,,,,,,,,,,,,,,,,,,,,,,,,,,,,,,,,,,,,,,,
,LineString,-22.8412921,-46.6608929,,,,wood,,,,,,Floresta Ombrófila Densa,,,,,,,,,,,,,,,,,,,,,,,,,,,,,,,,,,,,,,,,,,,,
,LineString,-22.8430958,-46.648969,,,,wood,,,,,,Floresta Ombrófila Densa,,,,,,,,,,,,,,,,,,,,,,,,,,,,,,,,,,,,,,,,,,,,
,LineString,-22.8535831,-46.6432092,,,,wood,,,,,,Floresta Ombrófila Densa,,,,,,,,,,,,,,,,,,,,,,,,,,,,,,,,,,,,,,,,,,,,
,LineString,-22.855578,-46.6536028,,,,wood,,,,,,Floresta Ombrófila Densa,,,,,,,,,,,,,,,,,,,,,,,,,,,,,,,,,,,,,,,,,,,,
,LineString,-22.8578723,-46.6438981,,,,wood,,,,,,Floresta Ombrófila Densa,,,,,,,,,,,,,,,,,,,,,,,,,,,,,,,,,,,,,,,,,,,,
,LineString,-22.8488407,-46.6351317,,,,wood,,,,,,Floresta Ombrófila Densa,,,,,,,,,,,,,,,,,,,,,,,,,,,,,,,,,,,,,,,,,,,,
,LineString,-22.8611887,-46.6434044,,,,wood,,,,,,Floresta Ombrófila Densa,,,,,,,,,,,,,,,,,,,,,,,,,,,,,,,,,,,,,,,,,,,,
,LineString,-22.8562747,-46.6468042,,,,wood,,,,,,Floresta Ombrófila Densa,,,,,,,,,,,,,,,,,,,,,,,,,,,,,,,,,,,,,,,,,,,,
,LineString,-22.8433819,-46.6558087,,,,wood,,,,,,Floresta Ombrófila Densa,,,,,,,,,,,,,,,,,,,,,,,,,,,,,,,,,,,,,,,,,,,,
,LineString,-22.857452,-46.6543746,,,,wood,,,,,,Floresta Ombrófila Densa,,,,,,,,,,,,,,,,,,,,,,,,,,,,,,,,,,,,,,,,,,,,
,LineString,-22.8288803,-46.6326119,,,,wood,,,,,,Floresta Ombrófila Densa,,,,,,,,,,,,,,,,,,,,,,,,,,,,,,,,,,,,,,,,,,,,
,LineString,-22.8346644,-46.6680548,,,,wood,,,,,,Floresta Ombrófila Densa,,,,,,,,,,,,,,,,,,,,,,,,,,,,,,,,,,,,,,,,,,,,
,LineString,-22.8510012,-46.6703069,,,,wood,,,,,,Floresta Ombrófila Densa,,,,,,,,,,,,,,,,,,,,,,,,,,,,,,,,,,,,,,,,,,,,
,LineString,-22.8562867,-46.6394127,,,,wood,,,,,,Floresta Ombrófila Densa,,,,,,,,,,,,,,,,,,,,,,,,,,,,,,,,,,,,,,,,,,,,
,LineString,-22.8565067,-46.6287674,,,,wood,,,,,,Floresta Ombrófila Densa,,,,,,,,,,,,,,,,,,,,,,,,,,,,,,,,,,,,,,,,,,,,
,LineString,-22.8397043,-46.6646206,,,,wood,,,,,,Floresta Ombrófila Densa,,,,,,,,,,,,,,,,,,,,,,,,,,,,,,,,,,,,,,,,,,,,
,LineString,-22.8505641,-46.6315173,,,,wood,,,,,,Floresta Ombrófila Densa,,,,,,,,,,,,,,,,,,,,,,,,,,,,,,,,,,,,,,,,,,,,
,LineString,-22.8554515,-46.6661059,,,,wood,,,,,,Floresta Ombrófila Densa,,,,,,,,,,,,,,,,,,,,,,,,,,,,,,,,,,,,,,,,,,,,
,LineString,-22.8375146,-46.6559631,,,,wood,,,,,,Floresta Ombrófila Densa,,,,,,,,,,,,,,,,,,,,,,,,,,,,,,,,,,,,,,,,,,,,
,LineString,-22.859423,-46.6231196,,,,wood,,,,,,Floresta Ombrófila Densa,,,,,,,,,,,,,,,,,,,,,,,,,,,,,,,,,,,,,,,,,,,,
,LineString,-22.8656891,-46.6699253,,,,wood,,,,,,Floresta Ombrófila Densa,,,,,,,,,,,,,,,,,,,,,,,,,,,,,,,,,,,,,,,,,,,,
,LineString,-22.8552827,-46.6620578,,,,wood,,,,,,Floresta Ombrófila Densa,,,,,,,,,,,,,,,,,,,,,,,,,,,,,,,,,,,,,,,,,,,,
,LineString,-22.8308199,-46.6553293,,,,wood,,,,,,Floresta Ombrófila Densa,,,,,,,,,,,,,,,,,,,,,,,,,,,,,,,,,,,,,,,,,,,,
,LineString,-22.8637018,-46.6309775,,,,wood,,,,,,Floresta Ombrófila Densa,,,,,,,,,,,,,,,,,,,,,,,,,,,,,,,,,,,,,,,,,,,,
,LineString,-22.8579312,-46.6603728,,,,wood,,,,,,Floresta Ombrófila Densa,,,,,,,,,,,,,,,,,,,,,,,,,,,,,,,,,,,,,,,,,,,,
,LineString,-22.8339357,-46.6430206,,,,wood,,,,,,Floresta Ombrófila Densa,,,,,,,,,,,,,,,,,,,,,,,,,,,,,,,,,,,,,,,,,,,,
,LineString,-22.8372184,-46.6558551,,,,wood,,,,,,Floresta Ombrófila Densa,,,,,,,,,,,,,,,,,,,,,,,,,,,,,,,,,,,,,,,,,,,,
,LineString,-22.8584761,-46.6492311,,,,wood,,,,,,Floresta Ombrófila Densa,,,,,,,,,,,,,,,,,,,,,,,,,,,,,,,,,,,,,,,,,,,,
,LineString,-22.8585062,-46.6700692,,,,wood,,,,,,Floresta Ombrófila Densa,,,,,,,,,,,,,,,,,,,,,,,,,,,,,,,,,,,,,,,,,,,,
,LineString,-22.832859,-46.6360254,,,,wood,,,,,,Floresta Ombrófila Densa,,,,,,,,,,,,,,,,,,,,,,,,,,,,,,,,,,,,,,,,,,,,
,LineString,-22.8643025,-46.6704899,,,,wood,,,,,,Floresta Ombrófila Densa,,,,,,,,,,,,,,,,,,,,,,,,,,,,,,,,,,,,,,,,,,,,
,LineString,-22.8357518,-46.6657179,,,,wood,,,,,,Floresta Ombrófila Densa,,,,,,,,,,,,,,,,,,,,,,,,,,,,,,,,,,,,,,,,,,,,
,LineString,-22.8419401,-46.6577615,,,,wood,,,,,,Floresta Ombrófila Densa,,,,,,,,,,,,,,,,,,,,,,,,,,,,,,,,,,,,,,,,,,,,
,LineString,-22.8549874,-46.6526184,,,,wood,,,,,,Floresta Ombrófila Densa,,,,,,,,,,,,,,,,,,,,,,,,,,,,,,,,,,,,,,,,,,,,
,LineString,-22.8599431,-46.6385336,,,,wood,,,,,,Floresta Ombrófila Densa,,,,,,,,,,,,,,,,,,,,,,,,,,,,,,,,,,,,,,,,,,,,
,LineString,-22.8494253,-46.6520797,,,,wood,,,,,,Floresta Ombrófila Densa,,,,,,,,,,,,,,,,,,,,,,,,,,,,,,,,,,,,,,,,,,,,
,LineString,-22.8340508,-46.673771,,,,wood,,,,,,Floresta Ombrófila Densa,,,,,,,,,,,,,,,,,,,,,,,,,,,,,,,,,,,,,,,,,,,,
,LineString,-22.8348603,-46.6593339,,,,wood,,,,,,Floresta Ombrófila Densa,,,,,,,,,,,,,,,,,,,,,,,,,,,,,,,,,,,,,,,,,,,,
,LineString,-22.8502385,-46.6481781,,,,wood,,,,,,Floresta Ombrófila Densa,,,,,,,,,,,,,,,,,,,,,,,,,,,,,,,,,,,,,,,,,,,,
,LineString,-22.8576888,-46.6525557,,,,wood,,,,,,Floresta Ombrófila Densa,,,,,,,,,,,,,,,,,,,,,,,,,,,,,,,,,,,,,,,,,,,,
,LineString,-22.8559447,-46.6356183,,,,wood,,,,,,Floresta Ombrófila Densa,,,,,,,,,,,,,,,,,,,,,,,,,,,,,,,,,,,,,,,,,,,,
,LineString,-22.8602809,-46.650641,,,,wood,,,,,,Floresta Ombrófila Densa,,,,,,,,,,,,,,,,,,,,,,,,,,,,,,,,,,,,,,,,,,,,
,LineString,-22.8314479,-46.6481554,,,,wood,,,,,,Floresta Ombrófila Densa,,,,,,,,,,,,,,,,,,,,,,,,,,,,,,,,,,,,,,,,,,,,
,LineString,-22.8641246,-46.6365824,,,,wood,,,,,,Floresta Ombrófila Densa,,,,,,,,,,,,,,,,,,,,,,,,,,,,,,,,,,,,,,,,,,,,
,LineString,-22.837311,-46.6574048,,,,wood,,,,,,Floresta Ombrófila Densa,,,,,,,,,,,,,,,,,,,,,,,,,,,,,,,,,,,,,,,,,,,,
,LineString,-22.8243797,-46.6302625,,,,wood,,,,,,Floresta Ombrófila Densa,,,,,,,,,,,,,,,,,,,,,,,,,,,,,,,,,,,,,,,,,,,,
,LineString,-22.8280187,-46.6641202,,,,wood,,,,,,Floresta Ombrófila Densa,,,,,,,,,,,,,,,,,,,,,,,,,,,,,,,,,,,,,,,,,,,,
,LineString,-22.8214579,-46.6631251,,,,wood,,,,,,Floresta Ombrófila Densa,,,,,,,,,,,,,,,,,,,,,,,,,,,,,,,,,,,,,,,,,,,,
,LineString,-22.821343,-46.6420955,,,,wood,,,,,,Floresta Ombrófila Densa,,,,,,,,,,,,,,,,,,,,,,,,,,,,,,,,,,,,,,,,,,,,
,LineString,-22.8268717,-46.6457684,,,,wood,,,,,,Floresta Ombrófila Densa,,,,,,,,,,,,,,,,,,,,,,,,,,,,,,,,,,,,,,,,,,,,
,LineString,-22.8257604,-46.6643531,,,,wood,,,,,,Floresta Ombrófila Densa,,,,,,,,,,,,,,,,,,,,,,,,,,,,,,,,,,,,,,,,,,,,
,LineString,-22.8222435,-46.6607642,,,,wood,,,,,,Floresta Ombrófila Densa,,,,,,,,,,,,,,,,,,,,,,,,,,,,,,,,,,,,,,,,,,,,
,LineString,-22.8212096,-46.6675856,,,,wood,,,,,,Floresta Ombrófila Densa,,,,,,,,,,,,,,,,,,,,,,,,,,,,,,,,,,,,,,,,,,,,
,LineString,-22.8284198,-46.651625,,,,wood,,,,,,Floresta Ombrófila Densa,,,,,,,,,,,,,,,,,,,,,,,,,,,,,,,,,,,,,,,,,,,,
,LineString,-22.8227379,-46.6544648,,,,wood,,,,,,Floresta Ombrófila Densa,,,,,,,,,,,,,,,,,,,,,,,,,,,,,,,,,,,,,,,,,,,,
,LineString,-22.830155,-46.6567437,,,,wood,,,,,,Floresta Ombrófila Densa,,,,,,,,,,,,,,,,,,,,,,,,,,,,,,,,,,,,,,,,,,,,
,LineString,-22.8271822,-46.6643984,,,,wood,,,,,,Floresta Ombrófila Densa,,,,,,,,,,,,,,,,,,,,,,,,,,,,,,,,,,,,,,,,,,,,
,LineString,-22.8291606,-46.6482637,,,,wood,,,,,,Floresta Ombrófila Densa,,,,,,,,,,,,,,,,,,,,,,,,,,,,,,,,,,,,,,,,,,,,
,LineString,-22.820966,-46.6351228,,,,wood,,,,,,Floresta Ombrófila Densa,,,,,,,,,,,,,,,,,,,,,,,,,,,,,,,,,,,,,,,,,,,,
,LineString,-22.8260804,-46.638444,,,,wood,,,,,,Floresta Ombrófila Densa,,,,,,,,,,,,,,,,,,,,,,,,,,,,,,,,,,,,,,,,,,,,
,LineString,-22.8248261,-46.6354259,,,,wood,,,,,,Floresta Ombrófila Densa,,,,,,,,,,,,,,,,,,,,,,,,,,,,,,,,,,,,,,,,,,,,
,LineString,-22.8249044,-46.6662741,,,,wood,,,,,,Floresta Ombrófila Densa,,,,,,,,,,,,,,,,,,,,,,,,,,,,,,,,,,,,,,,,,,,,
,LineString,-22.8227874,-46.6403969,,,,wood,,,,,,Floresta Ombrófila Densa,,,,,,,,,,,,,,,,,,,,,,,,,,,,,,,,,,,,,,,,,,,,
,LineString,-22.8229174,-46.6618919,,,,wood,,,,,,Floresta Ombrófila Densa,,,,,,,,,,,,,,,,,,,,,,,,,,,,,,,,,,,,,,,,,,,,
,LineString,-22.8302224,-46.6432604,,,,wood,,,,,,Floresta Ombrófila Densa,,,,,,,,,,,,,,,,,,,,,,,,,,,,,,,,,,,,,,,,,,,,
,LineString,-23.0466246,-46.6894236,,,,wood,,,,,,,,,,,,,,,,,,,,,,,,,,,,,,,,,,,,,,,,,,,,,,,,,,
,LineString,-23.0452451,-46.6872092,,,,wood,,,,,,Floresta Ombrófila Densa,,,,,,,,,,,,,,,,,,,,,,,,,,,,,,,,,,,,,,,,,,,,
,LineString,-23.0404443,-46.7032814,,,,wood,,,,,,,,,,,,,,,,,,,,,,,,,,,,,,,,,,,,,,,,,,,,,,,,,,
,LineString,-23.0372193,-46.7193301,,,,wood,,,,,,Floresta Ombrófila Densa,,,,,,,,,,,,,,,,,,,,,,,,,,,,,,,,,,,,,,,,,,,,
,LineString,-23.0498516,-46.6891708,,,,wood,,,,,,,,,,,,,,,,,,,,,,,,,,,,,,,,,,,,,,,,,,,,,,,,,,
,LineString,-23.0410521,-46.7052935,,,,wood,,,,,,,,,,,,,,,,,,,,,,,,,,,,,,,,,,,,,,,,,,,,,,,,,,
,LineString,-23.0497912,-46.7096567,,,,wood,,,,,,Floresta Ombrófila Densa,,,,,,,,,,,,,,,,,,,,,,,,,,,,,,,,,,,,,,,,,,,,
,LineString,-23.0491914,-46.6904801,,,,wood,,,,,,,,,,,,,,,,,,,,,,,,,,,,,,,,,,,,,,,,,,,,,,,,,,
,LineString,-23.0496513,-46.6884129,,,,wood,,,,,,,,,,,,,,,,,,,,,,,,,,,,,,,,,,,,,,,,,,,,,,,,,,
,LineString,-23.0425192,-46.706895,,,,wood,,,,,,Floresta Ombrófila Densa,,,,,,,,,,,,,,,,,,,,,,,,,,,,,,,,,,,,,,,,,,,,
,LineString,-22.9815124,-46.6724796,,,,wood,,,,,,Floresta Ombrófila Densa,,,,,,,,,,,,,,,,,,,,,,,,,,,,,,,,,,,,,,,,,,,,
,LineString,-22.9861922,-46.6374536,,,,wood,,,,,,Floresta Ombrófila Densa,,,,,,,,,,,,,,,,,,,,,,,,,,,,,,,,,,,,,,,,,,,,
,LineString,-22.9834674,-46.6365484,,,,wood,,,,,,Floresta Ombrófila Densa,,,,,,,,,,,,,,,,,,,,,,,,,,,,,,,,,,,,,,,,,,,,
,LineString,-22.9964992,-46.6624923,,,,wood,,,,,,Floresta Ombrófila Densa,,,,,,,,,,,,,,,,,,,,,,,,,,,,,,,,,,,,,,,,,,,,
,LineString,-22.9954228,-46.6663425,,,,wood,,,,,,Floresta Ombrófila Densa,,,,,,,,,,,,,,,,,,,,,,,,,,,,,,,,,,,,,,,,,,,,
,LineString,-22.987441,-46.6466109,,,,wood,,,,,,Floresta Ombrófila Densa,,,,,,,,,,,,,,,,,,,,,,,,,,,,,,,,,,,,,,,,,,,,
,LineString,-22.9842667,-46.6559451,,,,wood,,,,,,,,,,,,,,,,,,,,,,,,,,,,,,,,,,,,,,,,,,,,,,,,,,
,LineString,-22.9817476,-46.6446195,,,,wood,,,,,,Floresta Ombrófila Densa,,,,,,,,,,,,,,,,,,,,,,,,,,,,,,,,,,,,,,,,,,,,
,LineString,-22.9827522,-46.6678081,,,,wood,,,,,,Floresta Ombrófila Densa,,,,,,,,,,,,,,,,,,,,,,,,,,,,,,,,,,,,,,,,,,,,
,LineString,-22.9770146,-46.645114,,,,wood,,,,,,Floresta Ombrófila Densa,,,,,,,,,,,,,,,,,,,,,,,,,,,,,,,,,,,,,,,,,,,,
,LineString,-22.9964992,-46.6624923,,,,wood,,,,,,Floresta Ombrófila Densa,,,,,,,,,,,,,,,,,,,,,,,,,,,,,,,,,,,,,,,,,,,,
,LineString,-22.9877948,-46.6616144,,,,wood,,,,,,Floresta Ombrófila Densa,,,,,,,,,,,,,,,,,,,,,,,,,,,,,,,,,,,,,,,,,,,,
,LineString,-22.9820742,-46.6415197,,,,wood,,,,,,Floresta Ombrófila Densa,,,,,,,,,,,,,,,,,,,,,,,,,,,,,,,,,,,,,,,,,,,,
,LineString,-22.9865943,-46.6527758,,,,wood,,,,,,Floresta Ombrófila Densa,,,,,,,,,,,,,,,,,,,,,,,,,,,,,,,,,,,,,,,,,,,,
,LineString,-22.9838884,-46.6668637,,,,wood,,,,,,Floresta Ombrófila Densa,,,,,,,,,,,,,,,,,,,,,,,,,,,,,,,,,,,,,,,,,,,,
,LineString,-22.9807056,-46.623712,,,,wood,,,,,,Floresta Ombrófila Densa,,,,,,,,,,,,,,,,,,,,,,,,,,,,,,,,,,,,,,,,,,,,
,LineString,-22.9981992,-46.6584091,,,,wood,,,,,,Floresta Ombrófila Densa,,,,,,,,,,,,,,,,,,,,,,,,,,,,,,,,,,,,,,,,,,,,
,LineString,-22.972481,-46.6271664,,,,wood,,,,,,Floresta Ombrófila Densa,,,,,,,,,,,,,,,,,,,,,,,,,,,,,,,,,,,,,,,,,,,,
,LineString,-22.9830118,-46.6611185,,,,wood,,,,,,Floresta Ombrófila Densa,,,,,,,,,,,,,,,,,,,,,,,,,,,,,,,,,,,,,,,,,,,,
,LineString,-22.97436,-46.6326406,,,,wood,,,,,,Floresta Ombrófila Densa,,,,,,,,,,,,,,,,,,,,,,,,,,,,,,,,,,,,,,,,,,,,
,LineString,-22.9925565,-46.6275013,,,,wood,,,,,,Floresta Ombrófila Densa,,,,,,,,,,,,,,,,,,,,,,,,,,,,,,,,,,,,,,,,,,,,
,LineString,-22.9827308,-46.6521262,,,,wood,,,,,,Floresta Ombrófila Densa,,,,,,,,,,,,,,,,,,,,,,,,,,,,,,,,,,,,,,,,,,,,
,LineString,-22.9816865,-46.6446059,,,,wood,,,,,,Floresta Ombrófila Densa,,,,,,,,,,,,,,,,,,,,,,,,,,,,,,,,,,,,,,,,,,,,
,LineString,-22.9793953,-46.6048763,,,,wood,,,,,,Floresta Ombrófila Densa,,,,,,,,,,,,,,,,,,,,,,,,,,,,,,,,,,,,,,,,,,,,
,LineString,-22.9873751,-46.6494885,,,,wood,,,,,,Floresta Ombrófila Densa,,,,,,,,,,,,,,,,,,,,,,,,,,,,,,,,,,,,,,,,,,,,
,LineString,-22.9899261,-46.6497997,,,,wood,,,,,,Floresta Ombrófila Densa,,,,,,,,,,,,,,,,,,,,,,,,,,,,,,,,,,,,,,,,,,,,
,LineString,-22.9981971,-46.6469046,,,,wood,,,,,,Floresta Ombrófila Densa,,,,,,,,,,,,,,,,,,,,,,,,,,,,,,,,,,,,,,,,,,,,
,LineString,-22.9823522,-46.6720118,,,,wood,,,,,,Floresta Ombrófila Densa,,,,,,,,,,,,,,,,,,,,,,,,,,,,,,,,,,,,,,,,,,,,
,LineString,-22.9908333,-46.661752,,,,wood,,,,,,Floresta Ombrófila Densa,,,,,,,,,,,,,,,,,,,,,,,,,,,,,,,,,,,,,,,,,,,,
,LineString,-22.9896384,-46.6267918,,,,wood,,,,,,Floresta Ombrófila Densa,,,,,,,,,,,,,,,,,,,,,,,,,,,,,,,,,,,,,,,,,,,,
,LineString,-22.9858107,-46.6707272,,,,wood,,,,,,Floresta Ombrófila Densa,,,,,,,,,,,,,,,,,,,,,,,,,,,,,,,,,,,,,,,,,,,,
,LineString,-22.9888803,-46.635671,,,,wood,,,,,,Floresta Ombrófila Densa,,,,,,,,,,,,,,,,,,,,,,,,,,,,,,,,,,,,,,,,,,,,
,LineString,-22.9837379,-46.6706404,,,,wood,,,,,,Floresta Ombrófila Densa,,,,,,,,,,,,,,,,,,,,,,,,,,,,,,,,,,,,,,,,,,,,
,LineString,-22.9930453,-46.6371855,,,,wood,,,,,,Floresta Ombrófila Densa,,,,,,,,,,,,,,,,,,,,,,,,,,,,,,,,,,,,,,,,,,,,
,LineString,-22.9841413,-46.6545358,,,,wood,,,,,,,,,,,,,,,,,,,,,,,,,,,,,,,,,,,,,,,,,,,,,,,,,,
,LineString,-22.9968068,-46.6603272,,,,wood,,,,,,Floresta Ombrófila Densa,,,,,,,,,,,,,,,,,,,,,,,,,,,,,,,,,,,,,,,,,,,,
,LineString,-22.9865136,-46.6677843,,,,wood,,,,,,Floresta Ombrófila Densa,,,,,,,,,,,,,,,,,,,,,,,,,,,,,,,,,,,,,,,,,,,,
,LineString,-22.9756553,-46.6129423,,,,wood,,,,,,Floresta Ombrófila Densa,,,,,,,,,,,,,,,,,,,,,,,,,,,,,,,,,,,,,,,,,,,,
,LineString,-22.986433,-46.6662159,,,,wood,,,,,,Floresta Ombrófila Densa,,,,,,,,,,,,,,,,,,,,,,,,,,,,,,,,,,,,,,,,,,,,
,LineString,-22.986351,-46.6493987,,,,wood,,,,,,Floresta Ombrófila Densa,,,,,,,,,,,,,,,,,,,,,,,,,,,,,,,,,,,,,,,,,,,,
,LineString,-23.0009081,-46.6465949,,,,wood,,,,,,Floresta Ombrófila Densa,,,,,,,,,,,,,,,,,,,,,,,,,,,,,,,,,,,,,,,,,,,,
,LineString,-22.9971719,-46.6525631,,,,wood,,,,,,Floresta Ombrófila Densa,,,,,,,,,,,,,,,,,,,,,,,,,,,,,,,,,,,,,,,,,,,,
,LineString,-22.9809738,-46.6264563,,,,wood,,,,,,Floresta Ombrófila Densa,,,,,,,,,,,,,,,,,,,,,,,,,,,,,,,,,,,,,,,,,,,,
,LineString,-22.9746161,-46.6113919,,,,wood,,,,,,Floresta Ombrófila Densa,,,,,,,,,,,,,,,,,,,,,,,,,,,,,,,,,,,,,,,,,,,,
,LineString,-22.9813584,-46.6715224,,,,wood,,,,,,Floresta Ombrófila Densa,,,,,,,,,,,,,,,,,,,,,,,,,,,,,,,,,,,,,,,,,,,,
,LineString,-22.9889551,-46.6305,,,,wood,,,,,,Floresta Ombrófila Densa,,,,,,,,,,,,,,,,,,,,,,,,,,,,,,,,,,,,,,,,,,,,
,LineString,-23.0009675,-46.6566524,,,,wood,,,,,,Floresta Ombrófila Densa,,,,,,,,,,,,,,,,,,,,,,,,,,,,,,,,,,,,,,,,,,,,
,LineString,-22.9863166,-46.6359547,,,,wood,,,,,,Floresta Ombrófila Densa,,,,,,,,,,,,,,,,,,,,,,,,,,,,,,,,,,,,,,,,,,,,
,LineString,-22.9401168,-46.5562022,,,,wood,,,,,,Floresta Ombrófila Densa,,,,,,,,,,,,,,,,,,,,,,,,,,,,,,,,,,,,,,,,,,,,
,LineString,-22.9645165,-46.5567868,,,,wood,,,,,,,,,,,,,,,,,,,,,,,,,,,,,,,,,,,,,,,,,,,,,,,,,,
,LineString,-22.9683437,-46.5616499,,,,wood,,,,,,Floresta Ombrófila Densa,,,,,,,,,,,,,,,,,,,,,,,,,,,,,,,,,,,,,,,,,,,,
,LineString,-22.9648122,-46.5617448,,,,wood,,,,,,Floresta Ombrófila Densa,,,,,,,,,,,,,,,,,,,,,,,,,,,,,,,,,,,,,,,,,,,,
,LineString,-22.9432642,-46.5606753,,,,wood,,,,,,Floresta Ombrófila Densa,,,,,,,,,,,,,,,,,,,,,,,,,,,,,,,,,,,,,,,,,,,,
,LineString,-22.9374781,-46.5586095,,,,wood,,,,,,Floresta Ombrófila Densa,,,,,,,,,,,,,,,,,,,,,,,,,,,,,,,,,,,,,,,,,,,,
,LineString,-22.9667518,-46.6820994,,,,wood,,,,,,Floresta Ombrófila Densa,,,,,,,,,,,,,,,,,,,,,,,,,,,,,,,,,,,,,,,,,,,,
,LineString,-22.9554624,-46.5768409,,,,wood,,,,,,Floresta Ombrófila Densa,,,,,,,,,,,,,,,,,,,,,,,,,,,,,,,,,,,,,,,,,,,,
,LineString,-22.9380287,-46.5853126,,,,wood,,,,,,Floresta Ombrófila Densa,,,,,,,,,,,,,,,,,,,,,,,,,,,,,,,,,,,,,,,,,,,,
,LineString,-22.9366699,-46.5616838,,,,wood,,,,,,Floresta Ombrófila Densa,,,,,,,,,,,,,,,,,,,,,,,,,,,,,,,,,,,,,,,,,,,,
,MultiPolygon,-46.5159811,-22.9070072,,,,wood,,,,,,,,,,,,,,,,,,,,,,,,,,,,,,,,,,,,,,,,,,,,,,,,,,
,MultiPolygon,-46.5727778,-22.8702624,,,,wood,,,,,,Floresta Ombrófila Densa,,,,,,,,,,,,,,,,,,,,,,,,,,,,,,,,,,,,,,,,,,,,
,MultiPolygon,-46.5371199,-22.8587507,,,,wood,,,,,,Floresta Ombrófila Densa,,,,,,,,,,,,,,,,,,,,,,,,,,,,,,,,,,,,,,,,,,,,
,MultiPolygon,-46.5212273,-22.9059084,,,,wood,,,,,,Floresta Ombrófila Densa,,,,,,,,,,,,,,,,,,,,,,,,,,,,,,,,,,,,,,,,,,,,
,MultiPolygon,-46.5674287,-22.8224311,,,,wood,,,,,,Floresta Ombrófila Densa,,,,,,,,,,,,,,,,,,,,,,,,,,,,,,,,,,,,,,,,,,,,
,MultiPolygon,-46.6142448,-22.8787192,,,,wood,,,,,,Floresta Ombrófila Densa,,,,,,,,,,,,,,,,,,,,,,,,,,,,,,,,,,,,,,,,,,,,
,MultiPolygon,-46.4778562,-22.8464788,,,,wood,,,,,,Floresta Ombrófila Densa,,,,,,,,,,,,,,,,,,,,,,,,,,,,,,,,,,,,,,,,,,,,
,MultiPolygon,-46.5324396,-22.832067,,,,wood,,,,,,Floresta Ombrófila Densa,,,,,,,,,,,,,,,,,,,,,,,,,,,,,,,,,,,,,,,,,,,,
,MultiPolygon,-46.6015382,-22.8904186,,,,wood,,,,,,,,,,,,,,,,,,,,,,,,,,,,,,,,,,,,,,,,,,,,,,,,,,
,MultiPolygon,-46.6141391,-22.8584191,,,,wood,,,,,,Floresta Ombrófila Densa,,,,,,,,,,,,,,,,,,,,,,,,,,,,,,,,,,,,,,,,,,,,
,MultiPolygon,-46.522371,-22.847582,,,,wood,,,,,,,,,,,,,,,,,,,,,,,,,,,,,,,,,,,,,,,,,,,,,,,,,,
,MultiPolygon,-46.5193137,-22.8900292,,,,wood,,,,,,,,,,,,,,,,,,,,,,,,,,,,,,,,,,,,,,,,,,,,,,,,,,
,MultiPolygon,-46.4680914,-22.8743315,,,,wood,,,,,,Floresta Ombrófila Densa,,,,,,,,,,,,,,,,,,,,,,,,,,,,,,,,,,,,,,,,,,,,
,MultiPolygon,-46.4975083,-22.8387501,,,,wood,,,,,,Floresta Ombrófila Densa,,,,,,,,,,,,,,,,,,,,,,,,,,,,,,,,,,,,,,,,,,,,
,MultiPolygon,-46.6062737,-22.8828668,,,,wood,,,,,,Floresta Ombrófila Densa,,,,,,,,,,,,,,,,,,,,,,,,,,,,,,,,,,,,,,,,,,,,
,MultiPolygon,-46.6201177,-22.8623254,,,,wood,,,,,,Floresta Ombrófila Densa,,,,,,,,,,,,,,,,,,,,,,,,,,,,,,,,,,,,,,,,,,,,
,MultiPolygon,-46.4886782,-22.8497142,,,,wood,,,,,,Floresta Ombrófila Densa,,,,,,,,,,,,,,,,,,,,,,,,,,,,,,,,,,,,,,,,,,,,
,MultiPolygon,-46.6280386,-22.8230706,,,,wood,,,,,,Floresta Ombrófila Densa,,,,,,,,,,,,,,,,,,,,,,,,,,,,,,,,,,,,,,,,,,,,
,MultiPolygon,-46.5819729,-22.8357606,,,,wood,,,,,,Floresta Ombrófila Densa,,,,,,,,,,,,,,,,,,,,,,,,,,,,,,,,,,,,,,,,,,,,
,MultiPolygon,-46.5246988,-22.8229351,,,,wood,,,,,,Floresta Ombrófila Densa,,,,,,,,,,,,,,,,,,,,,,,,,,,,,,,,,,,,,,,,,,,,
,MultiPolygon,-46.5825292,-22.9004932,,,,wood,,,,,,Floresta Ombrófila Densa,,,,,,,,,,,,,,,,,,,,,,,,,,,,,,,,,,,,,,,,,,,,
,MultiPolygon,-46.555595,-22.8663511,,,,wood,,,,,,Floresta Ombrófila Densa,,,,,,,,,,,,,,,,,,,,,,,,,,,,,,,,,,,,,,,,,,,,
,MultiPolygon,-46.5313478,-22.908972,,,,wood,,,,,,Floresta Ombrófila Densa,,,,,,,,,,,,,,,,,,,,,,,,,,,,,,,,,,,,,,,,,,,,
,MultiPolygon,-46.6004927,-22.8484814,,,,wood,,,,,,Floresta Ombrófila Densa,,,,,,,,,,,,,,,,,,,,,,,,,,,,,,,,,,,,,,,,,,,,
,MultiPolygon,-46.5073495,-22.8924922,,,,wood,,,,,,Floresta Ombrófila Densa,,,,,,,,,,,,,,,,,,,,,,,,,,,,,,,,,,,,,,,,,,,,
,MultiPolygon,-46.684927,-22.9453227,,,,wood,,,,,,Floresta Ombrófila Densa,,,,,,,,,,,,,,,,,,,,,,,,,,,,,,,,,,,,,,,,,,,,
,MultiPolygon,-46.6930308,-22.95364,,,,wood,,,,,,Floresta Ombrófila Densa,,,,,,,,,,,,,,,,,,,,,,,,,,,,,,,,,,,,,,,,,,,,
,MultiPolygon,-46.7129843,-22.9417891,,,,wood,,,,,,Floresta Ombrófila Densa,,,,,,,,,,,,,,,,,,,,,,,,,,,,,,,,,,,,,,,,,,,,
,MultiPolygon,-46.7186491,-22.9250431,,,,wood,,,,,,Floresta Ombrófila Densa,,,,,,,,,,,,,,,,,,,,,,,,,,,,,,,,,,,,,,,,,,,,
,MultiPolygon,-46.7108304,-22.9279796,,,,wood,,,,,,Floresta Ombrófila Densa,,,,,,,,,,,,,,,,,,,,,,,,,,,,,,,,,,,,,,,,,,,,
,MultiPolygon,-46.6894409,-22.9531981,,,,wood,,,,,,Floresta Ombrófila Densa,,,,,,,,,,,,,,,,,,,,,,,,,,,,,,,,,,,,,,,,,,,,
,MultiPolygon,-46.6962231,-22.9568562,,,,wood,,,,,,Floresta Ombrófila Densa,,,,,,,,,,,,,,,,,,,,,,,,,,,,,,,,,,,,,,,,,,,,
,MultiPolygon,-46.6972596,-22.9359422,,,,wood,,,,,,Floresta Ombrófila Densa,,,,,,,,,,,,,,,,,,,,,,,,,,,,,,,,,,,,,,,,,,,,
,MultiPolygon,-46.6858212,-22.9299593,,,,wood,,,,,,Floresta Ombrófila Densa,,,,,,,,,,,,,,,,,,,,,,,,,,,,,,,,,,,,,,,,,,,,
,MultiPolygon,-46.7012117,-22.9393762,,,,wood,,,,,,Floresta Ombrófila Densa,,,,,,,,,,,,,,,,,,,,,,,,,,,,,,,,,,,,,,,,,,,,
,MultiPolygon,-46.7016844,-22.9398162,,,,wood,,,,,,Floresta Ombrófila Densa,,,,,,,,,,,,,,,,,,,,,,,,,,,,,,,,,,,,,,,,,,,,
,MultiPolygon,-46.6972143,-22.9335369,,,,wood,,,,,,Floresta Ombrófila Densa,,,,,,,,,,,,,,,,,,,,,,,,,,,,,,,,,,,,,,,,,,,,
,MultiPolygon,-46.7041127,-22.9260467,,,,wood,,,,,,Floresta Ombrófila Densa,,,,,,,,,,,,,,,,,,,,,,,,,,,,,,,,,,,,,,,,,,,,
,MultiPolygon,-46.6958099,-22.9461026,,,,wood,,,,,,Floresta Ombrófila Densa,,,,,,,,,,,,,,,,,,,,,,,,,,,,,,,,,,,,,,,,,,,,
,MultiPolygon,-46.6885096,-22.9476559,,,,wood,,,,,,Floresta Ombrófila Densa,,,,,,,,,,,,,,,,,,,,,,,,,,,,,,,,,,,,,,,,,,,,
,MultiPolygon,-46.6953292,-22.9560402,,,,wood,,,,,,Floresta Ombrófila Densa,,,,,,,,,,,,,,,,,,,,,,,,,,,,,,,,,,,,,,,,,,,,
,MultiPolygon,-46.6897166,-22.9470824,,,,wood,,,,,,Floresta Ombrófila Densa,,,,,,,,,,,,,,,,,,,,,,,,,,,,,,,,,,,,,,,,,,,,
,MultiPolygon,-46.6954111,-22.958027,,,,wood,,,,,,Floresta Ombrófila Densa,,,,,,,,,,,,,,,,,,,,,,,,,,,,,,,,,,,,,,,,,,,,
,MultiPolygon,-46.6876893,-22.9262981,,,,wood,,,,,,Floresta Ombrófila Densa,,,,,,,,,,,,,,,,,,,,,,,,,,,,,,,,,,,,,,,,,,,,
,MultiPolygon,-46.6864475,-22.9487829,,,,wood,,,,,,Floresta Ombrófila Densa,,,,,,,,,,,,,,,,,,,,,,,,,,,,,,,,,,,,,,,,,,,,
,MultiPolygon,-46.6895111,-22.9323856,,,,wood,,,,,,Floresta Ombrófila Densa,,,,,,,,,,,,,,,,,,,,,,,,,,,,,,,,,,,,,,,,,,,,
,MultiPolygon,-46.6902243,-22.9503739,,,,wood,,,,,,Floresta Ombrófila Densa,,,,,,,,,,,,,,,,,,,,,,,,,,,,,,,,,,,,,,,,,,,,
,MultiPolygon,-46.6934397,-22.9418573,,,,wood,,,,,,Floresta Ombrófila Densa,,,,,,,,,,,,,,,,,,,,,,,,,,,,,,,,,,,,,,,,,,,,
,MultiPolygon,-46.7194839,-22.9631049,,,,wood,,,,,,Floresta Ombrófila Densa,,,,,,,,,,,,,,,,,,,,,,,,,,,,,,,,,,,,,,,,,,,,
,MultiPolygon,-46.6908683,-22.9464888,,,,wood,,,,,,Floresta Ombrófila Densa,,,,,,,,,,,,,,,,,,,,,,,,,,,,,,,,,,,,,,,,,,,,
,MultiPolygon,-46.7009236,-22.9676063,,,,wood,,,,,,,,,,,,,,,,,,,,,,,,,,,,,,,,,,,,,,,,,,,,,,,,,,
,MultiPolygon,-46.6881121,-22.9480004,,,,wood,,,,,,Floresta Ombrófila Densa,,,,,,,,,,,,,,,,,,,,,,,,,,,,,,,,,,,,,,,,,,,,
,MultiPolygon,-46.6969686,-22.9579692,,,,wood,,,,,,Floresta Ombrófila Densa,,,,,,,,,,,,,,,,,,,,,,,,,,,,,,,,,,,,,,,,,,,,
,MultiPolygon,-46.688833,-22.9393498,,,,wood,,,,,,Floresta Ombrófila Densa,,,,,,,,,,,,,,,,,,,,,,,,,,,,,,,,,,,,,,,,,,,,
,MultiPolygon,-46.7041713,-22.9655291,,,,wood,,,,,,Floresta Ombrófila Densa,,,,,,,,,,,,,,,,,,,,,,,,,,,,,,,,,,,,,,,,,,,,
,MultiPolygon,-46.7152831,-22.9651996,,,,wood,,,,,,Floresta Ombrófila Densa,,,,,,,,,,,,,,,,,,,,,,,,,,,,,,,,,,,,,,,,,,,,
,MultiPolygon,-46.6923572,-22.9312458,,,,wood,,,,,,Floresta Ombrófila Densa,,,,,,,,,,,,,,,,,,,,,,,,,,,,,,,,,,,,,,,,,,,,
,MultiPolygon,-46.7190413,-22.9405081,,,,wood,,,,,,Floresta Ombrófila Densa,,,,,,,,,,,,,,,,,,,,,,,,,,,,,,,,,,,,,,,,,,,,
,MultiPolygon,-46.6917831,-22.9422372,,,,wood,,,,,,Floresta Ombrófila Densa,,,,,,,,,,,,,,,,,,,,,,,,,,,,,,,,,,,,,,,,,,,,
,MultiPolygon,-46.6846894,-22.9563706,,,,wood,,,,,,Floresta Ombrófila Densa,,,,,,,,,,,,,,,,,,,,,,,,,,,,,,,,,,,,,,,,,,,,
,MultiPolygon,-46.7049714,-22.9615394,,,,wood,,,,,,Floresta Ombrófila Densa,,,,,,,,,,,,,,,,,,,,,,,,,,,,,,,,,,,,,,,,,,,,
,MultiPolygon,-46.7185726,-22.9358941,,,,wood,,,,,,Floresta Ombrófila Densa,,,,,,,,,,,,,,,,,,,,,,,,,,,,,,,,,,,,,,,,,,,,
,MultiPolygon,-46.6849396,-22.9578303,,,,wood,,,,,,Floresta Ombrófila Densa,,,,,,,,,,,,,,,,,,,,,,,,,,,,,,,,,,,,,,,,,,,,
,MultiPolygon,-46.7094963,-22.9593235,,,,wood,,,,,,Floresta Ombrófila Densa,,,,,,,,,,,,,,,,,,,,,,,,,,,,,,,,,,,,,,,,,,,,
,MultiPolygon,-46.7122952,-22.9281879,,,,wood,,,,,,Floresta Ombrófila Densa,,,,,,,,,,,,,,,,,,,,,,,,,,,,,,,,,,,,,,,,,,,,
,MultiPolygon,-46.6751081,-22.9390984,,,,wood,,,,,,Floresta Ombrófila Densa,,,,,,,,,,,,,,,,,,,,,,,,,,,,,,,,,,,,,,,,,,,,
,MultiPolygon,-46.7038213,-22.9577227,,,,wood,,,,,,,,,,,,,,,,,,,,,,,,,,,,,,,,,,,,,,,,,,,,,,,,,,
,MultiPolygon,-46.713795,-22.9593372,,,,wood,,,,,,Floresta Ombrófila Densa,,,,,,,,,,,,,,,,,,,,,,,,,,,,,,,,,,,,,,,,,,,,
,MultiPolygon,-46.6896077,-22.9386573,,,,wood,,,,,,Floresta Ombrófila Densa,,,,,,,,,,,,,,,,,,,,,,,,,,,,,,,,,,,,,,,,,,,,
,MultiPolygon,-46.7049815,-22.9443376,,,,wood,,,,,,Floresta Ombrófila Densa,,,,,,,,,,,,,,,,,,,,,,,,,,,,,,,,,,,,,,,,,,,,
,MultiPolygon,-46.6911495,-22.9517332,,,,wood,,,,,,Floresta Ombrófila Densa,,,,,,,,,,,,,,,,,,,,,,,,,,,,,,,,,,,,,,,,,,,,
,MultiPolygon,-46.7012199,-22.9406593,,,,wood,,,,,,Floresta Ombrófila Densa,,,,,,,,,,,,,,,,,,,,,,,,,,,,,,,,,,,,,,,,,,,,
,MultiPolygon,-46.7027584,-22.9439833,,,,wood,,,,,,Floresta Ombrófila Densa,,,,,,,,,,,,,,,,,,,,,,,,,,,,,,,,,,,,,,,,,,,,
,MultiPolygon,-46.7213433,-22.938515,,,,wood,,,,,,Floresta Ombrófila Densa,,,,,,,,,,,,,,,,,,,,,,,,,,,,,,,,,,,,,,,,,,,,
,MultiPolygon,-46.7197237,-22.9679628,,,,wood,,,,,,,,,,,,,,,,,,,,,,,,,,,,,,,,,,,,,,,,,,,,,,,,,,
,MultiPolygon,-46.6983681,-22.9557192,,,,wood,,,,,,,,,,,,,,,,,,,,,,,,,,,,,,,,,,,,,,,,,,,,,,,,,,
,MultiPolygon,-46.6904874,-22.9525533,,,,wood,,,,,,Floresta Ombrófila Densa,,,,,,,,,,,,,,,,,,,,,,,,,,,,,,,,,,,,,,,,,,,,
,MultiPolygon,-46.7151605,-22.9423698,,,,wood,,,,,,Floresta Ombrófila Densa,,,,,,,,,,,,,,,,,,,,,,,,,,,,,,,,,,,,,,,,,,,,
,MultiPolygon,-46.6777599,-22.9430268,,,,wood,,,,,,Floresta Ombrófila Densa,,,,,,,,,,,,,,,,,,,,,,,,,,,,,,,,,,,,,,,,,,,,
,MultiPolygon,-46.7182361,-22.939519,,,,wood,,,,,,Floresta Ombrófila Densa,,,,,,,,,,,,,,,,,,,,,,,,,,,,,,,,,,,,,,,,,,,,
,MultiPolygon,-46.7024939,-22.9399713,,,,wood,,,,,,Floresta Ombrófila Densa,,,,,,,,,,,,,,,,,,,,,,,,,,,,,,,,,,,,,,,,,,,,
,MultiPolygon,-46.7229087,-22.9428101,,,,wood,,,,,,Floresta Ombrófila Densa,,,,,,,,,,,,,,,,,,,,,,,,,,,,,,,,,,,,,,,,,,,,
,MultiPolygon,-46.7195634,-22.9714895,,,,wood,,,,,,Floresta Ombrófila Densa,,,,,,,,,,,,,,,,,,,,,,,,,,,,,,,,,,,,,,,,,,,,
,MultiPolygon,-46.6930102,-22.946101,,,,wood,,,,,,Floresta Ombrófila Densa,,,,,,,,,,,,,,,,,,,,,,,,,,,,,,,,,,,,,,,,,,,,
,MultiPolygon,-46.710906,-22.9330276,,,,wood,,,,,,,,,,,,,,,,,,,,,,,,,,,,,,,,,,,,,,,,,,,,,,,,,,
,MultiPolygon,-46.7016492,-22.9381511,,,,wood,,,,,,Floresta Ombrófila Densa,,,,,,,,,,,,,,,,,,,,,,,,,,,,,,,,,,,,,,,,,,,,
,MultiPolygon,-46.7012289,-22.9758817,,,,wood,,,,,,,,,,,,,,,,,,,,,,,,,,,,,,,,,,,,,,,,,,,,,,,,,,
,MultiPolygon,-46.6787976,-22.9311489,,,,wood,,,,,,Floresta Ombrófila Densa,,,,,,,,,,,,,,,,,,,,,,,,,,,,,,,,,,,,,,,,,,,,
,MultiPolygon,-46.72441,-22.967548,,,,wood,,,,,,,,,,,,,,,,,,,,,,,,,,,,,,,,,,,,,,,,,,,,,,,,,,
,MultiPolygon,-46.7068348,-22.9578414,,,,wood,,,,,,,,,,,,,,,,,,,,,,,,,,,,,,,,,,,,,,,,,,,,,,,,,,
,MultiPolygon,-46.6923508,-22.9421558,,,,wood,,,,,,Floresta Ombrófila Densa,,,,,,,,,,,,,,,,,,,,,,,,,,,,,,,,,,,,,,,,,,,,
,MultiPolygon,-46.7055802,-22.9682522,,,,wood,,,,,,,,,,,,,,,,,,,,,,,,,,,,,,,,,,,,,,,,,,,,,,,,,,
,MultiPolygon,-46.660599,-22.8956357,,,,wood,,,,,,Floresta Ombrófila Densa,,,,,,,,,,,,,,,,,,,,,,,,,,,,,,,,,,,,,,,,,,,,
,MultiPolygon,-46.6795723,-22.8925218,,,,wood,,,,,,Floresta Ombrófila Densa,,,,,,,,,,,,,,,,,,,,,,,,,,,,,,,,,,,,,,,,,,,,
,MultiPolygon,-46.6760791,-22.8744246,,,,wood,,,,,,Floresta Ombrófila Densa,,,,,,,,,,,,,,,,,,,,,,,,,,,,,,,,,,,,,,,,,,,,
,MultiPolygon,-46.6715627,-22.8852022,,,,wood,,,,,,Floresta Ombrófila Densa,,,,,,,,,,,,,,,,,,,,,,,,,,,,,,,,,,,,,,,,,,,,
,MultiPolygon,-46.6350825,-22.8948767,,,,wood,,,,,,Floresta Ombrófila Densa,,,,,,,,,,,,,,,,,,,,,,,,,,,,,,,,,,,,,,,,,,,,
,MultiPolygon,-46.6556457,-22.8682446,,,,wood,,,,,,Floresta Ombrófila Densa,,,,,,,,,,,,,,,,,,,,,,,,,,,,,,,,,,,,,,,,,,,,
,MultiPolygon,-46.6488484,-22.8796414,,,,wood,,,,,,Floresta Ombrófila Densa,,,,,,,,,,,,,,,,,,,,,,,,,,,,,,,,,,,,,,,,,,,,
,MultiPolygon,-46.6631678,-22.900231,,,,wood,,,,,,Floresta Ombrófila Densa,,,,,,,,,,,,,,,,,,,,,,,,,,,,,,,,,,,,,,,,,,,,
,MultiPolygon,-46.6307778,-22.8763825,,,,wood,,,,,,Floresta Ombrófila Densa,,,,,,,,,,,,,,,,,,,,,,,,,,,,,,,,,,,,,,,,,,,,
,MultiPolygon,-46.648387,-22.8818434,,,,wood,,,,,,Floresta Ombrófila Densa,,,,,,,,,,,,,,,,,,,,,,,,,,,,,,,,,,,,,,,,,,,,
,MultiPolygon,-46.6788087,-22.8885235,,,,wood,,,,,,Floresta Ombrófila Densa,,,,,,,,,,,,,,,,,,,,,,,,,,,,,,,,,,,,,,,,,,,,
,MultiPolygon,-46.6784121,-22.8656051,,,,wood,,,,,,Floresta Ombrófila Densa,,,,,,,,,,,,,,,,,,,,,,,,,,,,,,,,,,,,,,,,,,,,
,MultiPolygon,-46.6337506,-22.8875939,,,,wood,,,,,,Floresta Ombrófila Densa,,,,,,,,,,,,,,,,,,,,,,,,,,,,,,,,,,,,,,,,,,,,
,MultiPolygon,-46.6738696,-22.8693729,,,,wood,,,,,,Floresta Ombrófila Densa,,,,,,,,,,,,,,,,,,,,,,,,,,,,,,,,,,,,,,,,,,,,
,MultiPolygon,-46.6509742,-22.8810874,,,,wood,,,,,,Floresta Ombrófila Densa,,,,,,,,,,,,,,,,,,,,,,,,,,,,,,,,,,,,,,,,,,,,
,MultiPolygon,-46.6252654,-22.8771824,,,,wood,,,,,,Floresta Ombrófila Densa,,,,,,,,,,,,,,,,,,,,,,,,,,,,,,,,,,,,,,,,,,,,
,MultiPolygon,-46.6967883,-22.8800403,,,,wood,,,,,,,,,,,,,,,,,,,,,,,,,,,,,,,,,,,,,,,,,,,,,,,,,,
,MultiPolygon,-46.6779271,-22.8742425,,,,wood,,,,,,Floresta Ombrófila Densa,,,,,,,,,,,,,,,,,,,,,,,,,,,,,,,,,,,,,,,,,,,,
,MultiPolygon,-46.6356741,-22.8659183,,,,wood,,,,,,Floresta Ombrófila Densa,,,,,,,,,,,,,,,,,,,,,,,,,,,,,,,,,,,,,,,,,,,,
,MultiPolygon,-46.6581072,-22.865709,,,,wood,,,,,,Floresta Ombrófila Densa,,,,,,,,,,,,,,,,,,,,,,,,,,,,,,,,,,,,,,,,,,,,
,MultiPolygon,-46.6559741,-22.8837963,,,,wood,,,,,,Floresta Ombrófila Densa,,,,,,,,,,,,,,,,,,,,,,,,,,,,,,,,,,,,,,,,,,,,
,MultiPolygon,-46.6750206,-22.8673127,,,,wood,,,,,,Floresta Ombrófila Densa,,,,,,,,,,,,,,,,,,,,,,,,,,,,,,,,,,,,,,,,,,,,
,MultiPolygon,-46.6655553,-22.8671355,,,,wood,,,,,,Floresta Ombrófila Densa,,,,,,,,,,,,,,,,,,,,,,,,,,,,,,,,,,,,,,,,,,,,
,MultiPolygon,-46.6781427,-22.9009823,,,,wood,,,,,,Floresta Ombrófila Densa,,,,,,,,,,,,,,,,,,,,,,,,,,,,,,,,,,,,,,,,,,,,
,MultiPolygon,-46.6864208,-22.8916457,,,,wood,,,,,,Floresta Ombrófila Densa,,,,,,,,,,,,,,,,,,,,,,,,,,,,,,,,,,,,,,,,,,,,
,MultiPolygon,-46.6466821,-22.8728139,,,,wood,,,,,,Floresta Ombrófila Densa,,,,,,,,,,,,,,,,,,,,,,,,,,,,,,,,,,,,,,,,,,,,
,MultiPolygon,-46.6291056,-22.8970185,,,,wood,,,,,,Floresta Ombrófila Densa,,,,,,,,,,,,,,,,,,,,,,,,,,,,,,,,,,,,,,,,,,,,
,MultiPolygon,-46.6363118,-22.9032633,,,,wood,,,,,,Floresta Ombrófila Densa,,,,,,,,,,,,,,,,,,,,,,,,,,,,,,,,,,,,,,,,,,,,
,MultiPolygon,-46.6776594,-22.8862076,,,,wood,,,,,,,,,,,,,,,,,,,,,,,,,,,,,,,,,,,,,,,,,,,,,,,,,,
,MultiPolygon,-46.6298522,-22.8759526,,,,wood,,,,,,Floresta Ombrófila Densa,,,,,,,,,,,,,,,,,,,,,,,,,,,,,,,,,,,,,,,,,,,,
,MultiPolygon,-46.6735371,-22.8898454,,,,wood,,,,,,Floresta Ombrófila Densa,,,,,,,,,,,,,,,,,,,,,,,,,,,,,,,,,,,,,,,,,,,,
,MultiPolygon,-46.6756598,-22.8692908,,,,wood,,,,,,Floresta Ombrófila Densa,,,,,,,,,,,,,,,,,,,,,,,,,,,,,,,,,,,,,,,,,,,,
,MultiPolygon,-46.6409192,-22.8949854,,,,wood,,,,,,Floresta Ombrófila Densa,,,,,,,,,,,,,,,,,,,,,,,,,,,,,,,,,,,,,,,,,,,,
,MultiPolygon,-46.6726844,-22.8917526,,,,wood,,,,,,Floresta Ombrófila Densa,,,,,,,,,,,,,,,,,,,,,,,,,,,,,,,,,,,,,,,,,,,,
,MultiPolygon,-46.6383872,-22.8731415,,,,wood,,,,,,Floresta Ombrófila Densa,,,,,,,,,,,,,,,,,,,,,,,,,,,,,,,,,,,,,,,,,,,,
,MultiPolygon,-46.6794728,-22.868663,,,,wood,,,,,,Floresta Ombrófila Densa,,,,,,,,,,,,,,,,,,,,,,,,,,,,,,,,,,,,,,,,,,,,
,MultiPolygon,-46.6235973,-22.878564,,,,wood,,,,,,Floresta Ombrófila Densa,,,,,,,,,,,,,,,,,,,,,,,,,,,,,,,,,,,,,,,,,,,,
,MultiPolygon,-46.6690741,-22.8959368,,,,wood,,,,,,Floresta Ombrófila Densa,,,,,,,,,,,,,,,,,,,,,,,,,,,,,,,,,,,,,,,,,,,,
,MultiPolygon,-46.6347196,-22.8660852,,,,wood,,,,,,Floresta Ombrófila Densa,,,,,,,,,,,,,,,,,,,,,,,,,,,,,,,,,,,,,,,,,,,,
,MultiPolygon,-46.6428576,-22.8945182,,,,wood,,,,,,Floresta Ombrófila Densa,,,,,,,,,,,,,,,,,,,,,,,,,,,,,,,,,,,,,,,,,,,,
,MultiPolygon,-46.6256953,-22.8982374,,,,wood,,,,,,,,,,,,,,,,,,,,,,,,,,,,,,,,,,,,,,,,,,,,,,,,,,
,MultiPolygon,-46.6808375,-22.8679841,,,,wood,,,,,,Floresta Ombrófila Densa,,,,,,,,,,,,,,,,,,,,,,,,,,,,,,,,,,,,,,,,,,,,
,MultiPolygon,-46.658313,-22.8719992,,,,wood,,,,,,Floresta Ombrófila Densa,,,,,,,,,,,,,,,,,,,,,,,,,,,,,,,,,,,,,,,,,,,,
,MultiPolygon,-46.6871204,-22.8857015,,,,wood,,,,,,,,,,,,,,,,,,,,,,,,,,,,,,,,,,,,,,,,,,,,,,,,,,
,MultiPolygon,-46.6226194,-22.8963744,,,,wood,,,,,,Floresta Ombrófila Densa,,,,,,,,,,,,,,,,,,,,,,,,,,,,,,,,,,,,,,,,,,,,
,MultiPolygon,-46.6340765,-22.8888009,,,,wood,,,,,,Floresta Ombrófila Densa,,,,,,,,,,,,,,,,,,,,,,,,,,,,,,,,,,,,,,,,,,,,
,MultiPolygon,-46.6819789,-22.8762741,,,,wood,,,,,,Floresta Ombrófila Densa,,,,,,,,,,,,,,,,,,,,,,,,,,,,,,,,,,,,,,,,,,,,
,MultiPolygon,-46.6653247,-22.8864153,,,,wood,,,,,,Floresta Ombrófila Densa,,,,,,,,,,,,,,,,,,,,,,,,,,,,,,,,,,,,,,,,,,,,
,MultiPolygon,-46.6762082,-22.8996121,,,,wood,,,,,,Floresta Ombrófila Densa,,,,,,,,,,,,,,,,,,,,,,,,,,,,,,,,,,,,,,,,,,,,
,MultiPolygon,-46.6694587,-22.8674981,,,,wood,,,,,,Floresta Ombrófila Densa,,,,,,,,,,,,,,,,,,,,,,,,,,,,,,,,,,,,,,,,,,,,
,MultiPolygon,-46.6451045,-22.8768577,,,,wood,,,,,,Floresta Ombrófila Densa,,,,,,,,,,,,,,,,,,,,,,,,,,,,,,,,,,,,,,,,,,,,
,MultiPolygon,-46.6269163,-22.8766746,,,,wood,,,,,,Floresta Ombrófila Densa,,,,,,,,,,,,,,,,,,,,,,,,,,,,,,,,,,,,,,,,,,,,
,MultiPolygon,-46.6251283,-22.8786164,,,,wood,,,,,,Floresta Ombrófila Densa,,,,,,,,,,,,,,,,,,,,,,,,,,,,,,,,,,,,,,,,,,,,
,MultiPolygon,-46.665532,-22.8986741,,,,wood,,,,,,Floresta Ombrófila Densa,,,,,,,,,,,,,,,,,,,,,,,,,,,,,,,,,,,,,,,,,,,,
,MultiPolygon,-46.6451867,-22.8790992,,,,wood,,,,,,Floresta Ombrófila Densa,,,,,,,,,,,,,,,,,,,,,,,,,,,,,,,,,,,,,,,,,,,,
,MultiPolygon,-46.661387,-22.8849865,,,,wood,,,,,,Floresta Ombrófila Densa,,,,,,,,,,,,,,,,,,,,,,,,,,,,,,,,,,,,,,,,,,,,
,MultiPolygon,-46.6721494,-22.8873416,,,,wood,,,,,,,,,,,,,,,,,,,,,,,,,,,,,,,,,,,,,,,,,,,,,,,,,,
,MultiPolygon,-46.6771461,-22.8715371,,,,wood,,,,,,,,,,,,,,,,,,,,,,,,,,,,,,,,,,,,,,,,,,,,,,,,,,
,MultiPolygon,-46.669294,-22.8980486,,,,wood,,,,,,Floresta Ombrófila Densa,,,,,,,,,,,,,,,,,,,,,,,,,,,,,,,,,,,,,,,,,,,,
,MultiPolygon,-46.6744063,-22.8738081,,,,wood,,,,,,Floresta Ombrófila Densa,,,,,,,,,,,,,,,,,,,,,,,,,,,,,,,,,,,,,,,,,,,,
,MultiPolygon,-46.6369657,-22.9027845,,,,wood,,,,,,Floresta Ombrófila Densa,,,,,,,,,,,,,,,,,,,,,,,,,,,,,,,,,,,,,,,,,,,,
,MultiPolygon,-46.6649605,-22.8987206,,,,wood,,,,,,Floresta Ombrófila Densa,,,,,,,,,,,,,,,,,,,,,,,,,,,,,,,,,,,,,,,,,,,,
,MultiPolygon,-46.6510054,-22.8871568,,,,wood,,,,,,,,,,,,,,,,,,,,,,,,,,,,,,,,,,,,,,,,,,,,,,,,,,
,MultiPolygon,-46.6474838,-22.8796148,,,,wood,,,,,,Floresta Ombrófila Densa,,,,,,,,,,,,,,,,,,,,,,,,,,,,,,,,,,,,,,,,,,,,
,MultiPolygon,-46.6364308,-22.8698206,,,,wood,,,,,,Floresta Ombrófila Densa,,,,,,,,,,,,,,,,,,,,,,,,,,,,,,,,,,,,,,,,,,,,
,MultiPolygon,-46.6500793,-22.8805916,,,,wood,,,,,,Floresta Ombrófila Densa,,,,,,,,,,,,,,,,,,,,,,,,,,,,,,,,,,,,,,,,,,,,
,MultiPolygon,-46.6477278,-22.9031423,,,,wood,,,,,,Floresta Ombrófila Densa,,,,,,,,,,,,,,,,,,,,,,,,,,,,,,,,,,,,,,,,,,,,
,MultiPolygon,-46.6453671,-22.8781544,,,,wood,,,,,,Floresta Ombrófila Densa,,,,,,,,,,,,,,,,,,,,,,,,,,,,,,,,,,,,,,,,,,,,
,MultiPolygon,-46.6234932,-22.8972381,,,,wood,,,,,,,,,,,,,,,,,,,,,,,,,,,,,,,,,,,,,,,,,,,,,,,,,,
,MultiPolygon,-46.6777253,-22.8644971,,,,wood,,,,,,Floresta Ombrófila Densa,,,,,,,,,,,,,,,,,,,,,,,,,,,,,,,,,,,,,,,,,,,,
,MultiPolygon,-46.6280807,-22.8874519,,,,wood,,,,,,Floresta Ombrófila Densa,,,,,,,,,,,,,,,,,,,,,,,,,,,,,,,,,,,,,,,,,,,,
,MultiPolygon,-46.6751054,-22.8829287,,,,wood,,,,,,Floresta Ombrófila Densa,,,,,,,,,,,,,,,,,,,,,,,,,,,,,,,,,,,,,,,,,,,,
,MultiPolygon,-46.6774365,-22.8676832,,,,wood,,,,,,,,,,,,,,,,,,,,,,,,,,,,,,,,,,,,,,,,,,,,,,,,,,
,MultiPolygon,-46.6445071,-22.8930804,,,,wood,,,,,,Floresta Ombrófila Densa,,,,,,,,,,,,,,,,,,,,,,,,,,,,,,,,,,,,,,,,,,,,
,MultiPolygon,-46.6386936,-22.8813861,,,,wood,,,,,,Floresta Ombrófila Densa,,,,,,,,,,,,,,,,,,,,,,,,,,,,,,,,,,,,,,,,,,,,
,MultiPolygon,-46.6667463,-22.8973386,,,,wood,,,,,,Floresta Ombrófila Densa,,,,,,,,,,,,,,,,,,,,,,,,,,,,,,,,,,,,,,,,,,,,
,MultiPolygon,-46.6516103,-22.8832014,,,,wood,,,,,,Floresta Ombrófila Densa,,,,,,,,,,,,,,,,,,,,,,,,,,,,,,,,,,,,,,,,,,,,
,MultiPolygon,-46.6308212,-22.8759742,,,,wood,,,,,,Floresta Ombrófila Densa,,,,,,,,,,,,,,,,,,,,,,,,,,,,,,,,,,,,,,,,,,,,
,MultiPolygon,-46.647737,-22.8683508,,,,wood,,,,,,Floresta Ombrófila Densa,,,,,,,,,,,,,,,,,,,,,,,,,,,,,,,,,,,,,,,,,,,,
,MultiPolygon,-46.6474961,-22.8901701,,,,wood,,,,,,Floresta Ombrófila Densa,,,,,,,,,,,,,,,,,,,,,,,,,,,,,,,,,,,,,,,,,,,,
,MultiPolygon,-46.6804595,-22.871714,,,,wood,,,,,,Floresta Ombrófila Densa,,,,,,,,,,,,,,,,,,,,,,,,,,,,,,,,,,,,,,,,,,,,
,MultiPolygon,-46.6250648,-22.8810671,,,,wood,,,,,,Floresta Ombrófila Densa,,,,,,,,,,,,,,,,,,,,,,,,,,,,,,,,,,,,,,,,,,,,
,MultiPolygon,-46.6473674,-22.9014756,,,,wood,,,,,,Floresta Ombrófila Densa,,,,,,,,,,,,,,,,,,,,,,,,,,,,,,,,,,,,,,,,,,,,
,MultiPolygon,-46.6615576,-22.8878178,,,,wood,,,,,,,,,,,,,,,,,,,,,,,,,,,,,,,,,,,,,,,,,,,,,,,,,,
,MultiPolygon,-46.6479737,-22.8772512,,,,wood,,,,,,Floresta Ombrófila Densa,,,,,,,,,,,,,,,,,,,,,,,,,,,,,,,,,,,,,,,,,,,,
,MultiPolygon,-46.6487118,-22.8705479,,,,wood,,,,,,Floresta Ombrófila Densa,,,,,,,,,,,,,,,,,,,,,,,,,,,,,,,,,,,,,,,,,,,,
,MultiPolygon,-46.6393198,-22.8817053,,,,wood,,,,,,Floresta Ombrófila Densa,,,,,,,,,,,,,,,,,,,,,,,,,,,,,,,,,,,,,,,,,,,,
,MultiPolygon,-46.6299317,-22.8751031,,,,wood,,,,,,,,,,,,,,,,,,,,,,,,,,,,,,,,,,,,,,,,,,,,,,,,,,
,MultiPolygon,-46.6696904,-22.8998807,,,,wood,,,,,,Floresta Ombrófila Densa,,,,,,,,,,,,,,,,,,,,,,,,,,,,,,,,,,,,,,,,,,,,
,MultiPolygon,-46.6832465,-22.8845556,,,,wood,,,,,,Floresta Ombrófila Densa,,,,,,,,,,,,,,,,,,,,,,,,,,,,,,,,,,,,,,,,,,,,
,MultiPolygon,-46.6413476,-22.8661578,,,,wood,,,,,,Floresta Ombrófila Densa,,,,,,,,,,,,,,,,,,,,,,,,,,,,,,,,,,,,,,,,,,,,
,MultiPolygon,-46.6226941,-22.8915248,,,,wood,,,,,,Floresta Ombrófila Densa,,,,,,,,,,,,,,,,,,,,,,,,,,,,,,,,,,,,,,,,,,,,
,MultiPolygon,-46.6739712,-22.8708833,,,,wood,,,,,,Floresta Ombrófila Densa,,,,,,,,,,,,,,,,,,,,,,,,,,,,,,,,,,,,,,,,,,,,
,MultiPolygon,-46.629256,-22.8910502,,,,wood,,,,,,Floresta Ombrófila Densa,,,,,,,,,,,,,,,,,,,,,,,,,,,,,,,,,,,,,,,,,,,,
,MultiPolygon,-46.6456347,-22.8702692,,,,wood,,,,,,,,,,,,,,,,,,,,,,,,,,,,,,,,,,,,,,,,,,,,,,,,,,
,MultiPolygon,-46.6665622,-22.8966365,,,,wood,,,,,,Floresta Ombrófila Densa,,,,,,,,,,,,,,,,,,,,,,,,,,,,,,,,,,,,,,,,,,,,
,MultiPolygon,-46.6732325,-22.8893448,,,,wood,,,,,,Floresta Ombrófila Densa,,,,,,,,,,,,,,,,,,,,,,,,,,,,,,,,,,,,,,,,,,,,
,MultiPolygon,-46.6638487,-22.8911644,,,,wood,,,,,,,,,,,,,,,,,,,,,,,,,,,,,,,,,,,,,,,,,,,,,,,,,,
,MultiPolygon,-46.6608946,-22.8850705,,,,wood,,,,,,Floresta Ombrófila Densa,,,,,,,,,,,,,,,,,,,,,,,,,,,,,,,,,,,,,,,,,,,,
,MultiPolygon,-46.6305515,-22.8728065,,,,wood,,,,,,,,,,,,,,,,,,,,,,,,,,,,,,,,,,,,,,,,,,,,,,,,,,
,MultiPolygon,-46.6887501,-22.9005208,,,,wood,,,,,,Floresta Ombrófila Densa,,,,,,,,,,,,,,,,,,,,,,,,,,,,,,,,,,,,,,,,,,,,
,MultiPolygon,-46.6748162,-22.8847172,,,,wood,,,,,,Floresta Ombrófila Densa,,,,,,,,,,,,,,,,,,,,,,,,,,,,,,,,,,,,,,,,,,,,
,MultiPolygon,-46.6457924,-22.8751888,,,,wood,,,,,,Floresta Ombrófila Densa,,,,,,,,,,,,,,,,,,,,,,,,,,,,,,,,,,,,,,,,,,,,
,MultiPolygon,-46.6518405,-22.8408363,,,,wood,,,,,,Floresta Ombrófila Densa,,,,,,,,,,,,,,,,,,,,,,,,,,,,,,,,,,,,,,,,,,,,
,MultiPolygon,-46.6486194,-22.8432731,,,,wood,,,,,,Floresta Ombrófila Densa,,,,,,,,,,,,,,,,,,,,,,,,,,,,,,,,,,,,,,,,,,,,
,MultiPolygon,-46.6252433,-22.8570894,,,,wood,,,,,,Floresta Ombrófila Densa,,,,,,,,,,,,,,,,,,,,,,,,,,,,,,,,,,,,,,,,,,,,
,MultiPolygon,-46.6740588,-22.8503034,,,,wood,,,,,,Floresta Ombrófila Densa,,,,,,,,,,,,,,,,,,,,,,,,,,,,,,,,,,,,,,,,,,,,
,MultiPolygon,-46.6497857,-22.8649226,,,,wood,,,,,,Floresta Ombrófila Densa,,,,,,,,,,,,,,,,,,,,,,,,,,,,,,,,,,,,,,,,,,,,
,MultiPolygon,-46.6380737,-22.8603976,,,,wood,,,,,,Floresta Ombrófila Densa,,,,,,,,,,,,,,,,,,,,,,,,,,,,,,,,,,,,,,,,,,,,
,MultiPolygon,-46.6758459,-22.837199,,,,wood,,,,,,Floresta Ombrófila Densa,,,,,,,,,,,,,,,,,,,,,,,,,,,,,,,,,,,,,,,,,,,,
,MultiPolygon,-46.6594633,-22.8523973,,,,wood,,,,,,Floresta Ombrófila Densa,,,,,,,,,,,,,,,,,,,,,,,,,,,,,,,,,,,,,,,,,,,,
,MultiPolygon,-46.6637805,-22.8575388,,,,wood,,,,,,Floresta Ombrófila Densa,,,,,,,,,,,,,,,,,,,,,,,,,,,,,,,,,,,,,,,,,,,,
,MultiPolygon,-46.6598033,-22.8570102,,,,wood,,,,,,Floresta Ombrófila Densa,,,,,,,,,,,,,,,,,,,,,,,,,,,,,,,,,,,,,,,,,,,,
,MultiPolygon,-46.6260657,-22.8631116,,,,wood,,,,,,Floresta Ombrófila Densa,,,,,,,,,,,,,,,,,,,,,,,,,,,,,,,,,,,,,,,,,,,,
,MultiPolygon,-46.6422568,-22.8540797,,,,wood,,,,,,Floresta Ombrófila Densa,,,,,,,,,,,,,,,,,,,,,,,,,,,,,,,,,,,,,,,,,,,,
,MultiPolygon,-46.630679,-22.8491474,,,,wood,,,,,,Floresta Ombrófila Densa,,,,,,,,,,,,,,,,,,,,,,,,,,,,,,,,,,,,,,,,,,,,
,MultiPolygon,-46.6362145,-22.8315117,,,,wood,,,,,,Floresta Ombrófila Densa,,,,,,,,,,,,,,,,,,,,,,,,,,,,,,,,,,,,,,,,,,,,
,MultiPolygon,-46.6643436,-22.8391491,,,,wood,,,,,,Floresta Ombrófila Densa,,,,,,,,,,,,,,,,,,,,,,,,,,,,,,,,,,,,,,,,,,,,
,MultiPolygon,-46.6429195,-22.8371098,,,,wood,,,,,,Floresta Ombrófila Densa,,,,,,,,,,,,,,,,,,,,,,,,,,,,,,,,,,,,,,,,,,,,
,MultiPolygon,-46.6608423,-22.8421822,,,,wood,,,,,,Floresta Ombrófila Densa,,,,,,,,,,,,,,,,,,,,,,,,,,,,,,,,,,,,,,,,,,,,
,MultiPolygon,-46.6277703,-22.8611197,,,,wood,,,,,,Floresta Ombrófila Densa,,,,,,,,,,,,,,,,,,,,,,,,,,,,,,,,,,,,,,,,,,,,
,MultiPolygon,-46.6313956,-22.8337817,,,,wood,,,,,,Floresta Ombrófila Densa,,,,,,,,,,,,,,,,,,,,,,,,,,,,,,,,,,,,,,,,,,,,
,MultiPolygon,-46.659848,-22.8412102,,,,wood,,,,,,Floresta Ombrófila Densa,,,,,,,,,,,,,,,,,,,,,,,,,,,,,,,,,,,,,,,,,,,,
,MultiPolygon,-46.6718735,-22.8618246,,,,wood,,,,,,Floresta Ombrófila Densa,,,,,,,,,,,,,,,,,,,,,,,,,,,,,,,,,,,,,,,,,,,,
,MultiPolygon,-46.6496459,-22.8488863,,,,wood,,,,,,Floresta Ombrófila Densa,,,,,,,,,,,,,,,,,,,,,,,,,,,,,,,,,,,,,,,,,,,,
,MultiPolygon,-46.6464805,-22.855586,,,,wood,,,,,,Floresta Ombrófila Densa,,,,,,,,,,,,,,,,,,,,,,,,,,,,,,,,,,,,,,,,,,,,
,MultiPolygon,-46.6653372,-22.8297886,,,,wood,,,,,,Floresta Ombrófila Densa,,,,,,,,,,,,,,,,,,,,,,,,,,,,,,,,,,,,,,,,,,,,
,MultiPolygon,-46.6561958,-22.8483087,,,,wood,,,,,,Floresta Ombrófila Densa,,,,,,,,,,,,,,,,,,,,,,,,,,,,,,,,,,,,,,,,,,,,
,MultiPolygon,-46.6447386,-22.8331266,,,,wood,,,,,,Floresta Ombrófila Densa,,,,,,,,,,,,,,,,,,,,,,,,,,,,,,,,,,,,,,,,,,,,
,MultiPolygon,-46.6719575,-22.8641015,,,,wood,,,,,,Floresta Ombrófila Densa,,,,,,,,,,,,,,,,,,,,,,,,,,,,,,,,,,,,,,,,,,,,
,MultiPolygon,-46.6245133,-22.8668041,,,,wood,,,,,,Floresta Ombrófila Densa,,,,,,,,,,,,,,,,,,,,,,,,,,,,,,,,,,,,,,,,,,,,
,MultiPolygon,-46.6593397,-22.8549808,,,,wood,,,,,,Floresta Ombrófila Densa,,,,,,,,,,,,,,,,,,,,,,,,,,,,,,,,,,,,,,,,,,,,
,MultiPolygon,-46.6541395,-22.8594515,,,,wood,,,,,,Floresta Ombrófila Densa,,,,,,,,,,,,,,,,,,,,,,,,,,,,,,,,,,,,,,,,,,,,
,MultiPolygon,-46.6690685,-22.8436067,,,,wood,,,,,,Floresta Ombrófila Densa,,,,,,,,,,,,,,,,,,,,,,,,,,,,,,,,,,,,,,,,,,,,
,MultiPolygon,-46.6269646,-22.8558388,,,,wood,,,,,,Floresta Ombrófila Densa,,,,,,,,,,,,,,,,,,,,,,,,,,,,,,,,,,,,,,,,,,,,
,MultiPolygon,-46.6565046,-22.8586101,,,,wood,,,,,,Floresta Ombrófila Densa,,,,,,,,,,,,,,,,,,,,,,,,,,,,,,,,,,,,,,,,,,,,
,MultiPolygon,-46.6687157,-22.8608143,,,,wood,,,,,,Floresta Ombrófila Densa,,,,,,,,,,,,,,,,,,,,,,,,,,,,,,,,,,,,,,,,,,,,
,MultiPolygon,-46.6443837,-22.838347,,,,wood,,,,,,Floresta Ombrófila Densa,,,,,,,,,,,,,,,,,,,,,,,,,,,,,,,,,,,,,,,,,,,,
,MultiPolygon,-46.6545364,-22.8420748,,,,wood,,,,,,Floresta Ombrófila Densa,,,,,,,,,,,,,,,,,,,,,,,,,,,,,,,,,,,,,,,,,,,,
,MultiPolygon,-46.6691539,-22.8570398,,,,wood,,,,,,Floresta Ombrófila Densa,,,,,,,,,,,,,,,,,,,,,,,,,,,,,,,,,,,,,,,,,,,,
,MultiPolygon,-46.646095,-22.843057,,,,wood,,,,,,Floresta Ombrófila Densa,,,,,,,,,,,,,,,,,,,,,,,,,,,,,,,,,,,,,,,,,,,,
,MultiPolygon,-46.6611701,-22.8386164,,,,wood,,,,,,Floresta Ombrófila Densa,,,,,,,,,,,,,,,,,,,,,,,,,,,,,,,,,,,,,,,,,,,,
,MultiPolygon,-46.6633496,-22.8553154,,,,wood,,,,,,Floresta Ombrófila Densa,,,,,,,,,,,,,,,,,,,,,,,,,,,,,,,,,,,,,,,,,,,,
,MultiPolygon,-46.6714487,-22.861378,,,,wood,,,,,,Floresta Ombrófila Densa,,,,,,,,,,,,,,,,,,,,,,,,,,,,,,,,,,,,,,,,,,,,
,MultiPolygon,-46.6545173,-22.8488424,,,,wood,,,,,,Floresta Ombrófila Densa,,,,,,,,,,,,,,,,,,,,,,,,,,,,,,,,,,,,,,,,,,,,
,MultiPolygon,-46.6678897,-22.8522352,,,,wood,,,,,,Floresta Ombrófila Densa,,,,,,,,,,,,,,,,,,,,,,,,,,,,,,,,,,,,,,,,,,,,
,MultiPolygon,-46.6652253,-22.8632479,,,,wood,,,,,,Floresta Ombrófila Densa,,,,,,,,,,,,,,,,,,,,,,,,,,,,,,,,,,,,,,,,,,,,
,MultiPolygon,-46.6747733,-22.833434,,,,wood,,,,,,Floresta Ombrófila Densa,,,,,,,,,,,,,,,,,,,,,,,,,,,,,,,,,,,,,,,,,,,,
,MultiPolygon,-46.6317613,-22.8597489,,,,wood,,,,,,Floresta Ombrófila Densa,,,,,,,,,,,,,,,,,,,,,,,,,,,,,,,,,,,,,,,,,,,,
,MultiPolygon,-46.6673872,-22.8328189,,,,wood,,,,,,Floresta Ombrófila Densa,,,,,,,,,,,,,,,,,,,,,,,,,,,,,,,,,,,,,,,,,,,,
,MultiPolygon,-46.6555794,-22.8606718,,,,wood,,,,,,Floresta Ombrófila Densa,,,,,,,,,,,,,,,,,,,,,,,,,,,,,,,,,,,,,,,,,,,,
,MultiPolygon,-46.6433637,-22.8382838,,,,wood,,,,,,Floresta Ombrófila Densa,,,,,,,,,,,,,,,,,,,,,,,,,,,,,,,,,,,,,,,,,,,,
,MultiPolygon,-46.646772,-22.8439638,,,,wood,,,,,,Floresta Ombrófila Densa,,,,,,,,,,,,,,,,,,,,,,,,,,,,,,,,,,,,,,,,,,,,
,MultiPolygon,-46.6591477,-22.8599336,,,,wood,,,,,,Floresta Ombrófila Densa,,,,,,,,,,,,,,,,,,,,,,,,,,,,,,,,,,,,,,,,,,,,
,MultiPolygon,-46.6299378,-22.8493325,,,,wood,,,,,,Floresta Ombrófila Densa,,,,,,,,,,,,,,,,,,,,,,,,,,,,,,,,,,,,,,,,,,,,
,MultiPolygon,-46.6651476,-22.8567715,,,,wood,,,,,,Floresta Ombrófila Densa,,,,,,,,,,,,,,,,,,,,,,,,,,,,,,,,,,,,,,,,,,,,
,MultiPolygon,-46.6278241,-22.8503384,,,,wood,,,,,,Floresta Ombrófila Densa,,,,,,,,,,,,,,,,,,,,,,,,,,,,,,,,,,,,,,,,,,,,
,MultiPolygon,-46.6596423,-22.8502884,,,,wood,,,,,,Floresta Ombrófila Densa,,,,,,,,,,,,,,,,,,,,,,,,,,,,,,,,,,,,,,,,,,,,
,MultiPolygon,-46.6657506,-22.836189,,,,wood,,,,,,Floresta Ombrófila Densa,,,,,,,,,,,,,,,,,,,,,,,,,,,,,,,,,,,,,,,,,,,,
,MultiPolygon,-46.6465952,-22.8548902,,,,wood,,,,,,Floresta Ombrófila Densa,,,,,,,,,,,,,,,,,,,,,,,,,,,,,,,,,,,,,,,,,,,,
,MultiPolygon,-46.6486735,-22.8467363,,,,wood,,,,,,Floresta Ombrófila Densa,,,,,,,,,,,,,,,,,,,,,,,,,,,,,,,,,,,,,,,,,,,,
,MultiPolygon,-46.6605865,-22.8558014,,,,wood,,,,,,Floresta Ombrófila Densa,,,,,,,,,,,,,,,,,,,,,,,,,,,,,,,,,,,,,,,,,,,,
,MultiPolygon,-46.6539628,-22.849587,,,,wood,,,,,,Floresta Ombrófila Densa,,,,,,,,,,,,,,,,,,,,,,,,,,,,,,,,,,,,,,,,,,,,
,MultiPolygon,-46.6514695,-22.8343131,,,,wood,,,,,,Floresta Ombrófila Densa,,,,,,,,,,,,,,,,,,,,,,,,,,,,,,,,,,,,,,,,,,,,
,MultiPolygon,-46.6445167,-22.8338837,,,,wood,,,,,,Floresta Ombrófila Densa,,,,,,,,,,,,,,,,,,,,,,,,,,,,,,,,,,,,,,,,,,,,
,MultiPolygon,-46.650008,-22.8403142,,,,wood,,,,,,Floresta Ombrófila Densa,,,,,,,,,,,,,,,,,,,,,,,,,,,,,,,,,,,,,,,,,,,,
,MultiPolygon,-46.6452865,-22.8626728,,,,wood,,,,,,Floresta Ombrófila Densa,,,,,,,,,,,,,,,,,,,,,,,,,,,,,,,,,,,,,,,,,,,,
,MultiPolygon,-46.6571929,-22.854293,,,,wood,,,,,,Floresta Ombrófila Densa,,,,,,,,,,,,,,,,,,,,,,,,,,,,,,,,,,,,,,,,,,,,
,MultiPolygon,-46.6727126,-22.8651068,,,,wood,,,,,,Floresta Ombrófila Densa,,,,,,,,,,,,,,,,,,,,,,,,,,,,,,,,,,,,,,,,,,,,
,MultiPolygon,-46.6574709,-22.8442312,,,,wood,,,,,,Floresta Ombrófila Densa,,,,,,,,,,,,,,,,,,,,,,,,,,,,,,,,,,,,,,,,,,,,
,MultiPolygon,-46.6505182,-22.860278,,,,wood,,,,,,Floresta Ombrófila Densa,,,,,,,,,,,,,,,,,,,,,,,,,,,,,,,,,,,,,,,,,,,,
,MultiPolygon,-46.6662157,-22.8370754,,,,wood,,,,,,Floresta Ombrófila Densa,,,,,,,,,,,,,,,,,,,,,,,,,,,,,,,,,,,,,,,,,,,,
,MultiPolygon,-46.6700019,-22.8515922,,,,wood,,,,,,Floresta Ombrófila Densa,,,,,,,,,,,,,,,,,,,,,,,,,,,,,,,,,,,,,,,,,,,,
,MultiPolygon,-46.6612437,-22.8414579,,,,wood,,,,,,Floresta Ombrófila Densa,,,,,,,,,,,,,,,,,,,,,,,,,,,,,,,,,,,,,,,,,,,,
,MultiPolygon,-46.649626,-22.8434462,,,,wood,,,,,,Floresta Ombrófila Densa,,,,,,,,,,,,,,,,,,,,,,,,,,,,,,,,,,,,,,,,,,,,
,MultiPolygon,-46.6436021,-22.8533029,,,,wood,,,,,,Floresta Ombrófila Densa,,,,,,,,,,,,,,,,,,,,,,,,,,,,,,,,,,,,,,,,,,,,
,MultiPolygon,-46.6542584,-22.8564758,,,,wood,,,,,,Floresta Ombrófila Densa,,,,,,,,,,,,,,,,,,,,,,,,,,,,,,,,,,,,,,,,,,,,
,MultiPolygon,-46.6476418,-22.8587489,,,,wood,,,,,,Floresta Ombrófila Densa,,,,,,,,,,,,,,,,,,,,,,,,,,,,,,,,,,,,,,,,,,,,
,MultiPolygon,-46.6358243,-22.8486487,,,,wood,,,,,,Floresta Ombrófila Densa,,,,,,,,,,,,,,,,,,,,,,,,,,,,,,,,,,,,,,,,,,,,
,MultiPolygon,-46.6444591,-22.8620559,,,,wood,,,,,,Floresta Ombrófila Densa,,,,,,,,,,,,,,,,,,,,,,,,,,,,,,,,,,,,,,,,,,,,
,MultiPolygon,-46.6482345,-22.8556913,,,,wood,,,,,,Floresta Ombrófila Densa,,,,,,,,,,,,,,,,,,,,,,,,,,,,,,,,,,,,,,,,,,,,
,MultiPolygon,-46.65692,-22.8435729,,,,wood,,,,,,Floresta Ombrófila Densa,,,,,,,,,,,,,,,,,,,,,,,,,,,,,,,,,,,,,,,,,,,,
,MultiPolygon,-46.6553188,-22.8572941,,,,wood,,,,,,Floresta Ombrófila Densa,,,,,,,,,,,,,,,,,,,,,,,,,,,,,,,,,,,,,,,,,,,,
,MultiPolygon,-46.6340415,-22.8295165,,,,wood,,,,,,Floresta Ombrófila Densa,,,,,,,,,,,,,,,,,,,,,,,,,,,,,,,,,,,,,,,,,,,,
,MultiPolygon,-46.6700507,-22.8349203,,,,wood,,,,,,Floresta Ombrófila Densa,,,,,,,,,,,,,,,,,,,,,,,,,,,,,,,,,,,,,,,,,,,,
,MultiPolygon,-46.6712611,-22.8522498,,,,wood,,,,,,Floresta Ombrófila Densa,,,,,,,,,,,,,,,,,,,,,,,,,,,,,,,,,,,,,,,,,,,,
,MultiPolygon,-46.6435822,-22.8575763,,,,wood,,,,,,Floresta Ombrófila Densa,,,,,,,,,,,,,,,,,,,,,,,,,,,,,,,,,,,,,,,,,,,,
,MultiPolygon,-46.6304932,-22.8566117,,,,wood,,,,,,Floresta Ombrófila Densa,,,,,,,,,,,,,,,,,,,,,,,,,,,,,,,,,,,,,,,,,,,,
,MultiPolygon,-46.666732,-22.8384457,,,,wood,,,,,,Floresta Ombrófila Densa,,,,,,,,,,,,,,,,,,,,,,,,,,,,,,,,,,,,,,,,,,,,
,MultiPolygon,-46.6320983,-22.8510425,,,,wood,,,,,,Floresta Ombrófila Densa,,,,,,,,,,,,,,,,,,,,,,,,,,,,,,,,,,,,,,,,,,,,
,MultiPolygon,-46.666824,-22.8567422,,,,wood,,,,,,Floresta Ombrófila Densa,,,,,,,,,,,,,,,,,,,,,,,,,,,,,,,,,,,,,,,,,,,,
,MultiPolygon,-46.656697,-22.8378044,,,,wood,,,,,,Floresta Ombrófila Densa,,,,,,,,,,,,,,,,,,,,,,,,,,,,,,,,,,,,,,,,,,,,
,MultiPolygon,-46.6235934,-22.8595161,,,,wood,,,,,,Floresta Ombrófila Densa,,,,,,,,,,,,,,,,,,,,,,,,,,,,,,,,,,,,,,,,,,,,
,MultiPolygon,-46.6457537,-22.8413893,,,,wood,,,,,,,,,,,,,,,,,,,,,,,,,,,,,,,,,,,,,,,,,,,,,,,,,,
,MultiPolygon,-46.6707309,-22.8652552,,,,wood,,,,,,Floresta Ombrófila Densa,,,,,,,,,,,,,,,,,,,,,,,,,,,,,,,,,,,,,,,,,,,,
,MultiPolygon,-46.6623701,-22.8557413,,,,wood,,,,,,Floresta Ombrófila Densa,,,,,,,,,,,,,,,,,,,,,,,,,,,,,,,,,,,,,,,,,,,,
,MultiPolygon,-46.6559865,-22.8302796,,,,wood,,,,,,Floresta Ombrófila Densa,,,,,,,,,,,,,,,,,,,,,,,,,,,,,,,,,,,,,,,,,,,,
,MultiPolygon,-46.633515,-22.864772,,,,wood,,,,,,Floresta Ombrófila Densa,,,,,,,,,,,,,,,,,,,,,,,,,,,,,,,,,,,,,,,,,,,,
,MultiPolygon,-46.6295353,-22.8368111,,,,wood,,,,,,,,,,,,,,,,,,,,,,,,,,,,,,,,,,,,,,,,,,,,,,,,,,
,MultiPolygon,-46.6623078,-22.8573621,,,,wood,,,,,,Floresta Ombrófila Densa,,,,,,,,,,,,,,,,,,,,,,,,,,,,,,,,,,,,,,,,,,,,
,MultiPolygon,-46.6440673,-22.8334774,,,,wood,,,,,,Floresta Ombrófila Densa,,,,,,,,,,,,,,,,,,,,,,,,,,,,,,,,,,,,,,,,,,,,
,MultiPolygon,-46.6560066,-22.8371526,,,,wood,,,,,,Floresta Ombrófila Densa,,,,,,,,,,,,,,,,,,,,,,,,,,,,,,,,,,,,,,,,,,,,
,MultiPolygon,-46.6521067,-22.8564033,,,,wood,,,,,,Floresta Ombrófila Densa,,,,,,,,,,,,,,,,,,,,,,,,,,,,,,,,,,,,,,,,,,,,
,MultiPolygon,-46.6708581,-22.8598102,,,,wood,,,,,,Floresta Ombrófila Densa,,,,,,,,,,,,,,,,,,,,,,,,,,,,,,,,,,,,,,,,,,,,
,MultiPolygon,-46.6569315,-22.8326483,,,,wood,,,,,,,,,,,,,,,,,,,,,,,,,,,,,,,,,,,,,,,,,,,,,,,,,,
,MultiPolygon,-46.6364296,-22.8327744,,,,wood,,,,,,Floresta Ombrófila Densa,,,,,,,,,,,,,,,,,,,,,,,,,,,,,,,,,,,,,,,,,,,,
,MultiPolygon,-46.6712749,-22.8641729,,,,wood,,,,,,Floresta Ombrófila Densa,,,,,,,,,,,,,,,,,,,,,,,,,,,,,,,,,,,,,,,,,,,,
,MultiPolygon,-46.6663124,-22.8369017,,,,wood,,,,,,Floresta Ombrófila Densa,,,,,,,,,,,,,,,,,,,,,,,,,,,,,,,,,,,,,,,,,,,,
,MultiPolygon,-46.6583149,-22.8420217,,,,wood,,,,,,Floresta Ombrófila Densa,,,,,,,,,,,,,,,,,,,,,,,,,,,,,,,,,,,,,,,,,,,,
,MultiPolygon,-46.6533221,-22.8548938,,,,wood,,,,,,Floresta Ombrófila Densa,,,,,,,,,,,,,,,,,,,,,,,,,,,,,,,,,,,,,,,,,,,,
,MultiPolygon,-46.6390614,-22.8600549,,,,wood,,,,,,Floresta Ombrófila Densa,,,,,,,,,,,,,,,,,,,,,,,,,,,,,,,,,,,,,,,,,,,,
,MultiPolygon,-46.6527414,-22.8497769,,,,wood,,,,,,Floresta Ombrófila Densa,,,,,,,,,,,,,,,,,,,,,,,,,,,,,,,,,,,,,,,,,,,,
,MultiPolygon,-46.6752634,-22.8352617,,,,wood,,,,,,Floresta Ombrófila Densa,,,,,,,,,,,,,,,,,,,,,,,,,,,,,,,,,,,,,,,,,,,,
,MultiPolygon,-46.6592117,-22.8348255,,,,wood,,,,,,Floresta Ombrófila Densa,,,,,,,,,,,,,,,,,,,,,,,,,,,,,,,,,,,,,,,,,,,,
,MultiPolygon,-46.648683,-22.8503776,,,,wood,,,,,,Floresta Ombrófila Densa,,,,,,,,,,,,,,,,,,,,,,,,,,,,,,,,,,,,,,,,,,,,
,MultiPolygon,-46.6526797,-22.8577644,,,,wood,,,,,,Floresta Ombrófila Densa,,,,,,,,,,,,,,,,,,,,,,,,,,,,,,,,,,,,,,,,,,,,
,MultiPolygon,-46.6360628,-22.8554387,,,,wood,,,,,,Floresta Ombrófila Densa,,,,,,,,,,,,,,,,,,,,,,,,,,,,,,,,,,,,,,,,,,,,
,MultiPolygon,-46.6513373,-22.8600856,,,,wood,,,,,,Floresta Ombrófila Densa,,,,,,,,,,,,,,,,,,,,,,,,,,,,,,,,,,,,,,,,,,,,
,MultiPolygon,-46.649238,-22.8306264,,,,wood,,,,,,Floresta Ombrófila Densa,,,,,,,,,,,,,,,,,,,,,,,,,,,,,,,,,,,,,,,,,,,,
,MultiPolygon,-46.6369809,-22.8634932,,,,wood,,,,,,Floresta Ombrófila Densa,,,,,,,,,,,,,,,,,,,,,,,,,,,,,,,,,,,,,,,,,,,,
,MultiPolygon,-46.6583289,-22.8373546,,,,wood,,,,,,Floresta Ombrófila Densa,,,,,,,,,,,,,,,,,,,,,,,,,,,,,,,,,,,,,,,,,,,,
,MultiPolygon,-46.6336232,-22.8258553,,,,wood,,,,,,Floresta Ombrófila Densa,,,,,,,,,,,,,,,,,,,,,,,,,,,,,,,,,,,,,,,,,,,,
,MultiPolygon,-46.6653328,-22.8280254,,,,wood,,,,,,Floresta Ombrófila Densa,,,,,,,,,,,,,,,,,,,,,,,,,,,,,,,,,,,,,,,,,,,,
,MultiPolygon,-46.6640821,-22.8213409,,,,wood,,,,,,Floresta Ombrófila Densa,,,,,,,,,,,,,,,,,,,,,,,,,,,,,,,,,,,,,,,,,,,,
,MultiPolygon,-46.6430632,-22.8216057,,,,wood,,,,,,Floresta Ombrófila Densa,,,,,,,,,,,,,,,,,,,,,,,,,,,,,,,,,,,,,,,,,,,,
,MultiPolygon,-46.6466636,-22.8300699,,,,wood,,,,,,Floresta Ombrófila Densa,,,,,,,,,,,,,,,,,,,,,,,,,,,,,,,,,,,,,,,,,,,,
,MultiPolygon,-46.6646216,-22.825817,,,,wood,,,,,,Floresta Ombrófila Densa,,,,,,,,,,,,,,,,,,,,,,,,,,,,,,,,,,,,,,,,,,,,
,MultiPolygon,-46.661179,-22.8228339,,,,wood,,,,,,Floresta Ombrófila Densa,,,,,,,,,,,,,,,,,,,,,,,,,,,,,,,,,,,,,,,,,,,,
,MultiPolygon,-46.6675806,-22.8212711,,,,wood,,,,,,Floresta Ombrófila Densa,,,,,,,,,,,,,,,,,,,,,,,,,,,,,,,,,,,,,,,,,,,,
,MultiPolygon,-46.6541259,-22.8285508,,,,wood,,,,,,Floresta Ombrófila Densa,,,,,,,,,,,,,,,,,,,,,,,,,,,,,,,,,,,,,,,,,,,,
,MultiPolygon,-46.6554131,-22.8229488,,,,wood,,,,,,Floresta Ombrófila Densa,,,,,,,,,,,,,,,,,,,,,,,,,,,,,,,,,,,,,,,,,,,,
,MultiPolygon,-46.6604941,-22.8265133,,,,wood,,,,,,Floresta Ombrófila Densa,,,,,,,,,,,,,,,,,,,,,,,,,,,,,,,,,,,,,,,,,,,,
,MultiPolygon,-46.6655297,-22.8264966,,,,wood,,,,,,Floresta Ombrófila Densa,,,,,,,,,,,,,,,,,,,,,,,,,,,,,,,,,,,,,,,,,,,,
,MultiPolygon,-46.6484834,-22.828852,,,,wood,,,,,,Floresta Ombrófila Densa,,,,,,,,,,,,,,,,,,,,,,,,,,,,,,,,,,,,,,,,,,,,
,MultiPolygon,-46.6363931,-22.8227901,,,,wood,,,,,,Floresta Ombrófila Densa,,,,,,,,,,,,,,,,,,,,,,,,,,,,,,,,,,,,,,,,,,,,
,MultiPolygon,-46.6405404,-22.8258037,,,,wood,,,,,,Floresta Ombrófila Densa,,,,,,,,,,,,,,,,,,,,,,,,,,,,,,,,,,,,,,,,,,,,
,MultiPolygon,-46.6357507,-22.8249949,,,,wood,,,,,,Floresta Ombrófila Densa,,,,,,,,,,,,,,,,,,,,,,,,,,,,,,,,,,,,,,,,,,,,
,MultiPolygon,-46.6670142,-22.8238893,,,,wood,,,,,,Floresta Ombrófila Densa,,,,,,,,,,,,,,,,,,,,,,,,,,,,,,,,,,,,,,,,,,,,
,MultiPolygon,-46.6413752,-22.8220423,,,,wood,,,,,,Floresta Ombrófila Densa,,,,,,,,,,,,,,,,,,,,,,,,,,,,,,,,,,,,,,,,,,,,
,MultiPolygon,-46.6626897,-22.8231246,,,,wood,,,,,,Floresta Ombrófila Densa,,,,,,,,,,,,,,,,,,,,,,,,,,,,,,,,,,,,,,,,,,,,
,MultiPolygon,-46.6442641,-22.8288182,,,,wood,,,,,,Floresta Ombrófila Densa,,,,,,,,,,,,,,,,,,,,,,,,,,,,,,,,,,,,,,,,,,,,
,MultiPolygon,-46.6901116,-23.0472003,,,,wood,,,,,,,,,,,,,,,,,,,,,,,,,,,,,,,,,,,,,,,,,,,,,,,,,,
,MultiPolygon,-46.6876504,-23.0460519,,,,wood,,,,,,Floresta Ombrófila Densa,,,,,,,,,,,,,,,,,,,,,,,,,,,,,,,,,,,,,,,,,,,,
,MultiPolygon,-46.7070475,-23.0413421,,,,wood,,,,,,,,,,,,,,,,,,,,,,,,,,,,,,,,,,,,,,,,,,,,,,,,,,
,MultiPolygon,-46.7197862,-23.0373265,,,,wood,,,,,,Floresta Ombrófila Densa,,,,,,,,,,,,,,,,,,,,,,,,,,,,,,,,,,,,,,,,,,,,
,MultiPolygon,-46.6896359,-23.0492731,,,,wood,,,,,,,,,,,,,,,,,,,,,,,,,,,,,,,,,,,,,,,,,,,,,,,,,,
,MultiPolygon,-46.7056162,-23.0408479,,,,wood,,,,,,,,,,,,,,,,,,,,,,,,,,,,,,,,,,,,,,,,,,,,,,,,,,
,MultiPolygon,-46.7106924,-23.0505326,,,,wood,,,,,,Floresta Ombrófila Densa,,,,,,,,,,,,,,,,,,,,,,,,,,,,,,,,,,,,,,,,,,,,
,MultiPolygon,-46.6911038,-23.0484511,,,,wood,,,,,,,,,,,,,,,,,,,,,,,,,,,,,,,,,,,,,,,,,,,,,,,,,,
,MultiPolygon,-46.6892289,-23.0502038,,,,wood,,,,,,,,,,,,,,,,,,,,,,,,,,,,,,,,,,,,,,,,,,,,,,,,,,
,MultiPolygon,-46.7090286,-23.0434362,,,,wood,,,,,,Floresta Ombrófila Densa,,,,,,,,,,,,,,,,,,,,,,,,,,,,,,,,,,,,,,,,,,,,
,MultiPolygon,-46.6727471,-22.9814134,,,,wood,,,,,,Floresta Ombrófila Densa,,,,,,,,,,,,,,,,,,,,,,,,,,,,,,,,,,,,,,,,,,,,
,MultiPolygon,-46.6383644,-22.98791,,,,wood,,,,,,Floresta Ombrófila Densa,,,,,,,,,,,,,,,,,,,,,,,,,,,,,,,,,,,,,,,,,,,,
,MultiPolygon,-46.6378053,-22.9838311,,,,wood,,,,,,Floresta Ombrófila Densa,,,,,,,,,,,,,,,,,,,,,,,,,,,,,,,,,,,,,,,,,,,,
,MultiPolygon,-46.6638233,-22.9937727,,,,wood,,,,,,Floresta Ombrófila Densa,,,,,,,,,,,,,,,,,,,,,,,,,,,,,,,,,,,,,,,,,,,,
,MultiPolygon,-46.6673606,-22.99572,,,,wood,,,,,,Floresta Ombrófila Densa,,,,,,,,,,,,,,,,,,,,,,,,,,,,,,,,,,,,,,,,,,,,
,MultiPolygon,-46.6470806,-22.9870219,,,,wood,,,,,,Floresta Ombrófila Densa,,,,,,,,,,,,,,,,,,,,,,,,,,,,,,,,,,,,,,,,,,,,
,MultiPolygon,-46.6565077,-22.9850249,,,,wood,,,,,,,,,,,,,,,,,,,,,,,,,,,,,,,,,,,,,,,,,,,,,,,,,,
,MultiPolygon,-46.6449671,-22.9820598,,,,wood,,,,,,Floresta Ombrófila Densa,,,,,,,,,,,,,,,,,,,,,,,,,,,,,,,,,,,,,,,,,,,,
,MultiPolygon,-46.6693664,-22.9829346,,,,wood,,,,,,Floresta Ombrófila Densa,,,,,,,,,,,,,,,,,,,,,,,,,,,,,,,,,,,,,,,,,,,,
,MultiPolygon,-46.6508717,-22.9802756,,,,wood,,,,,,Floresta Ombrófila Densa,,,,,,,,,,,,,,,,,,,,,,,,,,,,,,,,,,,,,,,,,,,,
,MultiPolygon,-46.669055,-22.9990335,,,,wood,,,,,,Floresta Ombrófila Densa,,,,,,,,,,,,,,,,,,,,,,,,,,,,,,,,,,,,,,,,,,,,
,MultiPolygon,-46.6623614,-22.9882251,,,,wood,,,,,,Floresta Ombrófila Densa,,,,,,,,,,,,,,,,,,,,,,,,,,,,,,,,,,,,,,,,,,,,
,MultiPolygon,-46.6430975,-22.9820993,,,,wood,,,,,,Floresta Ombrófila Densa,,,,,,,,,,,,,,,,,,,,,,,,,,,,,,,,,,,,,,,,,,,,
,MultiPolygon,-46.6536883,-22.9870229,,,,wood,,,,,,Floresta Ombrófila Densa,,,,,,,,,,,,,,,,,,,,,,,,,,,,,,,,,,,,,,,,,,,,
,MultiPolygon,-46.6670589,-22.9839905,,,,wood,,,,,,Floresta Ombrófila Densa,,,,,,,,,,,,,,,,,,,,,,,,,,,,,,,,,,,,,,,,,,,,
,MultiPolygon,-46.625205,-22.9809293,,,,wood,,,,,,Floresta Ombrófila Densa,,,,,,,,,,,,,,,,,,,,,,,,,,,,,,,,,,,,,,,,,,,,
,MultiPolygon,-46.6613956,-22.999399,,,,wood,,,,,,Floresta Ombrófila Densa,,,,,,,,,,,,,,,,,,,,,,,,,,,,,,,,,,,,,,,,,,,,
,MultiPolygon,-46.627927,-22.9739608,,,,wood,,,,,,Floresta Ombrófila Densa,,,,,,,,,,,,,,,,,,,,,,,,,,,,,,,,,,,,,,,,,,,,
,MultiPolygon,-46.6617952,-22.985182,,,,wood,,,,,,Floresta Ombrófila Densa,,,,,,,,,,,,,,,,,,,,,,,,,,,,,,,,,,,,,,,,,,,,
,MultiPolygon,-46.6374284,-22.9829622,,,,wood,,,,,,Floresta Ombrófila Densa,,,,,,,,,,,,,,,,,,,,,,,,,,,,,,,,,,,,,,,,,,,,
,MultiPolygon,-46.6279014,-22.9927836,,,,wood,,,,,,Floresta Ombrófila Densa,,,,,,,,,,,,,,,,,,,,,,,,,,,,,,,,,,,,,,,,,,,,
,MultiPolygon,-46.6528292,-22.982322,,,,wood,,,,,,Floresta Ombrófila Densa,,,,,,,,,,,,,,,,,,,,,,,,,,,,,,,,,,,,,,,,,,,,
,MultiPolygon,-46.6459322,-22.9800941,,,,wood,,,,,,Floresta Ombrófila Densa,,,,,,,,,,,,,,,,,,,,,,,,,,,,,,,,,,,,,,,,,,,,
,MultiPolygon,-46.6083679,-22.9796141,,,,wood,,,,,,Floresta Ombrófila Densa,,,,,,,,,,,,,,,,,,,,,,,,,,,,,,,,,,,,,,,,,,,,
,MultiPolygon,-46.6502055,-22.9876001,,,,wood,,,,,,Floresta Ombrófila Densa,,,,,,,,,,,,,,,,,,,,,,,,,,,,,,,,,,,,,,,,,,,,
,MultiPolygon,-46.6510614,-22.9900737,,,,wood,,,,,,Floresta Ombrófila Densa,,,,,,,,,,,,,,,,,,,,,,,,,,,,,,,,,,,,,,,,,,,,
,MultiPolygon,-46.6479524,-22.9984115,,,,wood,,,,,,Floresta Ombrófila Densa,,,,,,,,,,,,,,,,,,,,,,,,,,,,,,,,,,,,,,,,,,,,
,MultiPolygon,-46.6444206,-22.9784075,,,,wood,,,,,,,,,,,,,,,,,,,,,,,,,,,,,,,,,,,,,,,,,,,,,,,,,,
,MultiPolygon,-46.6724953,-22.9822969,,,,wood,,,,,,Floresta Ombrófila Densa,,,,,,,,,,,,,,,,,,,,,,,,,,,,,,,,,,,,,,,,,,,,
,MultiPolygon,-46.6630463,-22.9919877,,,,wood,,,,,,Floresta Ombrófila Densa,,,,,,,,,,,,,,,,,,,,,,,,,,,,,,,,,,,,,,,,,,,,
,MultiPolygon,-46.62719,-22.9892759,,,,wood,,,,,,Floresta Ombrófila Densa,,,,,,,,,,,,,,,,,,,,,,,,,,,,,,,,,,,,,,,,,,,,
,MultiPolygon,-46.6715431,-22.9859302,,,,wood,,,,,,Floresta Ombrófila Densa,,,,,,,,,,,,,,,,,,,,,,,,,,,,,,,,,,,,,,,,,,,,
,MultiPolygon,-46.6364015,-22.9891537,,,,wood,,,,,,Floresta Ombrófila Densa,,,,,,,,,,,,,,,,,,,,,,,,,,,,,,,,,,,,,,,,,,,,
,MultiPolygon,-46.6709088,-22.9839326,,,,wood,,,,,,Floresta Ombrófila Densa,,,,,,,,,,,,,,,,,,,,,,,,,,,,,,,,,,,,,,,,,,,,
,MultiPolygon,-46.6381311,-22.9923062,,,,wood,,,,,,Floresta Ombrófila Densa,,,,,,,,,,,,,,,,,,,,,,,,,,,,,,,,,,,,,,,,,,,,
,MultiPolygon,-46.659771,-22.9842416,,,,wood,,,,,,,,,,,,,,,,,,,,,,,,,,,,,,,,,,,,,,,,,,,,,,,,,,
,MultiPolygon,-46.66206,-22.9977015,,,,wood,,,,,,Floresta Ombrófila Densa,,,,,,,,,,,,,,,,,,,,,,,,,,,,,,,,,,,,,,,,,,,,
,MultiPolygon,-46.6697131,-22.9868765,,,,wood,,,,,,Floresta Ombrófila Densa,,,,,,,,,,,,,,,,,,,,,,,,,,,,,,,,,,,,,,,,,,,,
,MultiPolygon,-46.6134782,-22.9763294,,,,wood,,,,,,Floresta Ombrófila Densa,,,,,,,,,,,,,,,,,,,,,,,,,,,,,,,,,,,,,,,,,,,,
,MultiPolygon,-46.6669567,-22.9881241,,,,wood,,,,,,Floresta Ombrófila Densa,,,,,,,,,,,,,,,,,,,,,,,,,,,,,,,,,,,,,,,,,,,,
,MultiPolygon,-46.6495853,-22.9863617,,,,wood,,,,,,Floresta Ombrófila Densa,,,,,,,,,,,,,,,,,,,,,,,,,,,,,,,,,,,,,,,,,,,,
,MultiPolygon,-46.6472056,-22.9995959,,,,wood,,,,,,Floresta Ombrófila Densa,,,,,,,,,,,,,,,,,,,,,,,,,,,,,,,,,,,,,,,,,,,,
,MultiPolygon,-46.6586459,-23.0040467,,,,wood,,,,,,Floresta Ombrófila Densa,,,,,,,,,,,,,,,,,,,,,,,,,,,,,,,,,,,,,,,,,,,,
,MultiPolygon,-46.6282349,-22.9813379,,,,wood,,,,,,Floresta Ombrófila Densa,,,,,,,,,,,,,,,,,,,,,,,,,,,,,,,,,,,,,,,,,,,,
,MultiPolygon,-46.6127354,-22.9754795,,,,wood,,,,,,Floresta Ombrófila Densa,,,,,,,,,,,,,,,,,,,,,,,,,,,,,,,,,,,,,,,,,,,,
,MultiPolygon,-46.6719577,-22.9816671,,,,wood,,,,,,Floresta Ombrófila Densa,,,,,,,,,,,,,,,,,,,,,,,,,,,,,,,,,,,,,,,,,,,,
,MultiPolygon,-46.6150617,-22.9866443,,,,wood,,,,,,,,,,,,,,,,,,,,,,,,,,,,,,,,,,,,,,,,,,,,,,,,,,
,MultiPolygon,-46.6305787,-22.9889599,,,,wood,,,,,,Floresta Ombrófila Densa,,,,,,,,,,,,,,,,,,,,,,,,,,,,,,,,,,,,,,,,,,,,
,MultiPolygon,-46.6359587,-22.9838381,,,,wood,,,,,,,,,,,,,,,,,,,,,,,,,,,,,,,,,,,,,,,,,,,,,,,,,,
,MultiPolygon,-46.6576492,-23.001095,,,,wood,,,,,,Floresta Ombrófila Densa,,,,,,,,,,,,,,,,,,,,,,,,,,,,,,,,,,,,,,,,,,,,
,MultiPolygon,-46.6269799,-22.9800653,,,,wood,,,,,,,,,,,,,,,,,,,,,,,,,,,,,,,,,,,,,,,,,,,,,,,,,,
,MultiPolygon,-46.6360417,-22.986667,,,,wood,,,,,,Floresta Ombrófila Densa,,,,,,,,,,,,,,,,,,,,,,,,,,,,,,,,,,,,,,,,,,,,
,MultiPolygon,-46.5564491,-22.9380117,,,,wood,,,,,,Floresta Ombrófila Densa,,,,,,,,,,,,,,,,,,,,,,,,,,,,,,,,,,,,,,,,,,,,
,MultiPolygon,-46.5569516,-22.964264,,,,wood,,,,,,,,,,,,,,,,,,,,,,,,,,,,,,,,,,,,,,,,,,,,,,,,,,
,MultiPolygon,-46.5636932,-22.9676246,,,,wood,,,,,,Floresta Ombrófila Densa,,,,,,,,,,,,,,,,,,,,,,,,,,,,,,,,,,,,,,,,,,,,
,MultiPolygon,-46.5624878,-22.9637834,,,,wood,,,,,,Floresta Ombrófila Densa,,,,,,,,,,,,,,,,,,,,,,,,,,,,,,,,,,,,,,,,,,,,
,MultiPolygon,-46.5632713,-22.9435374,,,,wood,,,,,,Floresta Ombrófila Densa,,,,,,,,,,,,,,,,,,,,,,,,,,,,,,,,,,,,,,,,,,,,
,MultiPolygon,-46.5606546,-22.9380301,,,,wood,,,,,,Floresta Ombrófila Densa,,,,,,,,,,,,,,,,,,,,,,,,,,,,,,,,,,,,,,,,,,,,
,MultiPolygon,-46.6841053,-22.9684651,,,,wood,,,,,,Floresta Ombrófila Densa,,,,,,,,,,,,,,,,,,,,,,,,,,,,,,,,,,,,,,,,,,,,
,MultiPolygon,-46.5782977,-22.9564849,,,,wood,,,,,,Floresta Ombrófila Densa,,,,,,,,,,,,,,,,,,,,,,,,,,,,,,,,,,,,,,,,,,,,
,MultiPolygon,-46.5858648,-22.9389264,,,,wood,,,,,,Floresta Ombrófila Densa,,,,,,,,,,,,,,,,,,,,,,,,,,,,,,,,,,,,,,,,,,,,
,MultiPolygon,-46.5626161,-22.9370324,,,,wood,,,,,,Floresta Ombrófila Densa,,,,,,,,,,,,,,,,,,,,,,,,,,,,,,,,,,,,,,,,,,,,
,LineString,-22.9680853,-46.5868972,,,,wood,,,,,,Floresta Ombrófila Densa,,,,,,,,,,,,,,,,,,,,,,,,,,,,,,,,,,,,,,,,,,,,
,LineString,-22.9532532,-46.5759733,,,,wood,,,,,,Floresta Ombrófila Densa,,,,,,,,,,,,,,,,,,,,,,,,,,,,,,,,,,,,,,,,,,,,
,LineString,-22.9389998,-46.5665221,,,,wood,,,,,,Floresta Ombrófila Densa,,,,,,,,,,,,,,,,,,,,,,,,,,,,,,,,,,,,,,,,,,,,
,LineString,-22.9491505,-46.5728472,,,,wood,,,,,,Floresta Ombrófila Densa,,,,,,,,,,,,,,,,,,,,,,,,,,,,,,,,,,,,,,,,,,,,
,LineString,-22.9407876,-46.5646716,,,,wood,,,,,,Floresta Ombrófila Densa,,,,,,,,,,,,,,,,,,,,,,,,,,,,,,,,,,,,,,,,,,,,
,LineString,-22.960225,-46.5817907,,,,wood,,,,,,Floresta Ombrófila Densa,,,,,,,,,,,,,,,,,,,,,,,,,,,,,,,,,,,,,,,,,,,,
,LineString,-22.9487867,-46.5882343,,,,wood,,,,,,Floresta Ombrófila Densa,,,,,,,,,,,,,,,,,,,,,,,,,,,,,,,,,,,,,,,,,,,,
,LineString,-22.9589263,-46.5670597,,,,wood,,,,,,Floresta Ombrófila Densa,,,,,,,,,,,,,,,,,,,,,,,,,,,,,,,,,,,,,,,,,,,,
,LineString,-22.9436344,-46.5907283,,,,wood,,,,,,Floresta Ombrófila Densa,,,,,,,,,,,,,,,,,,,,,,,,,,,,,,,,,,,,,,,,,,,,
,LineString,-22.9659005,-46.5863865,,,,wood,,,,,,Floresta Ombrófila Densa,,,,,,,,,,,,,,,,,,,,,,,,,,,,,,,,,,,,,,,,,,,,
,LineString,-22.9693617,-46.5728004,,,,wood,,,,,,Floresta Ombrófila Densa,,,,,,,,,,,,,,,,,,,,,,,,,,,,,,,,,,,,,,,,,,,,
,LineString,-22.9635796,-46.5872842,,,,wood,,,,,,Floresta Ombrófila Densa,,,,,,,,,,,,,,,,,,,,,,,,,,,,,,,,,,,,,,,,,,,,
,LineString,-22.9375423,-46.5916489,,,,wood,,,,,,Floresta Ombrófila Densa,,,,,,,,,,,,,,,,,,,,,,,,,,,,,,,,,,,,,,,,,,,,
,LineString,-22.9649201,-46.5689724,,,,wood,,,,,,Floresta Ombrófila Densa,,,,,,,,,,,,,,,,,,,,,,,,,,,,,,,,,,,,,,,,,,,,
,LineString,-22.9672128,-46.58913,,,,wood,,,,,,Floresta Ombrófila Densa,,,,,,,,,,,,,,,,,,,,,,,,,,,,,,,,,,,,,,,,,,,,
,LineString,-22.9483244,-46.587405,,,,wood,,,,,,Floresta Ombrófila Densa,,,,,,,,,,,,,,,,,,,,,,,,,,,,,,,,,,,,,,,,,,,,
,LineString,-22.9635991,-46.5863672,,,,wood,,,,,,Floresta Ombrófila Densa,,,,,,,,,,,,,,,,,,,,,,,,,,,,,,,,,,,,,,,,,,,,
,LineString,-22.9545068,-46.5862883,,,,wood,,,,,,Floresta Ombrófila Densa,,,,,,,,,,,,,,,,,,,,,,,,,,,,,,,,,,,,,,,,,,,,
,LineString,-22.9488935,-46.5860038,,,,wood,,,,,,Floresta Ombrófila Densa,,,,,,,,,,,,,,,,,,,,,,,,,,,,,,,,,,,,,,,,,,,,
,LineString,-22.9366945,-46.5573395,,,,wood,,,,,,Floresta Ombrófila Densa,,,,,,,,,,,,,,,,,,,,,,,,,,,,,,,,,,,,,,,,,,,,
,LineString,-22.9691289,-46.6780128,,,,wood,,,,,,Floresta Ombrófila Densa,,,,,,,,,,,,,,,,,,,,,,,,,,,,,,,,,,,,,,,,,,,,
,LineString,-22.9399663,-46.5582483,,,,wood,,,,,,Floresta Ombrófila Densa,,,,,,,,,,,,,,,,,,,,,,,,,,,,,,,,,,,,,,,,,,,,
,LineString,-22.9426603,-46.5712639,,,,wood,,,,,,Floresta Ombrófila Densa,,,,,,,,,,,,,,,,,,,,,,,,,,,,,,,,,,,,,,,,,,,,
,LineString,-22.9742508,-46.5822884,,,,wood,,,,,,Floresta Ombrófila Densa,,,,,,,,,,,,,,,,,,,,,,,,,,,,,,,,,,,,,,,,,,,,
,LineString,-22.9443703,-46.5783992,,,,wood,,,,,,Floresta Ombrófila Densa,,,,,,,,,,,,,,,,,,,,,,,,,,,,,,,,,,,,,,,,,,,,
,LineString,-22.9513817,-46.585292,,,,wood,,,,,,Floresta Ombrófila Densa,,,,,,,,,,,,,,,,,,,,,,,,,,,,,,,,,,,,,,,,,,,,
,LineString,-22.9578378,-46.5816404,,,,wood,,,,,,Floresta Ombrófila Densa,,,,,,,,,,,,,,,,,,,,,,,,,,,,,,,,,,,,,,,,,,,,
,LineString,-22.9576381,-46.6744599,,,,wood,,,,,,Floresta Ombrófila Densa,,,,,,,,,,,,,,,,,,,,,,,,,,,,,,,,,,,,,,,,,,,,
,LineString,-22.9473749,-46.5733479,,,,wood,,,,,,Floresta Ombrófila Densa,,,,,,,,,,,,,,,,,,,,,,,,,,,,,,,,,,,,,,,,,,,,
,LineString,-22.9431494,-46.5698975,,,,wood,,,,,,Floresta Ombrófila Densa,,,,,,,,,,,,,,,,,,,,,,,,,,,,,,,,,,,,,,,,,,,,
,LineString,-22.9709637,-46.5916133,,,,wood,,,,,,Floresta Ombrófila Densa,,,,,,,,,,,,,,,,,,,,,,,,,,,,,,,,,,,,,,,,,,,,
,LineString,-22.96226,-46.5651173,,,,wood,,,,,,Floresta Ombrófila Densa,,,,,,,,,,,,,,,,,,,,,,,,,,,,,,,,,,,,,,,,,,,,
,LineString,-22.9551201,-46.5759338,,,,wood,,,,,,Floresta Ombrófila Densa,,,,,,,,,,,,,,,,,,,,,,,,,,,,,,,,,,,,,,,,,,,,
,LineString,-22.9378988,-46.57013,,,,wood,,,,,,Floresta Ombrófila Densa,,,,,,,,,,,,,,,,,,,,,,,,,,,,,,,,,,,,,,,,,,,,
,LineString,-22.9651275,-46.6809928,,,,wood,,,,,,Floresta Ombrófila Densa,,,,,,,,,,,,,,,,,,,,,,,,,,,,,,,,,,,,,,,,,,,,
,LineString,-22.966661,-46.5845962,,,,wood,,,,,,Floresta Ombrófila Densa,,,,,,,,,,,,,,,,,,,,,,,,,,,,,,,,,,,,,,,,,,,,
,LineString,-22.9634507,-46.5976676,,,,wood,,,,,,Floresta Ombrófila Densa,,,,,,,,,,,,,,,,,,,,,,,,,,,,,,,,,,,,,,,,,,,,
,LineString,-22.9379734,-46.5641233,,,,wood,,,,,,Floresta Ombrófila Densa,,,,,,,,,,,,,,,,,,,,,,,,,,,,,,,,,,,,,,,,,,,,
,LineString,-22.9540224,-46.5621837,,,,wood,,,,,,Floresta Ombrófila Densa,,,,,,,,,,,,,,,,,,,,,,,,,,,,,,,,,,,,,,,,,,,,
,LineString,-22.9724499,-46.5799853,,,,wood,,,,,,Floresta Ombrófila Densa,,,,,,,,,,,,,,,,,,,,,,,,,,,,,,,,,,,,,,,,,,,,
,LineString,-22.9671376,-46.5958754,,,,wood,,,,,,,,,,,,,,,,,,,,,,,,,,,,,,,,,,,,,,,,,,,,,,,,,,
,LineString,-22.9670854,-46.5986874,,,,wood,,,,,,,,,,,,,,,,,,,,,,,,,,,,,,,,,,,,,,,,,,,,,,,,,,
,LineString,-22.9631809,-46.6041275,,,,wood,,,,,,Floresta Ombrófila Densa,,,,,,,,,,,,,,,,,,,,,,,,,,,,,,,,,,,,,,,,,,,,
,LineString,-22.9724771,-46.6622175,,,,wood,,,,,,Floresta Ombrófila Densa,,,,,,,,,,,,,,,,,,,,,,,,,,,,,,,,,,,,,,,,,,,,
,LineString,-22.9490678,-46.6229216,,,,wood,,,,,,Floresta Ombrófila Densa,,,,,,,,,,,,,,,,,,,,,,,,,,,,,,,,,,,,,,,,,,,,
,LineString,-22.9562084,-46.6817472,,,,wood,,,,,,Floresta Ombrófila Densa,,,,,,,,,,,,,,,,,,,,,,,,,,,,,,,,,,,,,,,,,,,,
,LineString,-22.9472224,-46.6446887,,,,wood,,,,,,Floresta Ombrófila Densa,,,,,,,,,,,,,,,,,,,,,,,,,,,,,,,,,,,,,,,,,,,,
,LineString,-22.9483114,-46.6439747,,,,wood,,,,,,Floresta Ombrófila Densa,,,,,,,,,,,,,,,,,,,,,,,,,,,,,,,,,,,,,,,,,,,,
,LineString,-22.9424968,-46.5962144,,,,wood,,,,,,Floresta Ombrófila Densa,,,,,,,,,,,,,,,,,,,,,,,,,,,,,,,,,,,,,,,,,,,,
,LineString,-22.9256654,-46.6114254,,,,wood,,,,,,Floresta Ombrófila Densa,,,,,,,,,,,,,,,,,,,,,,,,,,,,,,,,,,,,,,,,,,,,
,LineString,-22.9687386,-46.6332981,,,,wood,,,,,,Floresta Ombrófila Densa,,,,,,,,,,,,,,,,,,,,,,,,,,,,,,,,,,,,,,,,,,,,
,LineString,-22.9699801,-46.6230392,,,,wood,,,,,,Floresta Ombrófila Densa,,,,,,,,,,,,,,,,,,,,,,,,,,,,,,,,,,,,,,,,,,,,
,LineString,-22.9426639,-46.6308207,,,,wood,,,,,,Floresta Ombrófila Densa,,,,,,,,,,,,,,,,,,,,,,,,,,,,,,,,,,,,,,,,,,,,
,LineString,-22.9579616,-46.6408413,,,,wood,,,,,,Floresta Ombrófila Densa,,,,,,,,,,,,,,,,,,,,,,,,,,,,,,,,,,,,,,,,,,,,
,LineString,-22.9440799,-46.6574816,,,,wood,,,,,,Floresta Ombrófila Densa,,,,,,,,,,,,,,,,,,,,,,,,,,,,,,,,,,,,,,,,,,,,
,LineString,-22.9626887,-46.6507457,,,,wood,,,,,,Floresta Ombrófila Densa,,,,,,,,,,,,,,,,,,,,,,,,,,,,,,,,,,,,,,,,,,,,
,LineString,-22.9785944,-46.6392689,,,,wood,,,,,,Floresta Ombrófila Densa,,,,,,,,,,,,,,,,,,,,,,,,,,,,,,,,,,,,,,,,,,,,
,LineString,-22.9786418,-46.6566401,,,,wood,,,,,,Floresta Ombrófila Densa,,,,,,,,,,,,,,,,,,,,,,,,,,,,,,,,,,,,,,,,,,,,
,LineString,-22.9717746,-46.6132695,,,,wood,,,,,,Floresta Ombrófila Densa,,,,,,,,,,,,,,,,,,,,,,,,,,,,,,,,,,,,,,,,,,,,
,LineString,-22.9477293,-46.6295459,,,,wood,,,,,,Floresta Ombrófila Densa,,,,,,,,,,,,,,,,,,,,,,,,,,,,,,,,,,,,,,,,,,,,
,LineString,-22.9291136,-46.6614861,,,,wood,,,,,,Floresta Ombrófila Densa,,,,,,,,,,,,,,,,,,,,,,,,,,,,,,,,,,,,,,,,,,,,
,LineString,-22.9387199,-46.6418949,,,,wood,,,,,,Floresta Ombrófila Densa,,,,,,,,,,,,,,,,,,,,,,,,,,,,,,,,,,,,,,,,,,,,
,LineString,-22.9754274,-46.6374897,,,,wood,,,,,,Floresta Ombrófila Densa,,,,,,,,,,,,,,,,,,,,,,,,,,,,,,,,,,,,,,,,,,,,
,LineString,-22.9584465,-46.6478774,,,,wood,,,,,,Floresta Ombrófila Densa,,,,,,,,,,,,,,,,,,,,,,,,,,,,,,,,,,,,,,,,,,,,
,LineString,-22.9491315,-46.6183673,,,,wood,,,,,,Floresta Ombrófila Densa,,,,,,,,,,,,,,,,,,,,,,,,,,,,,,,,,,,,,,,,,,,,
,LineString,-22.9689603,-46.6453915,,,,wood,,,,,,Floresta Ombrófila Densa,,,,,,,,,,,,,,,,,,,,,,,,,,,,,,,,,,,,,,,,,,,,
,LineString,-22.9328322,-46.6619285,,,,wood,,,,,,Floresta Ombrófila Densa,,,,,,,,,,,,,,,,,,,,,,,,,,,,,,,,,,,,,,,,,,,,
,LineString,-22.9345232,-46.6414785,,,,wood,,,,,,Floresta Ombrófila Densa,,,,,,,,,,,,,,,,,,,,,,,,,,,,,,,,,,,,,,,,,,,,
,LineString,-22.9705752,-46.6165716,,,,wood,,,,,,Floresta Ombrófila Densa,,,,,,,,,,,,,,,,,,,,,,,,,,,,,,,,,,,,,,,,,,,,
,LineString,-22.9449096,-46.644127,,,,wood,,,,,,Floresta Ombrófila Densa,,,,,,,,,,,,,,,,,,,,,,,,,,,,,,,,,,,,,,,,,,,,
,LineString,-22.9551166,-46.6401626,,,,wood,,,,,,Floresta Ombrófila Densa,,,,,,,,,,,,,,,,,,,,,,,,,,,,,,,,,,,,,,,,,,,,
,LineString,-22.9708512,-46.6360767,,,,wood,,,,,,Floresta Ombrófila Densa,,,,,,,,,,,,,,,,,,,,,,,,,,,,,,,,,,,,,,,,,,,,
,LineString,-22.9465924,-46.6393944,,,,wood,,,,,,Floresta Ombrófila Densa,,,,,,,,,,,,,,,,,,,,,,,,,,,,,,,,,,,,,,,,,,,,
,LineString,-22.9663629,-46.6343854,,,,wood,,,,,,Floresta Ombrófila Densa,,,,,,,,,,,,,,,,,,,,,,,,,,,,,,,,,,,,,,,,,,,,
,LineString,-22.9450256,-46.6506389,,,,wood,,,,,,Floresta Ombrófila Densa,,,,,,,,,,,,,,,,,,,,,,,,,,,,,,,,,,,,,,,,,,,,
,LineString,-22.9291058,-46.6123688,,,,wood,,,,,,Floresta Ombrófila Densa,,,,,,,,,,,,,,,,,,,,,,,,,,,,,,,,,,,,,,,,,,,,
,LineString,-22.9677011,-46.628338,,,,wood,,,,,,Floresta Ombrófila Densa,,,,,,,,,,,,,,,,,,,,,,,,,,,,,,,,,,,,,,,,,,,,
,LineString,-22.9301178,-46.6708033,,,,wood,,,,,,Floresta Ombrófila Densa,,,,,,,,,,,,,,,,,,,,,,,,,,,,,,,,,,,,,,,,,,,,
,LineString,-22.9403028,-46.6595635,,,,wood,,,,,,Floresta Ombrófila Densa,,,,,,,,,,,,,,,,,,,,,,,,,,,,,,,,,,,,,,,,,,,,
,LineString,-22.9345772,-46.6053797,,,,wood,,,,,,Floresta Ombrófila Densa,,,,,,,,,,,,,,,,,,,,,,,,,,,,,,,,,,,,,,,,,,,,
,LineString,-22.9582087,-46.6607471,,,,wood,,,,,,Floresta Ombrófila Densa,,,,,,,,,,,,,,,,,,,,,,,,,,,,,,,,,,,,,,,,,,,,
,LineString,-22.9254136,-46.6570605,,,,wood,,,,,,Floresta Ombrófila Densa,,,,,,,,,,,,,,,,,,,,,,,,,,,,,,,,,,,,,,,,,,,,
,LineString,-22.9700992,-46.6539551,,,,wood,,,,,,Floresta Ombrófila Densa,,,,,,,,,,,,,,,,,,,,,,,,,,,,,,,,,,,,,,,,,,,,
,LineString,-22.9700653,-46.6665595,,,,wood,,,,,,Floresta Ombrófila Densa,,,,,,,,,,,,,,,,,,,,,,,,,,,,,,,,,,,,,,,,,,,,
,LineString,-22.94294,-46.62926,,,,wood,,,,,,Floresta Ombrófila Densa,,,,,,,,,,,,,,,,,,,,,,,,,,,,,,,,,,,,,,,,,,,,
,LineString,-22.9718907,-46.6116274,,,,wood,,,,,,Floresta Ombrófila Densa,,,,,,,,,,,,,,,,,,,,,,,,,,,,,,,,,,,,,,,,,,,,
,LineString,-22.9440596,-46.6499418,,,,wood,,,,,,Floresta Ombrófila Densa,,,,,,,,,,,,,,,,,,,,,,,,,,,,,,,,,,,,,,,,,,,,
,LineString,-22.9458498,-46.6253501,,,,wood,,,,,,Floresta Ombrófila Densa,,,,,,,,,,,,,,,,,,,,,,,,,,,,,,,,,,,,,,,,,,,,
,LineString,-22.9653105,-46.629648,,,,wood,,,,,,Floresta Ombrófila Densa,,,,,,,,,,,,,,,,,,,,,,,,,,,,,,,,,,,,,,,,,,,,
,LineString,-22.9727311,-46.6097054,,,,wood,,,,,,Floresta Ombrófila Densa,,,,,,,,,,,,,,,,,,,,,,,,,,,,,,,,,,,,,,,,,,,,
,LineString,-22.9290671,-46.6426905,,,,wood,,,,,,Floresta Ombrófila Densa,,,,,,,,,,,,,,,,,,,,,,,,,,,,,,,,,,,,,,,,,,,,
,LineString,-22.975732,-46.6372607,,,,wood,,,,,,Floresta Ombrófila Densa,,,,,,,,,,,,,,,,,,,,,,,,,,,,,,,,,,,,,,,,,,,,
,LineString,-22.9489483,-46.6447582,,,,wood,,,,,,Floresta Ombrófila Densa,,,,,,,,,,,,,,,,,,,,,,,,,,,,,,,,,,,,,,,,,,,,
,LineString,-22.9406683,-46.6006072,,,,wood,,,,,,Floresta Ombrófila Densa,,,,,,,,,,,,,,,,,,,,,,,,,,,,,,,,,,,,,,,,,,,,
,LineString,-22.9697579,-46.6576027,,,,wood,,,,,,Floresta Ombrófila Densa,,,,,,,,,,,,,,,,,,,,,,,,,,,,,,,,,,,,,,,,,,,,
,LineString,-22.9331383,-46.6523228,,,,wood,,,,,,Floresta Ombrófila Densa,,,,,,,,,,,,,,,,,,,,,,,,,,,,,,,,,,,,,,,,,,,,
,LineString,-22.9419332,-46.6209972,,,,wood,,,,,,Floresta Ombrófila Densa,,,,,,,,,,,,,,,,,,,,,,,,,,,,,,,,,,,,,,,,,,,,
,LineString,-22.9702913,-46.6267522,,,,wood,,,,,,Floresta Ombrófila Densa,,,,,,,,,,,,,,,,,,,,,,,,,,,,,,,,,,,,,,,,,,,,
,LineString,-22.9693599,-46.6308672,,,,wood,,,,,,Floresta Ombrófila Densa,,,,,,,,,,,,,,,,,,,,,,,,,,,,,,,,,,,,,,,,,,,,
,LineString,-22.9362654,-46.6532052,,,,wood,,,,,,,,,,,,,,,,,,,,,,,,,,,,,,,,,,,,,,,,,,,,,,,,,,
,LineString,-22.9465802,-46.6425867,,,,wood,,,,,,Floresta Ombrófila Densa,,,,,,,,,,,,,,,,,,,,,,,,,,,,,,,,,,,,,,,,,,,,
,LineString,-22.9622608,-46.6349731,,,,wood,,,,,,Floresta Ombrófila Densa,,,,,,,,,,,,,,,,,,,,,,,,,,,,,,,,,,,,,,,,,,,,
,LineString,-22.9636497,-46.6400253,,,,wood,,,,,,Floresta Ombrófila Densa,,,,,,,,,,,,,,,,,,,,,,,,,,,,,,,,,,,,,,,,,,,,
,LineString,-22.9568432,-46.6493193,,,,wood,,,,,,Floresta Ombrófila Densa,,,,,,,,,,,,,,,,,,,,,,,,,,,,,,,,,,,,,,,,,,,,
,LineString,-22.9456332,-46.662958,,,,wood,,,,,,Floresta Ombrófila Densa,,,,,,,,,,,,,,,,,,,,,,,,,,,,,,,,,,,,,,,,,,,,
,LineString,-22.9737757,-46.6570922,,,,wood,,,,,,Floresta Ombrófila Densa,,,,,,,,,,,,,,,,,,,,,,,,,,,,,,,,,,,,,,,,,,,,
,LineString,-22.9445756,-46.6478025,,,,wood,,,,,,Floresta Ombrófila Densa,,,,,,,,,,,,,,,,,,,,,,,,,,,,,,,,,,,,,,,,,,,,
,LineString,-22.9566306,-46.634591,,,,wood,,,,,,Floresta Ombrófila Densa,,,,,,,,,,,,,,,,,,,,,,,,,,,,,,,,,,,,,,,,,,,,
,LineString,-22.9590176,-46.6512299,,,,wood,,,,,,Floresta Ombrófila Densa,,,,,,,,,,,,,,,,,,,,,,,,,,,,,,,,,,,,,,,,,,,,
,LineString,-22.9681132,-46.607764,,,,wood,,,,,,Floresta Ombrófila Densa,,,,,,,,,,,,,,,,,,,,,,,,,,,,,,,,,,,,,,,,,,,,
,LineString,-22.9507917,-46.6205391,,,,wood,,,,,,Floresta Ombrófila Densa,,,,,,,,,,,,,,,,,,,,,,,,,,,,,,,,,,,,,,,,,,,,
,LineString,-22.9340144,-46.6583293,,,,wood,,,,,,Floresta Ombrófila Densa,,,,,,,,,,,,,,,,,,,,,,,,,,,,,,,,,,,,,,,,,,,,
,LineString,-22.9493794,-46.624738,,,,wood,,,,,,Floresta Ombrófila Densa,,,,,,,,,,,,,,,,,,,,,,,,,,,,,,,,,,,,,,,,,,,,
,LineString,-22.9419086,-46.6017041,,,,wood,,,,,,Floresta Ombrófila Densa,,,,,,,,,,,,,,,,,,,,,,,,,,,,,,,,,,,,,,,,,,,,
,LineString,-22.9536644,-46.6582431,,,,wood,,,,,,Floresta Ombrófila Densa,,,,,,,,,,,,,,,,,,,,,,,,,,,,,,,,,,,,,,,,,,,,
,LineString,-22.9717688,-46.6760254,,,,wood,,,,,,Floresta Ombrófila Densa,,,,,,,,,,,,,,,,,,,,,,,,,,,,,,,,,,,,,,,,,,,,
,LineString,-22.9356373,-46.6608278,,,,wood,,,,,,Floresta Ombrófila Densa,,,,,,,,,,,,,,,,,,,,,,,,,,,,,,,,,,,,,,,,,,,,
,LineString,-22.9639402,-46.6682025,,,,wood,,,,,,Floresta Ombrófila Densa,,,,,,,,,,,,,,,,,,,,,,,,,,,,,,,,,,,,,,,,,,,,
,LineString,-22.9563253,-46.640755,,,,wood,,,,,,Floresta Ombrófila Densa,,,,,,,,,,,,,,,,,,,,,,,,,,,,,,,,,,,,,,,,,,,,
,LineString,-22.9666626,-46.6464867,,,,wood,,,,,,Floresta Ombrófila Densa,,,,,,,,,,,,,,,,,,,,,,,,,,,,,,,,,,,,,,,,,,,,
,LineString,-22.9754796,-46.6636026,,,,wood,,,,,,Floresta Ombrófila Densa,,,,,,,,,,,,,,,,,,,,,,,,,,,,,,,,,,,,,,,,,,,,
,LineString,-22.9489291,-46.6582643,,,,wood,,,,,,Floresta Ombrófila Densa,,,,,,,,,,,,,,,,,,,,,,,,,,,,,,,,,,,,,,,,,,,,
,LineString,-22.9591974,-46.6518196,,,,wood,,,,,,Floresta Ombrófila Densa,,,,,,,,,,,,,,,,,,,,,,,,,,,,,,,,,,,,,,,,,,,,
,LineString,-22.9494925,-46.6518634,,,,wood,,,,,,Floresta Ombrófila Densa,,,,,,,,,,,,,,,,,,,,,,,,,,,,,,,,,,,,,,,,,,,,
,LineString,-22.9327933,-46.6019308,,,,wood,,,,,,Floresta Ombrófila Densa,,,,,,,,,,,,,,,,,,,,,,,,,,,,,,,,,,,,,,,,,,,,
,LineString,-22.9693615,-46.6605289,,,,wood,,,,,,Floresta Ombrófila Densa,,,,,,,,,,,,,,,,,,,,,,,,,,,,,,,,,,,,,,,,,,,,
,LineString,-22.9272345,-46.6113405,,,,wood,,,,,,Floresta Ombrófila Densa,,,,,,,,,,,,,,,,,,,,,,,,,,,,,,,,,,,,,,,,,,,,
,LineString,-22.953611,-46.6108306,,,,wood,,,,,,Floresta Ombrófila Densa,,,,,,,,,,,,,,,,,,,,,,,,,,,,,,,,,,,,,,,,,,,,
,LineString,-22.9694673,-46.6278143,,,,wood,,,,,,Floresta Ombrófila Densa,,,,,,,,,,,,,,,,,,,,,,,,,,,,,,,,,,,,,,,,,,,,
,LineString,-22.9356254,-46.6528318,,,,wood,,,,,,,,,,,,,,,,,,,,,,,,,,,,,,,,,,,,,,,,,,,,,,,,,,
,LineString,-22.9488657,-46.5989502,,,,wood,,,,,,Floresta Ombrófila Densa,,,,,,,,,,,,,,,,,,,,,,,,,,,,,,,,,,,,,,,,,,,,
,LineString,-22.9451338,-46.6441813,,,,wood,,,,,,Floresta Ombrófila Densa,,,,,,,,,,,,,,,,,,,,,,,,,,,,,,,,,,,,,,,,,,,,
,LineString,-22.9739422,-46.6477471,,,,wood,,,,,,Floresta Ombrófila Densa,,,,,,,,,,,,,,,,,,,,,,,,,,,,,,,,,,,,,,,,,,,,
,LineString,-22.9295364,-46.6117982,,,,wood,,,,,,Floresta Ombrófila Densa,,,,,,,,,,,,,,,,,,,,,,,,,,,,,,,,,,,,,,,,,,,,
,LineString,-22.9307519,-46.592289,,,,wood,,,,,,Floresta Ombrófila Densa,,,,,,,,,,,,,,,,,,,,,,,,,,,,,,,,,,,,,,,,,,,,
,LineString,-22.9680559,-46.6737167,,,,wood,,,,,,Floresta Ombrófila Densa,,,,,,,,,,,,,,,,,,,,,,,,,,,,,,,,,,,,,,,,,,,,
,LineString,-22.933614,-46.5962442,,,,wood,,,,,,Floresta Ombrófila Densa,,,,,,,,,,,,,,,,,,,,,,,,,,,,,,,,,,,,,,,,,,,,
,LineString,-22.9692609,-46.6380365,,,,wood,,,,,,Floresta Ombrófila Densa,,,,,,,,,,,,,,,,,,,,,,,,,,,,,,,,,,,,,,,,,,,,
,LineString,-22.9611399,-46.6509076,,,,wood,,,,,,Floresta Ombrófila Densa,,,,,,,,,,,,,,,,,,,,,,,,,,,,,,,,,,,,,,,,,,,,
,LineString,-22.9714383,-46.6354503,,,,wood,,,,,,Floresta Ombrófila Densa,,,,,,,,,,,,,,,,,,,,,,,,,,,,,,,,,,,,,,,,,,,,
,LineString,-22.9443977,-46.6265416,,,,wood,,,,,,Floresta Ombrófila Densa,,,,,,,,,,,,,,,,,,,,,,,,,,,,,,,,,,,,,,,,,,,,
,LineString,-22.9634581,-46.6664272,,,,wood,,,,,,Floresta Ombrófila Densa,,,,,,,,,,,,,,,,,,,,,,,,,,,,,,,,,,,,,,,,,,,,
,LineString,-22.9353173,-46.6083874,,,,wood,,,,,,Floresta Ombrófila Densa,,,,,,,,,,,,,,,,,,,,,,,,,,,,,,,,,,,,,,,,,,,,
,LineString,-22.9276423,-46.6092806,,,,wood,,,,,,Floresta Ombrófila Densa,,,,,,,,,,,,,,,,,,,,,,,,,,,,,,,,,,,,,,,,,,,,
,LineString,-22.9181467,-46.649997,,,,wood,,,,,,Floresta Ombrófila Densa,,,,,,,,,,,,,,,,,,,,,,,,,,,,,,,,,,,,,,,,,,,,
,LineString,-22.9722996,-46.6570637,,,,wood,,,,,,Floresta Ombrófila Densa,,,,,,,,,,,,,,,,,,,,,,,,,,,,,,,,,,,,,,,,,,,,
,LineString,-22.973292,-46.6564962,,,,wood,,,,,,Floresta Ombrófila Densa,,,,,,,,,,,,,,,,,,,,,,,,,,,,,,,,,,,,,,,,,,,,
,LineString,-22.965538,-46.6564462,,,,wood,,,,,,Floresta Ombrófila Densa,,,,,,,,,,,,,,,,,,,,,,,,,,,,,,,,,,,,,,,,,,,,
,LineString,-22.9313595,-46.6589699,,,,wood,,,,,,Floresta Ombrófila Densa,,,,,,,,,,,,,,,,,,,,,,,,,,,,,,,,,,,,,,,,,,,,
,LineString,-22.9669928,-46.6569164,,,,wood,,,,,,Floresta Ombrófila Densa,,,,,,,,,,,,,,,,,,,,,,,,,,,,,,,,,,,,,,,,,,,,
,LineString,-22.967519,-46.6372498,,,,wood,,,,,,Floresta Ombrófila Densa,,,,,,,,,,,,,,,,,,,,,,,,,,,,,,,,,,,,,,,,,,,,
,LineString,-22.9247624,-46.6470541,,,,wood,,,,,,Floresta Ombrófila Densa,,,,,,,,,,,,,,,,,,,,,,,,,,,,,,,,,,,,,,,,,,,,
,LineString,-22.933233,-46.6542807,,,,wood,,,,,,Floresta Ombrófila Densa,,,,,,,,,,,,,,,,,,,,,,,,,,,,,,,,,,,,,,,,,,,,
,LineString,-22.9512142,-46.619398,,,,wood,,,,,,Floresta Ombrófila Densa,,,,,,,,,,,,,,,,,,,,,,,,,,,,,,,,,,,,,,,,,,,,
,LineString,-22.9530779,-46.6482161,,,,wood,,,,,,Floresta Ombrófila Densa,,,,,,,,,,,,,,,,,,,,,,,,,,,,,,,,,,,,,,,,,,,,
,LineString,-22.9523463,-46.6579419,,,,wood,,,,,,Floresta Ombrófila Densa,,,,,,,,,,,,,,,,,,,,,,,,,,,,,,,,,,,,,,,,,,,,
,LineString,-22.9443299,-46.6221561,,,,wood,,,,,,Floresta Ombrófila Densa,,,,,,,,,,,,,,,,,,,,,,,,,,,,,,,,,,,,,,,,,,,,
,LineString,-22.9622638,-46.6464667,,,,wood,,,,,,Floresta Ombrófila Densa,,,,,,,,,,,,,,,,,,,,,,,,,,,,,,,,,,,,,,,,,,,,
,LineString,-22.9560905,-46.6292577,,,,wood,,,,,,Floresta Ombrófila Densa,,,,,,,,,,,,,,,,,,,,,,,,,,,,,,,,,,,,,,,,,,,,
,LineString,-22.9680237,-46.6585016,,,,wood,,,,,,Floresta Ombrófila Densa,,,,,,,,,,,,,,,,,,,,,,,,,,,,,,,,,,,,,,,,,,,,
,LineString,-22.9487716,-46.6687614,,,,wood,,,,,,Floresta Ombrófila Densa,,,,,,,,,,,,,,,,,,,,,,,,,,,,,,,,,,,,,,,,,,,,
,LineString,-22.9391974,-46.6408092,,,,wood,,,,,,Floresta Ombrófila Densa,,,,,,,,,,,,,,,,,,,,,,,,,,,,,,,,,,,,,,,,,,,,
,LineString,-22.9407073,-46.6651341,,,,wood,,,,,,Floresta Ombrófila Densa,,,,,,,,,,,,,,,,,,,,,,,,,,,,,,,,,,,,,,,,,,,,
,LineString,-22.9338781,-46.6602619,,,,wood,,,,,,Floresta Ombrófila Densa,,,,,,,,,,,,,,,,,,,,,,,,,,,,,,,,,,,,,,,,,,,,
,LineString,-22.9706595,-46.6598716,,,,wood,,,,,,Floresta Ombrófila Densa,,,,,,,,,,,,,,,,,,,,,,,,,,,,,,,,,,,,,,,,,,,,
,LineString,-22.9465509,-46.6642266,,,,wood,,,,,,Floresta Ombrófila Densa,,,,,,,,,,,,,,,,,,,,,,,,,,,,,,,,,,,,,,,,,,,,
,LineString,-22.972481,-46.6271664,,,,wood,,,,,,Floresta Ombrófila Densa,,,,,,,,,,,,,,,,,,,,,,,,,,,,,,,,,,,,,,,,,,,,
,LineString,-22.930054,-46.6089136,,,,wood,,,,,,Floresta Ombrófila Densa,,,,,,,,,,,,,,,,,,,,,,,,,,,,,,,,,,,,,,,,,,,,
,LineString,-22.9313858,-46.6632869,,,,wood,,,,,,Floresta Ombrófila Densa,,,,,,,,,,,,,,,,,,,,,,,,,,,,,,,,,,,,,,,,,,,,
,LineString,-22.9668351,-46.6416866,,,,wood,,,,,,Floresta Ombrófila Densa,,,,,,,,,,,,,,,,,,,,,,,,,,,,,,,,,,,,,,,,,,,,
,LineString,-22.9202746,-46.6515452,,,,wood,,,,,,Floresta Ombrófila Densa,,,,,,,,,,,,,,,,,,,,,,,,,,,,,,,,,,,,,,,,,,,,
,LineString,-22.9677011,-46.628338,,,,wood,,,,,,Floresta Ombrófila Densa,,,,,,,,,,,,,,,,,,,,,,,,,,,,,,,,,,,,,,,,,,,,
,LineString,-22.9510943,-46.6692126,,,,wood,,,,,,Floresta Ombrófila Densa,,,,,,,,,,,,,,,,,,,,,,,,,,,,,,,,,,,,,,,,,,,,
,LineString,-22.9416551,-46.6054631,,,,wood,,,,,,Floresta Ombrófila Densa,,,,,,,,,,,,,,,,,,,,,,,,,,,,,,,,,,,,,,,,,,,,
,LineString,-22.9691339,-46.6715301,,,,wood,,,,,,Floresta Ombrófila Densa,,,,,,,,,,,,,,,,,,,,,,,,,,,,,,,,,,,,,,,,,,,,
,LineString,-22.9338545,-46.6225385,,,,wood,,,,,,Floresta Ombrófila Densa,,,,,,,,,,,,,,,,,,,,,,,,,,,,,,,,,,,,,,,,,,,,
,LineString,-22.9683839,-46.6216747,,,,wood,,,,,,Floresta Ombrófila Densa,,,,,,,,,,,,,,,,,,,,,,,,,,,,,,,,,,,,,,,,,,,,
,LineString,-22.9435262,-46.6296913,,,,wood,,,,,,Floresta Ombrófila Densa,,,,,,,,,,,,,,,,,,,,,,,,,,,,,,,,,,,,,,,,,,,,
,LineString,-22.959454,-46.6625484,,,,wood,,,,,,Floresta Ombrófila Densa,,,,,,,,,,,,,,,,,,,,,,,,,,,,,,,,,,,,,,,,,,,,
,LineString,-22.9544214,-46.6301737,,,,wood,,,,,,Floresta Ombrófila Densa,,,,,,,,,,,,,,,,,,,,,,,,,,,,,,,,,,,,,,,,,,,,
,LineString,-22.9714312,-46.6395916,,,,wood,,,,,,Floresta Ombrófila Densa,,,,,,,,,,,,,,,,,,,,,,,,,,,,,,,,,,,,,,,,,,,,
,LineString,-22.9442217,-46.6181469,,,,wood,,,,,,Floresta Ombrófila Densa,,,,,,,,,,,,,,,,,,,,,,,,,,,,,,,,,,,,,,,,,,,,
,LineString,-22.9456244,-46.5936206,,,,wood,,,,,,Floresta Ombrófila Densa,,,,,,,,,,,,,,,,,,,,,,,,,,,,,,,,,,,,,,,,,,,,
,LineString,-22.9737356,-46.6651284,,,,wood,,,,,,Floresta Ombrófila Densa,,,,,,,,,,,,,,,,,,,,,,,,,,,,,,,,,,,,,,,,,,,,
,LineString,-22.9739383,-46.6601334,,,,wood,,,,,,Floresta Ombrófila Densa,,,,,,,,,,,,,,,,,,,,,,,,,,,,,,,,,,,,,,,,,,,,
,LineString,-22.9375305,-46.6616881,,,,wood,,,,,,Floresta Ombrófila Densa,,,,,,,,,,,,,,,,,,,,,,,,,,,,,,,,,,,,,,,,,,,,
,LineString,-22.9749574,-46.6081659,,,,wood,,,,,,Floresta Ombrófila Densa,,,,,,,,,,,,,,,,,,,,,,,,,,,,,,,,,,,,,,,,,,,,
,LineString,-22.9676774,-46.6464746,,,,wood,,,,,,Floresta Ombrófila Densa,,,,,,,,,,,,,,,,,,,,,,,,,,,,,,,,,,,,,,,,,,,,
,LineString,-22.9385981,-46.6449637,,,,wood,,,,,,Floresta Ombrófila Densa,,,,,,,,,,,,,,,,,,,,,,,,,,,,,,,,,,,,,,,,,,,,
,LineString,-22.9749633,-46.6422161,,,,wood,,,,,,Floresta Ombrófila Densa,,,,,,,,,,,,,,,,,,,,,,,,,,,,,,,,,,,,,,,,,,,,
,LineString,-22.9494102,-46.6572113,,,,wood,,,,,,Floresta Ombrófila Densa,,,,,,,,,,,,,,,,,,,,,,,,,,,,,,,,,,,,,,,,,,,,
,LineString,-22.9697092,-46.6323075,,,,wood,,,,,,Floresta Ombrófila Densa,,,,,,,,,,,,,,,,,,,,,,,,,,,,,,,,,,,,,,,,,,,,
,LineString,-22.9325442,-46.5953831,,,,wood,,,,,,Floresta Ombrófila Densa,,,,,,,,,,,,,,,,,,,,,,,,,,,,,,,,,,,,,,,,,,,,
,LineString,-22.9420257,-46.6250738,,,,wood,,,,,,Floresta Ombrófila Densa,,,,,,,,,,,,,,,,,,,,,,,,,,,,,,,,,,,,,,,,,,,,
,LineString,-22.9618154,-46.6115091,,,,wood,,,,,,Floresta Ombrófila Densa,,,,,,,,,,,,,,,,,,,,,,,,,,,,,,,,,,,,,,,,,,,,
,LineString,-22.9551166,-46.6401626,,,,wood,,,,,,Floresta Ombrófila Densa,,,,,,,,,,,,,,,,,,,,,,,,,,,,,,,,,,,,,,,,,,,,
,LineString,-22.9447503,-46.6504907,,,,wood,,,,,,Floresta Ombrófila Densa,,,,,,,,,,,,,,,,,,,,,,,,,,,,,,,,,,,,,,,,,,,,
,LineString,-22.964012,-46.6144756,,,,wood,,,,,,Floresta Ombrófila Densa,,,,,,,,,,,,,,,,,,,,,,,,,,,,,,,,,,,,,,,,,,,,
,LineString,-22.9283442,-46.6562802,,,,wood,,,,,,Floresta Ombrófila Densa,,,,,,,,,,,,,,,,,,,,,,,,,,,,,,,,,,,,,,,,,,,,
,LineString,-22.9648874,-46.6478884,,,,wood,,,,,,Floresta Ombrófila Densa,,,,,,,,,,,,,,,,,,,,,,,,,,,,,,,,,,,,,,,,,,,,
,LineString,-22.9484516,-46.6107647,,,,wood,,,,,,Floresta Ombrófila Densa,,,,,,,,,,,,,,,,,,,,,,,,,,,,,,,,,,,,,,,,,,,,
,LineString,-22.9332388,-46.6649278,,,,wood,,,,,,Floresta Ombrófila Densa,,,,,,,,,,,,,,,,,,,,,,,,,,,,,,,,,,,,,,,,,,,,
,LineString,-22.9400969,-46.6161306,,,,wood,,,,,,Floresta Ombrófila Densa,,,,,,,,,,,,,,,,,,,,,,,,,,,,,,,,,,,,,,,,,,,,
,LineString,-22.9330037,-46.6321081,,,,wood,,,,,,Floresta Ombrófila Densa,,,,,,,,,,,,,,,,,,,,,,,,,,,,,,,,,,,,,,,,,,,,
,LineString,-22.9348544,-46.6323357,,,,wood,,,,,,Floresta Ombrófila Densa,,,,,,,,,,,,,,,,,,,,,,,,,,,,,,,,,,,,,,,,,,,,
,LineString,-22.951339,-46.652599,,,,wood,,,,,,Floresta Ombrófila Densa,,,,,,,,,,,,,,,,,,,,,,,,,,,,,,,,,,,,,,,,,,,,
,LineString,-22.9701505,-46.6062871,,,,wood,,,,,,Floresta Ombrófila Densa,,,,,,,,,,,,,,,,,,,,,,,,,,,,,,,,,,,,,,,,,,,,
,LineString,-22.9360733,-46.6009466,,,,wood,,,,,,Floresta Ombrófila Densa,,,,,,,,,,,,,,,,,,,,,,,,,,,,,,,,,,,,,,,,,,,,
,LineString,-22.9646726,-46.659769,,,,wood,,,,,,Floresta Ombrófila Densa,,,,,,,,,,,,,,,,,,,,,,,,,,,,,,,,,,,,,,,,,,,,
,LineString,-22.9655088,-46.6215882,,,,wood,,,,,,Floresta Ombrófila Densa,,,,,,,,,,,,,,,,,,,,,,,,,,,,,,,,,,,,,,,,,,,,
,LineString,-22.9476799,-46.6434811,,,,wood,,,,,,Floresta Ombrófila Densa,,,,,,,,,,,,,,,,,,,,,,,,,,,,,,,,,,,,,,,,,,,,
,LineString,-22.929226,-46.6071615,,,,wood,,,,,,Floresta Ombrófila Densa,,,,,,,,,,,,,,,,,,,,,,,,,,,,,,,,,,,,,,,,,,,,
,LineString,-22.9380248,-46.6347701,,,,wood,,,,,,Floresta Ombrófila Densa,,,,,,,,,,,,,,,,,,,,,,,,,,,,,,,,,,,,,,,,,,,,
,LineString,-22.9393306,-46.6312881,,,,wood,,,,,,Floresta Ombrófila Densa,,,,,,,,,,,,,,,,,,,,,,,,,,,,,,,,,,,,,,,,,,,,
,LineString,-22.967519,-46.6372498,,,,wood,,,,,,Floresta Ombrófila Densa,,,,,,,,,,,,,,,,,,,,,,,,,,,,,,,,,,,,,,,,,,,,
,LineString,-22.9389694,-46.5975995,,,,wood,,,,,,Floresta Ombrófila Densa,,,,,,,,,,,,,,,,,,,,,,,,,,,,,,,,,,,,,,,,,,,,
,LineString,-22.939842,-46.6010386,,,,wood,,,,,,Floresta Ombrófila Densa,,,,,,,,,,,,,,,,,,,,,,,,,,,,,,,,,,,,,,,,,,,,
,LineString,-22.968869,-46.6402644,,,,wood,,,,,,Floresta Ombrófila Densa,,,,,,,,,,,,,,,,,,,,,,,,,,,,,,,,,,,,,,,,,,,,
,LineString,-22.9340481,-46.6376307,,,,wood,,,,,,Floresta Ombrófila Densa,,,,,,,,,,,,,,,,,,,,,,,,,,,,,,,,,,,,,,,,,,,,
,LineString,-22.9504989,-46.6548198,,,,wood,,,,,,Floresta Ombrófila Densa,,,,,,,,,,,,,,,,,,,,,,,,,,,,,,,,,,,,,,,,,,,,
,LineString,-22.9768999,-46.6649884,,,,wood,,,,,,Floresta Ombrófila Densa,,,,,,,,,,,,,,,,,,,,,,,,,,,,,,,,,,,,,,,,,,,,
,LineString,-22.9703792,-46.6572865,,,,wood,,,,,,Floresta Ombrófila Densa,,,,,,,,,,,,,,,,,,,,,,,,,,,,,,,,,,,,,,,,,,,,
,LineString,-22.9692221,-46.6292793,,,,wood,,,,,,Floresta Ombrófila Densa,,,,,,,,,,,,,,,,,,,,,,,,,,,,,,,,,,,,,,,,,,,,
,LineString,-22.944584,-46.5953886,,,,wood,,,,,,Floresta Ombrófila Densa,,,,,,,,,,,,,,,,,,,,,,,,,,,,,,,,,,,,,,,,,,,,
,LineString,-22.9710505,-46.6461277,,,,wood,,,,,,Floresta Ombrófila Densa,,,,,,,,,,,,,,,,,,,,,,,,,,,,,,,,,,,,,,,,,,,,
,LineString,-23.0011705,-46.604279,,,,wood,,,,,,Floresta Ombrófila Densa,,,,,,,,,,,,,,,,,,,,,,,,,,,,,,,,,,,,,,,,,,,,
,LineString,-23.0114013,-46.6097246,,,,wood,,,,,,Floresta Ombrófila Densa,,,,,,,,,,,,,,,,,,,,,,,,,,,,,,,,,,,,,,,,,,,,
,LineString,-23.0195389,-46.6127454,,,,wood,,,,,,Floresta Ombrófila Densa,,,,,,,,,,,,,,,,,,,,,,,,,,,,,,,,,,,,,,,,,,,,
,LineString,-22.9992712,-46.5903863,,,,wood,,,,,,Floresta Ombrófila Densa,,,,,,,,,,,,,,,,,,,,,,,,,,,,,,,,,,,,,,,,,,,,
,LineString,-22.9986127,-46.6047803,,,,wood,,,,,,Floresta Ombrófila Densa,,,,,,,,,,,,,,,,,,,,,,,,,,,,,,,,,,,,,,,,,,,,
,LineString,-23.0118661,-46.6147292,,,,wood,,,,,,Floresta Ombrófila Densa,,,,,,,,,,,,,,,,,,,,,,,,,,,,,,,,,,,,,,,,,,,,
,LineString,-23.0158543,-46.6074177,,,,wood,,,,,,Floresta Ombrófila Densa,,,,,,,,,,,,,,,,,,,,,,,,,,,,,,,,,,,,,,,,,,,,
,LineString,-22.9752242,-46.6013878,,,,wood,,,,,,Floresta Ombrófila Densa,,,,,,,,,,,,,,,,,,,,,,,,,,,,,,,,,,,,,,,,,,,,
,LineString,-23.003927,-46.5948153,,,,wood,,,,,,Floresta Ombrófila Densa,,,,,,,,,,,,,,,,,,,,,,,,,,,,,,,,,,,,,,,,,,,,
,LineString,-23.0176409,-46.6169147,,,,wood,,,,,,Floresta Ombrófila Densa,,,,,,,,,,,,,,,,,,,,,,,,,,,,,,,,,,,,,,,,,,,,
,LineString,-22.9894426,-46.5971701,,,,wood,,,,,,Floresta Ombrófila Densa,,,,,,,,,,,,,,,,,,,,,,,,,,,,,,,,,,,,,,,,,,,,
,LineString,-23.0101524,-46.6121729,,,,wood,,,,,,Floresta Ombrófila Densa,,,,,,,,,,,,,,,,,,,,,,,,,,,,,,,,,,,,,,,,,,,,
,LineString,-22.9751753,-46.597795,,,,wood,,,,,,Floresta Ombrófila Densa,,,,,,,,,,,,,,,,,,,,,,,,,,,,,,,,,,,,,,,,,,,,
,LineString,-22.9760205,-46.5796464,,,,wood,,,,,,Floresta Ombrófila Densa,,,,,,,,,,,,,,,,,,,,,,,,,,,,,,,,,,,,,,,,,,,,
,LineString,-23.0143003,-46.6132956,,,,wood,,,,,,Floresta Ombrófila Densa,,,,,,,,,,,,,,,,,,,,,,,,,,,,,,,,,,,,,,,,,,,,
,LineString,-22.9746807,-46.5981249,,,,wood,,,,,,Floresta Ombrófila Densa,,,,,,,,,,,,,,,,,,,,,,,,,,,,,,,,,,,,,,,,,,,,
,LineString,-22.9923235,-46.5949335,,,,wood,,,,,,Floresta Ombrófila Densa,,,,,,,,,,,,,,,,,,,,,,,,,,,,,,,,,,,,,,,,,,,,
,LineString,-23.0215139,-46.6174204,,,,wood,,,,,,Floresta Ombrófila Densa,,,,,,,,,,,,,,,,,,,,,,,,,,,,,,,,,,,,,,,,,,,,
,LineString,-22.9989983,-46.6048972,,,,wood,,,,,,Floresta Ombrófila Densa,,,,,,,,,,,,,,,,,,,,,,,,,,,,,,,,,,,,,,,,,,,,
,LineString,-23.0007073,-46.6173884,,,,wood,,,,,,Floresta Ombrófila Densa,,,,,,,,,,,,,,,,,,,,,,,,,,,,,,,,,,,,,,,,,,,,
,LineString,-22.9907437,-46.5804691,,,,wood,,,,,,Floresta Ombrófila Densa,,,,,,,,,,,,,,,,,,,,,,,,,,,,,,,,,,,,,,,,,,,,
,LineString,-23.0199001,-46.6140819,,,,wood,,,,,,Floresta Ombrófila Densa,,,,,,,,,,,,,,,,,,,,,,,,,,,,,,,,,,,,,,,,,,,,
,LineString,-23.0178894,-46.6199945,,,,wood,,,,,,Floresta Ombrófila Densa,,,,,,,,,,,,,,,,,,,,,,,,,,,,,,,,,,,,,,,,,,,,
,LineString,-23.0078268,-46.6134504,,,,wood,,,,,,Floresta Ombrófila Densa,,,,,,,,,,,,,,,,,,,,,,,,,,,,,,,,,,,,,,,,,,,,
,LineString,-23.0084069,-46.5765993,,,,wood,,,,,,Floresta Ombrófila Densa,,,,,,,,,,,,,,,,,,,,,,,,,,,,,,,,,,,,,,,,,,,,
,LineString,-23.0226511,-46.5582505,,,,wood,,,,,,Floresta Ombrófila Densa,,,,,,,,,,,,,,,,,,,,,,,,,,,,,,,,,,,,,,,,,,,,
,LineString,-23.0233664,-46.5619868,,,,wood,,,,,,Floresta Ombrófila Densa,,,,,,,,,,,,,,,,,,,,,,,,,,,,,,,,,,,,,,,,,,,,
,LineString,-23.004508,-46.5711372,,,,wood,,,,,,Floresta Ombrófila Densa,,,,,,,,,,,,,,,,,,,,,,,,,,,,,,,,,,,,,,,,,,,,
,LineString,-23.0435038,-46.568011,,,,wood,,,,,,Floresta Ombrófila Densa,,,,,,,,,,,,,,,,,,,,,,,,,,,,,,,,,,,,,,,,,,,,
,LineString,-23.050964,-46.6015666,,,,wood,,,,,,Floresta Ombrófila Densa,,,,,,,,,,,,,,,,,,,,,,,,,,,,,,,,,,,,,,,,,,,,
,LineString,-23.038614,-46.6247191,,,,wood,,,,,,Floresta Ombrófila Densa,,,,,,,,,,,,,,,,,,,,,,,,,,,,,,,,,,,,,,,,,,,,
,LineString,-23.0342264,-46.6040577,,,,wood,,,,,,Floresta Ombrófila Densa,,,,,,,,,,,,,,,,,,,,,,,,,,,,,,,,,,,,,,,,,,,,
,LineString,-23.0328996,-46.5670522,,,,wood,,,,,,Floresta Ombrófila Densa,,,,,,,,,,,,,,,,,,,,,,,,,,,,,,,,,,,,,,,,,,,,
,LineString,-23.0215818,-46.5599778,,,,wood,,,,,,Floresta Ombrófila Densa,,,,,,,,,,,,,,,,,,,,,,,,,,,,,,,,,,,,,,,,,,,,
,LineString,-23.0245122,-46.588035,,,,wood,,,,,,Floresta Ombrófila Densa,,,,,,,,,,,,,,,,,,,,,,,,,,,,,,,,,,,,,,,,,,,,
,LineString,-23.0416002,-46.6046726,,,,wood,,,,,,Floresta Ombrófila Densa,,,,,,,,,,,,,,,,,,,,,,,,,,,,,,,,,,,,,,,,,,,,
,LineString,-23.0095623,-46.5747553,,,,wood,,,,,,Floresta Ombrófila Densa,,,,,,,,,,,,,,,,,,,,,,,,,,,,,,,,,,,,,,,,,,,,
,LineString,-23.0429574,-46.5969239,,,,wood,,,,,,Floresta Ombrófila Densa,,,,,,,,,,,,,,,,,,,,,,,,,,,,,,,,,,,,,,,,,,,,
,LineString,-23.0317924,-46.5936209,,,,wood,,,,,,Floresta Ombrófila Densa,,,,,,,,,,,,,,,,,,,,,,,,,,,,,,,,,,,,,,,,,,,,
,LineString,-23.0096284,-46.5815012,,,,wood,,,,,,Floresta Ombrófila Densa,,,,,,,,,,,,,,,,,,,,,,,,,,,,,,,,,,,,,,,,,,,,
,LineString,-23.0236471,-46.5605372,,,,wood,,,,,,Floresta Ombrófila Densa,,,,,,,,,,,,,,,,,,,,,,,,,,,,,,,,,,,,,,,,,,,,
,LineString,-23.0366336,-46.6013275,,,,wood,,,,,,Floresta Ombrófila Densa,,,,,,,,,,,,,,,,,,,,,,,,,,,,,,,,,,,,,,,,,,,,
,LineString,-23.0222389,-46.5888902,,,,wood,,,,,,Floresta Ombrófila Densa,,,,,,,,,,,,,,,,,,,,,,,,,,,,,,,,,,,,,,,,,,,,
,LineString,-23.0418721,-46.6060754,,,,wood,,,,,,Floresta Ombrófila Densa,,,,,,,,,,,,,,,,,,,,,,,,,,,,,,,,,,,,,,,,,,,,
,LineString,-23.0289919,-46.5993864,,,,wood,,,,,,Floresta Ombrófila Densa,,,,,,,,,,,,,,,,,,,,,,,,,,,,,,,,,,,,,,,,,,,,
,LineString,-23.0267834,-46.5643544,,,,wood,,,,,,Floresta Ombrófila Densa,,,,,,,,,,,,,,,,,,,,,,,,,,,,,,,,,,,,,,,,,,,,
,LineString,-23.0394819,-46.5755255,,,,wood,,,,,,Floresta Ombrófila Densa,,,,,,,,,,,,,,,,,,,,,,,,,,,,,,,,,,,,,,,,,,,,
,LineString,-23.0074548,-46.5701342,,,,wood,,,,,,Floresta Ombrófila Densa,,,,,,,,,,,,,,,,,,,,,,,,,,,,,,,,,,,,,,,,,,,,
,LineString,-23.0472249,-46.6093211,,,,wood,,,,,,Floresta Ombrófila Densa,,,,,,,,,,,,,,,,,,,,,,,,,,,,,,,,,,,,,,,,,,,,
,LineString,-23.0404538,-46.6110034,,,,wood,,,,,,Floresta Ombrófila Densa,,,,,,,,,,,,,,,,,,,,,,,,,,,,,,,,,,,,,,,,,,,,
,LineString,-23.0269189,-46.5881809,,,,wood,,,,,,Floresta Ombrófila Densa,,,,,,,,,,,,,,,,,,,,,,,,,,,,,,,,,,,,,,,,,,,,
,LineString,-23.0300793,-46.5839776,,,,wood,,,,,,Floresta Ombrófila Densa,,,,,,,,,,,,,,,,,,,,,,,,,,,,,,,,,,,,,,,,,,,,
,LineString,-23.0302484,-46.5857993,,,,wood,,,,,,Floresta Ombrófila Densa,,,,,,,,,,,,,,,,,,,,,,,,,,,,,,,,,,,,,,,,,,,,
,LineString,-23.0136053,-46.5687934,,,,wood,,,,,,Floresta Ombrófila Densa,,,,,,,,,,,,,,,,,,,,,,,,,,,,,,,,,,,,,,,,,,,,
,LineString,-23.0253854,-46.5766176,,,,wood,,,,,,Floresta Ombrófila Densa,,,,,,,,,,,,,,,,,,,,,,,,,,,,,,,,,,,,,,,,,,,,
,LineString,-23.0443691,-46.6072475,,,,wood,,,,,,Floresta Ombrófila Densa,,,,,,,,,,,,,,,,,,,,,,,,,,,,,,,,,,,,,,,,,,,,
,LineString,-23.0229272,-46.5611668,,,,wood,,,,,,Floresta Ombrófila Densa,,,,,,,,,,,,,,,,,,,,,,,,,,,,,,,,,,,,,,,,,,,,
,LineString,-23.0455423,-46.6086972,,,,wood,,,,,,Floresta Ombrófila Densa,,,,,,,,,,,,,,,,,,,,,,,,,,,,,,,,,,,,,,,,,,,,
,LineString,-23.0405959,-46.5684448,,,,wood,,,,,,Floresta Ombrófila Densa,,,,,,,,,,,,,,,,,,,,,,,,,,,,,,,,,,,,,,,,,,,,
,LineString,-23.0339899,-46.5817966,,,,wood,,,,,,Floresta Ombrófila Densa,,,,,,,,,,,,,,,,,,,,,,,,,,,,,,,,,,,,,,,,,,,,
,LineString,-23.0338041,-46.5923293,,,,wood,,,,,,Floresta Ombrófila Densa,,,,,,,,,,,,,,,,,,,,,,,,,,,,,,,,,,,,,,,,,,,,
,LineString,-23.0256079,-46.5778661,,,,wood,,,,,,Floresta Ombrófila Densa,,,,,,,,,,,,,,,,,,,,,,,,,,,,,,,,,,,,,,,,,,,,
,LineString,-23.0280485,-46.5614647,,,,wood,,,,,,Floresta Ombrófila Densa,,,,,,,,,,,,,,,,,,,,,,,,,,,,,,,,,,,,,,,,,,,,
,LineString,-23.0112975,-46.5683989,,,,wood,,,,,,Floresta Ombrófila Densa,,,,,,,,,,,,,,,,,,,,,,,,,,,,,,,,,,,,,,,,,,,,
,LineString,-23.0240342,-46.5637774,,,,wood,,,,,,Floresta Ombrófila Densa,,,,,,,,,,,,,,,,,,,,,,,,,,,,,,,,,,,,,,,,,,,,
,LineString,-23.0438228,-46.5695517,,,,wood,,,,,,Floresta Ombrófila Densa,,,,,,,,,,,,,,,,,,,,,,,,,,,,,,,,,,,,,,,,,,,,
,LineString,-23.0457724,-46.5827475,,,,wood,,,,,,Floresta Ombrófila Densa,,,,,,,,,,,,,,,,,,,,,,,,,,,,,,,,,,,,,,,,,,,,
,LineString,-23.0414926,-46.611667,,,,wood,,,,,,Floresta Ombrófila Densa,,,,,,,,,,,,,,,,,,,,,,,,,,,,,,,,,,,,,,,,,,,,
,LineString,-23.0461106,-46.5650763,,,,wood,,,,,,Floresta Ombrófila Densa,,,,,,,,,,,,,,,,,,,,,,,,,,,,,,,,,,,,,,,,,,,,
,LineString,-23.0234746,-46.5627265,,,,wood,,,,,,Floresta Ombrófila Densa,,,,,,,,,,,,,,,,,,,,,,,,,,,,,,,,,,,,,,,,,,,,
,LineString,-23.0434756,-46.5654618,,,,wood,,,,,,Floresta Ombrófila Densa,,,,,,,,,,,,,,,,,,,,,,,,,,,,,,,,,,,,,,,,,,,,
,LineString,-23.0341061,-46.6044747,,,,wood,,,,,,Floresta Ombrófila Densa,,,,,,,,,,,,,,,,,,,,,,,,,,,,,,,,,,,,,,,,,,,,
,LineString,-23.0453699,-46.5763912,,,,wood,,,,,,Floresta Ombrófila Densa,,,,,,,,,,,,,,,,,,,,,,,,,,,,,,,,,,,,,,,,,,,,
,LineString,-23.0362722,-46.5650818,,,,wood,,,,,,Floresta Ombrófila Densa,,,,,,,,,,,,,,,,,,,,,,,,,,,,,,,,,,,,,,,,,,,,
,LineString,-22.9173108,-46.6189717,,,,wood,,,,,,,,,,,,,,,,,,,,,,,,,,,,,,,,,,,,,,,,,,,,,,,,,,
,LineString,-22.9077315,-46.6488437,,,,wood,,,,,,,,,,,,,,,,,,,,,,,,,,,,,,,,,,,,,,,,,,,,,,,,,,
,LineString,-22.9202675,-46.6949843,,,,wood,,,,,,,,,,,,,,,,,,,,,,,,,,,,,,,,,,,,,,,,,,,,,,,,,,
,LineString,-22.9096864,-46.6922573,,,,wood,,,,,,,,,,,,,,,,,,,,,,,,,,,,,,,,,,,,,,,,,,,,,,,,,,
,LineString,-22.913215,-46.6122928,,,,wood,,,,,,,,,,,,,,,,,,,,,,,,,,,,,,,,,,,,,,,,,,,,,,,,,,
,LineString,-22.9059655,-46.6723485,,,,wood,,,,,,,,,,,,,,,,,,,,,,,,,,,,,,,,,,,,,,,,,,,,,,,,,,
,LineString,-22.9216235,-46.6161263,,,,wood,,,,,,,,,,,,,,,,,,,,,,,,,,,,,,,,,,,,,,,,,,,,,,,,,,
,LineString,-22.9244741,-46.630566,,,,wood,,,,,,,,,,,,,,,,,,,,,,,,,,,,,,,,,,,,,,,,,,,,,,,,,,
,LineString,-22.9045614,-46.6366437,,,,wood,,,,,,,,,,,,,,,,,,,,,,,,,,,,,,,,,,,,,,,,,,,,,,,,,,
,LineString,-22.9097792,-46.6497749,,,,wood,,,,,,,,,,,,,,,,,,,,,,,,,,,,,,,,,,,,,,,,,,,,,,,,,,
,LineString,-22.9074972,-46.6652428,,,,wood,,,,,,,,,,,,,,,,,,,,,,,,,,,,,,,,,,,,,,,,,,,,,,,,,,
,LineString,-22.9156133,-46.635626,,,,wood,,,,,,,,,,,,,,,,,,,,,,,,,,,,,,,,,,,,,,,,,,,,,,,,,,
,LineString,-22.9069186,-46.6791161,,,,wood,,,,,,,,,,,,,,,,,,,,,,,,,,,,,,,,,,,,,,,,,,,,,,,,,,
,LineString,-22.9071511,-46.6465968,,,,wood,,,,,,,,,,,,,,,,,,,,,,,,,,,,,,,,,,,,,,,,,,,,,,,,,,
,LineString,-22.9106411,-46.6393102,,,,wood,,,,,,,,,,,,,,,,,,,,,,,,,,,,,,,,,,,,,,,,,,,,,,,,,,
,LineString,-22.9036408,-46.6480433,,,,wood,,,,,,,,,,,,,,,,,,,,,,,,,,,,,,,,,,,,,,,,,,,,,,,,,,
,LineString,-22.9136058,-46.6922474,,,,wood,,,,,,,,,,,,,,,,,,,,,,,,,,,,,,,,,,,,,,,,,,,,,,,,,,
,LineString,-22.9199117,-46.6167829,,,,wood,,,,,,,,,,,,,,,,,,,,,,,,,,,,,,,,,,,,,,,,,,,,,,,,,,
,LineString,-22.9156772,-46.6175093,,,,wood,,,,,,,,,,,,,,,,,,,,,,,,,,,,,,,,,,,,,,,,,,,,,,,,,,
,LineString,-22.9124792,-46.621191,,,,wood,,,,,,,,,,,,,,,,,,,,,,,,,,,,,,,,,,,,,,,,,,,,,,,,,,
,LineString,-22.9057711,-46.6557218,,,,wood,,,,,,,,,,,,,,,,,,,,,,,,,,,,,,,,,,,,,,,,,,,,,,,,,,
,LineString,-22.9084363,-46.6035057,,,,wood,,,,,,,,,,,,,,,,,,,,,,,,,,,,,,,,,,,,,,,,,,,,,,,,,,
,LineString,-22.9069312,-46.6829817,,,,wood,,,,,,,,,,,,,,,,,,,,,,,,,,,,,,,,,,,,,,,,,,,,,,,,,,
,LineString,-22.9115858,-46.6447084,,,,wood,,,,,,,,,,,,,,,,,,,,,,,,,,,,,,,,,,,,,,,,,,,,,,,,,,
,LineString,-22.9134398,-46.6822093,,,,wood,,,,,,,,,,,,,,,,,,,,,,,,,,,,,,,,,,,,,,,,,,,,,,,,,,
,LineString,-22.9194404,-46.6354719,,,,wood,,,,,,,,,,,,,,,,,,,,,,,,,,,,,,,,,,,,,,,,,,,,,,,,,,
,LineString,-22.9227813,-46.6956177,,,,wood,,,,,,,,,,,,,,,,,,,,,,,,,,,,,,,,,,,,,,,,,,,,,,,,,,
,LineString,-22.9155845,-46.6692758,,,,wood,,,,,,,,,,,,,,,,,,,,,,,,,,,,,,,,,,,,,,,,,,,,,,,,,,
,LineString,-22.9117184,-46.6382753,,,,wood,,,,,,,,,,,,,,,,,,,,,,,,,,,,,,,,,,,,,,,,,,,,,,,,,,
,LineString,-22.9043498,-46.6507429,,,,wood,,,,,,,,,,,,,,,,,,,,,,,,,,,,,,,,,,,,,,,,,,,,,,,,,,
,LineString,-22.9063088,-46.6485717,,,,wood,,,,,,,,,,,,,,,,,,,,,,,,,,,,,,,,,,,,,,,,,,,,,,,,,,
,LineString,-22.9283019,-46.6265563,,,,wood,,,,,,,,,,,,,,,,,,,,,,,,,,,,,,,,,,,,,,,,,,,,,,,,,,
,LineString,-22.90845,-46.6353427,,,,wood,,,,,,,,,,,,,,,,,,,,,,,,,,,,,,,,,,,,,,,,,,,,,,,,,,
,LineString,-22.9052431,-46.6281044,,,,wood,,,,,,,,,,,,,,,,,,,,,,,,,,,,,,,,,,,,,,,,,,,,,,,,,,
,LineString,-22.9103471,-46.6521518,,,,wood,,,,,,,,,,,,,,,,,,,,,,,,,,,,,,,,,,,,,,,,,,,,,,,,,,
,LineString,-22.9218232,-46.6866162,,,,wood,,,,,,,,,,,,,,,,,,,,,,,,,,,,,,,,,,,,,,,,,,,,,,,,,,
,LineString,-22.9130543,-46.6632615,,,,wood,,,,,,,,,,,,,,,,,,,,,,,,,,,,,,,,,,,,,,,,,,,,,,,,,,
,LineString,-22.9081066,-46.6822542,,,,wood,,,,,,,,,,,,,,,,,,,,,,,,,,,,,,,,,,,,,,,,,,,,,,,,,,
,LineString,-22.9068167,-46.6496633,,,,wood,,,,,,,,,,,,,,,,,,,,,,,,,,,,,,,,,,,,,,,,,,,,,,,,,,
,LineString,-22.903851,-46.6828237,,,,wood,,,,,,,,,,,,,,,,,,,,,,,,,,,,,,,,,,,,,,,,,,,,,,,,,,
,LineString,-22.9083698,-46.6431258,,,,wood,,,,,,,,,,,,,,,,,,,,,,,,,,,,,,,,,,,,,,,,,,,,,,,,,,
,LineString,-22.9127769,-46.61574,,,,wood,,,,,,,,,,,,,,,,,,,,,,,,,,,,,,,,,,,,,,,,,,,,,,,,,,
,LineString,-22.9053726,-46.631891,,,,wood,,,,,,,,,,,,,,,,,,,,,,,,,,,,,,,,,,,,,,,,,,,,,,,,,,
,LineString,-22.9068432,-46.6378265,,,,wood,,,,,,,,,,,,,,,,,,,,,,,,,,,,,,,,,,,,,,,,,,,,,,,,,,
,LineString,-22.9192638,-46.6218128,,,,wood,,,,,,,,,,,,,,,,,,,,,,,,,,,,,,,,,,,,,,,,,,,,,,,,,,
,LineString,-22.9282411,-46.5824807,,,,wood,,,,,,Floresta Ombrófila Densa,,,,,,,,,,,,,,,,,,,,,,,,,,,,,,,,,,,,,,,,,,,,
,LineString,-22.9339112,-46.5573626,,,,wood,,,,,,Floresta Ombrófila Densa,,,,,,,,,,,,,,,,,,,,,,,,,,,,,,,,,,,,,,,,,,,,
,LineString,-22.9245028,-46.6031122,,,,wood,,,,,,Floresta Ombrófila Densa,,,,,,,,,,,,,,,,,,,,,,,,,,,,,,,,,,,,,,,,,,,,
,LineString,-22.9298162,-46.5721308,,,,wood,,,,,,Floresta Ombrófila Densa,,,,,,,,,,,,,,,,,,,,,,,,,,,,,,,,,,,,,,,,,,,,
,LineString,-22.9255311,-46.5574751,,,,wood,,,,,,Floresta Ombrófila Densa,,,,,,,,,,,,,,,,,,,,,,,,,,,,,,,,,,,,,,,,,,,,
,LineString,-22.9277799,-46.5812598,,,,wood,,,,,,Floresta Ombrófila Densa,,,,,,,,,,,,,,,,,,,,,,,,,,,,,,,,,,,,,,,,,,,,
,LineString,-22.9290507,-46.5849462,,,,wood,,,,,,Floresta Ombrófila Densa,,,,,,,,,,,,,,,,,,,,,,,,,,,,,,,,,,,,,,,,,,,,
,LineString,-22.919682,-46.5710105,,,,wood,,,,,,Floresta Ombrófila Densa,,,,,,,,,,,,,,,,,,,,,,,,,,,,,,,,,,,,,,,,,,,,
,LineString,-22.9242608,-46.6083149,,,,wood,,,,,,Floresta Ombrófila Densa,,,,,,,,,,,,,,,,,,,,,,,,,,,,,,,,,,,,,,,,,,,,
,LineString,-22.9175247,-46.5741069,,,,wood,,,,,,Floresta Ombrófila Densa,,,,,,,,,,,,,,,,,,,,,,,,,,,,,,,,,,,,,,,,,,,,
,LineString,-22.9185068,-46.5872274,,,,wood,,,,,,Floresta Ombrófila Densa,,,,,,,,,,,,,,,,,,,,,,,,,,,,,,,,,,,,,,,,,,,,
,LineString,-22.9239725,-46.6060933,,,,wood,,,,,,Floresta Ombrófila Densa,,,,,,,,,,,,,,,,,,,,,,,,,,,,,,,,,,,,,,,,,,,,
,LineString,-22.9318591,-46.5587912,,,,wood,,,,,,Floresta Ombrófila Densa,,,,,,,,,,,,,,,,,,,,,,,,,,,,,,,,,,,,,,,,,,,,
,LineString,-22.9245745,-46.5867538,,,,wood,,,,,,Floresta Ombrófila Densa,,,,,,,,,,,,,,,,,,,,,,,,,,,,,,,,,,,,,,,,,,,,
,LineString,-22.9249997,-46.5820994,,,,wood,,,,,,Floresta Ombrófila Densa,,,,,,,,,,,,,,,,,,,,,,,,,,,,,,,,,,,,,,,,,,,,
,LineString,-22.9327691,-46.577401,,,,wood,,,,,,Floresta Ombrófila Densa,,,,,,,,,,,,,,,,,,,,,,,,,,,,,,,,,,,,,,,,,,,,
,LineString,-22.915386,-46.5766787,,,,wood,,,,,,Floresta Ombrófila Densa,,,,,,,,,,,,,,,,,,,,,,,,,,,,,,,,,,,,,,,,,,,,
,LineString,-22.9306417,-46.5857668,,,,wood,,,,,,Floresta Ombrófila Densa,,,,,,,,,,,,,,,,,,,,,,,,,,,,,,,,,,,,,,,,,,,,
,LineString,-22.936038,-46.5739375,,,,wood,,,,,,Floresta Ombrófila Densa,,,,,,,,,,,,,,,,,,,,,,,,,,,,,,,,,,,,,,,,,,,,
,LineString,-22.8465925,-46.7169777,,,,wood,,,,,,Floresta Ombrófila Densa,,,,,,,,,,,,,,,,,,,,,,,,,,,,,,,,,,,,,,,,,,,,
,LineString,-22.9770713,-46.5366199,,,,wood,,,,,,,,,,,,,,,,,,,,,,,,,,,,,,,,,,,,,,,,,,,,,,,,,,
,LineString,-22.9767559,-46.5366995,,,,wood,,,,,,,,,,,,,,,,,,,,,,,,,,,,,,,,,,,,,,,,,,,,,,,,,,
,LineString,-22.9766818,-46.5372038,,,,wood,,,,,,,,,,,,,,,,,,,,,,,,,,,,,,,,,,,,,,,,,,,,,,,,,,
,LineString,-22.9763936,-46.5366997,,,,wood,,,,,,,,,,,,,,,,,,,,,,,,,,,,,,,,,,,,,,,,,,,,,,,,,,
,LineString,-22.9760662,-46.5361764,,,,wood,,,,,,,,,,,,,,,,,,,,,,,,,,,,,,,,,,,,,,,,,,,,,,,,,,
,LineString,-22.9779263,-46.5348249,,,,wood,,,,,,,,,,,,,,,,,,,,,,,,,,,,,,,,,,,,,,,,,,,,,,,,,,
,LineString,-22.9782402,-46.5343402,,,,wood,,,,,,,,,,,,,,,,,,,,,,,,,,,,,,,,,,,,,,,,,,,,,,,,,,
,LineString,-22.9787157,-46.5350504,,,,wood,,,,,,,,,,,,,,,,,,,,,,,,,,,,,,,,,,,,,,,,,,,,,,,,,,
,LineString,-22.9799396,-46.5335319,,,,wood,,,,,,,,,,,,,,,,,,,,,,,,,,,,,,,,,,,,,,,,,,,,,,,,,,
,LineString,-22.9784724,-46.5340869,,,,wood,,,,,,,,,,,,,,,,,,,,,,,,,,,,,,,,,,,,,,,,,,,,,,,,,,
,LineString,-22.9807709,-46.5335066,,,,wood,,,,,,,,,,,,,,,,,,,,,,,,,,,,,,,,,,,,,,,,,,,,,,,,,,
,LineString,-22.9808347,-46.5339275,,,,wood,,,,,,,,,,,,,,,,,,,,,,,,,,,,,,,,,,,,,,,,,,,,,,,,,,
,LineString,-22.9787425,-46.5347875,,,,wood,,,,,,,,,,,,,,,,,,,,,,,,,,,,,,,,,,,,,,,,,,,,,,,,,,
,LineString,-22.9786561,-46.5346619,,,,wood,,,,,,,,,,,,,,,,,,,,,,,,,,,,,,,,,,,,,,,,,,,,,,,,,,
,LineString,-22.977182,-46.5358445,,,,wood,,,,,,,,,,,,,,,,,,,,,,,,,,,,,,,,,,,,,,,,,,,,,,,,,,
,LineString,-22.9768046,-46.5364368,,,,wood,,,,,,,,,,,,,,,,,,,,,,,,,,,,,,,,,,,,,,,,,,,,,,,,,,
,LineString,-22.9766254,-46.5365359,,,,wood,,,,,,,,,,,,,,,,,,,,,,,,,,,,,,,,,,,,,,,,,,,,,,,,,,
,LineString,-22.9764535,-46.5361306,,,,wood,,,,,,,,,,,,,,,,,,,,,,,,,,,,,,,,,,,,,,,,,,,,,,,,,,
,LineString,-22.9763573,-46.5362213,,,,wood,,,,,,,,,,,,,,,,,,,,,,,,,,,,,,,,,,,,,,,,,,,,,,,,,,
,LineString,-22.9775207,-46.5345412,,,,wood,,,,,,,,,,,,,,,,,,,,,,,,,,,,,,,,,,,,,,,,,,,,,,,,,,
,LineString,-22.9792684,-46.5346514,,,,wood,,,,,,,,,,,,,,,,,,,,,,,,,,,,,,,,,,,,,,,,,,,,,,,,,,
,LineString,-22.9869979,-46.5309607,,,,water,,pond,,,,,,,,,,,,,,,,,,,,,,,,,,,,,,,,,,,,,,,,,,,,,,,,
,LineString,-22.9654302,-46.561349,,,,water,,pond,,,,,,,,,,,,,,,,,,,,,,,,,,,,,,,,,,,,,,,,,,,,,,,,
,LineString,-22.9650301,-46.5602855,,,,water,,pond,,,,,,,,,,,,,,,,,,,,,,,,,,,,,,,,,,,,,,,,,,,,,,,,
,LineString,-22.9652139,-46.5627767,,,,water,,pond,,,,,,,,,,,,,,,,,,,,,,,,,,,,,,,,,,,,,,,,,,,,,,,,
,LineString,-22.9636817,-46.5639912,,,,water,,pond,,,,,,,,,,,,,,,,,,,,,,,,,,,,,,,,,,,,,,,,,,,,,,,,
,LineString,-22.9636874,-46.5636592,,,,water,,,,,,,,,,,,,,,,,,,,,,,,,,,,,,,,,,,,,,,,,,,,,,,,,,
,LineString,-22.9864979,-46.4931718,,,,water,,pond,,,,,,,,,,,,,,,,,,,,,,,,,,,,,,,,,,,,,,,,,,,,,,,,
,LineString,-22.9882482,-46.4932884,,,,water,,pond,,,,,,,,,,,,,,,,,,,,,,,,,,,,,,,,,,,,,,,,,,,,,,,,
,LineString,-22.9878149,-46.4932928,,,,water,,pond,,,,,,,,,,,,,,,,,,,,,,,,,,,,,,,,,,,,,,,,,,,,,,,,
,LineString,-22.985342,-46.4925527,,,,water,,pond,,,,,,,,,,,,,,,,,,,,,,,,,,,,,,,,,,,,,,,,,,,,,,,,
,LineString,-23.0382619,-46.5262469,,,,water,,pond,,,,,,,,,,,,,,,,,,,,,,,,,,,,,,,,,,,,,,,,,,,,,,,,
,LineString,-23.0367782,-46.5277368,,,,water,,pond,,,,,,,,,,,,,,,,,,,,,,,,,,,,,,,,,,,,,,,,,,,,,,,,
,LineString,-23.0413827,-46.5305867,,,,water,,pond,,,,,,,,,,,,,,,,,,,,,,,,,,,,,,,,,,,,,,,,,,,,,,,,
,LineString,-23.0402091,-46.5309065,,,,water,,pond,,,,,,,,,,,,,,,,,,,,,,,,,,,,,,,,,,,,,,,,,,,,,,,,
,LineString,-23.0401631,-46.5302949,,,,water,,pond,,,,,,,,,,,,,,,,,,,,,,,,,,,,,,,,,,,,,,,,,,,,,,,,
,LineString,-23.0403527,-46.5308192,,,,water,,pond,,,,,,,,,,,,,,,,,,,,,,,,,,,,,,,,,,,,,,,,,,,,,,,,
,LineString,-23.0403122,-46.5309567,,,,water,,pond,,,,,,,,,,,,,,,,,,,,,,,,,,,,,,,,,,,,,,,,,,,,,,,,
,LineString,-23.040503,-46.5308419,,,,water,,pond,,,,,,,,,,,,,,,,,,,,,,,,,,,,,,,,,,,,,,,,,,,,,,,,
,LineString,-22.916696,-46.5227614,,,,,,,,,,,,,,,,,,,,,,,,,,,,,,,,,,,,,,,,,,,,,,,islet,,,,,,,
,LineString,-22.97024,-46.5410238,,,,wood,,,,,,,,,,,,,,,,,,,,,,,,,,,,,,,,,,,,,,,,,,,,,,,,,,
,LineString,-22.9702894,-46.5409635,,,,wood,,,,,,,,,,,,,,,,,,,,,,,,,,,,,,,,,,,,,,,,,,,,,,,,,,
,LineString,-22.9739479,-46.5454207,Praça Elza Aparecida Garcia Mendes dos Santos,,,wood,,,,,,,,,,,,,,,,,,,,,,,,,,,,,,,,,,,,,,,,,,,,,,,,,,
,LineString,-22.9647936,-46.5231595,Mirante do Colinas da Mantiqueira,,park,,,,,,,,,,,,,,,,,,,,,,,,,,,,,,,,,,,,,,,,,,,,,,,,,,,
,LineString,-22.9466578,-46.5400753,PRACA,,park,,,,,,,,,,,,Rua Campos Salles,,,,,,,,,,,,,,,,,,,,,,,,,,,,,,,,,,,,,,,
,LineString,-22.9441704,-46.5587269,,,,wood,,,,,,,,,,,,,,,,,,,,,,,,,,,,,,,,,,,,,,,,,,,,,,,,,,
,LineString,-22.9437685,-46.5591955,,,park,,,,,,,,,,,,,,,,,,,,,,,,,,,,,,,,,,,,,,,,,,,,,,,,,,,
,LineString,-22.9432852,-46.5605758,,,,wood,,,,,,,,,,,,,,,,,,,,,,,,,,,,,,,,,,,,,,,,,,,,,,,,,,
,LineString,-22.9160795,-46.4292757,,,,water,,river,,,,,,,,,,,,,,,,,,,,,,,,,,,,,,,,,,,,,,,,,,,,,,,,
,LineString,-22.8765713,-46.4158325,,,,wood,,,,,,,,,,,,,,,,,,,,,,,,,,,,,,,,,,,,,,,,,,,,,,,,,,
,LineString,-22.8714715,-46.403614,,,,wood,,,,,,,,,,,,,,,,,,,,,,,,,,,,,,,,,,,,,,,,,,,,,,,,,,
,LineString,-22.8544613,-46.4100407,,,,wood,,,,,,,,,,,,,,,,,,,,,,,,,,,,,,,,,,,,,,,,,,,,,,,,,,
,LineString,-22.8543468,-46.4303656,,,,wood,,,,,,,,,,,,,,,,,,,,,,,,,,,,,,,,,,,,,,,,,,,,,,,,,,
,LineString,-22.8562767,-46.4266062,,,,wood,,,,,,,,,,,,,,,,,,,,,,,,,,,,,,,,,,,,,,,,,,,,,,,,,,
,LineString,-22.9081441,-46.4165748,,,,wood,,,,,,,,,,,,,,,,,,,,,,,,,,,,,,,,,,,,,,,,,,,,,,,,,,
,LineString,-22.9019365,-46.4124508,,,,wood,,,,,,,,,,,,,,,,,,,,,,,,,,,,,,,,,,,,,,,,,,,,,,,,,,
,LineString,-22.9189038,-46.4262961,,,,wood,,,,,,,,,,,,,,,,,,,,,,,,,,,,,,,,,,,,,,,,,,,,,,,,,,
,LineString,-22.918742,-46.4255543,,,,wood,,,,,,,,,,,,,,,,,,,,,,,,,,,,,,,,,,,,,,,,,,,,,,,,,,
,LineString,-22.9088961,-46.6035747,,,,water,,,,,,,,,,,,,,,,,,,,,,,,,,,,,,,,,,,,,,,,,,,,,,,,,,
,LineString,-22.9100353,-46.4779259,,,,water,,,,,,,,,,,,,,,,,,,,,,,,,,,,,,,,,,,,,,,,,,,,,,,,,,
,LineString,-22.9750166,-46.5763099,,,,water,,,,,,,,,,,,,,,,,,,,,,,,,,,,,,,,,,,,,,,,,,,,,,,,,,
,LineString,-22.9754661,-46.5753551,,,,water,,,,,,,,,,,,,,,,,,,,,,,,,,,,,,,,,,,,,,,,,,,,,,,,,,
,LineString,-22.9747024,-46.5441842,,,,wood,,,,,,,,,,,,,,,,,,,,,,,,,,,,,,,,,,,,,,,,,,,,,,,,,,
,LineString,-23.0094736,-46.6390767,Aeródromo Vale Eldorado - Doutor José de Aguiar Leme,,,,aerodrome,,,,,,,,,,,,,,,,,,,,,,SDVH,,,,,,,,,,,,,,,,,,,,,,,,,,,
,LineString,-23.0077076,-46.6453558,Aeródromo Fazenda Dumont - Chiquinho Ribeiro,,,,aerodrome,,,,,,,,,,,,,,,,,,,,,,SIGL,,,,,,,,,,,,,,,,,,,,,,,,,,,
,LineString,-23.0116718,-46.5069082,,,,wood,,,,,,,,,,,,,,,,,,,,,,,,,,,,,,,,,,,,,,,,,,,,,,,,,,
,LineString,-23.0120477,-46.5055126,,,,wood,,,,,,,,,,,,,,,,,,,,,,,,,,,,,,,,,,,,,,,,,,,,,,,,,,
,LineString,-23.0125663,-46.5055245,,,,wood,,,,,,,,,,,,,,,,,,,,,,,,,,,,,,,,,,,,,,,,,,,,,,,,,,
,LineString,-23.0127329,-46.5073036,,,,wood,,,,,,,,,,,,,,,,house,,,,,,,,,,,,,,,,,,,,,,,,,,,,,,,,,,
,LineString,-23.0123603,-46.5066969,,,,wood,,,,,,,,,,,,,,,,house,,,,,,,,,,,,,,,,,,,,,,,,,,,,,,,,,,
,LineString,-23.0128681,-46.5061854,,,,water,,pond,,,,,,,,,,,,,,,,,,,,,,,,,,,,,,,,,,,,,,,,,,,,,,,,
,LineString,-23.0129949,-46.5067051,,,,water,,pond,,,,,,,,,,,,,,,,,,,,,,,aquaculture,,,,,,,,,,,,,,,,,,,,,,,,,
,LineString,-23.013118,-46.5066664,,,,water,,pond,,,,,,,,,,,,,,,,,,,,,,,aquaculture,,,,,,,,,,,,,,,,,,,,,,,,,
,LineString,-23.0132058,-46.5064496,,,,water,,pond,,,,,,,,,,,,,,,,,,,,,,,aquaculture,,,,,,,,,,,,,,,,,,,,,,,,,
,LineString,-23.0132133,-46.5064172,,,,water,,pond,,,,,,,,,,,,,,,,,,,,,,,aquaculture,,,,,,,,,,,,,,,,,,,,,,,,,
,LineString,-23.0130754,-46.5064206,,,,water,,pond,,,,,,,,,,,,,,,,,,,,,,,,,,,,,,,,,,,,,,,,,,,,,,,,
,LineString,-23.0125156,-46.5049661,,,,wood,,,,,,,,,,,,,,,,,,,,,,,,,,,,,,,,,,,,,,,,,,,,,,,,,,
,LineString,-23.01223,-46.5049229,,,,wood,,,,,,,,,,,,,,,,,,,,,,,,,,,,,,,,,,,,,,,,,,,,,,,,,,
,LineString,-23.0128217,-46.504868,,,,wood,,,,,,,,,,,,,,,,,,,,,,,,,,,,,,,,,,,,,,,,,,,,,,,,,,
,LineString,-23.0127683,-46.5045815,,,,wood,,,,,,,,,,,,,,,,,,,,,,,,,,,,,,,,,,,,,,,,,,,,,,,,,,
,LineString,-23.0131875,-46.5042871,,,,wood,,,,,,,,,,,,,,,,,,,,,,,,,,,,,,,,,,,,,,,,,,,,,,,,,,
,LineString,-22.968321,-46.5422253,Praça da Poesia Poeta Oswaldo de Camargo,,park,,,,,,,,,,,,,,,,,,,,,,,,,,,,,,,,,,,,,,,,,,,,,,,,,,,
,LineString,-22.9828176,-46.5500805,Praça Plaza del Toros,,park,,,,,,,,,,,,,,,,,,,,,,,,,,,,,,,,,,,,,,,,,,,,,,,,,,,
,LineString,-22.9829828,-46.5515081,Praça Gibraltar,,park,,,,,,,,,,,,,,,,,,,,,,,,,,,,,,,,,,,,,,,,,,,,,,,,,,,
,LineString,-22.9726363,-46.5448796,Praça Hélio Russo,,,wood,,,,,,,,,,,,,,,,,,,,,,,,,,,,,,,,,,,,,,,,,,,,,,,,,,
,LineString,-22.9780624,-46.5407003,Praça Doutor João Baptista Ciuffo,,park,,,,,,,,,,,,,,,,,,,,,,,,,,,,,,,,,,,,,,,,,,,,,,,,,,,
,LineString,-22.9693357,-46.5406342,,,park,,,,,,,,,,,,,,,,,,,,,,,,,,,,,,,,,,,,,,,,,,,,,,,,,,,
,LineString,-22.9813923,-46.541021,,,park,,,,,,,,,,,,,,,,,,,,,,,,,,,,,,,,,,,,,,,,,,,,,,,,,,,
,MultiPolygon,-46.5890519,-22.9654377,,,,wood,,,,,,Floresta Ombrófila Densa,,,,,,,,,,,,,,,,,,,,,,,,,,,,,,,,,,,,,,,,,,,,
,MultiPolygon,-46.5828911,-22.9515452,,,,wood,,,,,,Floresta Ombrófila Densa,,,,,,,,,,,,,,,,,,,,,,,,,,,,,,,,,,,,,,,,,,,,
,MultiPolygon,-46.5669321,-22.9387568,,,,wood,,,,,,Floresta Ombrófila Densa,,,,,,,,,,,,,,,,,,,,,,,,,,,,,,,,,,,,,,,,,,,,
,MultiPolygon,-46.5733465,-22.9494825,,,,wood,,,,,,Floresta Ombrófila Densa,,,,,,,,,,,,,,,,,,,,,,,,,,,,,,,,,,,,,,,,,,,,
,MultiPolygon,-46.5661447,-22.9421231,,,,wood,,,,,,Floresta Ombrófila Densa,,,,,,,,,,,,,,,,,,,,,,,,,,,,,,,,,,,,,,,,,,,,
,MultiPolygon,-46.584033,-22.9612084,,,,wood,,,,,,Floresta Ombrófila Densa,,,,,,,,,,,,,,,,,,,,,,,,,,,,,,,,,,,,,,,,,,,,
,MultiPolygon,-46.5898705,-22.9493392,,,,wood,,,,,,Floresta Ombrófila Densa,,,,,,,,,,,,,,,,,,,,,,,,,,,,,,,,,,,,,,,,,,,,
,MultiPolygon,-46.5683895,-22.9604349,,,,wood,,,,,,Floresta Ombrófila Densa,,,,,,,,,,,,,,,,,,,,,,,,,,,,,,,,,,,,,,,,,,,,
,MultiPolygon,-46.5924484,-22.9438678,,,,wood,,,,,,Floresta Ombrófila Densa,,,,,,,,,,,,,,,,,,,,,,,,,,,,,,,,,,,,,,,,,,,,
,MultiPolygon,-46.5869955,-22.9661154,,,,wood,,,,,,Floresta Ombrófila Densa,,,,,,,,,,,,,,,,,,,,,,,,,,,,,,,,,,,,,,,,,,,,
,MultiPolygon,-46.5762331,-22.9587306,,,,wood,,,,,,,,,,,,,,,,,,,,,,,,,,,,,,,,,,,,,,,,,,,,,,,,,,
,MultiPolygon,-46.5732493,-22.9691231,,,,wood,,,,,,Floresta Ombrófila Densa,,,,,,,,,,,,,,,,,,,,,,,,,,,,,,,,,,,,,,,,,,,,
,MultiPolygon,-46.5881099,-22.9643788,,,,wood,,,,,,Floresta Ombrófila Densa,,,,,,,,,,,,,,,,,,,,,,,,,,,,,,,,,,,,,,,,,,,,
,MultiPolygon,-46.5938678,-22.9375559,,,,wood,,,,,,Floresta Ombrófila Densa,,,,,,,,,,,,,,,,,,,,,,,,,,,,,,,,,,,,,,,,,,,,
,MultiPolygon,-46.5726889,-22.9626936,,,,wood,,,,,,Floresta Ombrófila Densa,,,,,,,,,,,,,,,,,,,,,,,,,,,,,,,,,,,,,,,,,,,,
,MultiPolygon,-46.5901961,-22.9675307,,,,wood,,,,,,Floresta Ombrófila Densa,,,,,,,,,,,,,,,,,,,,,,,,,,,,,,,,,,,,,,,,,,,,
,MultiPolygon,-46.5877821,-22.9481415,,,,wood,,,,,,Floresta Ombrófila Densa,,,,,,,,,,,,,,,,,,,,,,,,,,,,,,,,,,,,,,,,,,,,
,MultiPolygon,-46.5868566,-22.9621598,,,,wood,,,,,,Floresta Ombrófila Densa,,,,,,,,,,,,,,,,,,,,,,,,,,,,,,,,,,,,,,,,,,,,
,MultiPolygon,-46.5876019,-22.9547517,,,,wood,,,,,,Floresta Ombrófila Densa,,,,,,,,,,,,,,,,,,,,,,,,,,,,,,,,,,,,,,,,,,,,
,MultiPolygon,-46.5875001,-22.9491765,,,,wood,,,,,,Floresta Ombrófila Densa,,,,,,,,,,,,,,,,,,,,,,,,,,,,,,,,,,,,,,,,,,,,
,MultiPolygon,-46.558033,-22.9382159,,,,wood,,,,,,Floresta Ombrófila Densa,,,,,,,,,,,,,,,,,,,,,,,,,,,,,,,,,,,,,,,,,,,,
,MultiPolygon,-46.6810643,-22.9696659,,,,wood,,,,,,Floresta Ombrófila Densa,,,,,,,,,,,,,,,,,,,,,,,,,,,,,,,,,,,,,,,,,,,,
,MultiPolygon,-46.5588648,-22.9398126,,,,wood,,,,,,Floresta Ombrófila Densa,,,,,,,,,,,,,,,,,,,,,,,,,,,,,,,,,,,,,,,,,,,,
,MultiPolygon,-46.5724124,-22.9437696,,,,wood,,,,,,Floresta Ombrófila Densa,,,,,,,,,,,,,,,,,,,,,,,,,,,,,,,,,,,,,,,,,,,,
,MultiPolygon,-46.5823616,-22.9739984,,,,wood,,,,,,Floresta Ombrófila Densa,,,,,,,,,,,,,,,,,,,,,,,,,,,,,,,,,,,,,,,,,,,,
,MultiPolygon,-46.5836177,-22.9536506,,,,wood,,,,,,,,,,,,,,,,,,,,,,,,,,,,,,,,,,,,,,,,,,,,,,,,,,
,MultiPolygon,-46.5796288,-22.945191,,,,wood,,,,,,Floresta Ombrófila Densa,,,,,,,,,,,,,,,,,,,,,,,,,,,,,,,,,,,,,,,,,,,,
,MultiPolygon,-46.5870043,-22.9521866,,,,wood,,,,,,Floresta Ombrófila Densa,,,,,,,,,,,,,,,,,,,,,,,,,,,,,,,,,,,,,,,,,,,,
,MultiPolygon,-46.5821815,-22.9581361,,,,wood,,,,,,Floresta Ombrófila Densa,,,,,,,,,,,,,,,,,,,,,,,,,,,,,,,,,,,,,,,,,,,,
,MultiPolygon,-46.6803379,-22.9613244,,,,wood,,,,,,Floresta Ombrófila Densa,,,,,,,,,,,,,,,,,,,,,,,,,,,,,,,,,,,,,,,,,,,,
,MultiPolygon,-46.5747722,-22.9473823,,,,wood,,,,,,Floresta Ombrófila Densa,,,,,,,,,,,,,,,,,,,,,,,,,,,,,,,,,,,,,,,,,,,,
,MultiPolygon,-46.5702797,-22.9427298,,,,wood,,,,,,Floresta Ombrófila Densa,,,,,,,,,,,,,,,,,,,,,,,,,,,,,,,,,,,,,,,,,,,,
,MultiPolygon,-46.5919665,-22.9720402,,,,wood,,,,,,Floresta Ombrófila Densa,,,,,,,,,,,,,,,,,,,,,,,,,,,,,,,,,,,,,,,,,,,,
,MultiPolygon,-46.5662214,-22.9626792,,,,wood,,,,,,Floresta Ombrófila Densa,,,,,,,,,,,,,,,,,,,,,,,,,,,,,,,,,,,,,,,,,,,,
,MultiPolygon,-46.5768784,-22.9548013,,,,wood,,,,,,Floresta Ombrófila Densa,,,,,,,,,,,,,,,,,,,,,,,,,,,,,,,,,,,,,,,,,,,,
,MultiPolygon,-46.5710032,-22.9374446,,,,wood,,,,,,Floresta Ombrófila Densa,,,,,,,,,,,,,,,,,,,,,,,,,,,,,,,,,,,,,,,,,,,,
,MultiPolygon,-46.6823813,-22.9653473,,,,wood,,,,,,Floresta Ombrófila Densa,,,,,,,,,,,,,,,,,,,,,,,,,,,,,,,,,,,,,,,,,,,,
,MultiPolygon,-46.5853028,-22.9670649,,,,wood,,,,,,Floresta Ombrófila Densa,,,,,,,,,,,,,,,,,,,,,,,,,,,,,,,,,,,,,,,,,,,,
,MultiPolygon,-46.5986534,-22.9617025,,,,wood,,,,,,Floresta Ombrófila Densa,,,,,,,,,,,,,,,,,,,,,,,,,,,,,,,,,,,,,,,,,,,,
,MultiPolygon,-46.5663282,-22.939015,,,,wood,,,,,,Floresta Ombrófila Densa,,,,,,,,,,,,,,,,,,,,,,,,,,,,,,,,,,,,,,,,,,,,
,MultiPolygon,-46.5664235,-22.9538594,,,,wood,,,,,,Floresta Ombrófila Densa,,,,,,,,,,,,,,,,,,,,,,,,,,,,,,,,,,,,,,,,,,,,
,MultiPolygon,-46.5817248,-22.9737718,,,,wood,,,,,,Floresta Ombrófila Densa,,,,,,,,,,,,,,,,,,,,,,,,,,,,,,,,,,,,,,,,,,,,
,MultiPolygon,-46.5966929,-22.9675356,,,,wood,,,,,,,,,,,,,,,,,,,,,,,,,,,,,,,,,,,,,,,,,,,,,,,,,,
,MultiPolygon,-46.5986757,-22.9671811,,,,wood,,,,,,,,,,,,,,,,,,,,,,,,,,,,,,,,,,,,,,,,,,,,,,,,,,
,MultiPolygon,-46.6049424,-22.9620472,,,,wood,,,,,,Floresta Ombrófila Densa,,,,,,,,,,,,,,,,,,,,,,,,,,,,,,,,,,,,,,,,,,,,
,MultiPolygon,-46.6634264,-22.9729279,,,,wood,,,,,,Floresta Ombrófila Densa,,,,,,,,,,,,,,,,,,,,,,,,,,,,,,,,,,,,,,,,,,,,
,MultiPolygon,-46.6237424,-22.9481331,,,,wood,,,,,,Floresta Ombrófila Densa,,,,,,,,,,,,,,,,,,,,,,,,,,,,,,,,,,,,,,,,,,,,
,MultiPolygon,-46.6827467,-22.9562337,,,,wood,,,,,,Floresta Ombrófila Densa,,,,,,,,,,,,,,,,,,,,,,,,,,,,,,,,,,,,,,,,,,,,
,MultiPolygon,-46.6450746,-22.947046,,,,wood,,,,,,Floresta Ombrófila Densa,,,,,,,,,,,,,,,,,,,,,,,,,,,,,,,,,,,,,,,,,,,,
,MultiPolygon,-46.6444472,-22.9486356,,,,wood,,,,,,Floresta Ombrófila Densa,,,,,,,,,,,,,,,,,,,,,,,,,,,,,,,,,,,,,,,,,,,,
,MultiPolygon,-46.5992633,-22.9410185,,,,wood,,,,,,Floresta Ombrófila Densa,,,,,,,,,,,,,,,,,,,,,,,,,,,,,,,,,,,,,,,,,,,,
,MultiPolygon,-46.6121667,-22.9258091,,,,wood,,,,,,Floresta Ombrófila Densa,,,,,,,,,,,,,,,,,,,,,,,,,,,,,,,,,,,,,,,,,,,,
,MultiPolygon,-46.6336037,-22.9685725,,,,wood,,,,,,Floresta Ombrófila Densa,,,,,,,,,,,,,,,,,,,,,,,,,,,,,,,,,,,,,,,,,,,,
,MultiPolygon,-46.624924,-22.9704974,,,,wood,,,,,,Floresta Ombrófila Densa,,,,,,,,,,,,,,,,,,,,,,,,,,,,,,,,,,,,,,,,,,,,
,MultiPolygon,-46.6314254,-22.9427569,,,,wood,,,,,,Floresta Ombrófila Densa,,,,,,,,,,,,,,,,,,,,,,,,,,,,,,,,,,,,,,,,,,,,
,MultiPolygon,-46.6481173,-22.9526678,,,,wood,,,,,,Floresta Ombrófila Densa,,,,,,,,,,,,,,,,,,,,,,,,,,,,,,,,,,,,,,,,,,,,
,MultiPolygon,-46.6580353,-22.9439726,,,,wood,,,,,,Floresta Ombrófila Densa,,,,,,,,,,,,,,,,,,,,,,,,,,,,,,,,,,,,,,,,,,,,
,MultiPolygon,-46.6521586,-22.9640451,,,,wood,,,,,,Floresta Ombrófila Densa,,,,,,,,,,,,,,,,,,,,,,,,,,,,,,,,,,,,,,,,,,,,
,MultiPolygon,-46.6397731,-22.9786788,,,,wood,,,,,,Floresta Ombrófila Densa,,,,,,,,,,,,,,,,,,,,,,,,,,,,,,,,,,,,,,,,,,,,
,MultiPolygon,-46.6575101,-22.9779319,,,,wood,,,,,,Floresta Ombrófila Densa,,,,,,,,,,,,,,,,,,,,,,,,,,,,,,,,,,,,,,,,,,,,
,MultiPolygon,-46.6136289,-22.9724726,,,,wood,,,,,,Floresta Ombrófila Densa,,,,,,,,,,,,,,,,,,,,,,,,,,,,,,,,,,,,,,,,,,,,
,MultiPolygon,-46.6319019,-22.9471132,,,,wood,,,,,,Floresta Ombrófila Densa,,,,,,,,,,,,,,,,,,,,,,,,,,,,,,,,,,,,,,,,,,,,
,MultiPolygon,-46.6627241,-22.9299947,,,,wood,,,,,,Floresta Ombrófila Densa,,,,,,,,,,,,,,,,,,,,,,,,,,,,,,,,,,,,,,,,,,,,
,MultiPolygon,-46.6422238,-22.9387165,,,,wood,,,,,,Floresta Ombrófila Densa,,,,,,,,,,,,,,,,,,,,,,,,,,,,,,,,,,,,,,,,,,,,
,MultiPolygon,-46.6377743,-22.9753422,,,,wood,,,,,,Floresta Ombrófila Densa,,,,,,,,,,,,,,,,,,,,,,,,,,,,,,,,,,,,,,,,,,,,
,MultiPolygon,-46.649212,-22.9590689,,,,wood,,,,,,Floresta Ombrófila Densa,,,,,,,,,,,,,,,,,,,,,,,,,,,,,,,,,,,,,,,,,,,,
,MultiPolygon,-46.6186702,-22.9490119,,,,wood,,,,,,Floresta Ombrófila Densa,,,,,,,,,,,,,,,,,,,,,,,,,,,,,,,,,,,,,,,,,,,,
,MultiPolygon,-46.6467813,-22.9693575,,,,wood,,,,,,Floresta Ombrófila Densa,,,,,,,,,,,,,,,,,,,,,,,,,,,,,,,,,,,,,,,,,,,,
,MultiPolygon,-46.6635226,-22.9334259,,,,wood,,,,,,Floresta Ombrófila Densa,,,,,,,,,,,,,,,,,,,,,,,,,,,,,,,,,,,,,,,,,,,,
,MultiPolygon,-46.6421843,-22.9340833,,,,wood,,,,,,Floresta Ombrófila Densa,,,,,,,,,,,,,,,,,,,,,,,,,,,,,,,,,,,,,,,,,,,,
,MultiPolygon,-46.6193077,-22.9710523,,,,wood,,,,,,Floresta Ombrófila Densa,,,,,,,,,,,,,,,,,,,,,,,,,,,,,,,,,,,,,,,,,,,,
,MultiPolygon,-46.6452371,-22.945159,,,,wood,,,,,,Floresta Ombrófila Densa,,,,,,,,,,,,,,,,,,,,,,,,,,,,,,,,,,,,,,,,,,,,
,MultiPolygon,-46.6415179,-22.955883,,,,wood,,,,,,Floresta Ombrófila Densa,,,,,,,,,,,,,,,,,,,,,,,,,,,,,,,,,,,,,,,,,,,,
,MultiPolygon,-46.6368725,-22.971304,,,,wood,,,,,,Floresta Ombrófila Densa,,,,,,,,,,,,,,,,,,,,,,,,,,,,,,,,,,,,,,,,,,,,
,MultiPolygon,-46.6410247,-22.947154,,,,wood,,,,,,Floresta Ombrófila Densa,,,,,,,,,,,,,,,,,,,,,,,,,,,,,,,,,,,,,,,,,,,,
,MultiPolygon,-46.6370529,-22.9659678,,,,wood,,,,,,Floresta Ombrófila Densa,,,,,,,,,,,,,,,,,,,,,,,,,,,,,,,,,,,,,,,,,,,,
,MultiPolygon,-46.6514236,-22.9450228,,,,wood,,,,,,Floresta Ombrófila Densa,,,,,,,,,,,,,,,,,,,,,,,,,,,,,,,,,,,,,,,,,,,,
,MultiPolygon,-46.6134587,-22.9292587,,,,wood,,,,,,Floresta Ombrófila Densa,,,,,,,,,,,,,,,,,,,,,,,,,,,,,,,,,,,,,,,,,,,,
,MultiPolygon,-46.6320973,-22.962891,,,,wood,,,,,,Floresta Ombrófila Densa,,,,,,,,,,,,,,,,,,,,,,,,,,,,,,,,,,,,,,,,,,,,
,MultiPolygon,-46.6718922,-22.9309945,,,,wood,,,,,,Floresta Ombrófila Densa,,,,,,,,,,,,,,,,,,,,,,,,,,,,,,,,,,,,,,,,,,,,
,MultiPolygon,-46.6595813,-22.9407614,,,,wood,,,,,,Floresta Ombrófila Densa,,,,,,,,,,,,,,,,,,,,,,,,,,,,,,,,,,,,,,,,,,,,
,MultiPolygon,-46.6069587,-22.933934,,,,wood,,,,,,Floresta Ombrófila Densa,,,,,,,,,,,,,,,,,,,,,,,,,,,,,,,,,,,,,,,,,,,,
,MultiPolygon,-46.6617346,-22.9590937,,,,wood,,,,,,Floresta Ombrófila Densa,,,,,,,,,,,,,,,,,,,,,,,,,,,,,,,,,,,,,,,,,,,,
,MultiPolygon,-46.6583883,-22.9258359,,,,wood,,,,,,Floresta Ombrófila Densa,,,,,,,,,,,,,,,,,,,,,,,,,,,,,,,,,,,,,,,,,,,,
,MultiPolygon,-46.6611197,-22.9778059,,,,wood,,,,,,Floresta Ombrófila Densa,,,,,,,,,,,,,,,,,,,,,,,,,,,,,,,,,,,,,,,,,,,,
,MultiPolygon,-46.6707263,-22.9709591,,,,wood,,,,,,Floresta Ombrófila Densa,,,,,,,,,,,,,,,,,,,,,,,,,,,,,,,,,,,,,,,,,,,,
,MultiPolygon,-46.6296613,-22.943268,,,,wood,,,,,,Floresta Ombrófila Densa,,,,,,,,,,,,,,,,,,,,,,,,,,,,,,,,,,,,,,,,,,,,
,MultiPolygon,-46.6121915,-22.971813,,,,wood,,,,,,Floresta Ombrófila Densa,,,,,,,,,,,,,,,,,,,,,,,,,,,,,,,,,,,,,,,,,,,,
,MultiPolygon,-46.650547,-22.9443737,,,,wood,,,,,,Floresta Ombrófila Densa,,,,,,,,,,,,,,,,,,,,,,,,,,,,,,,,,,,,,,,,,,,,
,MultiPolygon,-46.6262876,-22.9477074,,,,wood,,,,,,Floresta Ombrófila Densa,,,,,,,,,,,,,,,,,,,,,,,,,,,,,,,,,,,,,,,,,,,,
,MultiPolygon,-46.6310284,-22.9667567,,,,wood,,,,,,Floresta Ombrófila Densa,,,,,,,,,,,,,,,,,,,,,,,,,,,,,,,,,,,,,,,,,,,,
,MultiPolygon,-46.6103412,-22.9730407,,,,wood,,,,,,Floresta Ombrófila Densa,,,,,,,,,,,,,,,,,,,,,,,,,,,,,,,,,,,,,,,,,,,,
,MultiPolygon,-46.6545478,-22.9398356,,,,wood,,,,,,Floresta Ombrófila Densa,,,,,,,,,,,,,,,,,,,,,,,,,,,,,,,,,,,,,,,,,,,,
,MultiPolygon,-46.6388272,-22.9759102,,,,wood,,,,,,Floresta Ombrófila Densa,,,,,,,,,,,,,,,,,,,,,,,,,,,,,,,,,,,,,,,,,,,,
,MultiPolygon,-46.6450142,-22.9493272,,,,wood,,,,,,Floresta Ombrófila Densa,,,,,,,,,,,,,,,,,,,,,,,,,,,,,,,,,,,,,,,,,,,,
,MultiPolygon,-46.6015927,-22.9409502,,,,wood,,,,,,Floresta Ombrófila Densa,,,,,,,,,,,,,,,,,,,,,,,,,,,,,,,,,,,,,,,,,,,,
,MultiPolygon,-46.6580495,-22.9696266,,,,wood,,,,,,Floresta Ombrófila Densa,,,,,,,,,,,,,,,,,,,,,,,,,,,,,,,,,,,,,,,,,,,,
,MultiPolygon,-46.6530338,-22.9328131,,,,wood,,,,,,Floresta Ombrófila Densa,,,,,,,,,,,,,,,,,,,,,,,,,,,,,,,,,,,,,,,,,,,,
,MultiPolygon,-46.6242353,-22.9421346,,,,wood,,,,,,Floresta Ombrófila Densa,,,,,,,,,,,,,,,,,,,,,,,,,,,,,,,,,,,,,,,,,,,,
,MultiPolygon,-46.6274846,-22.9704574,,,,wood,,,,,,Floresta Ombrófila Densa,,,,,,,,,,,,,,,,,,,,,,,,,,,,,,,,,,,,,,,,,,,,
,MultiPolygon,-46.6347954,-22.9449723,,,,wood,,,,,,,,,,,,,,,,,,,,,,,,,,,,,,,,,,,,,,,,,,,,,,,,,,
,MultiPolygon,-46.6314143,-22.9694814,,,,wood,,,,,,Floresta Ombrófila Densa,,,,,,,,,,,,,,,,,,,,,,,,,,,,,,,,,,,,,,,,,,,,
,MultiPolygon,-46.6532052,-22.9362654,,,,wood,,,,,,,,,,,,,,,,,,,,,,,,,,,,,,,,,,,,,,,,,,,,,,,,,,
,MultiPolygon,-46.6432485,-22.9474587,,,,wood,,,,,,Floresta Ombrófila Densa,,,,,,,,,,,,,,,,,,,,,,,,,,,,,,,,,,,,,,,,,,,,
,MultiPolygon,-46.6367947,-22.9641647,,,,wood,,,,,,Floresta Ombrófila Densa,,,,,,,,,,,,,,,,,,,,,,,,,,,,,,,,,,,,,,,,,,,,
,MultiPolygon,-46.6413427,-22.965786,,,,wood,,,,,,Floresta Ombrófila Densa,,,,,,,,,,,,,,,,,,,,,,,,,,,,,,,,,,,,,,,,,,,,
,MultiPolygon,-46.6503586,-22.9544203,,,,wood,,,,,,Floresta Ombrófila Densa,,,,,,,,,,,,,,,,,,,,,,,,,,,,,,,,,,,,,,,,,,,,
,MultiPolygon,-46.6638054,-22.9452423,,,,wood,,,,,,Floresta Ombrófila Densa,,,,,,,,,,,,,,,,,,,,,,,,,,,,,,,,,,,,,,,,,,,,
,MultiPolygon,-46.6583332,-22.9739005,,,,wood,,,,,,Floresta Ombrófila Densa,,,,,,,,,,,,,,,,,,,,,,,,,,,,,,,,,,,,,,,,,,,,
,MultiPolygon,-46.6669671,-22.9391994,,,,wood,,,,,,Floresta Ombrófila Densa,,,,,,,,,,,,,,,,,,,,,,,,,,,,,,,,,,,,,,,,,,,,
,MultiPolygon,-46.6351131,-22.956223,,,,wood,,,,,,Floresta Ombrófila Densa,,,,,,,,,,,,,,,,,,,,,,,,,,,,,,,,,,,,,,,,,,,,
,MultiPolygon,-46.6516574,-22.9585328,,,,wood,,,,,,Floresta Ombrófila Densa,,,,,,,,,,,,,,,,,,,,,,,,,,,,,,,,,,,,,,,,,,,,
,MultiPolygon,-46.6081491,-22.9680874,,,,wood,,,,,,Floresta Ombrófila Densa,,,,,,,,,,,,,,,,,,,,,,,,,,,,,,,,,,,,,,,,,,,,
,MultiPolygon,-46.6242959,-22.9547369,,,,wood,,,,,,Floresta Ombrófila Densa,,,,,,,,,,,,,,,,,,,,,,,,,,,,,,,,,,,,,,,,,,,,
,MultiPolygon,-46.6584057,-22.9340628,,,,wood,,,,,,Floresta Ombrófila Densa,,,,,,,,,,,,,,,,,,,,,,,,,,,,,,,,,,,,,,,,,,,,
,MultiPolygon,-46.6452893,-22.9414415,,,,wood,,,,,,,,,,,,,,,,,,,,,,,,,,,,,,,,,,,,,,,,,,,,,,,,,,
,MultiPolygon,-46.6250067,-22.9494115,,,,wood,,,,,,Floresta Ombrófila Densa,,,,,,,,,,,,,,,,,,,,,,,,,,,,,,,,,,,,,,,,,,,,
,MultiPolygon,-46.6039849,-22.942909,,,,wood,,,,,,Floresta Ombrófila Densa,,,,,,,,,,,,,,,,,,,,,,,,,,,,,,,,,,,,,,,,,,,,
,MultiPolygon,-46.6618193,-22.95762,,,,wood,,,,,,Floresta Ombrófila Densa,,,,,,,,,,,,,,,,,,,,,,,,,,,,,,,,,,,,,,,,,,,,
,MultiPolygon,-46.6763078,-22.9713559,,,,wood,,,,,,Floresta Ombrófila Densa,,,,,,,,,,,,,,,,,,,,,,,,,,,,,,,,,,,,,,,,,,,,
,MultiPolygon,-46.6608926,-22.9356171,,,,wood,,,,,,Floresta Ombrófila Densa,,,,,,,,,,,,,,,,,,,,,,,,,,,,,,,,,,,,,,,,,,,,
,MultiPolygon,-46.6686548,-22.964258,,,,wood,,,,,,Floresta Ombrófila Densa,,,,,,,,,,,,,,,,,,,,,,,,,,,,,,,,,,,,,,,,,,,,
,MultiPolygon,-46.6408499,-22.9563456,,,,wood,,,,,,Floresta Ombrófila Densa,,,,,,,,,,,,,,,,,,,,,,,,,,,,,,,,,,,,,,,,,,,,
,MultiPolygon,-46.646627,-22.9661747,,,,wood,,,,,,Floresta Ombrófila Densa,,,,,,,,,,,,,,,,,,,,,,,,,,,,,,,,,,,,,,,,,,,,
,MultiPolygon,-46.664585,-22.9744914,,,,wood,,,,,,Floresta Ombrófila Densa,,,,,,,,,,,,,,,,,,,,,,,,,,,,,,,,,,,,,,,,,,,,
,MultiPolygon,-46.6584038,-22.9488615,,,,wood,,,,,,Floresta Ombrófila Densa,,,,,,,,,,,,,,,,,,,,,,,,,,,,,,,,,,,,,,,,,,,,
,MultiPolygon,-46.6532666,-22.9596938,,,,wood,,,,,,Floresta Ombrófila Densa,,,,,,,,,,,,,,,,,,,,,,,,,,,,,,,,,,,,,,,,,,,,
,MultiPolygon,-46.6550103,-22.949967,,,,wood,,,,,,Floresta Ombrófila Densa,,,,,,,,,,,,,,,,,,,,,,,,,,,,,,,,,,,,,,,,,,,,
,MultiPolygon,-46.6022046,-22.9332589,,,,wood,,,,,,Floresta Ombrófila Densa,,,,,,,,,,,,,,,,,,,,,,,,,,,,,,,,,,,,,,,,,,,,
,MultiPolygon,-46.6409281,-22.9395173,,,,wood,,,,,,,,,,,,,,,,,,,,,,,,,,,,,,,,,,,,,,,,,,,,,,,,,,
,MultiPolygon,-46.66416,-22.9680665,,,,wood,,,,,,Floresta Ombrófila Densa,,,,,,,,,,,,,,,,,,,,,,,,,,,,,,,,,,,,,,,,,,,,
,MultiPolygon,-46.6121873,-22.9267469,,,,wood,,,,,,Floresta Ombrófila Densa,,,,,,,,,,,,,,,,,,,,,,,,,,,,,,,,,,,,,,,,,,,,
,MultiPolygon,-46.6121095,-22.9540644,,,,wood,,,,,,Floresta Ombrófila Densa,,,,,,,,,,,,,,,,,,,,,,,,,,,,,,,,,,,,,,,,,,,,
,MultiPolygon,-46.6291508,-22.9700414,,,,wood,,,,,,Floresta Ombrófila Densa,,,,,,,,,,,,,,,,,,,,,,,,,,,,,,,,,,,,,,,,,,,,
,MultiPolygon,-46.655355,-22.9374833,,,,wood,,,,,,,,,,,,,,,,,,,,,,,,,,,,,,,,,,,,,,,,,,,,,,,,,,
,MultiPolygon,-46.5998288,-22.9473396,,,,wood,,,,,,Floresta Ombrófila Densa,,,,,,,,,,,,,,,,,,,,,,,,,,,,,,,,,,,,,,,,,,,,
,MultiPolygon,-46.6444896,-22.945232,,,,wood,,,,,,Floresta Ombrófila Densa,,,,,,,,,,,,,,,,,,,,,,,,,,,,,,,,,,,,,,,,,,,,
,MultiPolygon,-46.6514772,-22.9739259,,,,wood,,,,,,Floresta Ombrófila Densa,,,,,,,,,,,,,,,,,,,,,,,,,,,,,,,,,,,,,,,,,,,,
,MultiPolygon,-46.612375,-22.9289735,,,,wood,,,,,,Floresta Ombrófila Densa,,,,,,,,,,,,,,,,,,,,,,,,,,,,,,,,,,,,,,,,,,,,
,MultiPolygon,-46.5937095,-22.9310052,,,,wood,,,,,,Floresta Ombrófila Densa,,,,,,,,,,,,,,,,,,,,,,,,,,,,,,,,,,,,,,,,,,,,
,MultiPolygon,-46.674493,-22.9683332,,,,wood,,,,,,Floresta Ombrófila Densa,,,,,,,,,,,,,,,,,,,,,,,,,,,,,,,,,,,,,,,,,,,,
,MultiPolygon,-46.5966536,-22.9341369,,,,wood,,,,,,Floresta Ombrófila Densa,,,,,,,,,,,,,,,,,,,,,,,,,,,,,,,,,,,,,,,,,,,,
,MultiPolygon,-46.6382296,-22.9692231,,,,wood,,,,,,Floresta Ombrófila Densa,,,,,,,,,,,,,,,,,,,,,,,,,,,,,,,,,,,,,,,,,,,,
,MultiPolygon,-46.6535173,-22.9617239,,,,wood,,,,,,Floresta Ombrófila Densa,,,,,,,,,,,,,,,,,,,,,,,,,,,,,,,,,,,,,,,,,,,,
,MultiPolygon,-46.6363645,-22.9724955,,,,wood,,,,,,Floresta Ombrófila Densa,,,,,,,,,,,,,,,,,,,,,,,,,,,,,,,,,,,,,,,,,,,,
,MultiPolygon,-46.6273448,-22.9445717,,,,wood,,,,,,Floresta Ombrófila Densa,,,,,,,,,,,,,,,,,,,,,,,,,,,,,,,,,,,,,,,,,,,,
,MultiPolygon,-46.6672138,-22.9635502,,,,wood,,,,,,Floresta Ombrófila Densa,,,,,,,,,,,,,,,,,,,,,,,,,,,,,,,,,,,,,,,,,,,,
,MultiPolygon,-46.609609,-22.9355379,,,,wood,,,,,,Floresta Ombrófila Densa,,,,,,,,,,,,,,,,,,,,,,,,,,,,,,,,,,,,,,,,,,,,
,MultiPolygon,-46.61025,-22.928136,,,,wood,,,,,,Floresta Ombrófila Densa,,,,,,,,,,,,,,,,,,,,,,,,,,,,,,,,,,,,,,,,,,,,
,MultiPolygon,-46.6511741,-22.9187236,,,,wood,,,,,,Floresta Ombrófila Densa,,,,,,,,,,,,,,,,,,,,,,,,,,,,,,,,,,,,,,,,,,,,
,MultiPolygon,-46.6588024,-22.972587,,,,wood,,,,,,Floresta Ombrófila Densa,,,,,,,,,,,,,,,,,,,,,,,,,,,,,,,,,,,,,,,,,,,,
,MultiPolygon,-46.6570861,-22.97316,,,,wood,,,,,,Floresta Ombrófila Densa,,,,,,,,,,,,,,,,,,,,,,,,,,,,,,,,,,,,,,,,,,,,
,MultiPolygon,-46.6569965,-22.9653008,,,,wood,,,,,,Floresta Ombrófila Densa,,,,,,,,,,,,,,,,,,,,,,,,,,,,,,,,,,,,,,,,,,,,
,MultiPolygon,-46.6600011,-22.9351429,,,,wood,,,,,,Floresta Ombrófila Densa,,,,,,,,,,,,,,,,,,,,,,,,,,,,,,,,,,,,,,,,,,,,
,MultiPolygon,-46.6585926,-22.9678835,,,,wood,,,,,,Floresta Ombrófila Densa,,,,,,,,,,,,,,,,,,,,,,,,,,,,,,,,,,,,,,,,,,,,
,MultiPolygon,-46.6378941,-22.9684784,,,,wood,,,,,,Floresta Ombrófila Densa,,,,,,,,,,,,,,,,,,,,,,,,,,,,,,,,,,,,,,,,,,,,
,MultiPolygon,-46.6557863,-22.9296444,,,,wood,,,,,,Floresta Ombrófila Densa,,,,,,,,,,,,,,,,,,,,,,,,,,,,,,,,,,,,,,,,,,,,
,MultiPolygon,-46.6550851,-22.9332923,,,,wood,,,,,,Floresta Ombrófila Densa,,,,,,,,,,,,,,,,,,,,,,,,,,,,,,,,,,,,,,,,,,,,
,MultiPolygon,-46.6195604,-22.9559205,,,,wood,,,,,,Floresta Ombrófila Densa,,,,,,,,,,,,,,,,,,,,,,,,,,,,,,,,,,,,,,,,,,,,
,MultiPolygon,-46.649485,-22.9529994,,,,wood,,,,,,Floresta Ombrófila Densa,,,,,,,,,,,,,,,,,,,,,,,,,,,,,,,,,,,,,,,,,,,,
,MultiPolygon,-46.6418134,-22.9518183,,,,wood,,,,,,,,,,,,,,,,,,,,,,,,,,,,,,,,,,,,,,,,,,,,,,,,,,
,MultiPolygon,-46.6596333,-22.953417,,,,wood,,,,,,Floresta Ombrófila Densa,,,,,,,,,,,,,,,,,,,,,,,,,,,,,,,,,,,,,,,,,,,,
,MultiPolygon,-46.6258748,-22.9455383,,,,wood,,,,,,Floresta Ombrófila Densa,,,,,,,,,,,,,,,,,,,,,,,,,,,,,,,,,,,,,,,,,,,,
,MultiPolygon,-46.6485339,-22.9625255,,,,wood,,,,,,Floresta Ombrófila Densa,,,,,,,,,,,,,,,,,,,,,,,,,,,,,,,,,,,,,,,,,,,,
,MultiPolygon,-46.6301756,-22.9564567,,,,wood,,,,,,Floresta Ombrófila Densa,,,,,,,,,,,,,,,,,,,,,,,,,,,,,,,,,,,,,,,,,,,,
,MultiPolygon,-46.6595478,-22.968827,,,,wood,,,,,,Floresta Ombrófila Densa,,,,,,,,,,,,,,,,,,,,,,,,,,,,,,,,,,,,,,,,,,,,
,MultiPolygon,-46.669002,-22.9496987,,,,wood,,,,,,Floresta Ombrófila Densa,,,,,,,,,,,,,,,,,,,,,,,,,,,,,,,,,,,,,,,,,,,,
,MultiPolygon,-46.6417045,-22.9390437,,,,wood,,,,,,Floresta Ombrófila Densa,,,,,,,,,,,,,,,,,,,,,,,,,,,,,,,,,,,,,,,,,,,,
,MultiPolygon,-46.667794,-22.9421591,,,,wood,,,,,,Floresta Ombrófila Densa,,,,,,,,,,,,,,,,,,,,,,,,,,,,,,,,,,,,,,,,,,,,
,MultiPolygon,-46.66117,-22.9334567,,,,wood,,,,,,Floresta Ombrófila Densa,,,,,,,,,,,,,,,,,,,,,,,,,,,,,,,,,,,,,,,,,,,,
,MultiPolygon,-46.6620329,-22.9715129,,,,wood,,,,,,Floresta Ombrófila Densa,,,,,,,,,,,,,,,,,,,,,,,,,,,,,,,,,,,,,,,,,,,,
,MultiPolygon,-46.6649593,-22.9466693,,,,wood,,,,,,Floresta Ombrófila Densa,,,,,,,,,,,,,,,,,,,,,,,,,,,,,,,,,,,,,,,,,,,,
,MultiPolygon,-46.6283618,-22.9722371,,,,wood,,,,,,Floresta Ombrófila Densa,,,,,,,,,,,,,,,,,,,,,,,,,,,,,,,,,,,,,,,,,,,,
,MultiPolygon,-46.6089351,-22.9300768,,,,wood,,,,,,Floresta Ombrófila Densa,,,,,,,,,,,,,,,,,,,,,,,,,,,,,,,,,,,,,,,,,,,,
,MultiPolygon,-46.6640112,-22.9323575,,,,wood,,,,,,Floresta Ombrófila Densa,,,,,,,,,,,,,,,,,,,,,,,,,,,,,,,,,,,,,,,,,,,,
,MultiPolygon,-46.6417481,-22.9668365,,,,wood,,,,,,Floresta Ombrófila Densa,,,,,,,,,,,,,,,,,,,,,,,,,,,,,,,,,,,,,,,,,,,,
,MultiPolygon,-46.6522513,-22.9207305,,,,wood,,,,,,Floresta Ombrófila Densa,,,,,,,,,,,,,,,,,,,,,,,,,,,,,,,,,,,,,,,,,,,,
,MultiPolygon,-46.6289081,-22.9680239,,,,wood,,,,,,Floresta Ombrófila Densa,,,,,,,,,,,,,,,,,,,,,,,,,,,,,,,,,,,,,,,,,,,,
,MultiPolygon,-46.669459,-22.9505926,,,,wood,,,,,,Floresta Ombrófila Densa,,,,,,,,,,,,,,,,,,,,,,,,,,,,,,,,,,,,,,,,,,,,
,MultiPolygon,-46.6058663,-22.9413822,,,,wood,,,,,,Floresta Ombrófila Densa,,,,,,,,,,,,,,,,,,,,,,,,,,,,,,,,,,,,,,,,,,,,
,MultiPolygon,-46.6719984,-22.9692767,,,,wood,,,,,,Floresta Ombrófila Densa,,,,,,,,,,,,,,,,,,,,,,,,,,,,,,,,,,,,,,,,,,,,
,MultiPolygon,-46.6278582,-22.942033,,,,wood,,,,,,Floresta Ombrófila Densa,,,,,,,,,,,,,,,,,,,,,,,,,,,,,,,,,,,,,,,,,,,,
,MultiPolygon,-46.6228427,-22.9686832,,,,wood,,,,,,Floresta Ombrófila Densa,,,,,,,,,,,,,,,,,,,,,,,,,,,,,,,,,,,,,,,,,,,,
,MultiPolygon,-46.6303502,-22.9432598,,,,wood,,,,,,Floresta Ombrófila Densa,,,,,,,,,,,,,,,,,,,,,,,,,,,,,,,,,,,,,,,,,,,,
,MultiPolygon,-46.6636489,-22.9607606,,,,wood,,,,,,Floresta Ombrófila Densa,,,,,,,,,,,,,,,,,,,,,,,,,,,,,,,,,,,,,,,,,,,,
,MultiPolygon,-46.6307883,-22.954027,,,,wood,,,,,,Floresta Ombrófila Densa,,,,,,,,,,,,,,,,,,,,,,,,,,,,,,,,,,,,,,,,,,,,
,MultiPolygon,-46.6402876,-22.9713702,,,,wood,,,,,,Floresta Ombrófila Densa,,,,,,,,,,,,,,,,,,,,,,,,,,,,,,,,,,,,,,,,,,,,
,MultiPolygon,-46.6209408,-22.9467002,,,,wood,,,,,,Floresta Ombrófila Densa,,,,,,,,,,,,,,,,,,,,,,,,,,,,,,,,,,,,,,,,,,,,
,MultiPolygon,-46.5946442,-22.9466703,,,,wood,,,,,,Floresta Ombrófila Densa,,,,,,,,,,,,,,,,,,,,,,,,,,,,,,,,,,,,,,,,,,,,
,MultiPolygon,-46.6680013,-22.9748074,,,,wood,,,,,,Floresta Ombrófila Densa,,,,,,,,,,,,,,,,,,,,,,,,,,,,,,,,,,,,,,,,,,,,
,MultiPolygon,-46.6609886,-22.9744854,,,,wood,,,,,,Floresta Ombrófila Densa,,,,,,,,,,,,,,,,,,,,,,,,,,,,,,,,,,,,,,,,,,,,
,MultiPolygon,-46.6628165,-22.938078,,,,wood,,,,,,Floresta Ombrófila Densa,,,,,,,,,,,,,,,,,,,,,,,,,,,,,,,,,,,,,,,,,,,,
,MultiPolygon,-46.6086357,-22.9740307,,,,wood,,,,,,Floresta Ombrófila Densa,,,,,,,,,,,,,,,,,,,,,,,,,,,,,,,,,,,,,,,,,,,,
,MultiPolygon,-46.6476882,-22.9686179,,,,wood,,,,,,Floresta Ombrófila Densa,,,,,,,,,,,,,,,,,,,,,,,,,,,,,,,,,,,,,,,,,,,,
,MultiPolygon,-46.6451657,-22.9385848,,,,wood,,,,,,Floresta Ombrófila Densa,,,,,,,,,,,,,,,,,,,,,,,,,,,,,,,,,,,,,,,,,,,,
,MultiPolygon,-46.6427763,-22.9773395,,,,wood,,,,,,Floresta Ombrófila Densa,,,,,,,,,,,,,,,,,,,,,,,,,,,,,,,,,,,,,,,,,,,,
,MultiPolygon,-46.6579978,-22.9493991,,,,wood,,,,,,Floresta Ombrófila Densa,,,,,,,,,,,,,,,,,,,,,,,,,,,,,,,,,,,,,,,,,,,,
,MultiPolygon,-46.6329603,-22.9688588,,,,wood,,,,,,Floresta Ombrófila Densa,,,,,,,,,,,,,,,,,,,,,,,,,,,,,,,,,,,,,,,,,,,,
,MultiPolygon,-46.5959866,-22.932984,,,,wood,,,,,,Floresta Ombrófila Densa,,,,,,,,,,,,,,,,,,,,,,,,,,,,,,,,,,,,,,,,,,,,
,MultiPolygon,-46.6272047,-22.9423355,,,,wood,,,,,,Floresta Ombrófila Densa,,,,,,,,,,,,,,,,,,,,,,,,,,,,,,,,,,,,,,,,,,,,
,MultiPolygon,-46.6120474,-22.9613829,,,,wood,,,,,,Floresta Ombrófila Densa,,,,,,,,,,,,,,,,,,,,,,,,,,,,,,,,,,,,,,,,,,,,
,MultiPolygon,-46.6411407,-22.9537618,,,,wood,,,,,,Floresta Ombrófila Densa,,,,,,,,,,,,,,,,,,,,,,,,,,,,,,,,,,,,,,,,,,,,
,MultiPolygon,-46.6508318,-22.944694,,,,wood,,,,,,Floresta Ombrófila Densa,,,,,,,,,,,,,,,,,,,,,,,,,,,,,,,,,,,,,,,,,,,,
,MultiPolygon,-46.6148552,-22.9635101,,,,wood,,,,,,Floresta Ombrófila Densa,,,,,,,,,,,,,,,,,,,,,,,,,,,,,,,,,,,,,,,,,,,,
,MultiPolygon,-46.657863,-22.9283581,,,,wood,,,,,,Floresta Ombrófila Densa,,,,,,,,,,,,,,,,,,,,,,,,,,,,,,,,,,,,,,,,,,,,
,MultiPolygon,-46.6489086,-22.9661357,,,,wood,,,,,,Floresta Ombrófila Densa,,,,,,,,,,,,,,,,,,,,,,,,,,,,,,,,,,,,,,,,,,,,
,MultiPolygon,-46.6122889,-22.949323,,,,wood,,,,,,Floresta Ombrófila Densa,,,,,,,,,,,,,,,,,,,,,,,,,,,,,,,,,,,,,,,,,,,,
,MultiPolygon,-46.6656998,-22.9321116,,,,wood,,,,,,Floresta Ombrófila Densa,,,,,,,,,,,,,,,,,,,,,,,,,,,,,,,,,,,,,,,,,,,,
,MultiPolygon,-46.6176,-22.9430465,,,,wood,,,,,,Floresta Ombrófila Densa,,,,,,,,,,,,,,,,,,,,,,,,,,,,,,,,,,,,,,,,,,,,
,MultiPolygon,-46.6327343,-22.9331298,,,,wood,,,,,,Floresta Ombrófila Densa,,,,,,,,,,,,,,,,,,,,,,,,,,,,,,,,,,,,,,,,,,,,
,MultiPolygon,-46.6338536,-22.9358025,,,,wood,,,,,,Floresta Ombrófila Densa,,,,,,,,,,,,,,,,,,,,,,,,,,,,,,,,,,,,,,,,,,,,
,MultiPolygon,-46.6537471,-22.9520408,,,,wood,,,,,,Floresta Ombrófila Densa,,,,,,,,,,,,,,,,,,,,,,,,,,,,,,,,,,,,,,,,,,,,
,MultiPolygon,-46.618696,-22.9290071,,,,wood,,,,,,,,,,,,,,,,,,,,,,,,,,,,,,,,,,,,,,,,,,,,,,,,,,
,MultiPolygon,-46.6074434,-22.9698692,,,,wood,,,,,,Floresta Ombrófila Densa,,,,,,,,,,,,,,,,,,,,,,,,,,,,,,,,,,,,,,,,,,,,
,MultiPolygon,-46.6056911,-22.9365801,,,,wood,,,,,,Floresta Ombrófila Densa,,,,,,,,,,,,,,,,,,,,,,,,,,,,,,,,,,,,,,,,,,,,
,MultiPolygon,-46.6614143,-22.9641491,,,,wood,,,,,,Floresta Ombrófila Densa,,,,,,,,,,,,,,,,,,,,,,,,,,,,,,,,,,,,,,,,,,,,
,MultiPolygon,-46.6222528,-22.9656467,,,,wood,,,,,,Floresta Ombrófila Densa,,,,,,,,,,,,,,,,,,,,,,,,,,,,,,,,,,,,,,,,,,,,
,MultiPolygon,-46.6438772,-22.9474054,,,,wood,,,,,,Floresta Ombrófila Densa,,,,,,,,,,,,,,,,,,,,,,,,,,,,,,,,,,,,,,,,,,,,
,MultiPolygon,-46.6078743,-22.9293426,,,,wood,,,,,,Floresta Ombrófila Densa,,,,,,,,,,,,,,,,,,,,,,,,,,,,,,,,,,,,,,,,,,,,
,MultiPolygon,-46.6353418,-22.9381008,,,,wood,,,,,,Floresta Ombrófila Densa,,,,,,,,,,,,,,,,,,,,,,,,,,,,,,,,,,,,,,,,,,,,
,MultiPolygon,-46.6393909,-22.9329667,,,,wood,,,,,,,,,,,,,,,,,,,,,,,,,,,,,,,,,,,,,,,,,,,,,,,,,,
,MultiPolygon,-46.6677052,-22.9499143,,,,wood,,,,,,,,,,,,,,,,,,,,,,,,,,,,,,,,,,,,,,,,,,,,,,,,,,
,MultiPolygon,-46.6317134,-22.9394057,,,,wood,,,,,,Floresta Ombrófila Densa,,,,,,,,,,,,,,,,,,,,,,,,,,,,,,,,,,,,,,,,,,,,
,MultiPolygon,-46.637051,-22.9674958,,,,wood,,,,,,Floresta Ombrófila Densa,,,,,,,,,,,,,,,,,,,,,,,,,,,,,,,,,,,,,,,,,,,,
,MultiPolygon,-46.5986547,-22.9399758,,,,wood,,,,,,Floresta Ombrófila Densa,,,,,,,,,,,,,,,,,,,,,,,,,,,,,,,,,,,,,,,,,,,,
,MultiPolygon,-46.6022531,-22.9404462,,,,wood,,,,,,Floresta Ombrófila Densa,,,,,,,,,,,,,,,,,,,,,,,,,,,,,,,,,,,,,,,,,,,,
,MultiPolygon,-46.6405873,-22.9693564,,,,wood,,,,,,Floresta Ombrófila Densa,,,,,,,,,,,,,,,,,,,,,,,,,,,,,,,,,,,,,,,,,,,,
,MultiPolygon,-46.6388646,-22.9340121,,,,wood,,,,,,Floresta Ombrófila Densa,,,,,,,,,,,,,,,,,,,,,,,,,,,,,,,,,,,,,,,,,,,,
,MultiPolygon,-46.6552242,-22.9505554,,,,wood,,,,,,Floresta Ombrófila Densa,,,,,,,,,,,,,,,,,,,,,,,,,,,,,,,,,,,,,,,,,,,,
,MultiPolygon,-46.6660331,-22.9768817,,,,wood,,,,,,Floresta Ombrófila Densa,,,,,,,,,,,,,,,,,,,,,,,,,,,,,,,,,,,,,,,,,,,,
,MultiPolygon,-46.6572715,-22.9704872,,,,wood,,,,,,Floresta Ombrófila Densa,,,,,,,,,,,,,,,,,,,,,,,,,,,,,,,,,,,,,,,,,,,,
,MultiPolygon,-46.6706877,-22.9559253,,,,wood,,,,,,,,,,,,,,,,,,,,,,,,,,,,,,,,,,,,,,,,,,,,,,,,,,
,MultiPolygon,-46.6301424,-22.9697443,,,,wood,,,,,,Floresta Ombrófila Densa,,,,,,,,,,,,,,,,,,,,,,,,,,,,,,,,,,,,,,,,,,,,
,MultiPolygon,-46.5958309,-22.9448949,,,,wood,,,,,,Floresta Ombrófila Densa,,,,,,,,,,,,,,,,,,,,,,,,,,,,,,,,,,,,,,,,,,,,
,MultiPolygon,-46.6477931,-22.9713572,,,,wood,,,,,,Floresta Ombrófila Densa,,,,,,,,,,,,,,,,,,,,,,,,,,,,,,,,,,,,,,,,,,,,
,MultiPolygon,-46.6050783,-23.0000673,,,,wood,,,,,,Floresta Ombrófila Densa,,,,,,,,,,,,,,,,,,,,,,,,,,,,,,,,,,,,,,,,,,,,
,MultiPolygon,-46.6103997,-23.012149,,,,wood,,,,,,Floresta Ombrófila Densa,,,,,,,,,,,,,,,,,,,,,,,,,,,,,,,,,,,,,,,,,,,,
,MultiPolygon,-46.6197421,-23.0187959,,,,wood,,,,,,Floresta Ombrófila Densa,,,,,,,,,,,,,,,,,,,,,,,,,,,,,,,,,,,,,,,,,,,,
,MultiPolygon,-46.5916478,-22.9989957,,,,wood,,,,,,Floresta Ombrófila Densa,,,,,,,,,,,,,,,,,,,,,,,,,,,,,,,,,,,,,,,,,,,,
,MultiPolygon,-46.6047494,-22.9983393,,,,wood,,,,,,Floresta Ombrófila Densa,,,,,,,,,,,,,,,,,,,,,,,,,,,,,,,,,,,,,,,,,,,,
,MultiPolygon,-46.6150169,-23.0117542,,,,wood,,,,,,Floresta Ombrófila Densa,,,,,,,,,,,,,,,,,,,,,,,,,,,,,,,,,,,,,,,,,,,,
,MultiPolygon,-46.6090697,-23.0193642,,,,wood,,,,,,Floresta Ombrófila Densa,,,,,,,,,,,,,,,,,,,,,,,,,,,,,,,,,,,,,,,,,,,,
,MultiPolygon,-46.6045796,-22.975255,,,,wood,,,,,,Floresta Ombrófila Densa,,,,,,,,,,,,,,,,,,,,,,,,,,,,,,,,,,,,,,,,,,,,
,MultiPolygon,-46.5964609,-23.0038059,,,,wood,,,,,,Floresta Ombrófila Densa,,,,,,,,,,,,,,,,,,,,,,,,,,,,,,,,,,,,,,,,,,,,
,MultiPolygon,-46.6176174,-23.0178057,,,,wood,,,,,,Floresta Ombrófila Densa,,,,,,,,,,,,,,,,,,,,,,,,,,,,,,,,,,,,,,,,,,,,
,MultiPolygon,-46.598855,-22.9890744,,,,wood,,,,,,Floresta Ombrófila Densa,,,,,,,,,,,,,,,,,,,,,,,,,,,,,,,,,,,,,,,,,,,,
,MultiPolygon,-46.6134144,-23.0100127,,,,wood,,,,,,Floresta Ombrófila Densa,,,,,,,,,,,,,,,,,,,,,,,,,,,,,,,,,,,,,,,,,,,,
,MultiPolygon,-46.5982497,-22.9736002,,,,wood,,,,,,Floresta Ombrófila Densa,,,,,,,,,,,,,,,,,,,,,,,,,,,,,,,,,,,,,,,,,,,,
,MultiPolygon,-46.5903774,-22.9786014,,,,wood,,,,,,Floresta Ombrófila Densa,,,,,,,,,,,,,,,,,,,,,,,,,,,,,,,,,,,,,,,,,,,,
,MultiPolygon,-46.6136358,-23.0143879,,,,wood,,,,,,Floresta Ombrófila Densa,,,,,,,,,,,,,,,,,,,,,,,,,,,,,,,,,,,,,,,,,,,,
,MultiPolygon,-46.5993838,-22.974495,,,,wood,,,,,,Floresta Ombrófila Densa,,,,,,,,,,,,,,,,,,,,,,,,,,,,,,,,,,,,,,,,,,,,
,MultiPolygon,-46.5916037,-22.9869628,,,,wood,,,,,,,,,,,,,,,,,,,,,,,,,,,,,,,,,,,,,,,,,,,,,,,,,,
,MultiPolygon,-46.5950342,-22.9923561,,,,wood,,,,,,Floresta Ombrófila Densa,,,,,,,,,,,,,,,,,,,,,,,,,,,,,,,,,,,,,,,,,,,,
,MultiPolygon,-46.6180514,-23.0220638,,,,wood,,,,,,Floresta Ombrófila Densa,,,,,,,,,,,,,,,,,,,,,,,,,,,,,,,,,,,,,,,,,,,,
,MultiPolygon,-46.6063215,-22.9979959,,,,wood,,,,,,Floresta Ombrófila Densa,,,,,,,,,,,,,,,,,,,,,,,,,,,,,,,,,,,,,,,,,,,,
,MultiPolygon,-46.6197541,-23.0017678,,,,wood,,,,,,Floresta Ombrófila Densa,,,,,,,,,,,,,,,,,,,,,,,,,,,,,,,,,,,,,,,,,,,,
,MultiPolygon,-46.5832516,-22.9925439,,,,wood,,,,,,Floresta Ombrófila Densa,,,,,,,,,,,,,,,,,,,,,,,,,,,,,,,,,,,,,,,,,,,,
,MultiPolygon,-46.6145403,-23.0202274,,,,wood,,,,,,Floresta Ombrófila Densa,,,,,,,,,,,,,,,,,,,,,,,,,,,,,,,,,,,,,,,,,,,,
,MultiPolygon,-46.6213608,-23.0185355,,,,wood,,,,,,Floresta Ombrófila Densa,,,,,,,,,,,,,,,,,,,,,,,,,,,,,,,,,,,,,,,,,,,,
,MultiPolygon,-46.6213127,-23.0121972,,,,wood,,,,,,Floresta Ombrófila Densa,,,,,,,,,,,,,,,,,,,,,,,,,,,,,,,,,,,,,,,,,,,,
,MultiPolygon,-46.5780202,-23.0085019,,,,wood,,,,,,Floresta Ombrófila Densa,,,,,,,,,,,,,,,,,,,,,,,,,,,,,,,,,,,,,,,,,,,,
,MultiPolygon,-46.5609648,-23.0232782,,,,wood,,,,,,Floresta Ombrófila Densa,,,,,,,,,,,,,,,,,,,,,,,,,,,,,,,,,,,,,,,,,,,,
,MultiPolygon,-46.562343,-23.0233507,,,,wood,,,,,,Floresta Ombrófila Densa,,,,,,,,,,,,,,,,,,,,,,,,,,,,,,,,,,,,,,,,,,,,
,MultiPolygon,-46.5751239,-23.003379,,,,wood,,,,,,Floresta Ombrófila Densa,,,,,,,,,,,,,,,,,,,,,,,,,,,,,,,,,,,,,,,,,,,,
,MultiPolygon,-46.5689099,-23.0437483,,,,wood,,,,,,Floresta Ombrófila Densa,,,,,,,,,,,,,,,,,,,,,,,,,,,,,,,,,,,,,,,,,,,,
,MultiPolygon,-46.6022225,-23.0456156,,,,wood,,,,,,Floresta Ombrófila Densa,,,,,,,,,,,,,,,,,,,,,,,,,,,,,,,,,,,,,,,,,,,,
,MultiPolygon,-46.6248238,-23.0384448,,,,wood,,,,,,Floresta Ombrófila Densa,,,,,,,,,,,,,,,,,,,,,,,,,,,,,,,,,,,,,,,,,,,,
,MultiPolygon,-46.6045723,-23.0346886,,,,wood,,,,,,Floresta Ombrófila Densa,,,,,,,,,,,,,,,,,,,,,,,,,,,,,,,,,,,,,,,,,,,,
,MultiPolygon,-46.5685113,-23.0329609,,,,wood,,,,,,Floresta Ombrófila Densa,,,,,,,,,,,,,,,,,,,,,,,,,,,,,,,,,,,,,,,,,,,,
,MultiPolygon,-46.5611141,-23.0225055,,,,wood,,,,,,Floresta Ombrófila Densa,,,,,,,,,,,,,,,,,,,,,,,,,,,,,,,,,,,,,,,,,,,,
,MultiPolygon,-46.588861,-23.0262625,,,,wood,,,,,,Floresta Ombrófila Densa,,,,,,,,,,,,,,,,,,,,,,,,,,,,,,,,,,,,,,,,,,,,
,MultiPolygon,-46.6054297,-23.0411509,,,,wood,,,,,,Floresta Ombrófila Densa,,,,,,,,,,,,,,,,,,,,,,,,,,,,,,,,,,,,,,,,,,,,
,MultiPolygon,-46.5755583,-23.0098621,,,,wood,,,,,,Floresta Ombrófila Densa,,,,,,,,,,,,,,,,,,,,,,,,,,,,,,,,,,,,,,,,,,,,
,MultiPolygon,-46.59994,-23.0431725,,,,wood,,,,,,Floresta Ombrófila Densa,,,,,,,,,,,,,,,,,,,,,,,,,,,,,,,,,,,,,,,,,,,,
,MultiPolygon,-46.5985768,-23.0299747,,,,wood,,,,,,Floresta Ombrófila Densa,,,,,,,,,,,,,,,,,,,,,,,,,,,,,,,,,,,,,,,,,,,,
,MultiPolygon,-46.584174,-23.0095922,,,,wood,,,,,,Floresta Ombrófila Densa,,,,,,,,,,,,,,,,,,,,,,,,,,,,,,,,,,,,,,,,,,,,
,MultiPolygon,-46.5620221,-23.0239582,,,,wood,,,,,,Floresta Ombrófila Densa,,,,,,,,,,,,,,,,,,,,,,,,,,,,,,,,,,,,,,,,,,,,
,MultiPolygon,-46.6079288,-23.0372753,,,,wood,,,,,,Floresta Ombrófila Densa,,,,,,,,,,,,,,,,,,,,,,,,,,,,,,,,,,,,,,,,,,,,
,MultiPolygon,-46.5892504,-23.0232227,,,,wood,,,,,,Floresta Ombrófila Densa,,,,,,,,,,,,,,,,,,,,,,,,,,,,,,,,,,,,,,,,,,,,
,MultiPolygon,-46.6083675,-23.0425621,,,,wood,,,,,,Floresta Ombrófila Densa,,,,,,,,,,,,,,,,,,,,,,,,,,,,,,,,,,,,,,,,,,,,
,MultiPolygon,-46.6021704,-23.0302203,,,,wood,,,,,,Floresta Ombrófila Densa,,,,,,,,,,,,,,,,,,,,,,,,,,,,,,,,,,,,,,,,,,,,
,MultiPolygon,-46.5658529,-23.025344,,,,wood,,,,,,Floresta Ombrófila Densa,,,,,,,,,,,,,,,,,,,,,,,,,,,,,,,,,,,,,,,,,,,,
,MultiPolygon,-46.5770813,-23.0387209,,,,wood,,,,,,Floresta Ombrófila Densa,,,,,,,,,,,,,,,,,,,,,,,,,,,,,,,,,,,,,,,,,,,,
,MultiPolygon,-46.5713477,-23.0075475,,,,wood,,,,,,Floresta Ombrófila Densa,,,,,,,,,,,,,,,,,,,,,,,,,,,,,,,,,,,,,,,,,,,,
,MultiPolygon,-46.6094807,-23.0474956,,,,wood,,,,,,Floresta Ombrófila Densa,,,,,,,,,,,,,,,,,,,,,,,,,,,,,,,,,,,,,,,,,,,,
,MultiPolygon,-46.6110314,-23.0406913,,,,wood,,,,,,Floresta Ombrófila Densa,,,,,,,,,,,,,,,,,,,,,,,,,,,,,,,,,,,,,,,,,,,,
,MultiPolygon,-46.5886538,-23.0276131,,,,wood,,,,,,Floresta Ombrófila Densa,,,,,,,,,,,,,,,,,,,,,,,,,,,,,,,,,,,,,,,,,,,,
,MultiPolygon,-46.5853921,-23.0301543,,,,wood,,,,,,Floresta Ombrófila Densa,,,,,,,,,,,,,,,,,,,,,,,,,,,,,,,,,,,,,,,,,,,,
,MultiPolygon,-46.5862206,-23.0300722,,,,wood,,,,,,Floresta Ombrófila Densa,,,,,,,,,,,,,,,,,,,,,,,,,,,,,,,,,,,,,,,,,,,,
,MultiPolygon,-46.5769719,-23.0121031,,,,wood,,,,,,Floresta Ombrófila Densa,,,,,,,,,,,,,,,,,,,,,,,,,,,,,,,,,,,,,,,,,,,,
,MultiPolygon,-46.5776063,-23.0257528,,,,wood,,,,,,Floresta Ombrófila Densa,,,,,,,,,,,,,,,,,,,,,,,,,,,,,,,,,,,,,,,,,,,,
,MultiPolygon,-46.6087435,-23.044784,,,,wood,,,,,,Floresta Ombrófila Densa,,,,,,,,,,,,,,,,,,,,,,,,,,,,,,,,,,,,,,,,,,,,
,MultiPolygon,-46.5616678,-23.022963,,,,wood,,,,,,Floresta Ombrófila Densa,,,,,,,,,,,,,,,,,,,,,,,,,,,,,,,,,,,,,,,,,,,,
,MultiPolygon,-46.6106761,-23.0453236,,,,wood,,,,,,Floresta Ombrófila Densa,,,,,,,,,,,,,,,,,,,,,,,,,,,,,,,,,,,,,,,,,,,,
,MultiPolygon,-46.5687527,-23.0404315,,,,wood,,,,,,Floresta Ombrófila Densa,,,,,,,,,,,,,,,,,,,,,,,,,,,,,,,,,,,,,,,,,,,,
,MultiPolygon,-46.5827655,-23.0324563,,,,wood,,,,,,Floresta Ombrófila Densa,,,,,,,,,,,,,,,,,,,,,,,,,,,,,,,,,,,,,,,,,,,,
,MultiPolygon,-46.593045,-23.0332421,,,,wood,,,,,,Floresta Ombrófila Densa,,,,,,,,,,,,,,,,,,,,,,,,,,,,,,,,,,,,,,,,,,,,
,MultiPolygon,-46.5779597,-23.0256643,,,,wood,,,,,,Floresta Ombrófila Densa,,,,,,,,,,,,,,,,,,,,,,,,,,,,,,,,,,,,,,,,,,,,
,MultiPolygon,-46.5619094,-23.0279904,,,,wood,,,,,,Floresta Ombrófila Densa,,,,,,,,,,,,,,,,,,,,,,,,,,,,,,,,,,,,,,,,,,,,
,MultiPolygon,-46.5720281,-23.0121236,,,,wood,,,,,,Floresta Ombrófila Densa,,,,,,,,,,,,,,,,,,,,,,,,,,,,,,,,,,,,,,,,,,,,
,MultiPolygon,-46.5648247,-23.023203,,,,wood,,,,,,Floresta Ombrófila Densa,,,,,,,,,,,,,,,,,,,,,,,,,,,,,,,,,,,,,,,,,,,,
,MultiPolygon,-46.583384,-23.0223613,,,,wood,,,,,,,,,,,,,,,,,,,,,,,,,,,,,,,,,,,,,,,,,,,,,,,,,,
,MultiPolygon,-46.5698947,-23.0441926,,,,wood,,,,,,Floresta Ombrófila Densa,,,,,,,,,,,,,,,,,,,,,,,,,,,,,,,,,,,,,,,,,,,,
,MultiPolygon,-46.5916509,-23.0190808,,,,wood,,,,,,,,,,,,,,,,,,,,,,,,,,,,,,,,,,,,,,,,,,,,,,,,,,
,MultiPolygon,-46.584212,-23.046815,,,,wood,,,,,,Floresta Ombrófila Densa,,,,,,,,,,,,,,,,,,,,,,,,,,,,,,,,,,,,,,,,,,,,
,MultiPolygon,-46.6137736,-23.0430378,,,,wood,,,,,,Floresta Ombrófila Densa,,,,,,,,,,,,,,,,,,,,,,,,,,,,,,,,,,,,,,,,,,,,
,MultiPolygon,-46.5657821,-23.0462738,,,,wood,,,,,,Floresta Ombrófila Densa,,,,,,,,,,,,,,,,,,,,,,,,,,,,,,,,,,,,,,,,,,,,
,MultiPolygon,-46.5634783,-23.0237773,,,,wood,,,,,,Floresta Ombrófila Densa,,,,,,,,,,,,,,,,,,,,,,,,,,,,,,,,,,,,,,,,,,,,
,MultiPolygon,-46.5664316,-23.0434872,,,,wood,,,,,,Floresta Ombrófila Densa,,,,,,,,,,,,,,,,,,,,,,,,,,,,,,,,,,,,,,,,,,,,
,MultiPolygon,-46.6046595,-23.0339702,,,,wood,,,,,,Floresta Ombrófila Densa,,,,,,,,,,,,,,,,,,,,,,,,,,,,,,,,,,,,,,,,,,,,
,MultiPolygon,-46.5772055,-23.0454514,,,,wood,,,,,,Floresta Ombrófila Densa,,,,,,,,,,,,,,,,,,,,,,,,,,,,,,,,,,,,,,,,,,,,
,MultiPolygon,-46.5660699,-23.0363305,,,,wood,,,,,,Floresta Ombrófila Densa,,,,,,,,,,,,,,,,,,,,,,,,,,,,,,,,,,,,,,,,,,,,
,MultiPolygon,-46.619775,-22.9180597,,,,wood,,,,,,,,,,,,,,,,,,,,,,,,,,,,,,,,,,,,,,,,,,,,,,,,,,
,MultiPolygon,-46.6490674,-22.9075752,,,,wood,,,,,,,,,,,,,,,,,,,,,,,,,,,,,,,,,,,,,,,,,,,,,,,,,,
,MultiPolygon,-46.6951306,-22.9202207,,,,wood,,,,,,,,,,,,,,,,,,,,,,,,,,,,,,,,,,,,,,,,,,,,,,,,,,
,MultiPolygon,-46.6938396,-22.9103617,,,,wood,,,,,,,,,,,,,,,,,,,,,,,,,,,,,,,,,,,,,,,,,,,,,,,,,,
,MultiPolygon,-46.613626,-22.9130335,,,,wood,,,,,,,,,,,,,,,,,,,,,,,,,,,,,,,,,,,,,,,,,,,,,,,,,,
,MultiPolygon,-46.6723684,-22.9052062,,,,wood,,,,,,,,,,,,,,,,,,,,,,,,,,,,,,,,,,,,,,,,,,,,,,,,,,
,MultiPolygon,-46.6168644,-22.9219176,,,,wood,,,,,,,,,,,,,,,,,,,,,,,,,,,,,,,,,,,,,,,,,,,,,,,,,,
,MultiPolygon,-46.6349641,-22.9194337,,,,wood,,,,,,,,,,,,,,,,,,,,,,,,,,,,,,,,,,,,,,,,,,,,,,,,,,
,MultiPolygon,-46.6376692,-22.9045597,,,,wood,,,,,,,,,,,,,,,,,,,,,,,,,,,,,,,,,,,,,,,,,,,,,,,,,,
,MultiPolygon,-46.6505567,-22.9097772,,,,wood,,,,,,,,,,,,,,,,,,,,,,,,,,,,,,,,,,,,,,,,,,,,,,,,,,
,MultiPolygon,-46.6662178,-22.9089398,,,,wood,,,,,,,,,,,,,,,,,,,,,,,,,,,,,,,,,,,,,,,,,,,,,,,,,,
,MultiPolygon,-46.6367192,-22.9165637,,,,wood,,,,,,,,,,,,,,,,,,,,,,,,,,,,,,,,,,,,,,,,,,,,,,,,,,
,MultiPolygon,-46.680742,-22.9071153,,,,wood,,,,,,,,,,,,,,,,,,,,,,,,,,,,,,,,,,,,,,,,,,,,,,,,,,
,MultiPolygon,-46.6469498,-22.9072609,,,,wood,,,,,,,,,,,,,,,,,,,,,,,,,,,,,,,,,,,,,,,,,,,,,,,,,,
,MultiPolygon,-46.6400411,-22.9109107,,,,wood,,,,,,,,,,,,,,,,,,,,,,,,,,,,,,,,,,,,,,,,,,,,,,,,,,
,MultiPolygon,-46.6494626,-22.9042354,,,,wood,,,,,,,,,,,,,,,,,,,,,,,,,,,,,,,,,,,,,,,,,,,,,,,,,,
,MultiPolygon,-46.6933828,-22.918173,,,,wood,,,,,,,,,,,,,,,,,,,,,,,,,,,,,,,,,,,,,,,,,,,,,,,,,,
,MultiPolygon,-46.6174987,-22.9211648,,,,wood,,,,,,,,,,,,,,,,,,,,,,,,,,,,,,,,,,,,,,,,,,,,,,,,,,
,MultiPolygon,-46.6186005,-22.9167301,,,,wood,,,,,,,,,,,,,,,,,,,,,,,,,,,,,,,,,,,,,,,,,,,,,,,,,,
,MultiPolygon,-46.6264264,-22.9155606,,,,wood,,,,,,,,,,,,,,,,,,,,,,,,,,,,,,,,,,,,,,,,,,,,,,,,,,
,MultiPolygon,-46.6642729,-22.9055339,,,,wood,,,,,,,,,,,,,,,,,,,,,,,,,,,,,,,,,,,,,,,,,,,,,,,,,,
,MultiPolygon,-46.6057778,-22.9068707,,,,wood,,,,,,,,,,,,,,,,,,,,,,,,,,,,,,,,,,,,,,,,,,,,,,,,,,
,MultiPolygon,-46.6834642,-22.9074873,,,,wood,,,,,,,,,,,,,,,,,,,,,,,,,,,,,,,,,,,,,,,,,,,,,,,,,,
,MultiPolygon,-46.6451644,-22.9115888,,,,wood,,,,,,,,,,,,,,,,,,,,,,,,,,,,,,,,,,,,,,,,,,,,,,,,,,
,MultiPolygon,-46.6883177,-22.9158309,,,,wood,,,,,,,,,,,,,,,,,,,,,,,,,,,,,,,,,,,,,,,,,,,,,,,,,,
,MultiPolygon,-46.6367487,-22.9205575,,,,wood,,,,,,,,,,,,,,,,,,,,,,,,,,,,,,,,,,,,,,,,,,,,,,,,,,
,MultiPolygon,-46.696062,-22.9229099,,,,wood,,,,,,,,,,,,,,,,,,,,,,,,,,,,,,,,,,,,,,,,,,,,,,,,,,
,MultiPolygon,-46.6747581,-22.9166223,,,,wood,,,,,,,,,,,,,,,,,,,,,,,,,,,,,,,,,,,,,,,,,,,,,,,,,,
,MultiPolygon,-46.6386064,-22.9119568,,,,wood,,,,,,,,,,,,,,,,,,,,,,,,,,,,,,,,,,,,,,,,,,,,,,,,,,
,MultiPolygon,-46.6521746,-22.9049587,,,,wood,,,,,,,,,,,,,,,,,,,,,,,,,,,,,,,,,,,,,,,,,,,,,,,,,,
,MultiPolygon,-46.6492449,-22.9071078,,,,wood,,,,,,,,,,,,,,,,,,,,,,,,,,,,,,,,,,,,,,,,,,,,,,,,,,
,MultiPolygon,-46.6295933,-22.9203809,,,,wood,,,,,,,,,,,,,,,,,,,,,,,,,,,,,,,,,,,,,,,,,,,,,,,,,,
,MultiPolygon,-46.6372337,-22.9090224,,,,wood,,,,,,,,,,,,,,,,,,,,,,,,,,,,,,,,,,,,,,,,,,,,,,,,,,
,MultiPolygon,-46.6440282,-22.9161485,,,,wood,,,,,,,,,,,,,,,,,,,,,,,,,,,,,,,,,,,,,,,,,,,,,,,,,,
,MultiPolygon,-46.6309056,-22.9060286,,,,wood,,,,,,,,,,,,,,,,,,,,,,,,,,,,,,,,,,,,,,,,,,,,,,,,,,
,MultiPolygon,-46.6523692,-22.9105464,,,,wood,,,,,,,,,,,,,,,,,,,,,,,,,,,,,,,,,,,,,,,,,,,,,,,,,,
,MultiPolygon,-46.6807882,-22.9092271,,,,wood,,,,,,,,,,,,,,,,,,,,,,,,,,,,,,,,,,,,,,,,,,,,,,,,,,
,MultiPolygon,-46.6871984,-22.9212834,,,,wood,,,,,,,,,,,,,,,,,,,,,,,,,,,,,,,,,,,,,,,,,,,,,,,,,,
,MultiPolygon,-46.6637851,-22.9128793,,,,wood,,,,,,,,,,,,,,,,,,,,,,,,,,,,,,,,,,,,,,,,,,,,,,,,,,
,MultiPolygon,-46.6838122,-22.9079049,,,,wood,,,,,,,,,,,,,,,,,,,,,,,,,,,,,,,,,,,,,,,,,,,,,,,,,,
,MultiPolygon,-46.65179,-22.9076529,,,,wood,,,,,,,,,,,,,,,,,,,,,,,,,,,,,,,,,,,,,,,,,,,,,,,,,,
,MultiPolygon,-46.6845269,-22.9039253,,,,wood,,,,,,,,,,,,,,,,,,,,,,,,,,,,,,,,,,,,,,,,,,,,,,,,,,
,MultiPolygon,-46.6439354,-22.9111766,,,,wood,,,,,,,,,,,,,,,,,,,,,,,,,,,,,,,,,,,,,,,,,,,,,,,,,,
,MultiPolygon,-46.6169197,-22.913033,,,,wood,,,,,,,,,,,,,,,,,,,,,,,,,,,,,,,,,,,,,,,,,,,,,,,,,,
,MultiPolygon,-46.6261787,-22.9220048,,,,wood,,,,,,,,,,,,,,,,,,,,,,,,,,,,,,,,,,,,,,,,,,,,,,,,,,
,MultiPolygon,-46.63212,-22.9053539,,,,wood,,,,,,,,,,,,,,,,,,,,,,,,,,,,,,,,,,,,,,,,,,,,,,,,,,
,MultiPolygon,-46.638505,-22.9073636,,,,wood,,,,,,,,,,,,,,,,,,,,,,,,,,,,,,,,,,,,,,,,,,,,,,,,,,
,MultiPolygon,-46.6246587,-22.9194797,,,,wood,,,,,,,,,,,,,,,,,,,,,,,,,,,,,,,,,,,,,,,,,,,,,,,,,,
,MultiPolygon,-46.5836656,-22.9283667,,,,wood,,,,,,Floresta Ombrófila Densa,,,,,,,,,,,,,,,,,,,,,,,,,,,,,,,,,,,,,,,,,,,,
,MultiPolygon,-46.5584268,-22.9327353,,,,wood,,,,,,Floresta Ombrófila Densa,,,,,,,,,,,,,,,,,,,,,,,,,,,,,,,,,,,,,,,,,,,,
,MultiPolygon,-46.6047343,-22.9260281,,,,wood,,,,,,Floresta Ombrófila Densa,,,,,,,,,,,,,,,,,,,,,,,,,,,,,,,,,,,,,,,,,,,,
,MultiPolygon,-46.5721532,-22.9299514,,,,wood,,,,,,Floresta Ombrófila Densa,,,,,,,,,,,,,,,,,,,,,,,,,,,,,,,,,,,,,,,,,,,,
,MultiPolygon,-46.5589932,-22.9265582,,,,wood,,,,,,Floresta Ombrófila Densa,,,,,,,,,,,,,,,,,,,,,,,,,,,,,,,,,,,,,,,,,,,,
,MultiPolygon,-46.5811928,-22.9280844,,,,wood,,,,,,Floresta Ombrófila Densa,,,,,,,,,,,,,,,,,,,,,,,,,,,,,,,,,,,,,,,,,,,,
,MultiPolygon,-46.5855001,-22.9300917,,,,wood,,,,,,Floresta Ombrófila Densa,,,,,,,,,,,,,,,,,,,,,,,,,,,,,,,,,,,,,,,,,,,,
,MultiPolygon,-46.5713287,-22.9193085,,,,wood,,,,,,Floresta Ombrófila Densa,,,,,,,,,,,,,,,,,,,,,,,,,,,,,,,,,,,,,,,,,,,,
,MultiPolygon,-46.6108048,-22.9270312,,,,wood,,,,,,Floresta Ombrófila Densa,,,,,,,,,,,,,,,,,,,,,,,,,,,,,,,,,,,,,,,,,,,,
,MultiPolygon,-46.5755654,-22.9176178,,,,wood,,,,,,Floresta Ombrófila Densa,,,,,,,,,,,,,,,,,,,,,,,,,,,,,,,,,,,,,,,,,,,,
,MultiPolygon,-46.5880499,-22.9182537,,,,wood,,,,,,Floresta Ombrófila Densa,,,,,,,,,,,,,,,,,,,,,,,,,,,,,,,,,,,,,,,,,,,,
,MultiPolygon,-46.6065621,-22.9241939,,,,wood,,,,,,Floresta Ombrófila Densa,,,,,,,,,,,,,,,,,,,,,,,,,,,,,,,,,,,,,,,,,,,,
,MultiPolygon,-46.5592744,-22.9323246,,,,wood,,,,,,Floresta Ombrófila Densa,,,,,,,,,,,,,,,,,,,,,,,,,,,,,,,,,,,,,,,,,,,,
,MultiPolygon,-46.5888046,-22.9245779,,,,wood,,,,,,Floresta Ombrófila Densa,,,,,,,,,,,,,,,,,,,,,,,,,,,,,,,,,,,,,,,,,,,,
,MultiPolygon,-46.5832448,-22.9261919,,,,wood,,,,,,Floresta Ombrófila Densa,,,,,,,,,,,,,,,,,,,,,,,,,,,,,,,,,,,,,,,,,,,,
,MultiPolygon,-46.5774304,-22.9327872,,,,wood,,,,,,Floresta Ombrófila Densa,,,,,,,,,,,,,,,,,,,,,,,,,,,,,,,,,,,,,,,,,,,,
,MultiPolygon,-46.5836538,-22.9148354,,,,wood,,,,,,Floresta Ombrófila Densa,,,,,,,,,,,,,,,,,,,,,,,,,,,,,,,,,,,,,,,,,,,,
,MultiPolygon,-46.5893041,-22.9312444,,,,wood,,,,,,Floresta Ombrófila Densa,,,,,,,,,,,,,,,,,,,,,,,,,,,,,,,,,,,,,,,,,,,,
,MultiPolygon,-46.5756544,-22.9355999,,,,wood,,,,,,Floresta Ombrófila Densa,,,,,,,,,,,,,,,,,,,,,,,,,,,,,,,,,,,,,,,,,,,,
,MultiPolygon,-46.586493,-22.9221159,,,,wood,,,,,,,,,,,,,,,,,,,,,,,,,,,,,,,,,,,,,,,,,,,,,,,,,,
,MultiPolygon,-46.589621,-22.9180468,,,,wood,,,,,,,,,,,,,,,,,,,,,,,,,,,,,,,,,,,,,,,,,,,,,,,,,,
,MultiPolygon,-46.7265341,-22.8533134,,,,wood,,,,,,Floresta Ombrófila Densa,,,,,,,,,,,,,,,,,,,,,,,,,,,,,,,,,,,,,,,,,,,,
,MultiPolygon,-46.5367886,-22.9768158,,,,wood,,,,,,,,,,,,,,,,,,,,,,,,,,,,,,,,,,,,,,,,,,,,,,,,,,
,MultiPolygon,-46.5367518,-22.9767065,,,,wood,,,,,,,,,,,,,,,,,,,,,,,,,,,,,,,,,,,,,,,,,,,,,,,,,,
,MultiPolygon,-46.5372038,-22.9766818,,,,wood,,,,,,,,,,,,,,,,,,,,,,,,,,,,,,,,,,,,,,,,,,,,,,,,,,
,MultiPolygon,-46.5367165,-22.9763969,,,,wood,,,,,,,,,,,,,,,,,,,,,,,,,,,,,,,,,,,,,,,,,,,,,,,,,,
,MultiPolygon,-46.5362026,-22.9760454,,,,wood,,,,,,,,,,,,,,,,,,,,,,,,,,,,,,,,,,,,,,,,,,,,,,,,,,
,MultiPolygon,-46.5348727,-22.978044,,,,wood,,,,,,,,,,,,,,,,,,,,,,,,,,,,,,,,,,,,,,,,,,,,,,,,,,
,MultiPolygon,-46.5347722,-22.9776699,,,,wood,,,,,,,,,,,,,,,,,,,,,,,,,,,,,,,,,,,,,,,,,,,,,,,,,,
,MultiPolygon,-46.5350402,-22.9787587,,,,wood,,,,,,,,,,,,,,,,,,,,,,,,,,,,,,,,,,,,,,,,,,,,,,,,,,
,MultiPolygon,-46.5339011,-22.979829,,,,wood,,,,,,,,,,,,,,,,,,,,,,,,,,,,,,,,,,,,,,,,,,,,,,,,,,
,MultiPolygon,-46.5340584,-22.9786183,,,,wood,,,,,,,,,,,,,,,,,,,,,,,,,,,,,,,,,,,,,,,,,,,,,,,,,,
,MultiPolygon,-46.5335204,-22.9808447,,,,wood,,,,,,,,,,,,,,,,,,,,,,,,,,,,,,,,,,,,,,,,,,,,,,,,,,
,MultiPolygon,-46.5339233,-22.9808972,,,,wood,,,,,,,,,,,,,,,,,,,,,,,,,,,,,,,,,,,,,,,,,,,,,,,,,,
,MultiPolygon,-46.5348096,-22.9787164,,,,wood,,,,,,,,,,,,,,,,,,,,,,,,,,,,,,,,,,,,,,,,,,,,,,,,,,
,MultiPolygon,-46.5346619,-22.9786561,,,,wood,,,,,,,,,,,,,,,,,,,,,,,,,,,,,,,,,,,,,,,,,,,,,,,,,,
,MultiPolygon,-46.5359015,-22.9770726,,,,wood,,,,,,,,,,,,,,,,,,,,,,,,,,,,,,,,,,,,,,,,,,,,,,,,,,
,MultiPolygon,-46.5364558,-22.976746,,,,wood,,,,,,,,,,,,,,,,,,,,,,,,,,,,,,,,,,,,,,,,,,,,,,,,,,
,MultiPolygon,-46.5365359,-22.9766254,,,,wood,,,,,,,,,,,,,,,,,,,,,,,,,,,,,,,,,,,,,,,,,,,,,,,,,,
,MultiPolygon,-46.5361147,-22.9764616,,,,wood,,,,,,,,,,,,,,,,,,,,,,,,,,,,,,,,,,,,,,,,,,,,,,,,,,
,MultiPolygon,-46.5362806,-22.9762747,,,,wood,,,,,,,,,,,,,,,,,,,,,,,,,,,,,,,,,,,,,,,,,,,,,,,,,,
,MultiPolygon,-46.5347861,-22.9770434,,,,wood,,,,,,,,,,,,,,,,,,,,,,,,,,,,,,,,,,,,,,,,,,,,,,,,,,
,MultiPolygon,-46.5346992,-22.9792039,,,,wood,,,,,,,,,,,,,,,,,,,,,,,,,,,,,,,,,,,,,,,,,,,,,,,,,,
,MultiPolygon,-46.5312284,-22.9863271,,,,water,,pond,,,,,,,,,,,,,,,,,,,,,,,,,,,,,,,,,,,,,,,,,,,,,,,,
,MultiPolygon,-46.56144,-22.9652593,,,,water,,pond,,,,,,,,,,,,,,,,,,,,,,,,,,,,,,,,,,,,,,,,,,,,,,,,
,MultiPolygon,-46.5603096,-22.9648842,,,,water,,pond,,,,,,,,,,,,,,,,,,,,,,,,,,,,,,,,,,,,,,,,,,,,,,,,
,MultiPolygon,-46.5631917,-22.9637492,,,,water,,pond,,,,,,,,,,,,,,,,,,,,,,,,,,,,,,,,,,,,,,,,,,,,,,,,
,MultiPolygon,-46.5640339,-22.9635236,,,,water,,pond,,,,,,,,,,,,,,,,,,,,,,,,,,,,,,,,,,,,,,,,,,,,,,,,
,MultiPolygon,-46.5636287,-22.963698,,,,water,,,,,,,,,,,,,,,,,,,,,,,,,,,,,,,,,,,,,,,,,,,,,,,,,,
,MultiPolygon,-46.4931718,-22.9864979,,,,water,,pond,,,,,,,,,,,,,,,,,,,,,,,,,,,,,,,,,,,,,,,,,,,,,,,,
,MultiPolygon,-46.4932768,-22.9883019,,,,water,,pond,,,,,,,,,,,,,,,,,,,,,,,,,,,,,,,,,,,,,,,,,,,,,,,,
,MultiPolygon,-46.4932928,-22.9878149,,,,water,,pond,,,,,,,,,,,,,,,,,,,,,,,,,,,,,,,,,,,,,,,,,,,,,,,,
,MultiPolygon,-46.4925527,-22.985342,,,,water,,pond,,,,,,,,,,,,,,,,,,,,,,,,,,,,,,,,,,,,,,,,,,,,,,,,
,MultiPolygon,-46.5262286,-23.0383554,,,,water,,pond,,,,,,,,,,,,,,,,,,,,,,,,,,,,,,,,,,,,,,,,,,,,,,,,
,MultiPolygon,-46.5277497,-23.0366997,,,,water,,pond,,,,,,,,,,,,,,,,,,,,,,,,,,,,,,,,,,,,,,,,,,,,,,,,
,MultiPolygon,-46.53056,-23.0413934,,,,water,,pond,,,,,,,,,,,,,,,,,,,,,,,,,,,,,,,,,,,,,,,,,,,,,,,,
,MultiPolygon,-46.5309065,-23.0402091,,,,water,,pond,,,,,,,,,,,,,,,,,,,,,,,,,,,,,,,,,,,,,,,,,,,,,,,,
,MultiPolygon,-46.5303016,-23.0402465,,,,water,,pond,,,,,,,,,,,,,,,,,,,,,,,,,,,,,,,,,,,,,,,,,,,,,,,,
,MultiPolygon,-46.5308415,-23.040467,,,,water,,pond,,,,,,,,,,,,,,,,,,,,,,,,,,,,,,,,,,,,,,,,,,,,,,,,
,MultiPolygon,-46.5309567,-23.0403122,,,,water,,pond,,,,,,,,,,,,,,,,,,,,,,,,,,,,,,,,,,,,,,,,,,,,,,,,
,MultiPolygon,-46.5308524,-23.040606,,,,water,,pond,,,,,,,,,,,,,,,,,,,,,,,,,,,,,,,,,,,,,,,,,,,,,,,,
,MultiPolygon,-46.5231493,-22.9161762,,,,water,,,,,,,,,,,,,,,,,,,,,,,,,,,,,,,,,,,,,,,,,,,,,,,,,,
,MultiPolygon,-46.522753,-22.9167597,,,,,,,,,,,,,,,,,,,,,,,,,,,,,,,,,,,,,,,,,,,,,,,islet,,,,,,,
,MultiPolygon,-46.5411043,-22.9702956,,,,wood,,,,,,,,,,,,,,,,,,,,,,,,,,,,,,,,,,,,,,,,,,,,,,,,,,
,MultiPolygon,-46.540938,-22.9703647,,,,wood,,,,,,,,,,,,,,,,,,,,,,,,,,,,,,,,,,,,,,,,,,,,,,,,,,
,MultiPolygon,-46.5453951,-22.9740545,Praça Elza Aparecida Garcia Mendes dos Santos,,,wood,,,,,,,,,,,,,,,,,,,,,,,,,,,,,,,,,,,,,,,,,,,,,,,,,,
,MultiPolygon,-46.5230502,-22.9650274,Mirante do Colinas da Mantiqueira,,park,,,,,,,,,,,,,,,,,,,,,,,,,,,,,,,,,,,,,,,,,,,,,,,,,,,
,MultiPolygon,-46.5398931,-22.9479609,PRACA,,park,,,,,,,,,,,,Rua Campos Salles,,,,,,,,,,,,,,,,,,,,,,,,,,,,,,,,,,,,,,,
,MultiPolygon,-46.5586281,-22.944368,,,,wood,,,,,,,,,,,,,,,,,,,,,,,,,,,,,,,,,,,,,,,,,,,,,,,,,,
,MultiPolygon,-46.5589381,-22.9439385,,,park,,,,,,,,,,,,,,,,,,,,,,,,,,,,,,,,,,,,,,,,,,,,,,,,,,,
,MultiPolygon,-46.5605758,-22.9432852,,,,wood,,,,,,,,,,,,,,,,,,,,,,,,,,,,,,,,,,,,,,,,,,,,,,,,,,
,MultiPolygon,-46.4285383,-22.917108,,,,water,,river,,,,,,,,,,,,,,,,,,,,,,,,,,,,,,,,,,,,,,,,,,,,,,,,
,MultiPolygon,-46.4154776,-22.8763988,,,,wood,,,,,,,,,,,,,,,,,,,,,,,,,,,,,,,,,,,,,,,,,,,,,,,,,,
,MultiPolygon,-46.4054874,-22.8678874,,,,wood,,,,,,,,,,,,,,,,,,,,,,,,,,,,,,,,,,,,,,,,,,,,,,,,,,
,MultiPolygon,-46.4087528,-22.8555762,,,,wood,,,,,,,,,,,,,,,,,,,,,,,,,,,,,,,,,,,,,,,,,,,,,,,,,,
,MultiPolygon,-46.4321508,-22.8586177,,,,wood,,,,,,,,,,,,,,,,,,,,,,,,,,,,,,,,,,,,,,,,,,,,,,,,,,
,MultiPolygon,-46.4259882,-22.8566247,,,,wood,,,,,,,,,,,,,,,,,,,,,,,,,,,,,,,,,,,,,,,,,,,,,,,,,,
,MultiPolygon,-46.4168741,-22.9058313,,,,wood,,,,,,,,,,,,,,,,,,,,,,,,,,,,,,,,,,,,,,,,,,,,,,,,,,
,MultiPolygon,-46.411957,-22.9029368,,,,wood,,,,,,,,,,,,,,,,,,,,,,,,,,,,,,,,,,,,,,,,,,,,,,,,,,
,MultiPolygon,-46.4257319,-22.9202596,,,,wood,,,,,,,,,,,,,,,,,,,,,,,,,,,,,,,,,,,,,,,,,,,,,,,,,,
,MultiPolygon,-46.4254599,-22.9183625,,,,wood,,,,,,,,,,,,,,,,,,,,,,,,,,,,,,,,,,,,,,,,,,,,,,,,,,
,MultiPolygon,-46.6034925,-22.9092815,,,,water,,,,,,,,,,,,,,,,,,,,,,,,,,,,,,,,,,,,,,,,,,,,,,,,,,
,MultiPolygon,-46.4777307,-22.910275,,,,water,,,,,,,,,,,,,,,,,,,,,,,,,,,,,,,,,,,,,,,,,,,,,,,,,,
,MultiPolygon,-46.5762134,-22.9764143,,,,water,,,,,,,,,,,,,,,,,,,,,,,,,,,,,,,,,,,,,,,,,,,,,,,,,,
,MultiPolygon,-46.5753765,-22.9758118,,,,water,,,,,,,,,,,,,,,,,,,,,,,,,,,,,,,,,,,,,,,,,,,,,,,,,,
,MultiPolygon,-46.5441003,-22.9749895,,,,wood,,,,,,,,,,,,,,,,,,,,,,,,,,,,,,,,,,,,,,,,,,,,,,,,,,
,MultiPolygon,-46.6375567,-23.0091248,Aeródromo Vale Eldorado - Doutor José de Aguiar Leme,,,,aerodrome,,,,,,,,,,,,,,,,,,,,,,SDVH,,,,,,,,,,,,,,,,,,,,,,,,,,,
,MultiPolygon,-46.6485893,-23.0083407,Aeródromo Fazenda Dumont - Chiquinho Ribeiro,,,,aerodrome,,,,,,,,,,,,,,,,,,,,,,SIGL,,,,,,,,,,,,,,,,,,,,,,,,,,,
,MultiPolygon,-46.6442876,-23.0019506,,,,wood,,,,,,Floresta Ombrófila Densa,,,,,,,,,,,,,,,,,,,,,,,,,,,,,,,,,,,,,,,,,,,,
,MultiPolygon,-46.5055245,-23.0125663,,,,wood,,,,,,,,,,,,,,,,,,,,,,,,,,,,,,,,,,,,,,,,,,,,,,,,,,
,MultiPolygon,-46.5054393,-23.0122266,,,,wood,,,,,,,,,,,,,,,,,,,,,,,,,,,,,,,,,,,,,,,,,,,,,,,,,,
,MultiPolygon,-46.5054055,-23.0126649,,,,wood,,,,,,,,,,,,,,,,,,,,,,,,,,,,,,,,,,,,,,,,,,,,,,,,,,
,MultiPolygon,-46.5068049,-23.0128481,,,,wood,,,,,,,,,,,,,,,,house,,,,,,,,,,,,,,,,,,,,,,,,,,,,,,,,,,
,MultiPolygon,-46.5064207,-23.0129528,,,,wood,,,,,,,,,,,,,,,,house,,,,,,,,,,,,,,,,,,,,,,,,,,,,,,,,,,
,MultiPolygon,-46.5059976,-23.0130694,,,,water,,pond,,,,,,,,,,,,,,,,,,,,,,,,,,,,,,,,,,,,,,,,,,,,,,,,
,MultiPolygon,-46.5066664,-23.013118,,,,water,,pond,,,,,,,,,,,,,,,,,,,,,,,aquaculture,,,,,,,,,,,,,,,,,,,,,,,,,
,MultiPolygon,-46.5066664,-23.013118,,,,water,,pond,,,,,,,,,,,,,,,,,,,,,,,aquaculture,,,,,,,,,,,,,,,,,,,,,,,,,
,MultiPolygon,-46.5064172,-23.0132133,,,,water,,pond,,,,,,,,,,,,,,,,,,,,,,,aquaculture,,,,,,,,,,,,,,,,,,,,,,,,,
,MultiPolygon,-46.5064172,-23.0132133,,,,water,,pond,,,,,,,,,,,,,,,,,,,,,,,aquaculture,,,,,,,,,,,,,,,,,,,,,,,,,
,MultiPolygon,-46.5064206,-23.0130754,,,,water,,pond,,,,,,,,,,,,,,,,,,,,,,,,,,,,,,,,,,,,,,,,,,,,,,,,
,MultiPolygon,-46.5052805,-23.0127665,,,,wood,,,,,,,,,,,,,,,,,,,,,,,,,,,,,,,,,,,,,,,,,,,,,,,,,,
,MultiPolygon,-46.5045815,-23.0127683,,,,wood,,,,,,,,,,,,,,,,,,,,,,,,,,,,,,,,,,,,,,,,,,,,,,,,,,
,MultiPolygon,-46.504868,-23.0128217,,,,wood,,,,,,,,,,,,,,,,,,,,,,,,,,,,,,,,,,,,,,,,,,,,,,,,,,
,MultiPolygon,-46.5042871,-23.0131875,,,,wood,,,,,,,,,,,,,,,,,,,,,,,,,,,,,,,,,,,,,,,,,,,,,,,,,,
,MultiPolygon,-46.5049965,-23.0137293,,,,wood,,,,,,,,,,,,,,,,,,,,,,,,,,,,,,,,,,,,,,,,,,,,,,,,,,
,MultiPolygon,-46.5422253,-22.968321,Praça da Poesia Poeta Oswaldo de Camargo,,park,,,,,,,,,,,,,,,,,,,,,,,,,,,,,,,,,,,,,,,,,,,,,,,,,,,
,MultiPolygon,-46.6888029,-22.9429937,,,,wood,,,,,,,,,,,,,,,,,,,,,,,,,,,,,,,,,,,,,,,,,,,,,,,,,,
,MultiPolygon,-46.5392272,-22.9697,Praça Jan Tomas Bata,,park,,,,,,,,,,,,,,,,,,,,,,,,,,,,,,,,,,,,,,,,,,,,,,,,,,,
,MultiPolygon,-46.5501055,-22.9829432,Praça Plaza del Toros,,park,,,,,,,,,,,,,,,,,,,,,,,,,,,,,,,,,,,,,,,,,,,,,,,,,,,
,MultiPolygon,-46.5516339,-22.9829327,Praça Gibraltar,,park,,,,,,,,,,,,,,,,,,,,,,,,,,,,,,,,,,,,,,,,,,,,,,,,,,,
,MultiPolygon,-46.5448453,-22.9726373,Praça Hélio Russo,,,wood,,,,,,,,,,,,,,,,,,,,,,,,,,,,,,,,,,,,,,,,,,,,,,,,,,
,MultiPolygon,-46.5414497,-22.9766949,Praça Doutor João Baptista Ciuffo,,park,,,,,,,,,,,,,,,,,,,,,,,,,,,,,,,,,,,,,,,,,,,,,,,,,,,
,MultiPolygon,-46.5405351,-22.9694518,,,park,,,,,,,,,,,,,,,,,,,,,,,,,,,,,,,,,,,,,,,,,,,,,,,,,,,
,MultiPolygon,-46.5410703,-22.9825535,,,park,,,,,,,,,,,,,,,,,,,,,,,,,,,,,,,,,,,,,,,,,,,,,,,,,,,