ID,Name,City,State,Current_Image_URL,Current_Source,Wikipedia_URL,Wikidata_ID,Website,Reference_Links,RAG_Wikipedia,RAG_Official,Potential_Sources
"abec822c-5b38-47de-9621-6069f5ad4b7c","Âncora","Florianópolis","SC","","unknown","","","","","","",""
"87cd0039-0b71-41b4-8f91-4c21deed09dd","Museu do Bonsai","Rio de Janeiro","RJ","","unknown","","","","","","",""
"425bb753-a794-43a4-9507-bffafafa6098","Teatro do América","Rio de Janeiro","RJ","","unknown","","","","","","",""
"59ac6763-337d-4383-ae68-b7d97ed33630","Teatro Municipal Cacilda Becker","São Bernardo do Campo","SP","","unknown","","","","","","","reference_links"
"6b9013df-b350-4383-8696-72c94ca549c5","Castelo Monalisa","Belo Horizonte","BH","","unknown","","","","","","",""
"afd9df28-0522-441f-a2c6-6ae77f7ac44d","Galeria de Arte","Rio de Janeiro","RJ","","unknown","","","","","","",""
"5ab4b312-abda-4c81-94ae-1f8dcc168663","Anfitrião","Rio de Janeiro","RJ","","unknown","","","","","","",""
"06aea487-25a3-4859-a68d-50fcd5a27406","Monumento","Florianópolis","SC","","unknown","","","","","","",""
"576234e6-7ad9-4616-a043-ac09b0e4f4a2","Alto da Bandeira","Rio de Janeiro","RJ","","unknown","","","","","","",""
"f429333e-ce25-4628-b10a-104becc0ffe8","Viela Das Lavadeiras","Embu Das Artes","null","https://tysnkzmljlmmqpbotkxv.supabase.co/storage/v1/object/public/travel-app-images/ChIJfx7_c2-rz5QRHmyZiJBjj3c/ChIJfx7_c2-rz5QRHmyZiJBjj3c_1751983013384_1.jpg","unknown","","","","","","",""
"8350bd10-865c-42cb-8c4f-7fd6d136ca8e","Castelinho do Flamengo","Rio de Janeiro","RJ","https://tysnkzmljlmmqpbotkxv.supabase.co/storage/v1/object/public/travel-app-images/wikimedia-8350bd10/castelinho-do-flamengo-filecastelinho-do-fl-1757526282332-1.jpg","unknown","","","","","","",""
"10e4cb31-a2ee-4b68-b11d-51d99500197b","Hijas de la Caridad de San Vicente de Paúl","Barcelona","null","https://tysnkzmljlmmqpbotkxv.supabase.co/storage/v1/object/public/travel-app-images/ChIJq07THzqYpBIRBvZgUSUMaJg/ChIJq07THzqYpBIRBvZgUSUMaJg_1751574922568_1.jpg","unknown","","","https://www.hijascaridadee.org/es","","","","website"
"63c984b1-1de6-4fd3-86e4-14667ec45617","Baie des Tortues 🐢","Rio de Janeiro","RJ","","unknown","","","","","","",""
"d96c482b-f704-4528-92b6-b8931999b69b","Pórtico do Monte Aghá II","Vitória","ES","","unknown","","","","","","",""
"c030ba9f-d012-44a1-9ace-077037fa914c","Mirante Boa Vista","Rio de Janeiro","RJ","","unknown","","","","","","",""
"b8f31105-7ac5-45cc-9cf8-61a89c986fc4","Estátua Professor Francisco José de Abreu Matos","Fortaleza","CE","","unknown","","","","","","",""
"b49058fd-ee3f-40f9-aec5-c45e82300f6f","Mirante Perigoso Pescador","Rio de Janeiro","RJ","","unknown","","","","","","",""
"1704efb6-8e3e-41d9-8aae-6c15f22c3b65","Auditório Madureira","Rio de Janeiro","RJ","","unknown","","","","","","",""
"6a7c7d20-d1c9-418e-8843-1020c609a345","Coreto","Rio de Janeiro","RJ","","unknown","","","","","","",""
"03d8e5b0-51c9-4872-b5a9-9613e87da715","Pico do Forte","Rio de Janeiro","RJ","","unknown","","","","","","",""
"6382b50c-4068-4b2a-acdc-6687b06c4f39","Centro Cultural de España","Ciudad De México","null","https://tysnkzmljlmmqpbotkxv.supabase.co/storage/v1/object/public/travel-app-images/ChIJzymm6zL50YURWvnP3esvBAo/ChIJzymm6zL50YURWvnP3esvBAo_1757334415912_1.jpg","unknown","","","http://www.ccemx.org/","","","","website"
"bc61f315-cf4d-4b93-b446-499042427579","Mercado Sonora","Ciudad De México","null","https://tysnkzmljlmmqpbotkxv.supabase.co/storage/v1/object/public/travel-app-images/ChIJZ2lB4Mf-0YUR1xUYsitgvN8/ChIJZ2lB4Mf-0YUR1xUYsitgvN8_1757332350722_1.jpg","unknown","","","https://mercadosonora.com.mx/","","","","website"
"7ebfda6d-fb43-4cd4-987a-26fc27e2fda5","Estadio Sargento Pedraza","Ciudad De México","null","https://tysnkzmljlmmqpbotkxv.supabase.co/storage/v1/object/public/travel-app-images/ChIJkRd-FgAD0oURI4j3rMEd9GA/ChIJkRd-FgAD0oURI4j3rMEd9GA_1757334430993_1.jpg","unknown","","","","","","",""
"9afab65c-effb-4608-afbf-a3feaef65d56","Iglesia de San Medir","Barcelona","null","https://tysnkzmljlmmqpbotkxv.supabase.co/storage/v1/object/public/travel-app-images/ChIJAfjUHZuYpBIRIIBDFaTdA2s/ChIJAfjUHZuYpBIRIIBDFaTdA2s_1751571160538_1.jpg","unknown","","","http://parroquiasantmedir.cat/","","","","website"
"a440cfe9-74c2-4d73-ad84-268e4961d0e2",""Abstracción Integrada" de Carlos Mérida","Ciudad De México","null","https://tysnkzmljlmmqpbotkxv.supabase.co/storage/v1/object/public/travel-app-images/ChIJL1qfRgoAzoURp0oxVkj9hqE/ChIJL1qfRgoAzoURp0oxVkj9hqE_1757332346708_1.jpg","unknown","","","","","","",""
"da74ea67-d686-4409-8c75-1c3ef09e17bd","Iglesia bíblica Ebenezer","Barcelona","null","https://tysnkzmljlmmqpbotkxv.supabase.co/storage/v1/object/public/travel-app-images/ChIJ4xsIo8KipBIRyFHDWdybMxU/ChIJ4xsIo8KipBIRyFHDWdybMxU_1751571365954_1.jpg","unknown","","","http://www.iglesiabiblicaebenezer.org/","","","","website"
"fd2b398e-4d81-41a6-a1d4-5475f12f19ed","Metzonalli Park","Ciudad De México","null","https://tysnkzmljlmmqpbotkxv.supabase.co/storage/v1/object/public/travel-app-images/ChIJIeTkB3gBzoURpYknf2jyyQE/ChIJIeTkB3gBzoURpYknf2jyyQE_1757334422034_1.jpg","unknown","","","","","","",""
"14538dea-ffdc-42c0-b57a-cd3fff39c398","Biblioteca Popular de Santa Cruz","Rio de Janeiro","RJ","","unknown","","","","","","",""
"1f9ec345-88a9-4d31-9fdd-4d670545f3b9","Letreiro de Sobral","Fortaleza","CE","","unknown","","","","","","",""
"b861973e-e260-4c41-9a37-18b8219bfe28","Mirante da Pedra do Morcego","Rio de Janeiro","RJ","","unknown","","","","","","",""
"580d4785-87e6-4c0c-95e3-85c4a539bc7a","Monumento A Raúl Anguiano","Ciudad De México","null","https://tysnkzmljlmmqpbotkxv.supabase.co/storage/v1/object/public/travel-app-images/ChIJt-qNBiT_0YUR0QDXfCzuSi4/ChIJt-qNBiT_0YUR0QDXfCzuSi4_1757332354481_1.jpg","unknown","","","","","","",""
"405bf2cf-53dc-4f65-8715-7d29b630b364","Museu Judaico","Rio de Janeiro","RJ","","unknown","","","","","","",""
"91365bd9-9ff6-4463-b22d-3e98db5ff9f8","Teatro Prudential","Rio de Janeiro","RJ","","unknown","","","","","","",""
"f47d6547-09e5-4f96-a1a2-08d6caa0a868",""Carpatos" Public Park","Ciudad De México","null","https://tysnkzmljlmmqpbotkxv.supabase.co/storage/v1/object/public/travel-app-images/ChIJS-jAs5MB0oUR9X9--y9Wppo/ChIJS-jAs5MB0oUR9X9--y9Wppo_1757333029955_1.jpg","unknown","","","","","","",""
"836ace3c-30d1-444b-a984-6b3442a0c629","Лагуна у мангровых зарослей","Rio de Janeiro","RJ","","unknown","","","","","","",""
"766d3af0-c3c2-40d4-a865-1811aa901871","Island of the Dolls","Ciudad De México","null","https://tysnkzmljlmmqpbotkxv.supabase.co/storage/v1/object/public/travel-app-images/ChIJ_12j-sIDzoURzW-hj3pj3PU/ChIJ_12j-sIDzoURzW-hj3pj3PU_1757334433794_1.jpg","unknown","","","http://www.isladelasmunecas.com/","","","","website"
"5c7a1a89-dd86-4327-ba54-38279cc478af","Iglesia de los Hogares Mundet","Barcelona","null","https://tysnkzmljlmmqpbotkxv.supabase.co/storage/v1/object/public/travel-app-images/wikipedia-5c7a1a89/iglesia-de-los-hogares-mundet-fitxeravesvg-1757529786156-1.svg","wikipedia","https://ca.wikipedia.org/wiki/Estaci%C3%B3_de%20Mundet","Q2226449","https://www.manuelsoler.com/intranet.html","","","","wikipedia;wikidata;website"
"0d98f9d8-047d-4e27-8964-2d68c9933c91","Pedra do Quita","Belo Horizonte","BH","","unknown","","","","","","",""
"7580af7c-fb0e-4bfc-a178-39f23fa5d2a4","Centro de investigacion Paranormal CEPA","Ciudad De México","null","https://tysnkzmljlmmqpbotkxv.supabase.co/storage/v1/object/public/travel-app-images/ChIJdfYkmd4DzoUR3YcnsP3P7uU/ChIJdfYkmd4DzoUR3YcnsP3P7uU_1757334436855_1.jpg","unknown","","","","","","",""
"564e0003-0640-4cf1-8915-a80cffaf0191","Museo Regional Tláhuac","Ciudad De México","null","https://tysnkzmljlmmqpbotkxv.supabase.co/storage/v1/object/public/travel-app-images/ChIJpWjpqIEdzoUR_5NQ84zJNiI/ChIJpWjpqIEdzoUR_5NQ84zJNiI_1757334454492_1.jpg","unknown","","","http://cdmxtravel.com/es/lugares/museo-regional-de-tlahuac.html","","","","website"
"d145946f-1d05-4565-9dac-4cbf567d9ff6","Monumento a João Batista das Neves et al.","Rio de Janeiro","RJ","","unknown","","","","","","",""
"942ee84e-9879-4d1f-9980-0ba0da8f7267","Alto das Laranjeiras","Rio de Janeiro","RJ","","unknown","","","","","","",""
"fdf4741a-8596-4644-b08d-39887445b852","Iglesia de los Padres Camilos","Barcelona","null","https://tysnkzmljlmmqpbotkxv.supabase.co/storage/v1/object/public/travel-app-images/ChIJ0wTTsPuipBIRT6TJBUt4HIg/ChIJ0wTTsPuipBIRT6TJBUt4HIg_1751568676161_1.jpg","unknown","","","","","","",""
"3f5f9ac2-cb2f-4f89-b94b-cd95f624e228","Pedra Hime","Rio de Janeiro","RJ","","unknown","","","","","","",""
"8aeacbef-0af7-4ac7-bc07-7a41e9c79b90","Pedra Grande","Rio de Janeiro","RJ","","unknown","","","","","","",""
"393198e1-d957-454b-864d-e5ed9f5a61f8","Pedra da Quintanilha","Rio de Janeiro","RJ","","unknown","","","","","","",""
"665b0690-9f98-4624-99c4-5ecb5784f39c","Pedra do Calhariz","Rio de Janeiro","RJ","","unknown","","","","","","",""
"0b285b8b-7c0f-4e16-ab92-f0f52df3eb91","Morro do Pau da Fome","Rio de Janeiro","RJ","","unknown","","","","","","",""
"ad99acb6-b75c-4f7e-b730-fb8e831405f3","Iglesia de San Francisco Javier","Barcelona","null","https://tysnkzmljlmmqpbotkxv.supabase.co/storage/v1/object/public/travel-app-images/ChIJq1xQ30O9pBIRbgO_3soBpzM/ChIJq1xQ30O9pBIRbgO_3soBpzM_1751574366495_1.jpg","unknown","","","https://esglesia.barcelona/es/parroquies/sant-francesc-xavier/","","","","website"
"309e787e-2157-4b05-a772-fab5bb1486a6","Torre de Pisa","Rio de Janeiro","RJ","","unknown","","","","","","",""
"33d350d9-c387-42a0-950c-58fdba2f9eaf","Museo Regional","Ciudad De México","null","https://tysnkzmljlmmqpbotkxv.supabase.co/storage/v1/object/public/travel-app-images/ChIJw0O77bAczoURlvZjcs4AtG4/ChIJw0O77bAczoURlvZjcs4AtG4_1757334447249_1.jpg","unknown","","","https://mexicocity.cdmx.gob.mx/venues/cuitlahuac-regional-community-museum/?lang=es","","","","website"
"67435123-960a-4064-8dba-a92159776c44","Morro da Viração","Rio de Janeiro","RJ","","unknown","","","","","","",""
"138c6e52-7ea2-4470-bb08-79ebcdd147b7","Mirante do Joá","Rio de Janeiro","RJ","","unknown","","","","","","",""
"e7751182-d248-441e-bfa3-841b53d301a1","Miguel","Rio de Janeiro","RJ","","unknown","","","","","","",""
"903cbf35-9ecd-4863-a875-cc36c5518955","Aos Herois de Laguna e Dourados","Rio de Janeiro","RJ","https://tysnkzmljlmmqpbotkxv.supabase.co/storage/v1/object/public/travel-app-images/wikimedia-903cbf35/aos-herois-de-laguna-e-dourado-fileat-rio-de-janeir-1757526293287-1.jpg","unknown","","","","","","",""
"86f1d2ce-6611-459c-81e8-59488a0d737c","Jardines de Gandhi","Barcelona","null","https://tysnkzmljlmmqpbotkxv.supabase.co/storage/v1/object/public/travel-app-images/ChIJy82YPkGjpBIRgEVRH-H6AA8/ChIJy82YPkGjpBIRgEVRH-H6AA8_1751567341178_1.jpg","unknown","","","","","","",""
"b898b0e1-d6a0-413e-9ee9-4f34db3d0b13","Belvedere Sonda","Porto Alegre","RS","","unknown","","","","","","",""
"9ac374d4-8eeb-4365-97fb-b6e805d21292","Depósito del Rey Martín","Barcelona","null","https://tysnkzmljlmmqpbotkxv.supabase.co/storage/v1/object/public/travel-app-images/ChIJtfl3ThaYpBIRs0QBTUMOZ2A/ChIJtfl3ThaYpBIRs0QBTUMOZ2A_1751574740390_1.jpg","unknown","","","https://www.barcelona.cat/es/coneixbcn/pics/el-diposit-del-rei-marti-99400391048","","","","website"
"4844183c-7d19-4dcc-9055-aee700aaab2b","Irmão Menor","Rio de Janeiro","RJ","","unknown","","","","","","",""
"f8a99329-4b0f-4e7e-b83b-b94a644b93c1","Pedra da Gávea","Rio de Janeiro","RJ","https://tysnkzmljlmmqpbotkxv.supabase.co/storage/v1/object/public/travel-app-images/wikimedia-f8a99329/pedra-da-gvea-filegroup-6p1050470--1757526299884-1.jpg","unknown","","","","","","",""
"88f019bd-eb53-410d-92b0-7f3aaeebd611","Morro dos Cabritos","Rio de Janeiro","RJ","","unknown","","","","","","",""
"4c0191e2-b3ee-467a-8409-2149e9d77bc4","Busto de....","Região de PB","PB","","unknown","","","","","","",""
"511759b4-8d71-4b28-9614-5239e3a0bffd","Morro de São João","Rio de Janeiro","RJ","","unknown","","","","","","",""
"15fc5ee2-133f-43cf-a760-a4ba952234b2","Morro da Babilônia","Rio de Janeiro","RJ","","unknown","","","","","","",""
"7fba7757-a9e2-4fe4-9374-4b93ba01e942","Morro Dona Marta","Rio de Janeiro","RJ","","unknown","","","","","","",""
"c786721c-39e2-46a7-a411-813e25a8d12f","Pedra Bonita","Rio de Janeiro","RJ","https://tysnkzmljlmmqpbotkxv.supabase.co/storage/v1/object/public/travel-app-images/wikimedia-c786721c/pedra-bonita-filegroup-6p1050470--1757526837113-1.jpg","wikimedia_commons","","","","","","",""
"f326bbd7-e78f-4a2b-8b0f-fdb68dacf65f","Spotify Camp Nou","Barcelona","null","https://tysnkzmljlmmqpbotkxv.supabase.co/storage/v1/object/public/travel-app-images/wikipedia-f326bbd7/spotify-camp-nou-filebcnestadiolimpic-1757529793587-1.jpg","wikipedia","https://en.wikipedia.org/wiki/Camp_Nou","Q159848","https://www.fcbarcelona.cat/ca/club/installacions/spotify-camp-nou","","","","wikipedia;wikidata;website"
"1fb995c4-bbe2-42fb-b658-633a9debd794","Iglesia de San Juan de Horta","Barcelona","null","https://tysnkzmljlmmqpbotkxv.supabase.co/storage/v1/object/public/travel-app-images/ChIJPZoXukW9pBIRfnfQ1yQMel4/ChIJPZoXukW9pBIRfnfQ1yQMel4_1751574150515_1.jpg","unknown","","","https://esglesia.barcelona/es/parroquies/sant-joan-dhorta/","","","","website"
"042d1c4d-5b20-4f15-a131-92a586b59191","Pico dos Quatro","Rio de Janeiro","RJ","","unknown","","","","","","",""
"61247619-6640-4b3c-8d72-2ec9897c397c","Pontal de Sernambetiba","Rio de Janeiro","RJ","","unknown","","","","","","",""
"cdb04aad-6696-4d11-b1b5-2da79ef735ad","Iglesia de San Severo","Barcelona","null","https://tysnkzmljlmmqpbotkxv.supabase.co/storage/v1/object/public/travel-app-images/ChIJ7ZojyvmipBIRGEw4gkRGUVA/ChIJ7ZojyvmipBIRGEw4gkRGUVA_1751568649307_1.jpg","unknown","","","http://www.catedralbcn.org/index.php?option=com_content&view=article&id=42&Itemid=91&lang=es","","","","website"
"4aa2bbd3-6185-4a58-8c86-5dbefd3d5892","Chapel of San José del Altillo","Ciudad De México","null","https://tysnkzmljlmmqpbotkxv.supabase.co/storage/v1/object/public/travel-app-images/ChIJmVKNovr_0YURBsdoieMp5mE/ChIJmVKNovr_0YURBsdoieMp5mE_1757334470680_1.jpg","unknown","","","https://www.facebook.com/sanjose.delaltillo.12","","","","website"
"4e03a6ae-7f13-46e4-a1cc-8f01e83e8a2a","Clarice Lispector","Região de PB","PB","","unknown","","","","","","",""
"020394b9-7c3c-4f21-9664-76c0fb255be8","Pico da Marambaia","Rio de Janeiro","RJ","","unknown","","","","","","",""
"c116df41-35ae-4c5c-b3f4-05c9ab110ddf","Mexico City Metropolitan Cathedral","Ciudad De México","null","https://tysnkzmljlmmqpbotkxv.supabase.co/storage/v1/object/public/travel-app-images/ChIJ4a8nxjL50YURJ19RJ_A9T5E/ChIJ4a8nxjL50YURJ19RJ_A9T5E_1757334477123_1.jpg","unknown","","","https://catedralmetropolitana.mx/","","","","website"
"32923005-c9a0-4857-a295-2f3675fdf7fa","Morro da Viúva","Rio de Janeiro","RJ","","unknown","","","","","","",""
"20171f9a-64f7-4c9c-a192-853b3c30efd8","Morro do Cruzeiro","Rio de Janeiro","RJ","","unknown","","","","","","",""
"16723d13-ac43-4172-a7d6-fefc3c8e52ab","Museo de las casas baratas","Barcelona","null","https://tysnkzmljlmmqpbotkxv.supabase.co/storage/v1/object/public/travel-app-images/ChIJ4wJLVQq9pBIRagesJ5I5YOY/ChIJ4wJLVQq9pBIRagesJ5I5YOY_1751573080424_1.jpg","unknown","","","https://www.barcelona.cat/museuhistoria/es/patrimonios/muhba-presencial/muhba-bon-pastor","","","","website"
"c9809182-2f65-46b2-b98c-b5d5df294580","Monumento Almirante Júlio Cesar de Noronha","Rio de Janeiro","RJ","","unknown","","","","","","",""
"b22a57cb-8801-438f-b189-191f7b70bff1","Livraria Estação","Rio de Janeiro","RJ","","unknown","","","","","","",""
"db98ecbb-a481-4bce-a9b5-62110820accb","Sítio Forte","Rio de Janeiro","RJ","","unknown","","","","","","",""
"d7bc3f4f-a515-48e9-b142-f0876efd70c1","Iglesia de Santa Águeda","Barcelona","null","https://tysnkzmljlmmqpbotkxv.supabase.co/storage/v1/object/public/travel-app-images/ChIJx2APDfmipBIRKvX5QTvSGg8/ChIJx2APDfmipBIRKvX5QTvSGg8_1751568639939_1.jpg","unknown","","","http://museuhistoria.bcn.cat/","","","","website"
"a4f5db75-3cef-439a-96d4-db8ac3b94357","SANTA MARIA CHURCH NATIVITAS","Ciudad De México","null","https://tysnkzmljlmmqpbotkxv.supabase.co/storage/v1/object/public/travel-app-images/ChIJTXnosAcEzoUREQWiitkdl4g/ChIJTXnosAcEzoUREQWiitkdl4g_1757334490450_1.jpg","unknown","","","https://mexicocity.cdmx.gob.mx/venues/santa-maria-nativitas-de-zacapan/?lang=es","","","","website"
"2d9e62e7-85ea-4cd9-9bcd-1fb6c08c4322","Oi Futuro","Rio de Janeiro","RJ","","unknown","","","","","","",""
"5acbda1e-ef00-4655-ad37-5cb8d20c41a8","Parque de La Pau","Barcelona","null","https://tysnkzmljlmmqpbotkxv.supabase.co/storage/v1/object/public/travel-app-images/ChIJfU2I8qykpBIRbKmW-nIk5g8/ChIJfU2I8qykpBIRbKmW-nIk5g8_1751566013419_1.jpg","unknown","","","http://www.sant-adria.net/","","","","website"
"f5f2d783-8a3b-4387-93aa-e5ad5945b224","Monumento Frei Caneca","Região de PB","PB","","unknown","","","","","","",""
"cc9c0724-304b-4de7-9e38-19ec11cdf2d1","Estátua do Bellini","Rio de Janeiro","RJ","","unknown","","","","","","",""
"6d25593c-65de-4ac1-a62d-0e32f7d8d79c","Biblioteca El Clot - Josep Benet","Barcelona","null","https://tysnkzmljlmmqpbotkxv.supabase.co/storage/v1/object/public/travel-app-images/ChIJZ-pfryGjpBIRQaGzTE0IG80/ChIJZ-pfryGjpBIRQaGzTE0IG80_1751567411959_1.jpg","unknown","","","http://www.barcelona.cat/bibelclot","","","","website"
"dac4d5e0-aa9b-4ecd-a85d-560fd1baaf95","Santuário Nossa Senhora de Fátima","Rio de Janeiro","RJ","","unknown","","","","","","",""
"8b7adf1f-09b6-4ca5-8b79-92e5d798d3cb","Chapel of Santa Catarina","Ciudad De México","null","https://tysnkzmljlmmqpbotkxv.supabase.co/storage/v1/object/public/travel-app-images/ChIJS-4vd-j_0YUR4MatK_oZHmE/ChIJS-4vd-j_0YUR4MatK_oZHmE_1757334501711_1.jpg","unknown","","","","","","",""
"6c720677-974a-4b0e-ba0e-b8d8941226e7","SEMARNAT Parque San Antonio","Ciudad De México","null","https://tysnkzmljlmmqpbotkxv.supabase.co/storage/v1/object/public/travel-app-images/ChIJOYu5gtMB0oURYnaN9i6pH1w/ChIJOYu5gtMB0oURYnaN9i6pH1w_1757334590724_1.jpg","unknown","","","http://www.gob.mx/semarnat/articulos/recibe-la-semarnat-arboles-naturales-para-su-reciclaje","","","","website"
"c8c4a46b-fe29-4f83-a341-969033399fea","Playa del Besos","Barcelona","null","https://tysnkzmljlmmqpbotkxv.supabase.co/storage/v1/object/public/travel-app-images/ChIJDZ1Whq2kpBIRGjIsFLHcVkk/ChIJDZ1Whq2kpBIRGjIsFLHcVkk_1751566716097_1.jpg","unknown","","","","","","",""
"af636404-65d3-4153-ad9a-e497fafb7f0a","Mirante do Pasmado","Rio de Janeiro","RJ","","unknown","","","","","","",""
"ac5d5f18-71d0-4041-b7da-97774c94f4af","Morro Mundo Novo","Rio de Janeiro","RJ","","unknown","","","","","","",""
"d11bce36-392c-4617-aaa5-69c9487ca90b","Morro da Saudade","Rio de Janeiro","RJ","","unknown","","","","","","",""
"8d315ebc-9187-40b8-8197-cec085988ecd","Museu de Folclore Edison Carneiro","Rio de Janeiro","RJ","","unknown","","","","","","",""
"44512c47-6b78-4b2b-b038-ed657d2ca6ab","Poço dos Ingleses","Rio de Janeiro","RJ","","unknown","","","","","","",""
"e5a45b0f-457e-47b4-ba41-620bd85a6fb0","Museu do Corpo de Bombeiros","Rio de Janeiro","RJ","","unknown","","","","","","",""
"106ebdee-aebc-4a1f-b53a-7257236cd509","KidZania","Ciudad De México","null","https://tysnkzmljlmmqpbotkxv.supabase.co/storage/v1/object/public/travel-app-images/ChIJr1q4i8QA0oUREwt-m-rCTiI/ChIJr1q4i8QA0oUREwt-m-rCTiI_1757334510463_1.jpg","unknown","","","https://mexico.kidzania.com/mx-es","","","","website"
"7ec1d79b-3d9d-43a9-abd1-648cb28b4f69","Comunidade Ressaca do Guerrilha","Porto Alegre","RS","","unknown","","","","","","",""
"761d1ab3-b30d-4d2b-8c66-5ea6a40a605b","Parque Río Llobregat","Barcelona","null","https://tysnkzmljlmmqpbotkxv.supabase.co/storage/v1/object/public/travel-app-images/ChIJ3eaZiyefpBIRTadWgmaqrzo/ChIJ3eaZiyefpBIRTadWgmaqrzo_1751569607852_1.jpg","unknown","","","http://www.elprat.cat/coneixer/Llocs_inter/_7VkxCaTOLCONdHZjooO0Y67UM-3RYU4F2h8IyG5GfdSzKTgOhejRKA","","","","website"
"501659d6-f058-4290-82b6-671ac19cd1c2","Sala Cecília Meireles","Rio de Janeiro","RJ","https://tysnkzmljlmmqpbotkxv.supabase.co/storage/v1/object/public/travel-app-images/wikimedia-501659d6/sala-ceclia-meireles-fileat-rio-de-janeir-1757526846742-1.jpg","wikimedia_commons","","","","","","",""
"61ca0a15-3643-45f4-a9ac-75f82bc7bd37","Museu de la Música de Barcelona","Barcelona","null","https://tysnkzmljlmmqpbotkxv.supabase.co/storage/v1/object/public/travel-app-images/wikipedia-61ca0a15/museu-de-la-msica-de-barcelona-fitxerarbcom-ru-edit-1757529793527-1.svg","wikipedia","https://ca.wikipedia.org/wiki/Museu_de%20la%20M%C3%BAsica%20de%20Barcelona","Q5016197","https://ajuntament.barcelona.cat/museumusica/ca","","","","wikipedia;wikidata;website"
"cd2bc4da-ab3e-4c5c-b827-04c82d57e467","Antigo Cais Imperial","Rio de Janeiro","RJ","","unknown","","","","","","",""
"0572423b-2494-46ff-8450-8d0814a34147","Jardines de Ferran Soldevila","Barcelona","null","https://tysnkzmljlmmqpbotkxv.supabase.co/storage/v1/object/public/travel-app-images/ChIJbdAML2SYpBIR5zrRXTKteQY/ChIJbdAML2SYpBIR5zrRXTKteQY_1751570822054_1.jpg","unknown","","","http://www.ub.edu/museuvirtual/visitavirtualEH/index.php/es/conoce-el-jardin-ferran-soldevila/jardin-ferran-soldevila","","","","website"
"f4631382-c4f3-4c86-9089-eb062eec3628","Comunidade Lajeado Guerrilha","Porto Alegre","RS","","unknown","","","","","","",""
"aa66041a-45e7-476b-adfa-22c6b41849f4","B.P. Bangu - Cruz e Souza","Rio de Janeiro","RJ","","unknown","","","","","","",""
"826a9dfa-dc6e-4920-9d09-3f4b3139c0de","Biblioteca Popular de Bangu","Rio de Janeiro","RJ","","unknown","","","","","","",""
"a66f83e6-c691-4eef-8d8d-80e3770d4cca","Poço dos Soldados","Rio de Janeiro","RJ","","unknown","","","","","","",""
"f7b43a9c-a2c7-41b3-90c6-0046920efe0d","Mirante da Praia Preta","Rio de Janeiro","RJ","","unknown","","","","","","",""
"3c800f4c-2e23-48c7-bef0-615d8f0dc9f5","Poção","Rio de Janeiro","RJ","","unknown","","","","","","",""
"6505df9c-9cf7-4afb-9986-ba5786217dcc","Aqueduto","Rio de Janeiro","RJ","","unknown","","","","","","",""
"8b306aec-ea3e-44da-9996-dcf9e5518531","Pico da Tijuca","Rio de Janeiro","RJ","","unknown","","","","","","",""
"265d538a-5a6f-4223-8293-07fc754391e8","Praia","Rio de Janeiro","RJ","","unknown","","","","","","",""
"8e4453e2-7f72-41de-a318-2cb4b16e0fcb","Pedra da Babilônia","Rio de Janeiro","RJ","","unknown","","","","","","",""
"d60ecc2d-00a0-4542-a16f-c9f5fc560d3e","Jardín Centenario","Ciudad De México","null","https://tysnkzmljlmmqpbotkxv.supabase.co/storage/v1/object/public/travel-app-images/ChIJTYWIy9z_0YURddO8zJQYnqo/ChIJTYWIy9z_0YURddO8zJQYnqo_1757334516436_1.jpg","unknown","","","https://mexicocity.cdmx.gob.mx/venues/jardin-centenario/?lang=es","","","","website"
"ca42357d-973c-4075-99f5-bbd72729b9a8","Morro do Silvério","Rio de Janeiro","RJ","","unknown","","","","","","",""
"dc203b40-186b-47ae-9716-deee04e6b39c","Parroquia de Santa María del Taulat","Barcelona","null","https://tysnkzmljlmmqpbotkxv.supabase.co/storage/v1/object/public/travel-app-images/ChIJk07Ypz-jpBIR6VCJivxAdYw/ChIJk07Ypz-jpBIR6VCJivxAdYw_1751567360407_1.jpg","unknown","","","http://www.esglesiapoblenou.cat/","","","","website"
"e1d0ff3a-2c25-41e9-b23e-c4c6ffaec860","Gláucio Gil","Rio de Janeiro","RJ","","unknown","","","","","","",""
"f2e0dc01-4e0a-4290-a55b-c6d9c2cf0c9a","Teatro SESC - Madureira","Rio de Janeiro","RJ","","unknown","","","","","","",""
"446d767f-3774-45d0-9529-3dff823b3d53","Pedra do Archer","Rio de Janeiro","RJ","","unknown","","","","","","",""
"62f2f7c5-9dc3-40b4-96f3-0183da141551","Morro da Conceição","Rio de Janeiro","RJ","","unknown","","","","","","",""
"9be30a32-052a-4e2a-b0db-4c4644a134f7","Morro Grande","Rio de Janeiro","RJ","","unknown","","","","","","",""
"87bf7bb2-e471-4d24-8ae2-2b5c3b5e2caf","Chinampas Tláhuac","Ciudad De México","null","https://tysnkzmljlmmqpbotkxv.supabase.co/storage/v1/object/public/travel-app-images/ChIJMU4bTKgDzoURoq36XgE9GtE/ChIJMU4bTKgDzoURoq36XgE9GtE_1757334528034_1.jpg","unknown","","","","","","",""
"abc38cfc-b1fd-41e5-b9b9-7129a864797a","Atração Turística","Fortaleza","CE","","unknown","","","","","","",""
"eb7cc316-47d8-4e40-9c33-ac24e739cb97","Teatro Cândido Mendes","Rio de Janeiro","RJ","","unknown","","","","","","",""
"0c4107ee-cfdd-41f4-90db-41172b81dfee","Acuario Las Tres Carabelas","Ciudad De México","null","https://tysnkzmljlmmqpbotkxv.supabase.co/storage/v1/object/public/travel-app-images/ChIJUWocPqH40YURFXwl0n2Mr9Y/ChIJUWocPqH40YURFXwl0n2Mr9Y_1757333064260_1.jpg","unknown","","","","","","",""
"fe1993e8-bf5a-4ba4-84e0-5e4550614cb0","Delorean volver al futuro","Ciudad De México","null","https://tysnkzmljlmmqpbotkxv.supabase.co/storage/v1/object/public/travel-app-images/ChIJp7W8OAD50YUR9fMIo15un8c/ChIJp7W8OAD50YUR9fMIo15un8c_1757333067868_1.jpg","unknown","","","","","","",""
"10f391c0-206d-452b-806a-de8608a5c97f","Morro do Luís Barata","Rio de Janeiro","RJ","","unknown","","","","","","",""
"3d3bbbb2-0097-4c59-8bcd-67b6ccb520f0","Estátua de Carlos Drummond de Andrade","Rio de Janeiro","RJ","","unknown","","","","","","",""
"6f2568cc-89e1-49e2-9c4f-cb4c3e733bb8","Museo Temático Play Movil","Ciudad De México","null","https://tysnkzmljlmmqpbotkxv.supabase.co/storage/v1/object/public/travel-app-images/ChIJx-4NKQD70YURuVRO1TObSNw/ChIJx-4NKQD70YURuVRO1TObSNw_1757334535578_1.jpg","unknown","","","","","","",""
"60d99621-5b7c-47c9-99e9-b976aa248d60","Morro vai quem quer","Cuiabá","MT","","unknown","","","","","","",""
"a5d126ce-2b4b-4f2e-98d9-f8c4ca760bfc","Volcán Yuhualixqui","Ciudad De México","null","https://tysnkzmljlmmqpbotkxv.supabase.co/storage/v1/object/public/travel-app-images/ChIJt6_tYPQCzoURzdE89F8bQU0/ChIJt6_tYPQCzoURzdE89F8bQU0_1757333071118_1.jpg","unknown","","","","","","",""
"5c9a7dcb-8f24-4481-9be0-bbd29aa85ff1","Morro do Pica Pau","Rio de Janeiro","RJ","","unknown","","","","","","",""
"7472bf99-7042-4f24-97c8-b26a52ecff20","Pedra do Turano","Rio de Janeiro","RJ","","unknown","","","","","","",""
"5a516b3e-d9b5-48a9-ab53-6996b1b1b3ae","Morro dos Prazeres","Rio de Janeiro","RJ","","unknown","","","","","","",""
"49ae0ddf-a46e-4681-bc43-d27d08e39e7d","Church of San Hipolito","Ciudad De México","null","https://tysnkzmljlmmqpbotkxv.supabase.co/storage/v1/object/public/travel-app-images/ChIJZ2cWw9X40YURuJ537bvh9WA/ChIJZ2cWw9X40YURuJ537bvh9WA_1757334563237_1.jpg","unknown","","","","","","",""
"49b35036-e0e5-453d-a57c-818090f902f2","Outeiro da Glória","Rio de Janeiro","RJ","","unknown","","","","","","",""
"975318e1-9acc-426a-8217-d12acdc362d3","Morro de Santo Amaro","Rio de Janeiro","RJ","","unknown","","","","","","",""
"f512f488-0515-43c8-86df-9814d6d3aa03","Mas de Grimau","Tarragona","null","https://tysnkzmljlmmqpbotkxv.supabase.co/storage/v1/object/public/travel-app-images/ChIJNenqk437oxIR4OIVwRnRIu0/ChIJNenqk437oxIR4OIVwRnRIu0_1752613487368_1.jpg","unknown","","","http://invarquit.cultura.gencat.cat/Cerca/Fitxa?index=0&consulta=&codi=12568","","","","website"
"3728dce7-0958-4e1d-8ea9-55336a640e7b","Morro de Santos Rodrigues","Rio de Janeiro","RJ","","unknown","","","","","","",""
"38657e7a-36eb-472f-abcf-48a604c5a265","Monumento al Add Yamart","Ciudad De México","null","https://tysnkzmljlmmqpbotkxv.supabase.co/storage/v1/object/public/travel-app-images/ChIJAz9rMAABzoURA7LXyGVaZBA/ChIJAz9rMAABzoURA7LXyGVaZBA_1757333077844_1.jpg","unknown","","","","","","",""
"199e69e4-e147-48a5-b7bd-b608248a46dc","Casa dos Inconfidentes","Belo Horizonte","BH","","unknown","","","","","","",""
"7ed038fc-1307-4538-b41b-4f785ec5689b","Chafariz da Coluna","Belo Horizonte","BH","","unknown","","","","","","",""
"9b2c4bc7-80a4-4d6c-b102-014cbddc9b4f","Santa Veracruz Church, Mexico City","Ciudad De México","null","https://tysnkzmljlmmqpbotkxv.supabase.co/storage/v1/object/public/travel-app-images/ChIJK58IsCv50YUR-o6xhpOLVOE/ChIJK58IsCv50YUR-o6xhpOLVOE_1757334569835_1.jpg","unknown","","","","","","",""
"44e4dcd2-a5ec-467b-a685-2c4f173185b0","Antigua Casa de Moneda","Ciudad De México","null","https://tysnkzmljlmmqpbotkxv.supabase.co/storage/v1/object/public/travel-app-images/ChIJ_6UGlYoAzoURR4Co32-TtPk/ChIJ_6UGlYoAzoURR4Co32-TtPk_1757333081137_1.jpg","unknown","","","","","","",""
"63286bf4-a113-4997-8c20-98e429a24e34","Morro do Querosene","Rio de Janeiro","RJ","","unknown","","","","","","",""
"d687badc-6fec-4820-a808-22c72deedb4a","Morro da Graça","Rio de Janeiro","RJ","","unknown","","","","","","",""
"e1799a8e-06f5-47f3-8b57-9736dd4f990d","Morro do Chico","Rio de Janeiro","RJ","","unknown","","","","","","",""
"b56f193d-55db-4f2a-807b-d92229e75464","Alto do Sá","Rio de Janeiro","RJ","","unknown","","","","","","",""
"75f6ac88-a813-40fa-9301-08c0fb17c45c","Morro Coronel Rios","Rio de Janeiro","RJ","","unknown","","","","","","",""
"94a9a828-fcec-4b35-8c52-17a10de333d2","Morro do Batatal","Rio de Janeiro","RJ","","unknown","","","","","","",""
"ca180d0a-cf1a-4cec-a011-49b9ee181a90","Morro do Pavão","Rio de Janeiro","RJ","","unknown","","","","","","",""
"a2947064-a37a-4f90-aef5-0df0d859c747","Church of San Juan Bautista","Ciudad De México","null","https://tysnkzmljlmmqpbotkxv.supabase.co/storage/v1/object/public/travel-app-images/ChIJA5Iyml4BzoURaXSKMQt2lzA/ChIJA5Iyml4BzoURaXSKMQt2lzA_1757334580365_1.jpg","unknown","","","","","","",""
"fb82e93a-c795-4bbb-bc6e-62b4b74d2853","Agulha do Inhangá","Rio de Janeiro","RJ","","unknown","","","","","","",""
"e7284d3d-9382-4d09-bd9d-562609695b23","Agustín Melgar Olympic Velodrome","Ciudad De México","null","https://tysnkzmljlmmqpbotkxv.supabase.co/storage/v1/object/public/travel-app-images/ChIJ4d1Xo5_-0YURanjaaDwByTM/ChIJ4d1Xo5_-0YURanjaaDwByTM_1757333087814_1.jpg","unknown","","","","","","",""
"ce6e9270-d9b8-4ab7-87d1-4638368cc486","Morro do Martelo","Rio de Janeiro","RJ","","unknown","","","","","","",""
"067609f7-d6fe-4532-adc3-7e9c52aedffe","Cachoeira do córrego da Barra","Belo Horizonte","BH","","unknown","","","","","","",""
"1a2b1079-7865-4d8f-8dad-89bbf0444886","Morro Cara de Cão","Rio de Janeiro","RJ","https://tysnkzmljlmmqpbotkxv.supabase.co/storage/v1/object/public/travel-app-images/wikimedia-1a2b1079/morro-cara-de-co-filemorro-cara-de-co-1757526878881-1.tiff","wikimedia_commons","","","","","","",""
"2d3b05a8-cb46-4664-a6e6-2c00376f60fd","Pedra do Sapo","Rio de Janeiro","RJ","","unknown","","","","","","",""
"6b6537de-f943-4ee9-b257-b98115357757","Planetario Municipal de Barcelona","Barcelona","null","https://tysnkzmljlmmqpbotkxv.supabase.co/storage/v1/object/public/travel-app-images/ChIJ53hCecyipBIRRuw4xi103HM/ChIJ53hCecyipBIRRuw4xi103HM_1751571585468_1.jpg","unknown","","","https://ajuntament.barcelona.cat/educacio/es/planetario-municipal","","","","website"
"e278fdaf-4779-4f6e-b036-380d3cf64912","Bengalão - portal","portal","MG","","unknown","","","","","","",""
"661210d7-3eff-415e-87c1-4c218860568f","Morro do Inglês","Rio de Janeiro","RJ","","unknown","","","","","","",""
"7b13b96b-752f-41f8-b8ad-48b69b55e810","Morro do Cantagalo","Rio de Janeiro","RJ","","unknown","","","","","","",""
"a3c93a1b-1641-415a-94c8-21a4d441cdb6","Monte Viana","Belo Horizonte","BH","","unknown","","","","","","",""
"f412802f-03c8-4569-bf92-118932a8e464","Morro da Matriz","Rio de Janeiro","RJ","","unknown","","","","","","",""
"778c3192-a756-4cc7-8598-0ab0aba04026","Mercado de La Boqueria","Barcelona","null","https://tysnkzmljlmmqpbotkxv.supabase.co/storage/v1/object/public/travel-app-images/wikipedia-778c3192/mercado-de-la-boqueria-fitxer394-la-boqueri-1757529808502-1.jpg","wikipedia","https://ca.wikipedia.org/wiki/Mercat_de%20la%20Boqueria","Q1334899","https://www.boqueria.barcelona/","","","","wikipedia;wikidata;website"
"09c34eb5-bd36-4b60-b7db-e58d789e5a59","Morro da Baronesa de Lages","Rio de Janeiro","RJ","","unknown","","","","","","",""
"aba98602-dba7-499d-aeb5-ba0c25928afb","Mirador de Lago","Ciudad De México","null","https://tysnkzmljlmmqpbotkxv.supabase.co/storage/v1/object/public/travel-app-images/ChIJa6TtQwAB0oURD-Tviaxsnb8/ChIJa6TtQwAB0oURD-Tviaxsnb8_1757334583927_1.jpg","unknown","","","","","","",""
"d46bde77-0850-41c9-9b95-c0a2e6186f92","Vaqueiro","Salvador","BA","","unknown","","","","","","",""
"896ed915-7088-4e1e-980d-44c2fb047fdf","Alameda Central","Ciudad De México","null","https://tysnkzmljlmmqpbotkxv.supabase.co/storage/v1/object/public/travel-app-images/ChIJS7R39Sr50YURQE6mi9UOKds/ChIJS7R39Sr50YURQE6mi9UOKds_1757333094039_1.jpg","unknown","","","http://www.alamedacentral.cdmx.gob.mx/","","","","website"
"c373d9ae-e538-41a6-a2b9-75743a4123de","Morro do Engenho Novo","Rio de Janeiro","RJ","","unknown","","","","","","",""
"8e3e0d6c-fe05-4db3-9580-5a4ce9e60a86","Morro do Pau da Bandeira","Rio de Janeiro","RJ","","unknown","","","","","","",""
"ea8ffcc0-b022-42c9-9dfc-bddc1a77079d","Morro do Cruz","Rio de Janeiro","RJ","","unknown","","","","","","",""
"91ccc2b5-c388-4dca-b5bb-65f4638c424d","Morro dos Macacos","Rio de Janeiro","RJ","","unknown","","","","","","",""
"11ab4086-598a-482c-ae49-00c77d4127ef","Morro de Santo Antônio","Rio de Janeiro","RJ","","unknown","","","","","","",""
"ffccc583-2647-4d20-a416-770d02db9337","Morro do Porto","Rio de Janeiro","RJ","","unknown","","","","","","",""
"99b643ec-bdb4-46ee-b51e-dfbff62bbd3b","Pedra do Cão","Rio de Janeiro","RJ","","unknown","","","","","","",""
"b3ae3f8e-39b0-4621-ba7b-d4aa514b31ec","L'Aquàrium de Barcelona","Barcelona","null","https://tysnkzmljlmmqpbotkxv.supabase.co/storage/v1/object/public/travel-app-images/wikipedia-b3ae3f8e/laqurium-de-barcelona-fitxerarbcom-ru-edit-1757529815054-1.svg","wikipedia","https://ca.wikipedia.org/wiki/Aqu%C3%A0rium_de%20Barcelona","Q1200948","https://www.aquariumbcn.com/?utm_campaign=maps&utm_medium=organic&utm_source=googlemaps","","","","wikipedia;wikidata;website"
"940ea741-d3b0-44cf-921f-1db7f554d461","Alto das Paineiras","Rio de Janeiro","RJ","","unknown","","","","","","",""
"6f0a119e-5857-4e99-bfb6-56d2cb8a266d","Alto da Coroa","Rio de Janeiro","RJ","","unknown","","","","","","",""
"9940d29b-6aca-4224-b834-6ed6c9695fa2","Morro do Sumaré","Rio de Janeiro","RJ","","unknown","","","","","","",""
"413cd8d4-d41b-47eb-a620-e9088ad3ab5f","Pedra d'Água","Rio de Janeiro","RJ","","unknown","","","","","","",""
"e91b17bc-eac1-4396-a790-8fc39bfef797","Pico da Carioca Mirim","Rio de Janeiro","RJ","","unknown","","","","","","",""
"e18d8a8c-90fb-4b42-b426-4f16cf9df45b","Alto da Embratel","Rio de Janeiro","RJ","","unknown","","","","","","",""
"23aaeb75-7a16-4e9f-b8e7-5d397d47a1be","Morro Sete Quedas","Rio de Janeiro","RJ","","unknown","","","","","","",""
"244fce81-98e0-42a1-a88a-170877eca6d8","Morro do Andaime Pequeno","Rio de Janeiro","RJ","","unknown","","","","","","",""
"70f3f5d3-a093-41c9-bdbe-4e3cf3ce4878","Pico da Carioca","Rio de Janeiro","RJ","","unknown","","","","","","",""
"c8446228-5e75-42ec-b441-fc1795136874","Alto do Pai Ricardo","Rio de Janeiro","RJ","","unknown","","","","","","",""
"4cae4c0f-24e3-4e72-824e-a6704a15f926","Locomotiva n. 20","Belo Horizonte","BH","","unknown","","","","","","",""
"2ba9e4e9-b24b-4bd7-a7d8-ee625f7d5d46","Morro da Banana","Florianópolis","SC","","unknown","","","","","","",""
"127ee5b5-2b4b-4cd3-be1f-e9c3c606ed58","Alameda de Santa María","Ciudad De México","null","https://tysnkzmljlmmqpbotkxv.supabase.co/storage/v1/object/public/travel-app-images/ChIJ196jq8T40YURiuJzqm1JMQY/ChIJ196jq8T40YURiuJzqm1JMQY_1757333100495_1.jpg","unknown","","","","","","",""
"0459d925-7d99-49c4-aa6b-f867d5914284","Xochimilco","Ciudad De México","null","https://tysnkzmljlmmqpbotkxv.supabase.co/storage/v1/object/public/travel-app-images/ChIJOVKaSVUBzoURkqb2fq2awB4/ChIJOVKaSVUBzoURkqb2fq2awB4_1757333105102_1.jpg","unknown","","","","","","",""
"ef676149-1913-46c1-abe2-c05759c69905","Morro do Queimado","Rio de Janeiro","RJ","","unknown","","","","","","",""
"f03aad11-df4e-4735-959d-60daf784aa29","Morro da Freira","Rio de Janeiro","RJ","","unknown","","","","","","",""
"069110d9-6638-43b5-8a62-1a4c70b92266","Museo Frederic Marès","Barcelona","null","https://tysnkzmljlmmqpbotkxv.supabase.co/storage/v1/object/public/travel-app-images/wikipedia-069110d9/museo-frederic-mars-fitxerarbcom-ru-edit-1757529815367-1.svg","wikipedia","https://ca.wikipedia.org/wiki/Museu_Frederic%20Mar%C3%A8s","Q1630272","http://www.museumares.bcn.cat/","","","","wikipedia;wikidata;website"
"d4c58fee-b623-457f-82f1-8cb42f5b17af","Fuente del Idilio del Amor","Ciudad De México","null","https://tysnkzmljlmmqpbotkxv.supabase.co/storage/v1/object/public/travel-app-images/ChIJ4RFV50__0YURZm372DfxK_8/ChIJ4RFV50__0YURZm372DfxK_8_1757334587360_1.jpg","unknown","","","","","","",""
"99397f72-8aa3-4a20-9eb8-bee5460f53b3","Jardines de Massana","Barcelona","null","https://tysnkzmljlmmqpbotkxv.supabase.co/storage/v1/object/public/travel-app-images/ChIJbc2mSim9pBIRHb-SBRUY12U/ChIJbc2mSim9pBIRHb-SBRUY12U_1751572604546_1.jpg","unknown","","","http://guia.barcelona.cat/es/detall/jardins-de-massana_99106095835.html","","","","website"
"25d165e2-4ed0-4e8e-8092-2e0f47a03f82","Parque Descanso Jardines de Juan Pablo","Ciudad De México","null","https://tysnkzmljlmmqpbotkxv.supabase.co/storage/v1/object/public/travel-app-images/ChIJYbRQv40BzoURoxAD6vcqDHs/ChIJYbRQv40BzoURoxAD6vcqDHs_1757333108547_1.jpg","unknown","","","","","","",""
"3c9f7e6d-c7e1-4199-97fe-000bc6b177af","Plaza de Tetuán","Barcelona","null","https://tysnkzmljlmmqpbotkxv.supabase.co/storage/v1/object/public/travel-app-images/wikipedia-3c9f7e6d/plaza-de-tetun-fitxeravegsvg-1757529821612-1.svg","wikipedia","https://ca.wikipedia.org/wiki/Estaci%C3%B3_de%20Tetuan","Q2692167","http://guia.barcelona.cat/","","","","wikipedia;wikidata;website"
"2b043670-a946-4c40-95f4-7fc14bf126c5","Church of Santa Cruz Acatlán","Ciudad De México","null","https://tysnkzmljlmmqpbotkxv.supabase.co/storage/v1/object/public/travel-app-images/ChIJiSWoesX-0YURk2ve_iP_g70/ChIJiSWoesX-0YURk2ve_iP_g70_1757334603083_1.jpg","unknown","","","","","","",""
"fb9fde49-2bed-4b12-9968-22c579b4f241","Ponta do Arpoador","Rio de Janeiro","RJ","","unknown","","","","","","",""
"63ac25cf-35ce-481f-a3ac-b9290029330d","Parque de los Periodistas Ilustres","Ciudad De México","null","https://tysnkzmljlmmqpbotkxv.supabase.co/storage/v1/object/public/travel-app-images/ChIJayBdMbr-0YURQDqM2VyFNc0/ChIJayBdMbr-0YURQDqM2VyFNc0_1757333112394_1.jpg","unknown","","","https://m.facebook.com/pages/Parque-Periodistas-Ilustres/201218776582568","","","","website"
"43647b2f-c04b-4ca1-91ee-4f4a072ba521","Naufrágio do S.S. Maraldi","Salvador","BA","","unknown","","","","","","",""
"9231c897-150e-4bae-b389-5413192930da","Morro do Inhangá","Rio de Janeiro","RJ","","unknown","","","","","","",""
"3f04db17-d28f-40c6-b561-afba653ba645","Pedra do Focinho de Cavalo","Rio de Janeiro","RJ","","unknown","","","","","","",""
"acd41a3f-e89c-48bf-9d82-80cc0cd38e33","Plaça de Sant Josep de Calassanç","Barcelona","null","https://tysnkzmljlmmqpbotkxv.supabase.co/storage/v1/object/public/travel-app-images/ChIJl4nzPACjpBIRLfZZ9PRUs4s/ChIJl4nzPACjpBIRLfZZ9PRUs4s_1751571862090_1.jpg","unknown","","","","","","",""
"61200b11-757c-4e48-af0b-2b836298f073","Pedra do Agassiz","Rio de Janeiro","RJ","","unknown","","","","","","",""
"a1cf09e2-600f-4004-bc50-cf95272e9b96","Parroquia María Reina","Barcelona","null","https://tysnkzmljlmmqpbotkxv.supabase.co/storage/v1/object/public/travel-app-images/ChIJu5m6F06YpBIRpFO7yK3Z-wA/ChIJu5m6F06YpBIRpFO7yK3Z-wA_1751570210767_1.jpg","unknown","","","http://mariareina.barcelona/","","","","website"
"311ee6fe-8024-48cf-8a97-418f30a435ff","Water Garden Museum","Ciudad De México","null","https://tysnkzmljlmmqpbotkxv.supabase.co/storage/v1/object/public/travel-app-images/ChIJH2fcEOQB0oURKPyTRWZWS18/ChIJH2fcEOQB0oURKPyTRWZWS18_1757334609983_1.jpg","unknown","","","","","","",""
"0fbb8d6c-d60d-4b00-99c8-37c7b4a8dd54","Morro do Chapecó","Rio de Janeiro","RJ","","unknown","","","","","","",""
"946d88d0-61a3-4772-8899-77f5c2a939c1","Morro da Gávea Pequena","Rio de Janeiro","RJ","","unknown","","","","","","",""
"daa777ec-06fb-44c5-98cf-80a3d283b8a9","Morro da Joatinga","Rio de Janeiro","RJ","","unknown","","","","","","",""
"cabd970f-691a-4174-8032-bf4bd5b5a78e","Lago los reyes","Ciudad De México","null","https://tysnkzmljlmmqpbotkxv.supabase.co/storage/v1/object/public/travel-app-images/ChIJ09tP6CgDzoURIwKxJkKVFQI/ChIJ09tP6CgDzoURIwKxJkKVFQI_1757334628862_1.jpg","unknown","","","","","","",""
"318c0553-bf9c-4142-adeb-5bb2feb7be9f","Morro do Laboriaux","Rio de Janeiro","RJ","","unknown","","","","","","",""
"7155e4be-c0e9-4ef5-be9d-dc1641c47f45","Iglesia de Santa Inés","Barcelona","null","https://tysnkzmljlmmqpbotkxv.supabase.co/storage/v1/object/public/travel-app-images/ChIJIQoQTnWYpBIRudKHGfvylwM/ChIJIQoQTnWYpBIRudKHGfvylwM_1751570881741_1.jpg","unknown","","","http://www.santaagnes.com/","","","","website"
"6c761b8a-6ad5-4201-9306-a98982185fcd","Alameda Del Sur","Ciudad De México","null","https://tysnkzmljlmmqpbotkxv.supabase.co/storage/v1/object/public/travel-app-images/ChIJAwSmFJYBzoURH-p2iZpRk08/ChIJAwSmFJYBzoURH-p2iZpRk08_1757333118264_1.jpg","unknown","","","https://mexicocity.cdmx.gob.mx/venues/alameda-del-sur/?lang=es","","","","website"
"25ebd8d9-046d-4ea1-92d1-ccae25fd88ef","Parque Tamayo","Mexico City","null","https://tysnkzmljlmmqpbotkxv.supabase.co/storage/v1/object/public/travel-app-images/ChIJHfxS5lP_0YURzri1UO3Y2bc/ChIJHfxS5lP_0YURzri1UO3Y2bc_1757333121583_1.jpg","unknown","","","https://chapultepec.org.mx/proyecto/parque-tamayo/","","","","website"
"2e7adc93-1508-4bb5-b57c-66ece56a5e1d","Morro do Horto","Rio de Janeiro","RJ","","unknown","","","","","","",""
"1964047f-b9f6-494b-9518-bec8d9537009","Museo Yancuic","Ciudad De México","null","https://tysnkzmljlmmqpbotkxv.supabase.co/storage/v1/object/public/travel-app-images/ChIJJyFpsUT90YURDA2u3YRehR8/ChIJJyFpsUT90YURDA2u3YRehR8_1757334643528_1.jpg","unknown","","","https://www.cultura.cdmx.gob.mx/recintos/museos/yancuic","","","","website"
"bf0da295-95d6-44f3-9aad-91ca7ed42dac","Museu Padre Alberto Lamonato","Porto Alegre","RS","","unknown","","","","","","",""
"f9b1f4df-acde-4976-a6b4-e38889e64e83","Plaza Uruguay","Mexico City","null","https://tysnkzmljlmmqpbotkxv.supabase.co/storage/v1/object/public/travel-app-images/ChIJxX5H5ar40YURZOMjTXKcWMU/ChIJxX5H5ar40YURZOMjTXKcWMU_1757333125291_1.jpg","unknown","","","","","","",""
"db33d6a2-3181-4cb7-b766-363356ca934b","Parroquia de San Pedro de las Puel·las","Barcelona","null","https://tysnkzmljlmmqpbotkxv.supabase.co/storage/v1/object/public/travel-app-images/wikipedia-db33d6a2/parroquia-de-san-pedro-de-las--fitxerarbcom-ru-edit-1757529834318-1.svg","wikipedia","https://ca.wikipedia.org/wiki/Santa_Maria%20del%20Pi","Q2293331","https://www.parroquiadesantperedelespuelles.org/","","","","wikipedia;wikidata;website"
"5ac78dd4-7329-4a7e-86c5-fbf5b2e367ec","Playa de la Barceloneta","Barcelona","null","https://tysnkzmljlmmqpbotkxv.supabase.co/storage/v1/object/public/travel-app-images/wikipedia-5ac78dd4/playa-de-la-barceloneta-fitxerarbcom-ru-edit-1757529834374-1.svg","wikipedia","https://ca.wikipedia.org/wiki/Platja_de%20Sant%20Sebasti%C3%A0%20(Barcelona)","Q3331620","","","","","wikipedia;wikidata"
"425ec683-b1bd-4f68-9136-65899c372836","Morro da Margarida","Rio de Janeiro","RJ","","unknown","","","","","","",""
"4084c19a-d6a2-427c-86d2-6d7533debbe3","Museum of Caricature","Ciudad De México","null","https://tysnkzmljlmmqpbotkxv.supabase.co/storage/v1/object/public/travel-app-images/ChIJ7WCy8TL50YURs8r52Z_Lm3k/ChIJ7WCy8TL50YURs8r52Z_Lm3k_1757334650175_1.jpg","unknown","","","https://twitter.com/CaricaturaMuseo","","","","website"
"621c99c1-2ebc-4f9c-9bd4-220b3e14bb64","Museu dos Bonecos Gigantes","Região de PB","PB","","unknown","","","","","","",""
"5f4451e6-2fbd-4b8e-a0fa-61a0a4ed91cb","Chafariz do Pilar","Belo Horizonte","BH","","unknown","","","","","","",""
"b126b13d-00eb-450d-b0fc-b0c60f5e9d6e","Parque de la Maquinista","Barcelona","null","https://tysnkzmljlmmqpbotkxv.supabase.co/storage/v1/object/public/travel-app-images/ChIJG7FZasO8pBIRED9RH-H6AA8/ChIJG7FZasO8pBIRED9RH-H6AA8_1751572614247_1.jpg","unknown","https://ca.wikipedia.org/wiki/Parc_de%20la%20Maquinista%20de%20Sant%20Andreu","Q15177410","","","","","wikipedia;wikidata"
"0ad4e0df-8981-436d-8fe6-99a944310a69","Morro do Leme","Rio de Janeiro","RJ","","unknown","","","","","","",""
"c07f9b8e-8b66-45fa-b57b-a5b65e505354","Bishop Roche Park","Cobh","null","https://tysnkzmljlmmqpbotkxv.supabase.co/storage/v1/object/public/travel-app-images/ChIJrzxl1MWDREgRl29cpYDivnE/ChIJrzxl1MWDREgRl29cpYDivnE_1753986717053_1.jpg","unknown","","","","","","",""
"b20da387-e695-4834-a16d-ac2dd237f297","Casa de los Azulejos","Ciudad De México","null","https://tysnkzmljlmmqpbotkxv.supabase.co/storage/v1/object/public/travel-app-images/ChIJL0UaXyv50YURNyz05p6HsQg/ChIJL0UaXyv50YURNyz05p6HsQg_1757333134221_1.jpg","unknown","","","https://www.sanborns.com.mx/","","","","website"
"4872e90d-bd4d-4a7f-9957-6b7cc9eb31cf","CONAGUA - Archivo Histórico y Biblioteca Central del Agua","Ciudad De México","null","https://tysnkzmljlmmqpbotkxv.supabase.co/storage/v1/object/public/travel-app-images/ChIJEXVcqyv_0YURVjy8CSFCAq8/ChIJEXVcqyv_0YURVjy8CSFCAq8_1757334659584_1.jpg","unknown","","","https://www.gob.mx/conagua/acciones-y-programas/archivo-historico-y-biblioteca-central-del-agua-149838","","","","website"
"d2ebf8ed-6952-4a10-8268-ad0f5d5ca28b","Hacienda de los Morales","Mexico City","null","https://tysnkzmljlmmqpbotkxv.supabase.co/storage/v1/object/public/travel-app-images/ChIJxZ-x2B4C0oURqYAbNDQ2gBs/ChIJxZ-x2B4C0oURqYAbNDQ2gBs_1757333137565_1.jpg","unknown","","","https://www.haciendadelosmorales.com/","","","","website"
"24132c2e-d56f-4b22-b9e8-78201e41448d","Parque del Turó de la Peira","Barcelona","null","https://tysnkzmljlmmqpbotkxv.supabase.co/storage/v1/object/public/travel-app-images/ChIJWdWTo0e9pBIR3rRW96tkJsA/ChIJWdWTo0e9pBIR3rRW96tkJsA_1751574121798_1.jpg","unknown","","","http://www.bcn.cat/parcsijardins","","","","website"
"216306a9-7346-4247-9f13-d3348523ffe8","Taboca","Belo Horizonte","BH","","unknown","","","","","","",""
"2e2f05c4-9896-4c8b-b9d6-67c8c7198a21","Alfredo Guati Rojo National Watercolor Museum","Ciudad De México","null","https://tysnkzmljlmmqpbotkxv.supabase.co/storage/v1/object/public/travel-app-images/ChIJc5iJQeX_0YURi8rtgHnJ3ko/ChIJc5iJQeX_0YURi8rtgHnJ3ko_1757333140938_1.jpg","unknown","","","http://www.acuarela.org.mx/","","","","website"
"d020880e-0d53-43e1-8632-08691ea32a31","Leon Trotsky's House Museum","Ciudad De México","null","https://tysnkzmljlmmqpbotkxv.supabase.co/storage/v1/object/public/travel-app-images/ChIJGejuV8b_0YUR8n8674zMxRA/ChIJGejuV8b_0YUR8n8674zMxRA_1757334666838_1.jpg","unknown","","","http://museotrotsky.org.mx/","","","","website"
"b99ce1bd-9601-47f7-8726-8020e14cc10e","Iglesia de San Odón","Barcelona","null","https://tysnkzmljlmmqpbotkxv.supabase.co/storage/v1/object/public/travel-app-images/ChIJFXYN2VyYpBIRcDK09Y6ch_Y/ChIJFXYN2VyYpBIRcDK09Y6ch_Y_1751570237890_1.jpg","unknown","","","https://esglesia.barcelona/parroquies/sant-ot/","","","","website"
"1233b854-3d83-4edb-8004-9e37e4f74f4a","Parque Ecológico de Xochimilco","Ciudad De México","null","https://tysnkzmljlmmqpbotkxv.supabase.co/storage/v1/object/public/travel-app-images/ChIJVzA29SwCzoURM1Dq1KcwIek/ChIJVzA29SwCzoURM1Dq1KcwIek_1757333144056_1.jpg","unknown","","","https://mexicocity.cdmx.gob.mx/venues/xochimilco-ecological-park/?lang=es","","","","website"
"f713c6fb-ee57-4be4-9529-131e138b908b","Ecoarqueológico Mazatepetl Park","Ciudad De México","null","https://tysnkzmljlmmqpbotkxv.supabase.co/storage/v1/object/public/travel-app-images/ChIJCTrHdm3_zYURsa5lOZp6_ho/ChIJCTrHdm3_zYURsa5lOZp6_ho_1757333147292_1.jpg","unknown","","","https://mexicocity.cdmx.gob.mx/venues/mazatepetl/?lang=es","","","","website"
"7a236df0-81b7-48c7-bc7b-aa23b9c62d58","Totem Ararunas do Sertão","Região de PB","PB","","unknown","","","","","","",""
"095154da-cd01-41a9-b682-0941234a4905","Brejão","Belo Horizonte","BH","","unknown","","","","","","",""
"84d72c6a-5edf-4dfa-b6e1-45a2afae0e8e","Steepest Street in Mexico","Ciudad De México","null","https://tysnkzmljlmmqpbotkxv.supabase.co/storage/v1/object/public/travel-app-images/ChIJqev3LwAB0oURI2E0hn_IIJA/ChIJqev3LwAB0oURI2E0hn_IIJA_1757334673114_1.jpg","unknown","","","","","","",""
"f0ca2e59-e94e-43d0-bdb5-29eba71ee678","Morro do Mirante","Rio de Janeiro","RJ","","unknown","","","","","","",""
"b383ef72-94f1-4492-8cef-39d430f951cb","Morro do Chá","Rio de Janeiro","RJ","","unknown","","","","","","",""
"ff0fd9a0-2c13-4d98-a22f-55be738e5528","Ejidos de Xochimilco y San Gregorio Atlapulco","Ciudad De México","null","https://tysnkzmljlmmqpbotkxv.supabase.co/storage/v1/object/public/travel-app-images/ChIJA80MOAwDzoUR8B5bVC8e_WA/ChIJA80MOAwDzoUR8B5bVC8e_WA_1757333153685_1.jpg","unknown","","","","","","",""
"4b4ca0f4-53cd-4450-8267-0ae64ae58e92","Morro do Quilombo Mirim","Rio de Janeiro","RJ","","unknown","","","","","","",""
"1678773f-9d95-4082-b0a3-300492af3eb4","Estátua do Memorial Frei Damião","Região de PB","PB","","unknown","","","","","","",""
"5fd9976e-131c-402f-8c6e-61bebcce3904","Estação Ferroviária Queimadas","Salvador","BA","","unknown","","","","","","",""
"d85b28bb-dc3f-4533-887b-c77b01b0ae9f","Monumento ao Novo Milênio","Região de PB","PB","","unknown","","","","","","",""
"1ace516c-16db-40c8-be3c-401a204253eb","Morro da Joaquina","Rio de Janeiro","RJ","","unknown","","","","","","",""
"dda086a0-8736-4a8b-a464-ebee07522277","Morro de Sepetiba","Rio de Janeiro","RJ","","unknown","","","","","","",""
"47887418-912f-4b29-8637-9ef02ddfe802","Morro da Trindade","Rio de Janeiro","RJ","","unknown","","","","","","",""
"9882141e-6fbb-497f-8602-9a13f2f8054a","Morro do Piaí","Rio de Janeiro","RJ","","unknown","","","","","","",""
"c06197b4-d4a7-459e-9530-dadb4fb1bf6f","Morro do Bananal","Rio de Janeiro","RJ","","unknown","","","","","","",""
"0278964b-23a8-4bd4-9de1-a28ff5265d77","Pedra de São Francisco","Rio de Janeiro","RJ","","unknown","","","","","","",""
"601023cb-a679-4925-8f1c-57ee005a51a1","Cuartel general de Porfirio Díaz","Ciudad De México","null","https://tysnkzmljlmmqpbotkxv.supabase.co/storage/v1/object/public/travel-app-images/ChIJ_00ZBQD50YURAqxK6AozPw0/ChIJ_00ZBQD50YURAqxK6AozPw0_1757334679424_1.jpg","unknown","","","","","","",""
"2ea788cd-8ab6-44af-8310-df24c6c93ee4","Igreja Matriz de Nossa Senhora da Conceição","Pedra Azul","BA","","unknown","","","","","","",""
"a94fedbf-96ad-48d3-8c95-db31e05c88b8","Fundación Museo de la Maquinista Terrestre y Marítima S.A. i Macosa","Barcelona","null","https://tysnkzmljlmmqpbotkxv.supabase.co/storage/v1/object/public/travel-app-images/ChIJLbMbIcO8pBIRxcxbyV36Pn0/ChIJLbMbIcO8pBIRxcxbyV36Pn0_1751572623818_1.jpg","unknown","","","http://mtmacosa.blogspot.com.es/?m=1","","","","website"
"5ff59220-70b0-4134-a498-67cc2b5e7e51","Placa a Josep Lluís Facerias","Barcelona","null","https://tysnkzmljlmmqpbotkxv.supabase.co/storage/v1/object/public/travel-app-images/ChIJ7cq3abK9pBIR-zlmPfNlweo/ChIJ7cq3abK9pBIR-zlmPfNlweo_1751574169605_1.jpg","unknown","","","","","","",""
"8abbef93-1f65-4c27-9e42-4c34ee954d5a","Pedra das Morcegas","Rio de Janeiro","RJ","","unknown","","","","","","",""
"f65b3d47-d8e1-4974-a934-1c733e4873ef","Morro da Água Santa","Rio de Janeiro","RJ","","unknown","","","","","","",""
"105827f1-b1b1-4529-9e49-7e0c558760f5","Morro do Barro Vermelho","Rio de Janeiro","RJ","","unknown","","","","","","",""
"11e706e2-ddcf-4d61-b702-08f79838ef49","Alto dos Pretos Forros","Rio de Janeiro","RJ","","unknown","","","","","","",""
"93fc5711-f2f1-46a1-b8ee-e92d946548ed","Monumento El Caminero","Ciudad De México","null","https://tysnkzmljlmmqpbotkxv.supabase.co/storage/v1/object/public/travel-app-images/ChIJN1KGCYkAzoURPYQO13JdnZE/ChIJN1KGCYkAzoURPYQO13JdnZE_1757333164536_1.jpg","unknown","","","http://www.tlalpan.gob.mx/","","","","website"
"712febd2-684d-46ea-829c-e595031bac0b","Morro de São José Operário","Rio de Janeiro","RJ","","unknown","","","","","","",""
"e520c952-c8b6-4b17-9799-fb36014f3f61","Casa De Los Manchaca Que Pobres Tan Ricos","Ciudad De México","null","https://tysnkzmljlmmqpbotkxv.supabase.co/storage/v1/object/public/travel-app-images/ChIJDSzCBgz_zYURv-8XZ2TZGRo/ChIJDSzCBgz_zYURv-8XZ2TZGRo_1757333167951_1.jpg","unknown","","","","","","",""
"7be1963a-4154-4839-8274-5a6ac19edb89","Museum of Cultures By Iztapalapa Passion","Ciudad De México","null","https://tysnkzmljlmmqpbotkxv.supabase.co/storage/v1/object/public/travel-app-images/ChIJs2qaH-_90YURPoYyZ3ZSlxA/ChIJs2qaH-_90YURPoYyZ3ZSlxA_1757334682656_1.jpg","unknown","","","http://sic.gob.mx/ficha.php?table=museo&table_id=1535","","","","website"
"96475c24-8455-48d9-bb28-733fe421bd65","Iglesia de Nuestra Señora de Covadonga","Mexico City","null","https://tysnkzmljlmmqpbotkxv.supabase.co/storage/v1/object/public/travel-app-images/ChIJRyqQ_h8C0oURefoUNNzo5q4/ChIJRyqQ_h8C0oURefoUNNzo5q4_1757334698229_1.jpg","unknown","","","","","","",""
"27f68e7e-21a5-4420-9f0c-d965bc6d2cf5","Ruínas da Igreja de Santo Antônio","Salvador","BA","","unknown","","","","","","",""
"1c55cec1-86d5-4b5c-ab46-e7b4d7e176a5","Morro da Reunião","Rio de Janeiro","RJ","","unknown","","","","","","",""
"a7ace39b-6490-4ed7-97b0-074092fc3c55","Morro do Careca","Rio de Janeiro","RJ","","unknown","","","","","","",""
"c72533df-3796-4207-aadf-4ab393776678","Morro da Cotia","Rio de Janeiro","RJ","","unknown","","","","","","",""
"7b10ff8c-726e-4270-abed-54c1078a6f0a","Cuemanco Park","Ciudad De México","null","https://tysnkzmljlmmqpbotkxv.supabase.co/storage/v1/object/public/travel-app-images/ChIJZTzazEIDzoURS6WakOjE_5E/ChIJZTzazEIDzoURS6WakOjE_5E_1757334685958_1.jpg","unknown","","","","","","",""
"693bb85e-02a0-4552-88e8-a7237dc652ae","Morro da Bacia","Rio de Janeiro","RJ","","unknown","","","","","","",""
"4344884a-9d16-49af-bbc0-d73282058dd1","Parque Ecológico Loreto y Peña Pobre","Ciudad De México","null","https://tysnkzmljlmmqpbotkxv.supabase.co/storage/v1/object/public/travel-app-images/ChIJJc1r73sAzoUR4XhNLSBwwg0/ChIJJc1r73sAzoUR4XhNLSBwwg0_1757333174875_1.jpg","unknown","","","https://m.facebook.com/pages/Parque-Ecol%C3%B3gico-Loreto-Y-Pe%C3%B1a-Pobre/105111449576336","","","","website"
"7752f263-be20-4875-b536-c78c41cfe28d","Cuicuilco Archaeological Zone","Ciudad De México","null","https://tysnkzmljlmmqpbotkxv.supabase.co/storage/v1/object/public/travel-app-images/ChIJ6QmtgHAAzoUR8QvIhrm1vfA/ChIJ6QmtgHAAzoUR8QvIhrm1vfA_1757334701253_1.jpg","unknown","","","","","","",""
"311336bb-e77e-4c2a-8dd3-1ad1c1de958c","Morro da Cachoeirinha","Rio de Janeiro","RJ","","unknown","","","","","","",""
"420ce3ed-f40e-4ea5-aa2d-ed9ce68e2b2c","Morro do Amor","Rio de Janeiro","RJ","","unknown","","","","","","",""
"52ce874b-62c2-43c6-a842-582973d869aa","Pico do Ramalho","Rio de Janeiro","RJ","","unknown","","","","","","",""
"0d01958f-8131-4467-a0f2-69a0a21750cd","Pico do Matheus","Rio de Janeiro","RJ","","unknown","","","","","","",""
"074ba830-e8f5-4227-b554-2e3018b9d624","Capilla de Guadalupe","Mexico City","null","https://tysnkzmljlmmqpbotkxv.supabase.co/storage/v1/object/public/travel-app-images/ChIJdzl-UfUB0oURLKsnSYY0tf0/ChIJdzl-UfUB0oURLKsnSYY0tf0_1757333177799_1.jpg","unknown","","","","","","",""
"8ab97bc6-1d44-4d47-9539-1dc9be62fe2f","Morro do Gambá","Rio de Janeiro","RJ","","unknown","","","","","","",""
"a1e0c551-2e95-482f-9440-b44e11855783","Taller de Escultura Victor Gutiérrez","Ciudad De México","null","https://tysnkzmljlmmqpbotkxv.supabase.co/storage/v1/object/public/travel-app-images/ChIJKXkQxvH-0YURaLdMcM3hUXo/ChIJKXkQxvH-0YURaLdMcM3hUXo_1757334692170_1.jpg","unknown","","","https://linkin.bio/victorgutierrezescultor","","","","website"
"097a34b7-14fd-42f8-9121-01f1f66423a4","Fuente de Sant Martí","Barcelona","null","https://tysnkzmljlmmqpbotkxv.supabase.co/storage/v1/object/public/travel-app-images/ChIJhY7yiby9pBIRMYZDKMvigPE/ChIJhY7yiby9pBIRMYZDKMvigPE_1751572633629_1.jpg","unknown","","","","","","",""
"7cced9a6-4d9e-44af-a2e0-33aaf9bfc815","Morro de São João da Mantiqueira","Rio de Janeiro","RJ","","unknown","","","","","","",""
"1ba0571f-c208-4f3b-9898-f219e40267dd","Morro das Piabas","Rio de Janeiro","RJ","","unknown","","","","","","",""
"6fbbd7aa-f98c-4f4f-bfd9-6df699d3859f","Morro da Boa Vista","Rio de Janeiro","RJ","","unknown","","","","","","",""
"7358aaeb-5032-4368-b9bf-2a575cb69c45","Pico Jorge Lossio","Rio de Janeiro","RJ","","unknown","","","","","","",""
"adff0c4d-f81e-45a7-b909-1e5b2fba89d2","Alto dos Ciganos","Rio de Janeiro","RJ","","unknown","","","","","","",""
"b37dcce1-17cf-4c5a-88fe-8d6b018174b3","Teatro Félix Azuela","Ciudad De México","null","https://tysnkzmljlmmqpbotkxv.supabase.co/storage/v1/object/public/travel-app-images/ChIJj_cXRN740YURLfHok8lulsI/ChIJj_cXRN740YURLfHok8lulsI_1757334708062_1.jpg","unknown","","","https://carteleradeteatro.mx/teatro/centro/teatro-felix-azuela-padilla/","","","","website"
"fac969cc-9405-47ee-810a-32a4fee9d959","Museu Caboclo Bernardo","Vitória","ES","","unknown","","","","","","",""
"1a547e93-1d7f-4781-b34f-864b5a6720d9","Morro do Thedim","Rio de Janeiro","RJ","","unknown","","","","","","",""
"1348af66-84a3-4f13-a894-89375e0a1256","Pico Magalhães Castro","Rio de Janeiro","RJ","","unknown","","","","","","",""
"b160f711-1fd3-475f-8f4e-6f7ea8220bd5","Pico do Bom Retiro","Rio de Janeiro","RJ","","unknown","","","","","","",""
"d416aba0-7dbf-44a0-9e35-5bb576a244ef","Casa de Congo","Vitória","ES","","unknown","","","","","","",""
"f54879a8-2d43-42a2-8e26-5ccffa92ba4a","Chafariz da Rua Alvarenga","Belo Horizonte","BH","","unknown","","","","","","",""
"1bfde13e-f3ad-4059-8efa-0d35de925f13","Morro da Taquara","Rio de Janeiro","RJ","","unknown","","","","","","",""
"25d4e52f-65d2-4733-81a0-b09fe3343d36","Plaza de Ibiza","Barcelona","null","https://tysnkzmljlmmqpbotkxv.supabase.co/storage/v1/object/public/travel-app-images/ChIJi01PvUi9pBIRux9wMcKqMUA/ChIJi01PvUi9pBIRux9wMcKqMUA_1751574160586_1.jpg","unknown","","","","","","",""
"66e24203-6cf5-4fcc-b325-82d6d68f1cc1","Morro da Concanha do Itanhangá","Rio de Janeiro","RJ","","unknown","","","","","","",""
"f138a624-1304-4e5f-b8ef-0f8ff8b4b979","Morro do Cipó","Rio de Janeiro","RJ","","unknown","","","","","","",""
"b47fc267-0765-49bd-a41d-8fb263edbed0","General Santa Anna's House","Ciudad De México","null","https://tysnkzmljlmmqpbotkxv.supabase.co/storage/v1/object/public/travel-app-images/ChIJMQi0RC8BzoURUDOKKmwNBeg/ChIJMQi0RC8BzoURUDOKKmwNBeg_1757334714817_1.jpg","unknown","","","","","","",""
"f8d235fc-2932-4dd6-8d8f-92f69659f546","Memorial Patricio ConSentido","Ciudad De México","null","https://tysnkzmljlmmqpbotkxv.supabase.co/storage/v1/object/public/travel-app-images/ChIJLfbl2f0B0oURrOjWO3TMslY/ChIJLfbl2f0B0oURrOjWO3TMslY_1757334750163_1.jpg","unknown","","","http://patricioconsentido.org/","","","","website"
"1dfda76b-44c9-4540-8cdf-46fdf387fe18","Alto do Santiago","Rio de Janeiro","RJ","","unknown","","","","","","",""
"fd2e5caf-2569-44b4-8d8a-6d149395d147","Ponta do Urubu","Rio de Janeiro","RJ","","unknown","","","","","","",""
"ca7bf83e-27f4-4288-b19b-20848abb31d9","Antigo Farol de Regência","Vitória","ES","","unknown","","","","","","",""
"4e65ff71-a4b0-4aa7-8718-1a533bc9308e","Pedra João Antônio","Rio de Janeiro","RJ","","unknown","","","","","","",""
"a5dddbb5-9ba7-4fdb-95ce-fb32f3142777","Pico do Andaraí Maior","Rio de Janeiro","RJ","","unknown","","","","","","",""
"cbe7d0bd-0a7b-4dcc-bef4-d5551ed41ec8","Pedra do Conde","Rio de Janeiro","RJ","","unknown","","","","","","",""
"09348829-dc6b-4001-bccb-102f3fe5017d","Morro do Elefante","Rio de Janeiro","RJ","https://tysnkzmljlmmqpbotkxv.supabase.co/storage/v1/object/public/travel-app-images/wikimedia-09348829/morro-do-elefante-filem-do-elefante-00-1757526889841-1.jpg","wikimedia_commons","","","","","","",""
"7dc242a5-7645-4b5f-b5a9-671fc37b0196","Divisor do Excelsior","Rio de Janeiro","RJ","","unknown","","","","","","",""
"fc30885c-9ef4-494c-bdab-6ea453d557ab",""PLAZA JORGE NEGRETE"","Ciudad De México","null","https://tysnkzmljlmmqpbotkxv.supabase.co/storage/v1/object/public/travel-app-images/ChIJV8Hvzo7_0YURxeFGxteMJrU/ChIJV8Hvzo7_0YURxeFGxteMJrU_1757334730528_1.jpg","unknown","","","","","","",""
"0863cc16-eac6-4524-84fb-3de832e95475","Excelsior","Rio de Janeiro","RJ","","unknown","","","","","","",""
"2e899336-ab5b-492b-99d3-ef36bab4aed1","Morro Redondo","Rio de Janeiro","RJ","","unknown","","","","","","",""
"931ce9a7-7d44-4148-a834-2ec4dfdc0739","Morro do Felizardo","Rio de Janeiro","RJ","","unknown","","","","","","",""
"1ac45936-01d3-4a8b-9353-f1d564518d12","Colina da Crista","Rio de Janeiro","RJ","","unknown","","","","","","",""
"d4c5038d-963f-4948-aacf-e2959547c953","Morro da Casa Branca","Rio de Janeiro","RJ","","unknown","","","","","","",""
"37ee05b6-bef5-4e01-b91c-5a6a0546a9f9","Morro do Borel","Rio de Janeiro","RJ","https://tysnkzmljlmmqpbotkxv.supabase.co/storage/v1/object/public/travel-app-images/wikimedia-37ee05b6/morro-do-borel-file07062012-jornada-1757526894676-1.jpg","wikimedia_commons","","","","","","",""
"b1e61217-8f1b-4e7b-9bc1-2aed5395dcf0","Parque Francisco Villa","Ciudad De México","null","https://tysnkzmljlmmqpbotkxv.supabase.co/storage/v1/object/public/travel-app-images/ChIJAbok_8wB0oUR30u3-5j1g1U/ChIJAbok_8wB0oUR30u3-5j1g1U_1757333187717_1.jpg","unknown","","","","","","",""
"51ad4eda-99ac-40a0-933b-a5f72057c3d8","Mirador vista sur cerro guerrero","Ciudad De México","null","https://tysnkzmljlmmqpbotkxv.supabase.co/storage/v1/object/public/travel-app-images/ChIJDZuwguL50YURKElZkaQ4Cag/ChIJDZuwguL50YURKElZkaQ4Cag_1757334740265_1.jpg","unknown","","","","","","",""
"428ebb5d-720f-46fe-afda-d5d9160d895a","Museu e Biblioteca Pública","Porto Alegre","RS","","unknown","","","","","","",""
"8419f6cd-57ae-445c-be98-b1595647cba2","Iglesia de Nuestra Señora del Socorro","Mexico City","null","https://tysnkzmljlmmqpbotkxv.supabase.co/storage/v1/object/public/travel-app-images/ChIJP8EW5vMB0oURKiMRxq6dBik/ChIJP8EW5vMB0oURKiMRxq6dBik_1757333191154_1.jpg","unknown","","","http://socorrovirreyes.com.mx/","","","","website"
"3f0e62d2-ba51-46dc-aa2d-37277a461647","Morro do Almeida","Rio de Janeiro","RJ","","unknown","","","","","","",""
"4d7dada4-561a-418e-b7c0-21aa7df37b48","Morro Tijuaçu","Rio de Janeiro","RJ","","unknown","","","","","","",""
"9f39baad-1c8d-4a96-8af9-88ad19ddd5bb","Morro do Caeté","Rio de Janeiro","RJ","","unknown","","","","","","",""
"e0150d94-f27c-47da-a489-ac20dd6a0dbf","Chafariz do Largo do Rosário","Belo Horizonte","BH","","unknown","","","","","","",""
"df08afdd-d974-4c55-9153-693b660285b9","Morro da Cabeça de Boi","Rio de Janeiro","RJ","","unknown","","","","","","",""
"ca8b8669-9894-40f6-bb40-508e08ea0216","Pedra dos Cabritos","Rio de Janeiro","RJ","https://tysnkzmljlmmqpbotkxv.supabase.co/storage/v1/object/public/travel-app-images/wikimedia-ca8b8669/pedra-dos-cabritos-filegrumari-beach-rj-1757526899993-1.jpg","wikimedia_commons","","","","","","",""
"157b5318-c940-48be-bdc5-04f0386b07c9","Museo de Arte Popular","Ciudad De México","null","https://tysnkzmljlmmqpbotkxv.supabase.co/storage/v1/object/public/travel-app-images/ChIJnb61RNX40YURjLOqxoI9oh0/ChIJnb61RNX40YURjLOqxoI9oh0_1757333198684_1.jpg","unknown","","","http://www.map.cdmx.gob.mx/","","","","website"
"b5696962-3b74-4e6f-949d-90b8d9a39a85","Temple of Santo Domingo de Guzmán","Ciudad De México","null","https://tysnkzmljlmmqpbotkxv.supabase.co/storage/v1/object/public/travel-app-images/ChIJNTo3FzL50YURig1wXRFpUgU/ChIJNTo3FzL50YURig1wXRFpUgU_1757334769081_1.jpg","unknown","","","","","","",""
"33a1cdcc-8e43-4b07-8c25-ce8fac329517","Cerro Morungava","Porto Alegre","RS","","unknown","","","","","","",""
"6e3ff17f-284d-4fe3-8897-6b57697961a5","Aldeia Indigena Guarani de Camboinhas","Rio de Janeiro","RJ","","unknown","","","","","","",""
"78a3b393-46c6-45da-ac6f-cd848084a73a","Casa de Pedra (Trilha e Mergulho)","Rio de Janeiro","RJ","","unknown","","","","","","",""
"2656dfb8-6887-453e-8a77-45e2b38f66b7","Mirante da Ponta das Andorinhas","Rio de Janeiro","RJ","","unknown","","","","","","",""
"9ca45865-6f24-4c42-ab74-7dc3679f50eb","Mirante para Itacoatiara","Rio de Janeiro","RJ","","unknown","","","","","","",""
"4ab55759-f8c8-4f09-8892-32c2bfc777c0","Morro do Elias","Rio de Janeiro","RJ","","unknown","","","","","","",""
"353368bc-b088-411b-a957-49185d514a5a","Camaleão","Rio de Janeiro","RJ","","unknown","","","","","","",""
"cdf2c468-279b-49b6-bc49-6753d0590ddf","Colônia Penal de Dois Rios","Rio de Janeiro","RJ","","unknown","","","","","","",""
"53a70b27-d276-4c60-94cb-a541412ed85f","Santo Ignácio","Rio de Janeiro","RJ","","unknown","","","","","","",""
"990345de-fd4c-4f44-9586-dea10f8af39d","Mirante Cantagalo","Rio de Janeiro","RJ","","unknown","","","","","","",""
"77156122-1f1c-440f-b869-848dcda80d98","Memory and Tolerance Museum","Ciudad De México","null","https://tysnkzmljlmmqpbotkxv.supabase.co/storage/v1/object/public/travel-app-images/ChIJIRo9WdX-0YUR8SAxEJ2aSHU/ChIJIRo9WdX-0YUR8SAxEJ2aSHU_1757334772898_1.jpg","unknown","","","http://www.myt.org.mx/","","","","website"
"af03298d-bcef-4bab-8c7f-fdab98a5fa49","Pedra do Eurípedes","Fortaleza","CE","","unknown","","","","","","",""
"37544117-0c1a-4cc7-be95-002bfaf63c8e","Parque Hundido","Ciudad De México","null","https://tysnkzmljlmmqpbotkxv.supabase.co/storage/v1/object/public/travel-app-images/ChIJbU2eV4P_0YURBPZef1PTCtM/ChIJbU2eV4P_0YURBPZef1PTCtM_1757333201438_1.jpg","unknown","","","https://mexicocity.cdmx.gob.mx/venues/parque-hundido/?lang=es","","","","website"
"f1d63100-76df-48f0-8398-763ce0f59360","Vala do Pampo","Rio de Janeiro","RJ","","unknown","","","","","","",""
"9dfbbc12-1a15-4047-947a-39dcbc25b2fb","Casa ejidal de San Bérnabe","Ciudad De México","null","https://tysnkzmljlmmqpbotkxv.supabase.co/storage/v1/object/public/travel-app-images/ChIJKShZFGj_zYURjo2NGDZlApA/ChIJKShZFGj_zYURjo2NGDZlApA_1757333204944_1.jpg","unknown","","","","","","",""
"2061445e-90e2-4e42-aad7-cf370601e648","Iglesia de la Virgen de Pompeya","Barcelona","null","https://tysnkzmljlmmqpbotkxv.supabase.co/storage/v1/object/public/travel-app-images/ChIJj4eVzpaipBIRyfzxcJNsWBw/ChIJj4eVzpaipBIRyfzxcJNsWBw_1751570908639_1.jpg","unknown","","","https://caputxins.cat/on-som/convent-de-pompeia/","","","","website"
"d4d806fa-c74e-4724-a373-5fc4f74970d8","Alto da Mangalarga","Rio de Janeiro","RJ","","unknown","","","","","","",""
"cf234a0a-0719-41d9-a06d-e2313388944f","Pico da Pedra Branca","Rio de Janeiro","RJ","","unknown","","","","","","",""
"4f9e3ba8-d681-41b6-aa62-6e814d87f655","Pedra dos Carvalhos","Rio de Janeiro","RJ","","unknown","","","","","","",""
"e3d50fc8-326f-49a6-b7f8-f67d5b4db37e","Ana Luisa Park","Ciudad De México","null","https://tysnkzmljlmmqpbotkxv.supabase.co/storage/v1/object/public/travel-app-images/ChIJHYbGRLAB0oURKp0X8ecbNjI/ChIJHYbGRLAB0oURKp0X8ecbNjI_1757334796786_1.jpg","unknown","","","","","","",""
"d7cb5882-137f-4ce5-99ba-b4d3123c536b","Casa museo Benita Galeana","Ciudad De México","null","https://tysnkzmljlmmqpbotkxv.supabase.co/storage/v1/object/public/travel-app-images/ChIJXRzWKqv_0YURFXq7yleGc8s/ChIJXRzWKqv_0YURFXq7yleGc8s_1757333208666_1.jpg","unknown","","","","","","",""
"bd1bea07-c544-43ae-a472-47866fc10dc3","Alto do Chapadão","Rio de Janeiro","RJ","","unknown","","","","","","",""
"39b58cd2-cb98-4bd2-b378-7ac2a0adcbda","Fundador de São José","Florianópolis","SC","","unknown","","","","","","",""
"a6d04e89-243b-4a6f-bbd0-d1f8fd484077","Fundação de São José","Florianópolis","SC","","unknown","","","","","","",""
"dff4df39-41c2-48ce-b3fb-30700ee04a62","Memorial Fundadores de São José","Florianópolis","SC","","unknown","","","","","","",""
"ab1ec076-aa02-46ba-98b6-a741c9d56f5a","Morro do Cedro","Rio de Janeiro","RJ","","unknown","","","","","","",""
"e3e34e4d-1c7a-47d9-bafd-7df563ed1c4c","Morro do Cabungui","Rio de Janeiro","RJ","","unknown","","","","","","",""
"9489bf02-e6c7-4c2c-a486-6bc43027b032","Morro Redondo do Cabungui","Rio de Janeiro","RJ","","unknown","","","","","","",""
"25c7e208-d8c1-4783-af00-9e85a874d39e","Miguel Lerdo de Tejada Library","Ciudad De México","null","https://tysnkzmljlmmqpbotkxv.supabase.co/storage/v1/object/public/travel-app-images/ChIJd3UQpdP-0YURbab4eepQhyQ/ChIJd3UQpdP-0YURbab4eepQhyQ_1757334805022_1.jpg","unknown","","","https://www.gob.mx/shcp/acciones-y-programas/cultura-en-la-secretaria-de-hacienda-y-credito-publico?fbclid=IwAR3_GHANB_oPF9IaLQneTxE1If6R5cy8sN8I3xQipT5NBKONnNmP24pSMYw","","","","website"
"b4c67c98-9884-4d56-89e4-469d971a7843","La Mora espagne","Tarragona","null","https://tysnkzmljlmmqpbotkxv.supabase.co/storage/v1/object/public/travel-app-images/ChIJl04Zcu77oxIR8AfvF3NZ460/ChIJl04Zcu77oxIR8AfvF3NZ460_1752613461279_1.jpg","unknown","","","","","","",""
"d0cea7e6-f5a8-4d9c-821f-163f4d028d90","Castillo Xochimilco","Ciudad De México","null","https://tysnkzmljlmmqpbotkxv.supabase.co/storage/v1/object/public/travel-app-images/ChIJxWRUueEDzoURhg4qN_aL6Mc/ChIJxWRUueEDzoURhg4qN_aL6Mc_1757333215060_1.jpg","unknown","","","","","","",""
"985a7053-4256-46c3-8069-beb7bf353718","Galeria de Artes Antônio Sibasolly","Goiânia","GO","","unknown","","","","","","",""
"3da15f57-4467-4a3c-a9e8-942821fd7ced","Morro Redondo do Cafundá","Rio de Janeiro","RJ","","unknown","","","","","","",""
"0f844326-eebe-489f-bdd4-80f45919efa5","Morro Itacolomi","Porto Alegre","RS","","unknown","","","","","","",""
"fdc0d3d2-dedd-4658-b4d0-86daa5cb8091","Morro do Quininho","Rio de Janeiro","RJ","","unknown","","","","","","",""
"93c37c56-6ebb-4834-ba17-93b6ed0efe9f","Morro da Mucuíba","Rio de Janeiro","RJ","","unknown","","","","","","",""
"023c593e-45e5-4444-a5c0-a68c1485ac0d","Morro do Virgílio","Rio de Janeiro","RJ","","unknown","","","","","","",""
"c27a4184-16e2-47ef-a204-97ffdd8d09ee","Pedra Verde","Rio de Janeiro","RJ","","unknown","","","","","","",""
"52e37d8e-b380-4e5d-9653-5e5217256419","Morro Mariana Cascardo","Rio de Janeiro","RJ","","unknown","","","","","","",""
"bdfa07cd-66dd-4f71-a21e-455e982e13fd","Morro Santo","Rio de Janeiro","RJ","","unknown","","","","","","",""
"eab85696-7c4d-44a5-b136-eb993b701314","Pedra da Escada d'Água","Rio de Janeiro","RJ","","unknown","","","","","","",""
"68c1d1b1-5043-4034-b676-abf78932244f","Morro do Nogueira","Rio de Janeiro","RJ","","unknown","","","","","","",""
"b3bf3f08-a1e6-44a5-b8b5-08d583649fc2","Pedra Negra","Rio de Janeiro","RJ","","unknown","","","","","","",""
"7b26fa3d-e0a1-4288-8e3b-06b0c3585e73","Estátua de São Francisco","Região de PB","PB","","unknown","","","","","","",""
"87e37c8e-3119-4d52-9c05-eec348d62d89","Memorial José Dutra","Florianópolis","SC","","unknown","","","","","","",""
"6d53324e-f023-406f-8568-f2496fe47dfe","Morro do Tucum","Rio de Janeiro","RJ","","unknown","","","","","","",""
"73765ff0-a892-43dc-b777-5443171526ab","Pedra do Mirante","Rio de Janeiro","RJ","","unknown","","","","","","",""
"fa6c86ff-9fc0-410f-8dcd-d9eb6e1034fa","Pico do Urubu","Rio de Janeiro","RJ","","unknown","","","","","","",""
"fe6f2655-ec9c-4b93-ac1d-f82e67f000d2","Pedra da Águia Caída","Rio de Janeiro","RJ","","unknown","","","","","","",""
"ae4d57c5-94d5-49bc-81d7-fa59e36f0dd7","Morro da Mesa","Rio de Janeiro","RJ","","unknown","","","","","","",""
"5d71a7d7-730e-4254-b864-4891cfd76fb6","Pedra do Camorim","Rio de Janeiro","RJ","","unknown","","","","","","",""
"437d18cc-1f25-4a06-88ad-3e4c9663ab72","Morro Dona Vitória","Rio de Janeiro","RJ","","unknown","","","","","","",""
"af29d2c4-e7ef-4d34-b34b-15535f6fb01a","Morro do Sacarrão Pequeno","Rio de Janeiro","RJ","","unknown","","","","","","",""
"846bc3ef-f3d6-4160-8c4b-0d8bef6656b2","Morro do Bruno","Rio de Janeiro","RJ","","unknown","","","","","","",""
"dfc20131-cca8-41e7-aa11-74e803f4119e","Ahuramazda","Rio de Janeiro","RJ","","unknown","","","","","","",""
"47381d07-a647-4308-a137-f858e3ebe914","Templo Mayor Museum","Ciudad De México","null","https://tysnkzmljlmmqpbotkxv.supabase.co/storage/v1/object/public/travel-app-images/ChIJ3dGBci350YURsDYUZcq-kIw/ChIJ3dGBci350YURsDYUZcq-kIw_1757334808362_1.jpg","unknown","","","https://www.inah.gob.mx/zonas/zona-arqueologica-templo-mayor","","","","website"
"be16f2c4-bd6f-4beb-9886-442ada103f54","Rafael Mascarenhas","Rio de Janeiro","RJ","","unknown","","","","","","",""
"eb6d4e21-5319-4427-beb7-213eab2575d3","Biblioteca Popular Municipal Lídice Fróes Rodrigues","Rio de Janeiro","RJ","","unknown","","","","","","",""
"a84abe84-5d36-425c-83f7-fd95b1b990bf","Cara do Gigante","Rio de Janeiro","RJ","","unknown","","","","","","",""
"3d42e869-15d2-4bf8-9710-3b7576c661cc","Gruta Azul","Rio de Janeiro","RJ","","unknown","","","","","","",""
"b87c037d-9c5b-49ed-9c74-c1cdfeffba01","Piscina Natural do Cachadaço","Rio de Janeiro","RJ","","unknown","","","","","","",""
"11091f3b-0b4f-4fd3-a332-f71ee27c36f5","Memorial Jair Vieira","Florianópolis","SC","","unknown","","","","","","",""
"f567bc3a-6935-4db1-a670-93d99c290d39","Informaçoes Turisticas","Rio de Janeiro","RJ","","unknown","","","","","","",""
"19d86280-1544-4d76-86f7-0d1023f8ceb1","Antônio Scherer","Florianópolis","SC","","unknown","","","","","","",""
"ed47fd6b-6ba4-4516-ad77-dac76e7c1f95","Memorial EEB Sara Castelhano Kleinkauf","Curitiba","PR","","unknown","","","","","","",""
"1391bee3-bf80-45ca-9274-a0fd07370e38","Ilha Comprida","Rio de Janeiro","RJ","","unknown","","","","","","",""
"66b0c9c1-cb70-4d06-b051-d3edc1b6d4b9","Explanada San Gregorio Atlapulco","Ciudad De México","null","https://tysnkzmljlmmqpbotkxv.supabase.co/storage/v1/object/public/travel-app-images/ChIJsdbVUwADzoURxAWLrg4Ei6Q/ChIJsdbVUwADzoURxAWLrg4Ei6Q_1757334818569_1.jpg","unknown","","","","","","",""
"5c6c4f0c-7560-4bde-ad49-2d18cedfca91","Alliance Francaise de Mexico","Mexico City","null","https://tysnkzmljlmmqpbotkxv.supabase.co/storage/v1/object/public/travel-app-images/ChIJ5YQYgxsC0oURL-5thxJh22I/ChIJ5YQYgxsC0oURL-5thxJh22I_1757333221494_1.jpg","unknown","","","https://alianzafrancesamx.edu.mx/","","","","website"
"baceb092-4df2-4912-8c17-d516ab1898b7","Arte Carrillo Gil Museum","Ciudad De México","null","https://tysnkzmljlmmqpbotkxv.supabase.co/storage/v1/object/public/travel-app-images/ChIJVSETXR0A0oURnCpMTXsKQdw/ChIJVSETXR0A0oURnCpMTXsKQdw_1757334822118_1.jpg","unknown","","","http://www.museodeartecarrillogil.inba.gob.mx/","","","","website"
"8e30ef5e-34d4-4856-b202-ec6a7dc5d430","Ilha Redonda","Rio de Janeiro","RJ","","unknown","","","","","","",""
"eea6076c-6eff-449f-bf0e-19486eaa1360","Ilha do Cedro","Rio de Janeiro","RJ","","unknown","","","","","","",""
"a644f8c9-43b5-46e2-a856-089f696fb453","Tamarit","Tarragona","null","https://tysnkzmljlmmqpbotkxv.supabase.co/storage/v1/object/public/travel-app-images/ChIJ40zlJQD7oxIRKCeOqwFrggY/ChIJ40zlJQD7oxIRKCeOqwFrggY_1752613442548_1.jpg","unknown","","Q18008277","","","","","wikidata"
"bf68ac22-dc05-41f6-ad95-6ce0fb09faee","Estrada Real","Rio de Janeiro","RJ","","unknown","","","","","","",""
"7251b7cb-2f47-4a08-be52-cfd906e2128e","Informacoes Turisticas","Rio de Janeiro","RJ","","unknown","","","","","","",""
"b525a639-245d-4a4a-b952-9d6b23d731ab","Moctezuma's Baths","Ciudad De México","null","https://tysnkzmljlmmqpbotkxv.supabase.co/storage/v1/object/public/travel-app-images/ChIJB7I09Fr_0YUR5fvenGABiFA/ChIJB7I09Fr_0YUR5fvenGABiFA_1757334825537_1.jpg","unknown","","","","","","",""
"a4168e4e-f936-4961-823d-451e67f7e0d0","The Inmaculada Concepción rectory","Ciudad De México","null","https://tysnkzmljlmmqpbotkxv.supabase.co/storage/v1/object/public/travel-app-images/ChIJUQ2z6hgDzoURTGjfvxW4lw4/ChIJUQ2z6hgDzoURTGjfvxW4lw4_1757334831978_1.jpg","unknown","","","http://parroquias.mx/","","","","website"
"92ee9252-bfd1-484c-bf57-bbb9780cb785","Antiga Prisão","Rio de Janeiro","RJ","","unknown","","","","","","",""
"13a89491-13e4-4493-9285-18dc211b9a37","Estatua de Quintino Bocaiuva","Rio de Janeiro","RJ","","unknown","","","","","","",""
"822bf377-b452-44da-810f-23a8481a7f92","Feira","Rio de Janeiro","RJ","","unknown","","","","","","",""
"b4a04cf1-2aaa-4e76-a4d5-00e53d23fa1d","Centro de Informações - 183 Avenida Princesa Isabel","Rio de Janeiro","RJ","","unknown","","","","","","",""
"47984881-f846-4119-a486-70aec8cf5630","Centro de Informações - Praça General Tibúrcio","Rio de Janeiro","RJ","","unknown","","","","","","",""
"8771291c-a547-4ac4-bad7-db0d9f117677","Centro de Informações - Praça Cazuza","Rio de Janeiro","RJ","","unknown","","","","","","",""
"67d4cfcc-d382-4509-9ac7-5f79e3c24582","Morro do Bonfim","Rio de Janeiro","RJ","","unknown","","","","","","",""
"6106f5e5-a1d5-4051-ab74-d419b256a140","Plataforma da Universidade Maria Thereza","Rio de Janeiro","RJ","","unknown","","","","","","",""
"85877394-832b-478c-8ead-dc4fde4479ca","Tianguis Cultural del Chopo","Ciudad De México","null","https://tysnkzmljlmmqpbotkxv.supabase.co/storage/v1/object/public/travel-app-images/ChIJJ-tKP9n40YURp5pHADS1W0g/ChIJJ-tKP9n40YURp5pHADS1W0g_1757334846583_1.jpg","unknown","","","https://m.facebook.com/pages/category/Community/Tianguis-Cultural-del-Chopo-58127775224/","","","","website"
"c29a767f-a1e0-4966-b11e-0a95c47bca7f","Playa la mora","Tarragona","null","https://tysnkzmljlmmqpbotkxv.supabase.co/storage/v1/object/public/travel-app-images/ChIJgWsqRwD7oxIRneFbHKHmM9Q/ChIJgWsqRwD7oxIRneFbHKHmM9Q_1752613451871_1.jpg","unknown","","","","","","",""
"d4468529-a93a-4a67-86f4-237e5a2c0f66","Entrada Cachoeira das Almas","Rio de Janeiro","RJ","","unknown","","","","","","",""
"77b37d8d-230a-4dd2-9315-83241db094ce","Edifício Itália","São Paulo","SP","","unknown","","","","","","",""
"0cad3d07-87e5-4184-8dd5-862d17d1a31a","Almirante Miguel Grau","Rio de Janeiro","RJ","","unknown","","","","","","",""
"37c573cd-30a9-4381-8aef-7684443b80ff","Templo da Humanidade","Rio de Janeiro","RJ","","unknown","","","","","","",""
"e1faf894-a7e6-4783-bb5f-eea510479b12","General Osório","Rio de Janeiro","RJ","","unknown","","","","","","",""
"1552e313-f92a-4108-b582-ea62c90e5ddd","Plaza de Masadas","Barcelona","null","https://tysnkzmljlmmqpbotkxv.supabase.co/storage/v1/object/public/travel-app-images/ChIJWShG79O8pBIReScKOC1ua6s/ChIJWShG79O8pBIReScKOC1ua6s_1751572670027_1.jpg","unknown","","","https://www.barcelona.cat/es/coneixbcn/pics/la-placa-de-masadas_99400390596.html","","","","website"
"a692ebf1-96c8-4788-8c12-6576bbfb96df","Castelo de Areia","Rio de Janeiro","RJ","","unknown","","","","","","",""
"3cdd572e-4d4a-4e13-a0c1-b2f417823a4e","Módulo Rio","Rio de Janeiro","RJ","","unknown","","","","","","",""
"e0a69a97-3a87-445d-b3d0-f2a9a28c2682","National Museum of Popular Culture","Ciudad De México","null","https://tysnkzmljlmmqpbotkxv.supabase.co/storage/v1/object/public/travel-app-images/ChIJs6DFhML_0YURk-VPGr7p2GQ/ChIJs6DFhML_0YURk-VPGr7p2GQ_1757334853500_1.jpg","unknown","","","https://mncp.cultura.gob.mx/","","","","website"
"daf07a42-768e-4bf4-8b09-79cb65529a95","View on the coast and mountains","Rio de Janeiro","RJ","","unknown","","","","","","",""
"41dce2ba-a93d-4e63-92cd-33d0eec455d7","Morro da Prainha","Rio de Janeiro","RJ","","unknown","","","","","","",""
"bc8c588e-9af4-46ec-bd40-30d424426fe7","Parròquia de Sant Andreu de Palomar","Barcelona","null","https://tysnkzmljlmmqpbotkxv.supabase.co/storage/v1/object/public/travel-app-images/wikipedia-bc8c588e/parrquia-de-sant-andreu-de-pal-fitxerarbcom-ru-edit-1757529845738-1.svg","wikipedia","https://ca.wikipedia.org/wiki/Esgl%C3%A9sia_de%20Sant%20Andreu%20de%20Palomar","Q11920504","http://www.parroquiasantandreupalomar.cat/","","","","wikipedia;wikidata;website"
"ddefb0ea-c175-4094-b5ff-9b04f87576b8","Igreja Matriz Nossa Senhora da Penha","Belo Horizonte","BH","","unknown","","","","","","",""
"08055f08-8ae2-4d49-8173-a08bb8e7631b","Morro da Faxina","Rio de Janeiro","RJ","","unknown","","","","","","",""
"18da7e6d-91e6-4377-93fe-a59ec54cefc0","Cerro Zacatépetl","Ciudad De México","null","https://tysnkzmljlmmqpbotkxv.supabase.co/storage/v1/object/public/travel-app-images/ChIJlwBdGKP_zYUR1ggV-lL0Uuw/ChIJlwBdGKP_zYUR1ggV-lL0Uuw_1757333233866_1.jpg","unknown","","","","","","",""
"9333525d-2179-49a5-ae0e-9987d336d9c7","Embarcadero Puente de Urrutia","Ciudad De México","null","https://tysnkzmljlmmqpbotkxv.supabase.co/storage/v1/object/public/travel-app-images/ChIJ1TaWFJIDzoURmkLRrgiFnPE/ChIJ1TaWFJIDzoURmkLRrgiFnPE_1757333237357_1.jpg","unknown","","","https://mexicocity.cdmx.gob.mx/venues/embarcadero-puente-de-urrutia-ecological-xochimilco-tours/?lang=es","","","","website"
"0b37e275-9cb9-450a-8e81-b3e39c07e7f1","Misterio Glorioso III: Pentecostés.","Ciudad De México","null","https://tysnkzmljlmmqpbotkxv.supabase.co/storage/v1/object/public/travel-app-images/ChIJuUwvr0b50YURk-NmXhj06vs/ChIJuUwvr0b50YURk-NmXhj06vs_1757334875320_1.jpg","unknown","","","","","","",""
"b36643f5-4082-4267-a463-d1deec3b647c","Morro do Breves","Rio de Janeiro","RJ","","unknown","","","","","","",""
"a94eecbe-598f-4d2e-aaad-03c945938cab","Pirâmide","Florianópolis","SC","","unknown","","","","","","",""
"bfd79999-576d-4f9f-9f42-0723741d214d","Garganta de Grumari","Rio de Janeiro","RJ","","unknown","","","","","","",""
"680a4489-755e-43dc-a343-056392f306fe","Morro de Guaratiba Mirim","Rio de Janeiro","RJ","","unknown","","","","","","",""
"823ad8d3-8e9b-4836-8b5e-eb5b3441d725","Monumento Indios Verdes","Ciudad De México","null","https://tysnkzmljlmmqpbotkxv.supabase.co/storage/v1/object/public/travel-app-images/ChIJzVy1lZn50YURro-MGmjKDcE/ChIJzVy1lZn50YURro-MGmjKDcE_1757333240771_1.jpg","unknown","","","","","","",""
"2656434c-3463-462a-823b-a60b7aae9e70","Homenagem Ponte Pedro Ivo","Florianópolis","SC","","unknown","","","","","","",""
"c7cb2af5-aa0e-4181-9769-b9a85308b221","Parque Recreativo La Isla","Ciudad De México","null","https://tysnkzmljlmmqpbotkxv.supabase.co/storage/v1/object/public/travel-app-images/ChIJl3e0rrMczoURNBhEmxzd4yA/ChIJl3e0rrMczoURNBhEmxzd4yA_1757333243958_1.jpg","unknown","","","","","","",""
"a2e3ee11-d7bb-4670-859e-ee8fec2a9726","Galería Rodrigo Rivero Lake","Mexico City","null","https://tysnkzmljlmmqpbotkxv.supabase.co/storage/v1/object/public/travel-app-images/ChIJgbUI2FT_0YURr8Z_GOyXf-s/ChIJgbUI2FT_0YURr8Z_GOyXf-s_1757333247311_1.jpg","unknown","","","http://www.rodrigoriverolake.com/","","","","website"
"0dbdbc63-1f7e-4ab4-bdc1-2d3d997ea3b7","Morro do Cabuçu","Rio de Janeiro","RJ","","unknown","","","","","","",""
"a2cdfafe-defc-472e-8c04-4dc517674204","Letreiro Amo Natal","Região de RN","RN","","unknown","","","","","","",""
"a02a8297-35e2-49f4-a075-d10ae50657c2","Morro dos Caboclos","Rio de Janeiro","RJ","","unknown","","","","","","",""
"062f6d5f-a210-4ad9-b1f4-f761ab53a774","Morro da Toca Grande","Rio de Janeiro","RJ","","unknown","","","","","","",""
"525be82a-8b12-41c7-b646-0da010f53341","Morro da Toca Pequena","Rio de Janeiro","RJ","","unknown","","","","","","",""
"8366c881-f513-42f1-9bb3-9d9bfd519a3a","LS / Galería | Galería de Arte Moderno y Contemporáneo","Mexico City","null","https://tysnkzmljlmmqpbotkxv.supabase.co/storage/v1/object/public/travel-app-images/ChIJN3d8Wh0C0oUROrU7-phpd2M/ChIJN3d8Wh0C0oUROrU7-phpd2M_1757333250534_1.jpg","unknown","","","http://www.lsgaleria.com/","","","","website"
"f10aee16-fb02-41bb-8988-2fb6fb3912e1","Basilica of Our Lady of Guadalupe","Ciudad De México","null","https://tysnkzmljlmmqpbotkxv.supabase.co/storage/v1/object/public/travel-app-images/ChIJxak0Kpz50YURsGoopfnqoCE/ChIJxak0Kpz50YURsGoopfnqoCE_1757334893804_1.jpg","unknown","","","https://virgendeguadalupe.org.mx/","","","","website"
"4a215625-66c7-4356-8190-77f12e3bf3e9","Pico do Morgado","Rio de Janeiro","RJ","","unknown","","","","","","",""
"7079ac6e-e426-45d0-9562-02e617fab6b6","Morro do Francês","Rio de Janeiro","RJ","","unknown","","","","","","",""
"bb95a220-0506-4fb3-bf08-b5da1da89048","Morro da Ilha","Rio de Janeiro","RJ","","unknown","","","","","","",""
"a5969d5a-680e-44a4-aee1-6b4f1c92e9e9","Morro da Grota Funda","Rio de Janeiro","RJ","","unknown","","","","","","",""
"ab17d705-f313-496a-b721-afae067f67c5","Monumental House Emilio El Indio Fernandez","Ciudad De México","null","https://tysnkzmljlmmqpbotkxv.supabase.co/storage/v1/object/public/travel-app-images/ChIJ0-455OX_0YURrb32hWWciC4/ChIJ0-455OX_0YURrb32hWWciC4_1757334897007_1.jpg","unknown","","","https://www.facebook.com/EMILIOELINDIOFERNANDEZ?mibextid=ZbWKwL","","","","website"
"2c36c621-38f9-4635-ab07-d67a3182c1a5","Monument to the Revolution","Ciudad De México","null","https://tysnkzmljlmmqpbotkxv.supabase.co/storage/v1/object/public/travel-app-images/ChIJHwciRdL40YURIAzMPd3G_SA/ChIJHwciRdL40YURIAzMPd3G_SA_1757334900265_1.jpg","unknown","","","https://mexicocity.cdmx.gob.mx/venues/monument-to-the-revolution/?lang=es","","","","website"
"81c0c612-7eff-4cda-9f74-18b0202e0d68","Embarcadero Puente De Urrutia Miguel Poblano","Ciudad De México","null","https://tysnkzmljlmmqpbotkxv.supabase.co/storage/v1/object/public/travel-app-images/ChIJvZx5lnYDzoURhY0hsBDZoQU/ChIJvZx5lnYDzoURhY0hsBDZoQU_1757333253345_1.jpg","unknown","","","","","","",""
"a5497467-abe9-4ed0-826e-bfc3e50b595c","Morro de Santo Antônio da Bica","Rio de Janeiro","RJ","","unknown","","","","","","",""
"9c3a9319-a190-4a50-a428-7a775e4e68e7","Parque Tezozómoc","Ciudad De México","null","https://tysnkzmljlmmqpbotkxv.supabase.co/storage/v1/object/public/travel-app-images/ChIJ1d-tcZUC0oUR5pEVJ_YZw-c/ChIJ1d-tcZUC0oUR5pEVJ_YZw-c_1757333256758_1.jpg","unknown","","","","","","",""
"eea87840-4c51-4a6f-ad9f-349b0f8cf1af","Biblioteca de las Artes","Ciudad De México","null","https://tysnkzmljlmmqpbotkxv.supabase.co/storage/v1/object/public/travel-app-images/ChIJ1YOmCjT-0YURdCScnktoMjE/ChIJ1YOmCjT-0YURdCScnktoMjE_1757334914656_1.jpg","unknown","","","https://www.bibliotecadelasartes.cenart.gob.mx/","","","","website"
"0423b0a0-e785-43c9-b9f9-7df83eb55d25","Pico Itaiaci","Rio de Janeiro","RJ","","unknown","","","","","","",""
"d075ebd4-7665-4d9e-9197-2f39b0e97f7e","Monumento Álvaro Obregón","Ciudad De México","null","https://tysnkzmljlmmqpbotkxv.supabase.co/storage/v1/object/public/travel-app-images/ChIJYwJ7GhT90YURSBlgBPKgRdQ/ChIJYwJ7GhT90YURSBlgBPKgRdQ_1757334917996_1.jpg","unknown","","","","","","",""
"dc3166f0-a660-4eae-8180-6276dfcad994","Church of Saint Augustine","Ciudad De México","null","https://tysnkzmljlmmqpbotkxv.supabase.co/storage/v1/object/public/travel-app-images/ChIJmfdOWtL-0YURpII2mjYSIt4/ChIJmfdOWtL-0YURpII2mjYSIt4_1757333260952_1.jpg","unknown","","","","","","",""
"3d0c0ba6-277e-4d83-8ebb-67d087baaf05","Parroquia de San Miguel Arcangel","Ciudad De México","null","https://tysnkzmljlmmqpbotkxv.supabase.co/storage/v1/object/public/travel-app-images/ChIJz_xYRGIC0oUReE1fS9joTp4/ChIJz_xYRGIC0oUReE1fS9joTp4_1757333264525_1.jpg","unknown","","","","","","",""
"eb42effb-d0d8-4dd8-b231-8a7da556a18d","Morro do Sacarrão da Batalha","Rio de Janeiro","RJ","","unknown","","","","","","",""
"ec8bd310-0cee-4832-8e9e-e735d3b67e39","Arco de entrada de San Pedro Mártir, Texopalpan","Ciudad De México","null","https://tysnkzmljlmmqpbotkxv.supabase.co/storage/v1/object/public/travel-app-images/ChIJgXpaFAABzoURER0pQt5iRQQ/ChIJgXpaFAABzoURER0pQt5iRQQ_1757333267828_1.jpg","unknown","","","","","","",""
"e161491f-f592-4ec5-a5bf-92654b3d9e55","Informação Histórica","Região de PB","PB","","unknown","","","","","","",""
"dba3e595-d6c4-4a54-94b3-de0d5380f10c","Salão Paroquial da Igreja Matriz","Fortaleza","CE","","unknown","","","","","","",""
"5887c521-3453-421a-b263-f4d75009d44d","Pico da Independência","Rio de Janeiro","RJ","","unknown","","","","","","",""
"004b204d-bd18-447c-a0b3-73e3fa1e29dc","Old train station Estacion La Villa","Ciudad De México","null","https://tysnkzmljlmmqpbotkxv.supabase.co/storage/v1/object/public/travel-app-images/ChIJs04a8Z350YURdlmXV3zASQ8/ChIJs04a8Z350YURdlmXV3zASQ8_1757334926864_1.jpg","unknown","","","","","","",""
"5193d516-76df-4103-ab37-70d4cd489e49","Morro do Capim Melado","Rio de Janeiro","RJ","","unknown","","","","","","",""
"a0c870aa-ca93-43fe-a312-2f5b42530179","Biblioteca Pública "Profesor Misael Núñez Acosta"","Ciudad De México","null","https://tysnkzmljlmmqpbotkxv.supabase.co/storage/v1/object/public/travel-app-images/ChIJsXfvzk_50YURs7_nNPKdP7U/ChIJsXfvzk_50YURs7_nNPKdP7U_1757334936781_1.jpg","unknown","","","","","","",""
"48b68425-6768-4c47-ba4c-7ae9720b8dea","Alto da Capelinha","Rio de Janeiro","RJ","","unknown","","","","","","",""
"f04d25fa-fe4f-4e30-b35c-1c4097faa352","Monumento Lions Club","Campo Grande","MS","","unknown","","","","","","",""
"15e3daea-1919-4ea2-bc97-65ded83c2083","Museo Jumex","Mexico City","null","https://tysnkzmljlmmqpbotkxv.supabase.co/storage/v1/object/public/travel-app-images/ChIJv0LcYRoC0oURwXXz3593qE8/ChIJv0LcYRoC0oURwXXz3593qE8_1757333277622_1.jpg","unknown","","","https://www.fundacionjumex.org/","","","","website"
"90c852b9-9a0e-42d6-b13b-33de2eb6d808","MUCA CU - Museo Universitario de Ciencias y Arte","Ciudad De México","null","https://tysnkzmljlmmqpbotkxv.supabase.co/storage/v1/object/public/travel-app-images/ChIJ445B0AAAzoURDJ5enadXEDM/ChIJ445B0AAAzoURDJ5enadXEDM_1757333281014_1.jpg","unknown","","","http://muca.unam.mx/","","","","website"
"477067a0-6bf5-4991-8357-6cf2948f1633","Mural 10 de Outubro","Campo Grande","MS","","unknown","","","","","","",""
"3e1a8b89-b31e-4d30-b7d0-63b1a0b37ee2","Alto da Bela Vista","Rio de Janeiro","RJ","","unknown","","","","","","",""
"416eb8a2-85b0-4f84-8663-c33960d752eb","Pedra do Ponto","Rio de Janeiro","RJ","","unknown","","","","","","",""
"720c112b-650c-4f1b-bfa2-5db89579896d","Palacio de los Deportes","Ciudad De México","null","https://tysnkzmljlmmqpbotkxv.supabase.co/storage/v1/object/public/travel-app-images/ChIJbWv_1CD80YUR0my1YUOaodI/ChIJbWv_1CD80YUR0my1YUOaodI_1757334945711_1.jpg","unknown","","","https://palaciodelosdeportes.mx/","","","","website"
"8c6aff14-b2a1-4a2b-ab81-a01e4423bc47","Pico da Piraquara","Rio de Janeiro","RJ","","unknown","","","","","","",""
"55dedb53-cfb6-4729-9bc2-131158eff8f4","Bosque de Chapultepec","Ciudad De México","null","https://tysnkzmljlmmqpbotkxv.supabase.co/storage/v1/object/public/travel-app-images/ChIJP1dJRVf_0YURr8MZosHl4kI/ChIJP1dJRVf_0YURr8MZosHl4kI_1757334954905_1.jpg","unknown","","","http://data.sedema.cdmx.gob.mx/bosquedechapultepec/","","","","website"
"57a06eed-755a-43ff-a05d-aab158c6d962","Alto da Beatriz","Rio de Janeiro","RJ","","unknown","","","","","","",""
"7c210c19-9cd5-4e16-9d9e-d0372d6c0cb9","Morro Negro","Porto Alegre","RS","","unknown","","","","","","",""
"7c6fc7f8-faaf-486b-8278-4d9f89d56d3a","Escultura Tomie Ohtake","Belo Horizonte","BH","","unknown","","","","","","",""
"5edaefbd-322e-41ad-b897-6a052dd4cc1d","Garganta da Casa Amarela","Rio de Janeiro","RJ","","unknown","","","","","","",""
"96c560ff-ae99-4e63-9f6b-b7998a527c83","Morro de Santa Bárbara","Rio de Janeiro","RJ","","unknown","","","","","","",""
"303bc416-aee9-42fc-b692-5b2158759b16","Alto da Barroca","Rio de Janeiro","RJ","","unknown","","","","","","",""
"a4c5211f-acd3-4a1b-9420-0c9f0a42e875","Biblioteca Josep Laporte (Universitat Autònoma de Barcelona)","Barcelona","null","https://tysnkzmljlmmqpbotkxv.supabase.co/storage/v1/object/public/travel-app-images/ChIJmbsPBdGipBIRAqNvXHpbnEM/ChIJmbsPBdGipBIRAqNvXHpbnEM_1751571900887_1.jpg","unknown","","","https://www.uab.cat/web/biblioteca-josep-laporte/biblioteca-josep-laporte-1345770456628.html","","","","website"
"f5f30155-e9f6-4aea-86db-a95a63172b20","Parque Xicoténcatl","Ciudad De México","null","https://tysnkzmljlmmqpbotkxv.supabase.co/storage/v1/object/public/travel-app-images/ChIJKSa9_8v_0YUR9u1wSQDi-X0/ChIJKSa9_8v_0YUR9u1wSQDi-X0_1757333291210_1.jpg","unknown","","","","","","",""
"21f745a0-ad67-4e0b-92cb-baba0ab596e8","Imagem de Nossa Senhora das Graças","Região de PB","PB","","unknown","","","","","","",""
"6e2b4bef-7bcc-4854-8f4a-ecdd2a71fb8d","Pedra do Gommo","Rio de Janeiro","RJ","","unknown","","","","","","",""
"f098ea7a-3335-4236-a157-41bba0be2e32","Teatro Qorpo Santo","Rio de Janeiro","RJ","","unknown","","","","","","",""
"a89ba19d-a339-4637-b389-f131891ddada","Retrato do Padre Diogo Antônio Feijó","São Paulo","SP","https://tysnkzmljlmmqpbotkxv.supabase.co/storage/v1/object/public/travel-app-images/wikimedia-a89ba19d/retrato-do-padre-diogo-antnio--fileaudio-file-of-re-1757526904207-1.ogg","wikimedia_commons","","","","","","",""
"016faa73-85ba-46d9-b240-15b3606717bb","Estátua Peruana de Arequipa","Belo Horizonte","BH","","unknown","","","","","","",""
"9ec1f18a-50e7-422a-9ee2-7227367de385","Parque Bispo do Rosário","Rio de Janeiro","RJ","","unknown","","","","","","",""
"35e33c7b-adbc-4914-ada2-1e594aec3fb4","Teatro Municipal Maria Clara Machado","Rio de Janeiro","RJ","","unknown","","","","","","",""
"d609e59e-3e20-4869-9415-0dca07f5e401","Museo Nacional de Antropología","Mexico City","null","https://tysnkzmljlmmqpbotkxv.supabase.co/storage/v1/object/public/travel-app-images/ChIJScjIILQB0oURJMVub-MaI4Q/ChIJScjIILQB0oURJMVub-MaI4Q_1757333294901_1.jpg","unknown","","","https://www.mna.inah.gob.mx/","","","","website"
"6441cff8-0daf-43c4-a4c6-2bd2fba26435","Biblioteca","Rio de Janeiro","RJ","","unknown","","","","","","",""
"e375e81d-8320-4c32-8cbd-baad2a61ecde","Catedral do Bom Jesus","Goiânia","GO","","unknown","","","","","","",""
"d397a964-9b70-4518-a9ba-f7042ca55b0a","Cachoeira Arapongas","Curitiba","PR","","unknown","","","","","","",""
"7d4c0284-4083-4303-8f9d-d8d578d5d5fd","Cavena do Couto","Curitiba","PR","","unknown","","","","","","",""
"81cf1c4d-ba40-4575-81f7-2094c74e4eb3","Museu Seleção Brasileira","Rio de Janeiro","RJ","","unknown","","","","","","",""
"d1adbdd2-3c7d-49a2-980a-2fea0ce3d9ff","Cristo Redentor","Rio de Janeiro","RJ","","unknown","","","","","","",""
"51627bcc-38a8-4157-9a0a-54b21190fde6","Museu do Universo","Rio de Janeiro","RJ","https://tysnkzmljlmmqpbotkxv.supabase.co/storage/v1/object/public/travel-app-images/wikimedia-51627bcc/museu-do-universo-filemuseu-do-univers-1757526912495-1.jpg","wikimedia_commons","","","","","","",""
"0ea4a68c-041a-4bae-ac42-c6d42ce44285","Monumento ao Nunca Mais","Rio de Janeiro","RJ","","unknown","","","","","","",""
"0216c831-88f4-46fd-b827-df6f400429a3","Arco de Entrada "San Bartolo Atepehuacan".","Ciudad De México","null","https://tysnkzmljlmmqpbotkxv.supabase.co/storage/v1/object/public/travel-app-images/ChIJIWgn1-D50YURfxTNqyBcnNk/ChIJIWgn1-D50YURfxTNqyBcnNk_1757333298364_1.jpg","unknown","","","","","","",""
"8b7c2330-7900-429b-bda0-5b2859fbb3d8","ATELIER10","Rio de Janeiro","RJ","","unknown","","","","","","",""
"640a3533-2cdb-44b6-82e8-5cfa48143fc5","Cachoeira do Couto","Curitiba","PR","","unknown","","","","","","",""
"305cebfc-b411-4820-96db-eda5a36f7964","Homenagem Barão do Triumpho","Porto Alegre","RS","","unknown","","","","","","",""
"d8f64e14-43ea-420a-89af-8acb6f49fc7d","Cielito Lindo, Quirino Mendoza y Cortés","Ciudad De México","null","https://tysnkzmljlmmqpbotkxv.supabase.co/storage/v1/object/public/travel-app-images/ChIJx2oMq3AdzoURe-L8WOtsx5U/ChIJx2oMq3AdzoURe-L8WOtsx5U_1757333301637_1.jpg","unknown","","","http://www.xochimilco.cdmx.gob.mx/","","","","website"
"98aff42b-cb74-475f-81f3-651d3a538a3d","Carta Testamento de Getulio Vargas","Porto Alegre","RS","","unknown","","","","","","",""
"1f511ee7-22f0-4f8b-bbe4-0074e67ef558","Praia do Dentista","Rio de Janeiro","RJ","","unknown","","","","","","",""
"58385208-9e39-462a-8781-6e7b7f48d177","Paraty Mirim","Rio de Janeiro","RJ","","unknown","","","","","","",""
"5d302aff-8309-41e7-9b2b-a620f9966a33","Teste","Porto Alegre","RS","","unknown","","","","","","",""
"1d1a214f-cb1e-493d-bde0-e02bd24b5dc6","Estatua Serafim Moreira","Rio de Janeiro","RJ","","unknown","","","","","","",""
"c9f457fa-51e5-4a3d-a1f7-b983fe8cc4c4","Memorial Igreja Abandonada","Rio de Janeiro","RJ","","unknown","","","","","","",""
"a21574de-2af2-4440-816b-03b0b046f2ba","Art Clube Futebol da 15","Rio de Janeiro","RJ","","unknown","","","","","","",""
"02017c6b-90d1-4a15-a28b-647871103eda","Capilla de Adoración Perpetua Real Monasterio Santa Isabel","Barcelona","null","https://tysnkzmljlmmqpbotkxv.supabase.co/storage/v1/object/public/travel-app-images/ChIJWRfO_UGYpBIRXaiMTCOulL0/ChIJWRfO_UGYpBIRXaiMTCOulL0_1751574957373_1.jpg","unknown","","","http://adoracionperpetuabarcelona.org/","","","","website"
"09928892-da1e-445f-94a6-2f633a55637f","Biblioteca Agrícola Metropolitana","Ciudad De México","null","https://tysnkzmljlmmqpbotkxv.supabase.co/storage/v1/object/public/travel-app-images/ChIJbzVa-wMDzoURoOjyXS0Hcmg/ChIJbzVa-wMDzoURoOjyXS0Hcmg_1757333308988_1.jpg","unknown","","","","","","",""
"3f9ea446-c230-4cac-8426-269dafffb14f","Homenagem as Mães Riopardense","Porto Alegre","RS","","unknown","","","","","","",""
"7f69e0da-b581-457b-a427-5a06324255f2","Teatro SENAC - Bonsucesso","Rio de Janeiro","RJ","","unknown","","","","","","",""
"5ca488dd-ae49-4b5d-8512-1eae4a04c83e","Teatro SESC - Engenho de Dentro","Rio de Janeiro","RJ","","unknown","","","","","","",""
"c5aec6f2-45ba-4653-a9ad-5552cc8cc83a","200 anos de Rio Pardo","Porto Alegre","RS","","unknown","","","","","","",""
"b7f275c2-5a99-4233-b46b-25a77384d065","Biblioteca Xavier Benguerel","Barcelona","null","https://tysnkzmljlmmqpbotkxv.supabase.co/storage/v1/object/public/travel-app-images/ChIJVflDVRCjpBIRgKAg6tECpOI/ChIJVflDVRCjpBIRgKAg6tECpOI_1751567400956_1.jpg","unknown","","Q85693454","http://www.barcelona.cat/bibxavierbenguerel","","","","wikidata;website"
"b2ec899c-6246-44f2-a325-ae982a0b9b7f","Divisa de Municípios Boa Esperança / Carmo do Rio Claro","Belo Horizonte","BH","","unknown","","","","","","",""
"df60f367-42a3-46dd-825a-8bd3ca10ad75","Biblia aberta em marmore","Porto Alegre","RS","","unknown","","","","","","",""
"e9da0ed6-1f87-4156-b850-ad2a2a1a8790","Arco Defensa - Escultura - Sebastian","Ciudad De México","null","https://tysnkzmljlmmqpbotkxv.supabase.co/storage/v1/object/public/travel-app-images/ChIJsWAKbFT_0YURsUynf69abAU/ChIJsWAKbFT_0YURsUynf69abAU_1757333312943_1.jpg","unknown","","","","","","",""
"d41ee307-8081-40d4-8bdf-90b1621f6e75","Parque de Carlos I","Barcelona","null","https://tysnkzmljlmmqpbotkxv.supabase.co/storage/v1/object/public/travel-app-images/ChIJx-euaAWjpBIRGfVosdoHSP4/ChIJx-euaAWjpBIRGfVosdoHSP4_1751567304154_1.jpg","unknown","","","http://lameva.barcelona.cat/es/aprovechala/parques-y-jardines/parque-de-carles-i_98294134447.html","","","","website"
"ed02ffc4-b4d6-443a-8c45-d0e42acbb8a4","Teatro Wallace Meirelles","Rio de Janeiro","RJ","","unknown","","","","","","",""
"5eae49bd-6a34-4223-8d0f-40f8dfa2c221","Arquivo Histórico Municipal","Porto Alegre","RS","","unknown","","","","","","",""
"88d9ab9e-59d6-448c-8a29-e797f7d1c737","Graffiti Atomic","Rio de Janeiro","RJ","","unknown","","","","","","",""
"104d4e61-96c1-4358-82e8-87e0f7072999","Graffiti Bass","Rio de Janeiro","RJ","","unknown","","","","","","",""
"1b70cce6-c842-4845-93a3-a7153e77a433","Graffiti iOGS","Rio de Janeiro","RJ","","unknown","","","","","","",""
"9264d4eb-d7e1-4f1b-80a7-ff52c88f11ef","Museu e Centro Cultural da Casa da Moeda do Brasil","Rio de Janeiro","RJ","","unknown","","","","","","",""
"c67255ab-339a-4f86-87ae-c2c1dcb12246","Maçon","São Paulo","SP","","unknown","","","","","","",""
"f18c5a73-d20f-4b0e-95ee-290bacdfa54d","Museo Soumaya","Mexico City","null","https://tysnkzmljlmmqpbotkxv.supabase.co/storage/v1/object/public/travel-app-images/ChIJCT06bhoC0oURszwDTCLicpM/ChIJCT06bhoC0oURszwDTCLicpM_1757333316479_1.jpg","unknown","","","https://www.museosoumaya.org/inicio/exposiciones/plaza-carso/","","","","website"
"c20f71c0-a36e-41cf-bcbb-e32e0ebef560","Museu das Remoções","Rio de Janeiro","RJ","","unknown","","","","","","",""
"498f38d4-4f1b-41a5-82b9-4310f4bd5cbf","Paraty","Rio de Janeiro","RJ","","unknown","","","","","","",""
"c24a4ad3-4e92-40ca-abf6-b9b9a65f26b1","Mirante da Guanabara","Rio de Janeiro","RJ","","unknown","","","","","","",""
"29656ddd-0b2c-41c4-be9c-6b9b82f2f2e5","Morro da Bandeira","Rio de Janeiro","RJ","","unknown","","","","","","",""
"80bb05fe-5917-43bb-8b9b-285f144435c9","Ruínas do antigo Engenho Reinaldo Roesch S/A","Porto Alegre","RS","","unknown","","","","","","",""
"fd358d0a-4bda-46c9-aeed-bf8b011f07be","Morro Quebra-Dente","Porto Alegre","RS","","unknown","","","","","","",""
"aaac9d41-bc60-46c7-a986-5762fb5f02fd","Pedra do Canto","Goiânia","GO","","unknown","","","","","","",""
"3c5236b2-ae3a-45fb-96ac-5219b98aa288","Escultura Angel de la Paz","Ciudad De México","null","https://tysnkzmljlmmqpbotkxv.supabase.co/storage/v1/object/public/travel-app-images/ChIJIafWZwD_0YURbsYoXXQU2QU/ChIJIafWZwD_0YURbsYoXXQU2QU_1757333319984_1.jpg","unknown","","","","","","",""
"051862ad-55f4-485a-8c9e-f09ab0013b66","Cunard Centre","Cobh","null","https://tysnkzmljlmmqpbotkxv.supabase.co/storage/v1/object/public/travel-app-images/ChIJbcrFbdaDREgRMMOyJJi6CvU/ChIJbcrFbdaDREgRMMOyJJi6CvU_1753986670727_1.jpg","unknown","","","","","","",""
"6f23e7be-1a69-4890-84fc-050539cec353","Ruínas do antigo Frigorífico Bertoldo","Porto Alegre","RS","","unknown","","","","","","",""
"4e34cc6a-45b2-4cf7-9e1a-cb36eb181271","Zumbi dos Palmares","Salvador","BA","","unknown","","","","","","",""
"4656df37-d217-40e7-8e08-e43c0836eaba","Homenagem aos Servidores Municipais","Porto Alegre","RS","","unknown","","","","","","",""
"80a014ab-0b93-4f3c-8c94-dd01933cc6bb","Velha Destiladora","Florianópolis","SC","","unknown","","","","","","",""
"2ab9f592-2464-40a9-830b-24a7fd6df82b","O segundo bondinho","Rio de Janeiro","RJ","","unknown","","","","","","",""
"069855b1-af9c-4a94-9c2f-f3bacdc7d548","Letreiro "EU LOVE ARRAIAL"","Rio de Janeiro","RJ","","unknown","","","","","","",""
"97a1c9b2-5645-4e53-b57a-3719565a7371","Pão de Açúcar","Rio de Janeiro","RJ","","unknown","","","","","","",""
"b91e2a6d-7bdf-43bf-a4fe-ffcb79aa21dc","Desembarque","Região de PB","PB","","unknown","","","","","","",""
"eb141edc-22e6-4097-8cb0-9949601830e7","Mirante do Espia","Rio de Janeiro","RJ","","unknown","","","","","","",""
"1ff96f60-e7e1-45cf-a4be-4cf22b331b35","Thomas Delfino dos Santos","Rio de Janeiro","RJ","","unknown","","","","","","",""
"319fbfad-7fc9-4136-bad8-72f464149941","Serra do Patinho","Salvador","BA","","unknown","","","","","","",""
"c0b580f9-2d1d-4904-a7a6-ed2bb494a845","Rei Alberto I da Bélgica","Rio de Janeiro","RJ","","unknown","","","","","","",""
"6d2c7e54-429c-47f2-a0fb-e608714bff5d","Museo Tamayo Arte Contemporáneo","Mexico City","null","https://tysnkzmljlmmqpbotkxv.supabase.co/storage/v1/object/public/travel-app-images/ChIJS0th0lP_0YURUhbp0wYZ1Cw/ChIJS0th0lP_0YURUhbp0wYZ1Cw_1757333328092_1.jpg","unknown","","","http://www.museotamayo.org/","","","","website"
"a6eb07d3-d28c-4bd0-a712-e9b7c93c3f56","Colecciones peke","Ciudad De México","null","https://tysnkzmljlmmqpbotkxv.supabase.co/storage/v1/object/public/travel-app-images/ChIJ6-oTQwX50YURB1HieV_4r04/ChIJ6-oTQwX50YURB1HieV_4r04_1757333332177_1.jpg","unknown","","","","","","",""
"cfed3e73-3db2-4276-8142-177656f0c847","Rotary Encruzilhada","Região de PB","PB","","unknown","","","","","","",""
"a05af01d-9e67-41e6-81cc-dd85ef705b16","Eça de Queiroz","Rio de Janeiro","RJ","","unknown","","","","","","",""
"f6318757-f020-43bc-87bd-1ebc9c4046fc","Em edição...","Campo Grande","MS","","unknown","","","","","","",""
"42c7ccc0-6b97-4465-997a-75e917589492","Igreja Matriz- Paróquia Senhora Sant'Ana","Fortaleza","CE","","unknown","","","","","","",""
"b0c49fbb-d361-40fa-9919-70db5c857cc0","Miguel Couto","Rio de Janeiro","RJ","","unknown","","","","","","",""
"901a0e50-aa3f-41f4-a0ce-8f502bb9511e","Paulo de Frontin","Rio de Janeiro","RJ","","unknown","","","","","","",""
"de6b6bbc-1889-42d3-b0bf-d96c18bdd557","Machado de Assis","Rio de Janeiro","RJ","","unknown","","","","","","",""
"1bbd6a81-e367-4d33-b6a7-09d3949f7ed1","João Caetano","Rio de Janeiro","RJ","","unknown","","","","","","",""
"3c744508-2ad0-4dfa-88e0-7952f0994f2e","Rui Barbosa","Florianópolis","SC","","unknown","","","","","","",""
"89a3f42f-3262-4bd6-9a92-f9aae3f1aa41","Lima Barreto","Rio de Janeiro","RJ","","unknown","","","","","","",""
"43703be6-15ac-441c-aac1-5b24aee8c961","Morro Alto","Florianópolis","SC","","unknown","","","","","","",""
"3c4205d8-51e3-4708-a777-d0d846075ca7","Juventude","Rio de Janeiro","RJ","","unknown","","","","","","",""
"7a1b19e3-a1ee-4b82-b2d3-b30ac9645318","Monumento Maçônico","Campo Grande","MS","","unknown","","","","","","",""
"1c356eaa-a8bb-4779-8f15-057d1201e7ad","Joaquim Nabuco","Rio de Janeiro","RJ","","unknown","","","","","","",""
"0962c124-232f-4d09-9c2d-288d3d17c0be","Pedra Riscada","Fortaleza","CE","","unknown","","","","","","",""
"e7be08be-2453-48eb-9e0c-63594728b5ea","Ponte do Arco","Belo Horizonte","BH","","unknown","","","","","","",""
"c6a38e49-1712-431e-9a9e-d11848c766ae","Santuário Nossa Senhora do Carmo","Belo Horizonte","BH","","unknown","","","","","","",""
"3a8e49ef-a98e-4e18-8b2a-305c2f4a4cc1","Coluna Média em Cantoneira","Rio de Janeiro","RJ","","unknown","","","","","","",""
"e8633528-65a4-43bb-8a01-121534ac0089","Morro da Lagoa","Porto Alegre","RS","","unknown","","","","","","",""
"23209493-5afa-482c-a910-6b5e25dd0bd7","Âncora","Rio de Janeiro","RJ","","unknown","","","","","","",""
"1f3f8048-e934-48f8-983a-ee5df5b5470e","Morro da Palha","Porto Alegre","RS","","unknown","","","","","","",""
"81bd9718-bdd6-41ce-9cfd-311f747bc6b7","Getúlio Vargas","Rio de Janeiro","RJ","","unknown","","","","","","",""
"42cecf48-0625-4b49-a3ed-8abf258661a1","O Passante","Rio de Janeiro","RJ","","unknown","","","","","","",""
"443a4389-f6e2-418f-8c3a-fd31dfad016d","Monumento 100 anos da imigração japonesa","Campo Grande","MS","","unknown","","","","","","",""
"1ce12ba8-2971-4a25-9043-645618988ffb","Museu Fragmentos Do Tempo","Mata","RS","","unknown","","","","","","",""
"f4441788-e2d7-4760-8d5c-cd2d7edfa5da","Escultura para o Rio","Rio de Janeiro","RJ","","unknown","","","","","","",""
"70f44467-94dd-4229-bbee-6bf3d17c9617","Tartaruga","Rio de Janeiro","RJ","","unknown","","","","","","",""
"09778cda-2a33-4469-b6bd-7cca2726049c","Árvore de Natal","Rio de Janeiro","RJ","","unknown","","","","","","",""
"23dc8cf3-3957-4e15-a7f7-1cfe22a29f2c","Arquiteto Paulo Casé","Rio de Janeiro","RJ","","unknown","","","","","","",""
"91f9be9e-0143-42d2-912e-8426e8ffd880","Maternidade","Rio de Janeiro","RJ","","unknown","","","","","","",""
"157c0fd8-3ed0-4ea5-ab34-40fe59f6e34e","Sobrado Weber","Porto Alegre","RS","","unknown","","","","","","",""
"1f39eefb-52dc-464a-a365-ab9a552a73b1","Museu do Cinema da Bahia (Roque Araújo)","Salvador","BA","","unknown","","","","","","",""
"653e215e-5e19-4fcb-b437-683480f41359","Cascata Gabriela","Rio de Janeiro","RJ","","unknown","","","","","","",""
"a5138b8d-aebf-41a3-a709-5d1fbc0df153","Museu Paulo Firpo","Porto Alegre","RS","","unknown","","","","","","",""
"a1df2328-94e4-4638-ba75-4523ac5ef46a","Cascata da Baronesa","Rio de Janeiro","RJ","","unknown","","","","","","",""
"cf863788-049f-4651-b092-01033822d710","Cachoeira das Almas","Rio de Janeiro","RJ","","unknown","","","","","","",""
"283daaf8-53c8-482d-9411-e975ccfa8f28","Morro do Paula","Porto Alegre","RS","","unknown","","","","","","",""
"da3d2a8c-fc06-4cb2-b153-20250439eb51","Forte São Paulo da Gamboa","Salvador","BA","","unknown","","","","","","",""
"8bd85be6-dc06-47c4-b966-f8812051b7b5","Ruínas do Midosi","Rio de Janeiro","RJ","","unknown","","","","","","",""
"bb64eba6-4f18-4618-97f0-4b644cadc520","Busto de Bartolomeu Mitre","Rio de Janeiro","RJ","https://tysnkzmljlmmqpbotkxv.supabase.co/storage/v1/object/public/travel-app-images/wikimedia-bb64eba6/busto-de-bartolomeu-mitre-filebartolomeu-mitre-1757526928579-1.jpg","wikimedia_commons","","","","","","",""
"126c5cec-9093-4294-bcba-edc95328ec86","Ermita de Santa Cruz de Olorda","Barcelona","null","https://tysnkzmljlmmqpbotkxv.supabase.co/storage/v1/object/public/travel-app-images/wikipedia-126c5cec/ermita-de-santa-cruz-de-olorda-fitxerarbcom-ru-edit-1757529846297-1.svg","wikipedia","https://ca.wikipedia.org/wiki/Santa_Creu%20d'Olorda","Q8777174","","","","","wikipedia;wikidata"
"2d99e718-c357-4dfb-a9ff-7fc84a7025a3","Praia vermelha","Rio de Janeiro","RJ","","unknown","","","","","","",""
"d76d102a-c94c-4a2f-8199-ff95d345897a","Mureta do Leme","Rio de Janeiro","RJ","","unknown","","","","","","",""
"2762116b-9cc9-4c81-8822-0f9b076ebe61","Ilha de Cotumduba","Rio de Janeiro","RJ","","unknown","","","","","","",""
"bbd75f1c-2310-45d5-87e9-3a1a3b4c45b7",""Deck of Cards" Houses","Cobh","null","https://tysnkzmljlmmqpbotkxv.supabase.co/storage/v1/object/public/travel-app-images/ChIJW3KouKaDREgRygkmFftJLfA/ChIJW3KouKaDREgRygkmFftJLfA_1753986651807_1.jpg","unknown","","","","","","","reference_links"
"a966dcc5-3679-41a4-861a-25286940cce9","Morro dos Barbosas","São Paulo","SP","","unknown","","","","","","",""
"0d0359bb-6c8b-43b4-a000-f5e992b76f63","Pedra Riscada","Vitória","ES","","unknown","","","","","","",""
"61de154d-27af-4c9e-86fd-8e1af9552665","Proteção","Rio de Janeiro","RJ","","unknown","","","","","","",""
"ab4f504d-4e07-4cbd-88a5-c93622c71748","Centro Coreográfico","Rio de Janeiro","RJ","","unknown","","","","","","",""
"626c3b38-02b6-4168-9ee7-5745bd3cfc4d","Mirante Imperial","Rio de Janeiro","RJ","","unknown","","","","","","",""
"f003f023-be02-400d-b321-5f9803dc33ce","Busto de Marechal Joaquim Ignacio Cardoso","Rio de Janeiro","RJ","","unknown","","","","","","",""
"d9f16231-ed4b-4087-b4d9-934c32ca29dc","Marco do Início das Obras do Bosque da Barra","Rio de Janeiro","RJ","","unknown","","","","","","",""
"a7cbc29b-dd76-449a-a3cc-9deee5cab78a","Pedra Santo Antônio","Rio de Janeiro","RJ","","unknown","","","","","","",""
"390b958e-f58e-4b94-be97-45c63c992ca7","Orelha Menor das Três Orelhas de Mangaratiba","Rio de Janeiro","RJ","","unknown","","","","","","",""
"d1affa28-a654-4d3c-ab02-1032f6ad5854","Praia da Ribeira","Rio de Janeiro","RJ","","unknown","","","","","","",""
"b2efee91-c944-4039-a010-39220d48778f","Cápsula do Tempo (2022–2072)","Rio de Janeiro","RJ","","unknown","","","","","","",""
"f41122e1-3eb1-4b01-945d-aaabce314924","Índio Lutando com Felino","Rio de Janeiro","RJ","","unknown","","","","","","",""
"17b86de3-5102-4568-aeeb-8ee8a1f900ff","Cruz","Campo Grande","MS","","unknown","","","","","","",""
"686bf277-79ac-41a5-bab3-ef0fdaca4fcf","Mural Chapeuzinho Vermelho","Campo Grande","MS","","unknown","","","","","","",""
"479bf05f-c429-4e3f-ae2a-34368093f4c6","Morro do Embaré","São Paulo","SP","","unknown","","","","","","",""
"7ff54d57-933d-4cef-ba4d-0fea0247c410","Teatro Vento Forte","São Paulo","SP","","unknown","","","","","","",""
"8edaba3e-ad6c-4070-8873-ae46492e6c91","Marcos Tamoio","Rio de Janeiro","RJ","","unknown","","","","","","",""
"164ff80b-ffcf-4450-a5f7-89de7cdb94fd","Ampulheta A Medida do Tempo","Rio de Janeiro","RJ","","unknown","","","","","","",""
"1b2cd12f-3858-42ec-a168-2790cd126993","Ismael Silva","Rio de Janeiro","RJ","https://tysnkzmljlmmqpbotkxv.supabase.co/storage/v1/object/public/travel-app-images/wikimedia-1b2cd12f/ismael-silva-fileismael-silva-rio-1757526935547-1.jpg","wikimedia_commons","","","","","","",""
"49c1f3ff-2120-4bb2-b1ae-9ce31d5b3e92","Mural dos Tropeiros","Campo Grande","MS","","unknown","","","","","","",""
"caeb08c8-de90-4b4a-891a-397ba4f3ece8","Painel Colonização de Campo Mourão","Campo Grande","MS","","unknown","","","","","","",""
"125b1e3c-efc5-4c25-9c70-d02ac5238726","Mural Iemanjá","Campo Grande","MS","","unknown","","","","","","",""
"dc04d3a3-3ad7-41b0-a0b8-8a2237d3cf05","Serra Bonita","Região de PB","PB","","unknown","","","","","","",""
"b58af6a7-62b5-4d45-a653-1360f0deb3b2","Morro dos Bois","Porto Alegre","RS","","unknown","","","","","","",""
"5d0235db-b5d4-4e8d-91ba-aa1036cdf297","Serra da Gangorrinha","Região de RN","RN","","unknown","","","","","","",""
"3bf09b89-5e11-4015-b79c-a451ee9b3c9a","Príncipe dos Bosques","Rio de Janeiro","RJ","","unknown","","","","","","",""
"2f223a47-519a-4879-8fd7-18f33506947f","Serra Branca","Região de RN","RN","","unknown","","","","","","",""
"d8fd34b6-689c-4e28-8eda-d60a0998b942","Estrutura Diagonal Flor de Cactos","Rio de Janeiro","RJ","","unknown","","","","","","",""
"d8f7644c-c815-40b1-baf1-40afe07f494c","Mercado das Artes Nice Amaral Guimarães Baleeiro","Salvador","BA","","unknown","","","","","","",""
"e88028c2-a364-4ca4-85e3-6e4876d62d0f","Redário","Belo Horizonte","BH","","unknown","","","","","","",""
"c65c776c-d50c-4763-b618-a71a5202c31b","Escultura Monumental para a Copa do Mundo Rio 2014","Rio de Janeiro","RJ","","unknown","","","","","","",""
"f3ecbd3a-3641-438e-8ed3-c30954ecebcb","Justiça","Rio de Janeiro","RJ","","unknown","","","","","","",""
"af1a6e9d-5d0d-4d31-a30a-de13475ad0fd","Casa de Cesário de Mello","Rio de Janeiro","RJ","","unknown","","","","","","",""
"4e656b9a-9780-444b-8cc6-79b6d22adacb","Morro de São Maron","Rio de Janeiro","RJ","https://tysnkzmljlmmqpbotkxv.supabase.co/storage/v1/object/public/travel-app-images/wikimedia-4e656b9a/morro-de-so-maron-filest-maronjpg-1757526961278-1.jpg","wikimedia_commons","","","","","","",""
"5199213e-29f0-4a7c-be28-900064ab248c","Letreiro Santana do Parnaiba (MB)","Santana De Parnaíba","SP","https://tysnkzmljlmmqpbotkxv.supabase.co/storage/v1/object/public/travel-app-images/ChIJz9I-02obz5QR7seyUkpcV8I/ChIJz9I-02obz5QR7seyUkpcV8I_1751980252685_1.jpg","unknown","","","","","","",""
"0d840b83-8266-4b29-8b08-22e8f5a17f3e","SMCT - Museu Municipal","Santana De Parnaíba","SP","https://tysnkzmljlmmqpbotkxv.supabase.co/storage/v1/object/public/travel-app-images/ChIJ8dv7yE8bz5QRda0fRIn6dqs/ChIJ8dv7yE8bz5QRda0fRIn6dqs_1751980262917_1.jpg","unknown","","","","","","",""
"23a5e82e-22fd-4f82-afec-4f093f98657b","Praça Radialista João Vita Júnior","Rio De Janeiro","RJ","https://tysnkzmljlmmqpbotkxv.supabase.co/storage/v1/object/public/travel-app-images/ChIJmXNZbZ3hmwARtTJFyfI2wSM/ChIJmXNZbZ3hmwARtTJFyfI2wSM_1754501751005_1.jpg","unknown","","","","","","",""
"77e10723-d3cb-43f1-8622-fe91303cc325","Mirante Piquenho","Belo Horizonte","BH","https://tysnkzmljlmmqpbotkxv.supabase.co/storage/v1/object/public/travel-app-images/ChIJy4w_DwC9pgARc6aguxHc-8s/ChIJy4w_DwC9pgARc6aguxHc-8s_1751564720370_1.jpg","unknown","","","","","","",""
"9c18b2ad-60c8-4150-b5cc-85aeba8ed8ac","Deutsche Katholische Seelsorge Mexiko","Ciudad De México","null","https://tysnkzmljlmmqpbotkxv.supabase.co/storage/v1/object/public/travel-app-images/ChIJ1TLY2vH_0YURN-FnumVRXjY/ChIJ1TLY2vH_0YURN-FnumVRXjY_1757333358734_1.jpg","unknown","","","http://www.mexikath.net/","","","","website"
"f4957af9-c649-48cd-81a3-f1d2902bbde6","Remeiro","Santa Maria da Vitória","BA","","unknown","","","","","","",""
"9b1cbe65-666a-4adc-a9fd-d278910ef622","Obelisco da Praça da Bandeira","Santa Maria da Vitória","BA","","unknown","","","","","","",""
"67c1131d-755f-4cfe-9568-7b4eca0ab57a","Estátua de santo","Campo Grande","MS","","unknown","","","","","","",""
"d5731659-4dd3-455f-bc83-9b640ce49508","Bienal -São Paulo","São Paulo","SP","","unknown","","","","","","",""
"b8419149-9ea1-49a3-9acc-f3cb2d44630a","Mirante do Gavião","Belo Horizonte","BH","","unknown","","","","","","",""
"3facec37-714c-4dad-9a86-68c9054043c5","Igreja Matriz de Santo Antônio","Mesquita","MG","","unknown","","","","","","",""
"943aaed5-1b99-40f2-b35a-1ceffbde3acf","Estação Ferroviária do Curitibanos","Bragança Paulista","SP","https://tysnkzmljlmmqpbotkxv.supabase.co/storage/v1/object/public/travel-app-images/ChIJzTtGOQDLzpQRPaANzHjki2M/ChIJzTtGOQDLzpQRPaANzHjki2M_1751414526249_1.jpg","unknown","","","","","","","reference_links"
"30ae5bb5-c385-4bd9-b327-3dc375360e5c","Mosteiro Nossa Senhora da Paz","Itapecerica Da Serra","SP","https://tysnkzmljlmmqpbotkxv.supabase.co/storage/v1/object/public/travel-app-images/ChIJSeISjTisz5QRieTqChbmBPY/ChIJSeISjTisz5QRieTqChbmBPY_1751981051920_1.jpg","unknown","","","http://www.mnspaz.com/","","","","website"
"ed961c74-46b3-4aa0-bb0a-2a2cdd62d955","Cachoeira das Duas Quedas - Rola Moça","Belo Horizonte","BH","https://tysnkzmljlmmqpbotkxv.supabase.co/storage/v1/object/public/travel-app-images/ChIJjwwNz9i9pgARCh2Bc8Ecmhk/ChIJjwwNz9i9pgARCh2Bc8Ecmhk_1751564778358_1.jpg","unknown","","","","","","",""
"c52d6ceb-43fb-4f1d-acde-992b8262f50d","Cruzeiro de Santiago","Fortaleza","CE","","unknown","","","","","","",""
"0bbd6f82-4f6b-44c7-bb03-54554d604ca2","UFRPE","Região de PB","PB","","unknown","","","","","","",""
"5c4e7cf1-7abe-4f6c-a480-2b1e6f9f087e","Mural Mario e Luigi","Campo Grande","MS","","unknown","","","","","","",""
"3fb17ad0-6a4a-4b87-94b6-1f5c4952bb7c","Cachoeira da Água Santa","Belo Horizonte","BH","","unknown","","","","","","",""
"f8dbefdd-157d-4379-b1e3-f8a6bc3ed5dc","Rosto","Rio de Janeiro","RJ","","unknown","","","","","","",""
"044b99d4-7115-46cc-9a42-c4af2ca279fd","Parque de Exposições Fernando Costa","Franca","null","https://tysnkzmljlmmqpbotkxv.supabase.co/storage/v1/object/public/travel-app-images/ChIJk2cHhlSmsJQRQd2lzLciOiY/ChIJk2cHhlSmsJQRQd2lzLciOiY_1757334467230_1.jpg","unknown","","","","","","",""
"b68362d1-52cc-4480-8085-1c504fa17595","Locomotiva Doutor Luiz Leme","Bragança Paulista","SP","https://tysnkzmljlmmqpbotkxv.supabase.co/storage/v1/object/public/travel-app-images/ChIJx_jkARLJzpQRIfm1qp8HkGs/ChIJx_jkARLJzpQRIfm1qp8HkGs_1751413944462_1.jpg","unknown","","","","","","",""
"ed08ae07-e944-41be-af56-e965f8bde959","Espaço Cultural Salvador Vita","Mirassol","MG","","unknown","","","","","","",""
"c640c21f-0539-4785-8f4e-e6c7a79d3763","Placa da Praça Getúlio Vargas","Campo Grande","MS","","unknown","","","","","","",""
"723c1719-f1f8-44ae-b5ad-8b26de90b83b","Cerro Chapá","Curitiba","PR","","unknown","","","","","","",""
"1ce827cc-4b06-481f-9a00-a160c4e86f0c","Cachoeira do Neném","Belo Horizonte","BH","","unknown","","","","","","",""
"69b61376-4770-4708-ae6f-54a539c22e3b","Morro do Santiago","Fortaleza","CE","","unknown","","","","","","",""
"9188e3b2-e86f-4b5a-a537-1149f45c7eb4","ITAPECERICA SHOPPING","Itapecerica Da Serra","SP","https://tysnkzmljlmmqpbotkxv.supabase.co/storage/v1/object/public/travel-app-images/ChIJwdlSfhOtz5QRvm9JXAx3ruo/ChIJwdlSfhOtz5QRvm9JXAx3ruo_1751981376098_1.jpg","unknown","","","http://itapecericashopping.com.br/","","","","website"
"63684ac6-6e5c-40a4-ab27-d340d50b04d7","Mirante Henrique Dias","Região de PB","PB","","unknown","","","","","","",""
"87c59367-a617-4ae6-966d-d3aa5efdea7e","Paróquia de São Raimundo Nonato","Santa Luzia","BH","https://tysnkzmljlmmqpbotkxv.supabase.co/storage/v1/object/public/travel-app-images/ChIJ-3kDtpmFpgARh75r1sOwYnk/ChIJ-3kDtpmFpgARh75r1sOwYnk_1751577077533_1.jpg","unknown","","","","","","",""
"27a49510-4800-4f9c-b358-863676aad3d1","Exposició de Models Construïts amb Peces LEGO®","Barcelona","null","https://tysnkzmljlmmqpbotkxv.supabase.co/storage/v1/object/public/travel-app-images/ChIJ57aNvVK9pBIRlOb2093-yeU/ChIJ57aNvVK9pBIRlOb2093-yeU_1751573071223_1.jpg","unknown","","","https://expopiezas.es/","","","","website"
"f474e2ef-c9ca-4471-86ac-1ea397cbb2ec","Fuente Monumental","Barcelona","null","https://tysnkzmljlmmqpbotkxv.supabase.co/storage/v1/object/public/travel-app-images/ChIJDRTlO4G9pBIRPZmdlLP-rWU/ChIJDRTlO4G9pBIRPZmdlLP-rWU_1751574196970_1.jpg","unknown","","","","","","",""
"3e427080-d294-43ba-a8dd-f7b2dab6a0f2","Estátuas gigantes","Belo Horizonte","BH","","unknown","","","","","","",""
"696cb7cd-5757-4b64-8c08-17ed15c24c89","Museu Municipal Oswaldo Russomano","Bragança Paulista","SP","https://tysnkzmljlmmqpbotkxv.supabase.co/storage/v1/object/public/travel-app-images/ChIJDX0FK2rJzpQRwX1bVeBQxq4/ChIJDX0FK2rJzpQRwX1bVeBQxq4_1751413982511_1.jpg","unknown","","","","","","",""
"934d6d30-130a-4393-9257-aa909b41a389","Cidade de Carapicuíba","Carapicuíba","null","","unknown","","","","","","",""
"36783270-9bde-409d-a934-97431fc920a0","Bosque de Pau-Brasil","Região de PB","PB","","unknown","","","","","","",""
"1f4eafb4-092d-488b-8512-e70e9f39769c","Serra do Machado","Região de PB","PB","","unknown","","","","","","",""
"6f98477b-54c9-43e8-ba85-2eadfa982372","Serra Preta","Região de PB","PB","","unknown","","","","","","",""
"bcda7bf0-7858-4f24-8959-a98ca5f5a46c","Governador Vilson Pedro Kleinübing","Florianópolis","SC","","unknown","","","","","","",""
"cabf8828-cd9c-4f2c-b9b5-aa5faa8b7551","obelisco","Região de PB","PB","","unknown","","","","","","",""
"d4e10ee9-e155-4877-92b5-cc0ec52d66fe","Museu Marítimo","Santos","SP","https://tysnkzmljlmmqpbotkxv.supabase.co/storage/v1/object/public/travel-app-images/wikimedia-d4e10ee9/museu-martimo-fileacervo-museu-mar-1757526970211-1.jpg","wikimedia_commons","","","","","","",""
"2c397b7d-789c-4b38-afd5-5f826dd92df1","Parque Municipal Lago dos Padres","Bragança Paulista","SP","https://tysnkzmljlmmqpbotkxv.supabase.co/storage/v1/object/public/travel-app-images/ChIJuY8e8wXJzpQRIihTh7-Of7c/ChIJuY8e8wXJzpQRIihTh7-Of7c_1751414080324_1.jpg","unknown","","","","","","","reference_links"
"2308d2be-9066-4fa7-a853-6af8453c1ad9","Capela São Benedito e Santa Cruz","Bragança Paulista","SP","https://tysnkzmljlmmqpbotkxv.supabase.co/storage/v1/object/public/travel-app-images/ChIJw4qeIAA1yZQRvaH0DwOxUQk/ChIJw4qeIAA1yZQRvaH0DwOxUQk_1751416934562_1.jpg","unknown","","","","","","",""
"838c084e-6a5b-4163-91f4-69cb0ef98052","Correia Pinto","Porto Alegre","RS","","unknown","","","","","","",""
"f75db89b-9454-4dde-b6e7-c3fffd454483","Atelier Hideko Honma","São Paulo","SP","","unknown","","","","","","",""
"c667aca4-3cff-49bb-8ccb-1abe90baa487","Bourbon Resort Atibaia","Atibaia","SP","https://tysnkzmljlmmqpbotkxv.supabase.co/storage/v1/object/public/travel-app-images/ChIJZUWZqzTBzpQR3zWNN1IogfQ/ChIJZUWZqzTBzpQR3zWNN1IogfQ_1752860705805_1.jpg","unknown","","","https://www.bourbon.com.br/hotel/bourbon-atibaia/","","","","website"
"bee7d7f3-305b-45a2-9d50-ba887d691fc5","Monumento às Lavadeiras","Porto Alegre","RS","","unknown","","","","","","",""
"f5e3475b-96c3-4e9b-9d15-f9ed71d10f07","Gran Teatro del Liceu","Barcelona","null","https://tysnkzmljlmmqpbotkxv.supabase.co/storage/v1/object/public/travel-app-images/wikipedia-f5e3475b/gran-teatro-del-liceu-fitxer149-gran-teatr-1757529852562-1.jpg","wikipedia","https://ca.wikipedia.org/wiki/Gran_Teatre%20del%20Liceu","Q1130050","https://www.liceubarcelona.cat/","","","","wikipedia;wikidata;website"
"d8afc448-e926-4807-825a-f00ca26ca12b","Estatua - Luiz Gonzaga","Luiz Gonzaga","BA","","unknown","","","","","","",""
"a8ac140c-244e-417e-88bb-2278818a0959","Monumento Praça do Sol","Campo Grande","MS","","unknown","","","","","","",""
"f3a0dd5d-8a13-4e43-bd42-32ea45022e07","Bandeirante","São Paulo","SP","","unknown","","","","","","",""
"bb3ea8e3-5dbd-4c56-957e-83d227de5e89","Pico do Rinoceronte","Florianópolis","SC","","unknown","","","","","","",""
"d378608a-d6ba-4788-8aab-4454d42138c3","Atibaia","Atibaia","SP","https://tysnkzmljlmmqpbotkxv.supabase.co/storage/v1/object/public/travel-app-images/ChIJfQDxRh_BzpQRN44Hv9Gihcg/ChIJfQDxRh_BzpQRN44Hv9Gihcg_1752860714590_1.jpg","unknown","","","","","","",""
"89e4e2e7-145d-42c9-b970-80e04d19c1c5","Hash Marihuana & Hemp Museum Barcelona","Barcelona","null","https://tysnkzmljlmmqpbotkxv.supabase.co/storage/v1/object/public/travel-app-images/wikipedia-89e4e2e7/hash-marihuana-hemp-museum-bar-fitxerarbcom-ru-edit-1757529851598-1.svg","wikipedia","https://ca.wikipedia.org/wiki/Hash_Marihuana%20%26%20Hemp%20Museum%20(Barcelona)","Q11682430","http://hashmuseum.com/","","","","wikipedia;wikidata;website"
"3a993302-0d7b-4e0d-9cba-88f3b97e36f3","Parroquia de María Inmaculada","Ciudad De México","null","https://tysnkzmljlmmqpbotkxv.supabase.co/storage/v1/object/public/travel-app-images/ChIJjZNvefX50YUR21eyVSVLqLY/ChIJjZNvefX50YUR21eyVSVLqLY_1757333372509_1.jpg","unknown","","","http://www.facebook.com/PMariaInmaculada","","","","website"
"3cf599fa-5ea5-4c37-ad6f-a4a0d58288c4","Museu Histórico Doutor Renato Cordeiro","Centro","MG","","unknown","","","","","","",""
"5af2e171-5f8c-44f4-8bd8-9b4ce50aad03","Centro de Informações - FACCOTUR","Região de PB","PB","","unknown","","","","","","",""
"ba111f4a-f1da-4f24-900b-ec54e1cda110","Instituto Hércules Galló","Porto Alegre","RS","","unknown","","","","","","",""
"566487a3-8046-4abd-8086-0c99ee317f88","Chave da cidade","Campo Grande","MS","","unknown","","","","","","",""
"b668ffe5-058b-451f-8f00-c5a5e5333bf4","Padre Elias Gorayeb","Rio de Janeiro","RJ","","unknown","","","","","","",""
"eefed114-64c6-471e-a643-54afa979e9b7","Parque Municipal Edmundo Zanoni","Atibaia","SP","https://tysnkzmljlmmqpbotkxv.supabase.co/storage/v1/object/public/travel-app-images/ChIJ_9AR4erAzpQR1pBBcB1PR7g/ChIJ_9AR4erAzpQR1pBBcB1PR7g_1752860441960_1.jpg","unknown","","Q53880827","","","","","wikidata"
"e2f87608-ef0d-4dce-949f-1cfa6ea01360","Praça do Largo dos Jesuítas","Embu Das Artes","null","https://tysnkzmljlmmqpbotkxv.supabase.co/storage/v1/object/public/travel-app-images/ChIJrWTYNOWrz5QRxIhv5Gc9o5I/ChIJrWTYNOWrz5QRxIhv5Gc9o5I_1751982990234_1.jpg","unknown","","","","","","",""
"359f4e55-cdb9-4512-befb-47f009a18470","Paróquia de Santa Rita de Cássia","Carapicuíba","null","https://tysnkzmljlmmqpbotkxv.supabase.co/storage/v1/object/public/travel-app-images/ChIJGfDmQxsAz5QRBaNv01oq6hM/ChIJGfDmQxsAz5QRBaNv01oq6hM_1751980933832_1.jpg","unknown","","","https://www.instagram.com/santarita.paroquia","","","","website"
"342a53dc-bb89-4290-87f8-5d266d8348d3","Coreto da Praça Nossa Senhora da Conceição","Franca","null","https://tysnkzmljlmmqpbotkxv.supabase.co/storage/v1/object/public/travel-app-images/ChIJX20UHxKnsJQRNC6QlhS_8zA/ChIJX20UHxKnsJQRNC6QlhS_8zA_1757333090998_1.jpg","unknown","","","","","","",""
"9d951b66-fe52-4ea2-af43-64cfe0c335e8","Calçadão de Atibaia","Atibaia","SP","https://tysnkzmljlmmqpbotkxv.supabase.co/storage/v1/object/public/travel-app-images/ChIJwSz-Xd_AzpQRlZvDBtGCl3A/ChIJwSz-Xd_AzpQRlZvDBtGCl3A_1752860487130_1.jpg","unknown","","","","","","","reference_links"
"12910995-b775-491c-aa4d-06c4559b1f47","Fonte Ferracini","Franca","null","https://tysnkzmljlmmqpbotkxv.supabase.co/storage/v1/object/public/travel-app-images/ChIJc8EKIQ-nsJQRD1-12CUwb9w/ChIJc8EKIQ-nsJQRD1-12CUwb9w_1757333115554_1.jpg","unknown","","","","","","",""
"f60a523e-5732-4578-93f9-bc2350f605ef","Capela de São Sebastião","Região de PB","PB","","unknown","","","","","","",""
"0478c6ca-17fe-4257-b701-d99e12bc1ee9","Serra do Cruzeiro","Região de PB","PB","","unknown","","","","","","",""
"3d1d90d4-c9d3-40bb-b709-8720aaba8f39","Entrada de Caverna","Goiânia","GO","","unknown","","","","","","",""
"1acc8b7f-81f9-4158-8cb0-4818ea5bcaa0","Partida de Porto Feliz","São Paulo","SP","https://tysnkzmljlmmqpbotkxv.supabase.co/storage/v1/object/public/travel-app-images/wikimedia-1acc8b7f/partida-de-porto-feliz-fileaudio-file-of-pa-1757526975421-1.wav","wikimedia_commons","","","","","","",""
"52f1ec85-be3a-4e27-a6fc-368d381a727a","10 Mandamentos","Belo Horizonte","BH","","unknown","","","","","","",""
"62771072-4495-490f-8e62-86d9ac832b12","Pedra do Telégrafo","Rio de Janeiro","RJ","https://tysnkzmljlmmqpbotkxv.supabase.co/storage/v1/object/public/travel-app-images/wikimedia-62771072/pedra-do-telgrafo-fileo-que-est-aconte-1757526980993-1.jpg","wikimedia_commons","","","","","","",""
"358f9033-40a4-455f-b54a-6d22fe345de4","Casa do Patrimônio Cultural de Minas Gerais - Prédio Verde","Belo Horizonte","BH","https://tysnkzmljlmmqpbotkxv.supabase.co/storage/v1/object/public/travel-app-images/ChIJ6xoVpd2ZpgARkT2WYckgmNk/ChIJ6xoVpd2ZpgARkT2WYckgmNk_1751579383041_1.jpg","unknown","","","","","","",""
"bb7179b3-9917-4267-8c2e-0ca5ee6afb0a","Taboão da Serra","Taboão Da Serra","null","https://tysnkzmljlmmqpbotkxv.supabase.co/storage/v1/object/public/travel-app-images/ChIJYTyhI2FUzpQRhOvmuktshR8/ChIJYTyhI2FUzpQRhOvmuktshR8_1751984190543_1.jpg","unknown","","","http://www.taboaodaserra.sp.gov.br/","","","","website"
"bd158f86-80b1-44a8-b585-4c4e7bd68edd","Monumento do Centenário","Campo Grande","MS","","unknown","","","","","","",""
"b2b45b92-25ec-432d-babe-c6c6c0fa19fd","Morro do Pedregal","Florianópolis","SC","","unknown","","","","","","",""
"315bfbee-785c-412e-a2d8-6020a66f6e9b","Museu Regional de Delmiro Gouveia","Região de AL","AL","","unknown","","","","","","",""
"556c25e8-68f5-48b0-884e-bea940ec31bd","Chafariz Nossa Senhora da Paz","Belo Horizonte","BH","","unknown","","","","","","",""
"6749c552-b133-43f0-b2a4-68406be9dd1b","Praia Torres Sul","Porto Alegre","RS","","unknown","","","","","","",""
"ec04fa2e-8237-4262-9a05-4e99064cb17c","Ecoturistico Michmani Park","Ciudad De México","null","https://tysnkzmljlmmqpbotkxv.supabase.co/storage/v1/object/public/travel-app-images/ChIJn0L5O34BzoURfh3-HLm4m2g/ChIJn0L5O34BzoURfh3-HLm4m2g_1757333381389_1.jpg","unknown","","","","","","",""
"78e1f3a4-d32a-44ca-a75c-ebd2626f0f9a","Praia Arroio Seco","Porto Alegre","RS","","unknown","","","","","","",""
"825da20a-170c-4a79-86ac-109f2da529d3","Pedra do Ponto","Rio De Janeiro","RJ","https://tysnkzmljlmmqpbotkxv.supabase.co/storage/v1/object/public/travel-app-images/ChIJXU7YTTremwAR9ktcwPhx_u0/ChIJXU7YTTremwAR9ktcwPhx_u0_1754503023058_1.jpg","unknown","","Q22066513","","","","","wikidata"
"e247ec47-fea1-45f8-8857-0d46042df305","Praia Serra Azul","Porto Alegre","RS","","unknown","","","","","","",""
"28f5fb12-98e2-4712-8625-12e6220c96a1","Iglesia de San Agustín","Barcelona","null","https://tysnkzmljlmmqpbotkxv.supabase.co/storage/v1/object/public/travel-app-images/ChIJu63UGveipBIRjqpdJRlj3Bw/ChIJu63UGveipBIRjqpdJRlj3Bw_1751568667214_1.jpg","unknown","","","http://ravalcultural.bcn.cat/ca/content/parroquia-de-sant-agusti","","","","website"
"133b82fd-4e2d-4b2c-b234-5ae7f6431f0a","Fazenda do Ribeirão","Belo Horizonte","BH","","unknown","","","","","","",""
"e0242a4c-6aa7-479a-8d49-b6148cfc437e","Monumento à Caxias","Santa Luzia","BH","https://tysnkzmljlmmqpbotkxv.supabase.co/storage/v1/object/public/travel-app-images/ChIJDT--FNiDpgARUFlvFANLY48/ChIJDT--FNiDpgARUFlvFANLY48_1751577567634_1.jpg","unknown","","","","","","",""
"c02385d3-9ce9-4b28-82aa-8f1b89ae1a93","Museu Aurélio Dolabella","Santa Luzia","BH","https://tysnkzmljlmmqpbotkxv.supabase.co/storage/v1/object/public/travel-app-images/ChIJuyE8-ECBpgARuGaYKcX1-q8/ChIJuyE8-ECBpgARuGaYKcX1-q8_1751577539850_1.jpg","unknown","","","","","","",""
"36f81b1d-4c34-4e83-bb4f-442755c5c5d5","Mural em Homenagem ao Circuito Itapecerica 1908","Itapecerica Da Serra","SP","https://tysnkzmljlmmqpbotkxv.supabase.co/storage/v1/object/public/travel-app-images/ChIJgVMOGwCtz5QRY7QbHbRZnTs/ChIJgVMOGwCtz5QRY7QbHbRZnTs_1751981060792_1.jpg","unknown","","","","","","",""
"6fccfc89-20e0-479a-a2e1-b33596b790ce","Tulyehualco Park","Ciudad De México","null","https://tysnkzmljlmmqpbotkxv.supabase.co/storage/v1/object/public/travel-app-images/ChIJu3_736oczoURtxPwXBFNYoQ/ChIJu3_736oczoURtxPwXBFNYoQ_1757333387805_1.jpg","unknown","","","","","","",""
"bfd1e7c3-a61d-4674-a64c-185586c08b75","Balneário Atlântico","Porto Alegre","RS","","unknown","","","","","","",""
"ec515c12-1adb-4d26-a33e-18eba86522a7","Praia Azul","Porto Alegre","RS","","unknown","","","","","","",""
"6cacee80-898d-457f-b045-0687d33a0675","Praia Rondinha Nova","Porto Alegre","RS","","unknown","","","","","","",""
"5f781798-be6b-47dc-a071-2553349c8199","Fazenda Santana do Vale","Belo Horizonte","BH","","unknown","","","","","","",""
"6fe29d86-c49a-4a56-b7c9-6bb35e21daa0","Praia Rondinha Velha","Porto Alegre","RS","","unknown","","","","","","",""
"7207653c-bcde-4597-bf81-1972826b5769","Pico da Pedra Branca","Rio De Janeiro","RJ","https://tysnkzmljlmmqpbotkxv.supabase.co/storage/v1/object/public/travel-app-images/ChIJCdEHlw_emwARoPYptrWu0Eo/ChIJCdEHlw_emwARoPYptrWu0Eo_1754502953527_1.jpg","unknown","","","","","","",""
"45c2374f-3437-4749-ab46-05d80860d109","St. John the Evangelist and Our Lady of Guadalupe","Ciudad De México","null","https://tysnkzmljlmmqpbotkxv.supabase.co/storage/v1/object/public/travel-app-images/ChIJvRdReIT_0YURzPTc8xRvKlI/ChIJvRdReIT_0YURzPTc8xRvKlI_1757333394772_1.jpg","unknown","","","https://www.facebook.com/ParroquiaSanJuanMixcoac?locale=es_LA","","","","website"
"104803ee-c21f-444e-9c29-86f602f28cda","Mercado Central de Belo Horizonte","Belo Horizonte","BH","https://tysnkzmljlmmqpbotkxv.supabase.co/storage/v1/object/public/travel-app-images/ChIJAz0eA-KZpgARYAFkjcWmbI4/ChIJAz0eA-KZpgARYAFkjcWmbI4_1751579093758_1.jpg","unknown","","","http://mercadocentral.com.br/","","","","website"
"43db4802-715d-442d-90ea-2a1d0ac0346d","Praia Rondinha Maggi","Porto Alegre","RS","","unknown","","","","","","",""
"65af9919-1bc2-43bb-a0ec-d018d7c85d8e","PARQUE GUARA","Rio De Janeiro","RJ","https://tysnkzmljlmmqpbotkxv.supabase.co/storage/v1/object/public/travel-app-images/ChIJoenWgS3umwARUzfxT4B_t7M/ChIJoenWgS3umwARUzfxT4B_t7M_1754501060697_1.jpg","unknown","","","http://casasparqueguara.com.br/","","","","website"
"ac910a41-a3f2-421b-a1bd-dd693d0713bd","Gruta do Chapéu","Curitiba","PR","","unknown","","","","","","",""
"27795a5d-8ee8-4440-b62c-fd00269932a3","Praia Tupancy","Porto Alegre","RS","","unknown","","","","","","",""
"c699ac63-e130-466c-9132-dcfddec3f21d","Escultura de Las Cabras","Ciudad De México","null","https://tysnkzmljlmmqpbotkxv.supabase.co/storage/v1/object/public/travel-app-images/ChIJpQvipO8BzoURVQ3FHsvz_Uk/ChIJpQvipO8BzoURVQ3FHsvz_Uk_1757333398218_1.jpg","unknown","","","","","","",""
"7da6dc35-590e-4bf1-a204-8b4fc1c01e6b","Paredão da Ponta Grossa","Rio De Janeiro","RJ","https://tysnkzmljlmmqpbotkxv.supabase.co/storage/v1/object/public/travel-app-images/wikipedia-7da6dc35/paredo-da-ponta-grossa-ficheirobandeira-da--1757529859836-1.svg","wikipedia","https://pt.wikipedia.org/wiki/Praia_de%20Ponta%20Grossa","Q10352852","","","","","wikipedia;wikidata"
"2a62107e-ce95-4719-8450-4baa9fb6473d","Praia São Pedro","Porto Alegre","RS","","unknown","","","","","","",""
"627b85c3-3c5f-4359-a889-b31f59cf25cb","Fazenda da Cachoeira","Belo Horizonte","BH","","unknown","","","","","","",""
"47f42e58-dd8c-40ab-a451-3c5430be7cb2","tucunas","Belo Horizonte","BH","","unknown","","","","","","",""
"0ef2933b-8762-4f98-b00d-b06fdfcbb93a","Mirante Nova York","Belo Horizonte","BH","https://tysnkzmljlmmqpbotkxv.supabase.co/storage/v1/object/public/travel-app-images/ChIJY_Rl8a6PpgARlafU5noo3EU/ChIJY_Rl8a6PpgARlafU5noo3EU_1751578144411_1.jpg","unknown","","","","","","",""
"61371858-05f9-433e-921c-f97065edb180","Serra Dos Cristais","Franco Da Rocha","null","https://tysnkzmljlmmqpbotkxv.supabase.co/storage/v1/object/public/travel-app-images/ChIJ9b-5_Y3hzpQRpeTTDkmZOq8/ChIJ9b-5_Y3hzpQRpeTTDkmZOq8_1752868927651_1.jpg","unknown","","","","","","",""
"844cfa73-455c-4b34-bd03-64b9e68a8d94","Estádio Sebastião Romão Sampere","Atibaia","SP","https://tysnkzmljlmmqpbotkxv.supabase.co/storage/v1/object/public/travel-app-images/ChIJ05LxEJ7HzpQRI_gMlpRGbrk/ChIJ05LxEJ7HzpQRI_gMlpRGbrk_1752861170326_1.jpg","unknown","","","http://www.sitioromao.com.br/","","","","website"
"4b64d437-9a03-40ee-ae39-d0ec01e5e264","Estadio Municipal Hermínio Espósito","Embu Das Artes","null","https://tysnkzmljlmmqpbotkxv.supabase.co/storage/v1/object/public/travel-app-images/ChIJAeCkgHCrz5QRTKwPVB8lbvs/ChIJAeCkgHCrz5QRTKwPVB8lbvs_1751983051698_1.jpg","unknown","","","http://cidadeembudasartes.sp.gov.br/secretarias/esportes-e-lazer/","","","","website"
"ce725413-4874-4d1e-aa7a-bd1b26f1f6a4","Praça Barão da Franca","Franca","null","https://tysnkzmljlmmqpbotkxv.supabase.co/storage/v1/object/public/travel-app-images/ChIJ7zm9lS-msJQR3Hchax723J8/ChIJ7zm9lS-msJQR3Hchax723J8_1757334881444_1.jpg","unknown","","","","","","",""
"5d919e3a-5102-4e7f-beb5-4c43bcc91b17","Terreiro Obá Labí - Ponto de cultura","Rio De Janeiro","RJ","https://tysnkzmljlmmqpbotkxv.supabase.co/storage/v1/object/public/travel-app-images/ChIJR1EGUVvxmwARIL8yP_zDPwM/ChIJR1EGUVvxmwARIL8yP_zDPwM_1754501260577_1.jpg","unknown","","","https://instagram.com/terreiroobalabi","","","","website"
"8d883db1-6a53-453f-b964-db01e070f104","Praia Jardim Olívia","Porto Alegre","RS","","unknown","","","","","","",""
"c71a488d-417c-4965-a67a-b3e800436146","Presentation Brothers Commemorative Plaque","Cobh","null","https://tysnkzmljlmmqpbotkxv.supabase.co/storage/v1/object/public/travel-app-images/ChIJYalAENKDREgRHmcTX32Q6ZE/ChIJYalAENKDREgRHmcTX32Q6ZE_1753986621039_1.jpg","unknown","","","http://www.presentationbrothers.org/","","","","website"
"594f4c32-ea0b-4bf8-a2d0-bc0e6a8248c3","Praia São Paulo","Porto Alegre","RS","","unknown","","","","","","",""
"7b40c542-dce2-4cc9-b145-faf6aa09fcfd","Praia da Marambaia","Rio De Janeiro","RJ","https://tysnkzmljlmmqpbotkxv.supabase.co/storage/v1/object/public/travel-app-images/ChIJbRb3cKDumwARHeyXDVpt1ZA/ChIJbRb3cKDumwARHeyXDVpt1ZA_1754501437504_1.jpg","unknown","","Q22066665","","","","","wikidata"
"2cbd4b47-420f-47f4-ba39-7d193125a340","Franca","Franca","null","https://tysnkzmljlmmqpbotkxv.supabase.co/storage/v1/object/public/travel-app-images/ChIJMQjGXbOpsJQRYhRoaYpVuGg/ChIJMQjGXbOpsJQRYhRoaYpVuGg_1757333284076_1.jpg","unknown","","","http://www.franca.sp.gov.br/","","","","website"
"dd1f746d-4955-4153-9e59-adb32f9718a2","Atlixco","Ciudad De México","null","https://tysnkzmljlmmqpbotkxv.supabase.co/storage/v1/object/public/travel-app-images/ChIJUdwabAAB0oURiubeyao1e7A/ChIJUdwabAAB0oURiubeyao1e7A_1757333404602_1.jpg","unknown","","","","","","",""
"92ce001c-0612-46bc-8fd3-12bc3253c518","Praia Arroio do Sal","Porto Alegre","RS","","unknown","","","","","","",""
"ca5ed618-f6a1-46bd-ab84-5c9f90af456f","500 m","São Paulo","SP","","unknown","","","","","","",""
"4137338a-c502-4d0f-9499-29625a10b6f5","A. Bilac","Belo Horizonte","BH","","unknown","","","","","","",""
"9cd1af91-52f6-41b9-8c29-0f19b24304fe","Pedra de Itaocaia","Rio de Janeiro","RJ","","unknown","","","","","","",""
"4569fa59-5019-4559-ab7d-02311194ba4e","Poço Verde - Rio da Prata","Rio De Janeiro","RJ","https://tysnkzmljlmmqpbotkxv.supabase.co/storage/v1/object/public/travel-app-images/ChIJJ0JVOwDhmwARtpFO5ebCu0s/ChIJJ0JVOwDhmwARtpFO5ebCu0s_1754501570084_1.jpg","unknown","","","","","","",""
"83b5cffc-38b0-4747-b872-c744c18c1513","Museu da História da Inquisição","Belo Horizonte","BH","https://tysnkzmljlmmqpbotkxv.supabase.co/storage/v1/object/public/travel-app-images/ChIJUxloQB2RpgAR7byweHR9UUY/ChIJUxloQB2RpgAR7byweHR9UUY_1751578710691_1.jpg","unknown","","","http://museudainquisicao.org.br/","","","","website"
"a72d948b-270d-4e5f-a0b4-c1745f6ea614","Praia Quatro Lagos","Porto Alegre","RS","","unknown","","","","","","",""
"47deb28b-0ec4-402e-805f-015724588402","Praia Areias Brancas","Porto Alegre","RS","","unknown","","","","","","",""
"59e29f06-4226-42fb-8e60-d7577e9e87c5","Praia Camboim","Porto Alegre","RS","","unknown","","","","","","",""
"4ca6216d-7bc1-4d6e-8a18-ae858a438ecb","Praia Arroio do Sal Sul","Porto Alegre","RS","","unknown","","","","","","",""
"e57b0daa-5a11-4c22-a0eb-58cd04a3347b","Praia Figueirinha","Porto Alegre","RS","","unknown","","","","","","",""
"4dc697c0-5edf-41eb-a5f9-6ea6ebedffdd","Província Joana Pacheco III","Rio De Janeiro","RJ","","unknown","","","","","","",""
"a51b71e7-b75b-4ffe-8864-b3ad1be13581","Museu de Ciências Naturais PUC Minas","Belo Horizonte","BH","https://tysnkzmljlmmqpbotkxv.supabase.co/storage/v1/object/public/travel-app-images/wikipedia-a51b71e7/museu-de-cincias-naturais-puc--ficheiromap-symbol-m-1757529859279-1.svg","wikipedia","https://pt.wikipedia.org/wiki/Museu_das%20Minas%20e%20do%20Metal","Q10333730","https://museu.pucminas.br/","","","","wikipedia;wikidata;website"
"d0028456-d50f-4d81-8d9f-8e5002edd00a","Convento de Santa María de Jerusalén (Clarisas)","Barcelona","null","https://tysnkzmljlmmqpbotkxv.supabase.co/storage/v1/object/public/travel-app-images/ChIJWcnheTqYpBIRvBQvAUaqtmc/ChIJWcnheTqYpBIRvBQvAUaqtmc_1751574913349_1.jpg","unknown","","","https://www.monestirjerusalem.com/","","","","website"
"c176fbe6-f284-4954-9d16-9a2b42bfb754","Parque Tietê Ecológico Barueri","Barueri","SP","https://tysnkzmljlmmqpbotkxv.supabase.co/storage/v1/object/public/travel-app-images/ChIJq-jwELUDz5QRwyFRAIZm_8k/ChIJq-jwELUDz5QRwyFRAIZm_8k_1751974550465_1.jpg","unknown","","","http://portal.barueri.sp.gov.br/","","","","website"
"c29f2b02-7b81-4b16-bffc-5566bbb7e6b9","Pontão da Baia","Florianópolis","SC","","unknown","","","","","","",""
"a0644653-b1aa-4f7d-a94b-5f06d1afca85","Paróquia Nossa Senhora da Ajuda","Rio De Janeiro","RJ","https://tysnkzmljlmmqpbotkxv.supabase.co/storage/v1/object/public/travel-app-images/ChIJi8FUt2CdmQARQ4xAkxyDoxs/ChIJi8FUt2CdmQARQ4xAkxyDoxs_1754581524781_1.jpg","unknown","","","https://www.facebook.com/paroquianossasenhoradajudaoficial","","","","website"
"2ce237a4-09b7-4149-9446-8f90d2a57b8a","Museu Terra Brasil","Jarinu","SP","https://tysnkzmljlmmqpbotkxv.supabase.co/storage/v1/object/public/travel-app-images/ChIJGaoVQSvDzpQRJnf-xs8dlFE/ChIJGaoVQSvDzpQRJnf-xs8dlFE_1754417389286_1.jpg","unknown","","","","","","","reference_links"
"af4064d0-794c-48e4-ae25-1fdbc10465a0","Paróquia de São Mateus","Belo Horizonte","BH","https://tysnkzmljlmmqpbotkxv.supabase.co/storage/v1/object/public/travel-app-images/ChIJ0Zcau8uZpgARZA5Muzx_2fg/ChIJ0Zcau8uZpgARZA5Muzx_2fg_1751579763797_1.jpg","unknown","","","","","","",""
"9767a481-3c2c-47fd-8a9b-0a265134559a","Praia Jardim Raiante","Porto Alegre","RS","","unknown","","","","","","",""
"c88c1676-ac56-4671-b594-853c8dafd951","Paróquia Coração Imaculado de Maria","Bragança Paulista","SP","https://tysnkzmljlmmqpbotkxv.supabase.co/storage/v1/object/public/travel-app-images/ChIJOejHDC_KzpQR6RKely6CNK8/ChIJOejHDC_KzpQR6RKely6CNK8_1751414642270_1.jpg","unknown","","","http://www.diocesedebraganca.com.br/paroquias/59/paroquia-coracao-imaculado-de-maria","","","","website"
"bb854fa6-90b6-4ff6-aa75-a32d8aa73257","Paróquia Nossa Senhora Aparecida","Belo Horizonte","BH","https://tysnkzmljlmmqpbotkxv.supabase.co/storage/v1/object/public/travel-app-images/ChIJecEM_UqOpgARx2IoW7RbjN4/ChIJecEM_UqOpgARx2IoW7RbjN4_1751578123048_1.jpg","unknown","","","","","","",""
"909b8771-1427-467e-ba8b-22851b57d6f0","Cachoeira Parque do Juquery","Franco Da Rocha","null","https://tysnkzmljlmmqpbotkxv.supabase.co/storage/v1/object/public/travel-app-images/ChIJf0ksEbHlzpQRMqxa_mvsDzY/ChIJf0ksEbHlzpQRMqxa_mvsDzY_1752866675785_1.jpg","unknown","","","","","","",""
"51bf83cf-7fef-4f30-8838-d1eed7774f72","Parque Municipal Orestes Lorencini","Jarinu","SP","https://tysnkzmljlmmqpbotkxv.supabase.co/storage/v1/object/public/travel-app-images/ChIJl-Bv-hfbzpQRV5ZTjGOxzww/ChIJl-Bv-hfbzpQRV5ZTjGOxzww_1754419526047_1.jpg","unknown","","","http://www.jarinu.sp.gov.br/","","","","website;reference_links"
"38b12624-d5e8-4743-b2bf-cc78381d4ed9","Cantão de Realengo","Rio De Janeiro","RJ","https://tysnkzmljlmmqpbotkxv.supabase.co/storage/v1/object/public/travel-app-images/wikipedia-38b12624/canto-de-realengo-ficheiro1plafernande-1757529865754-1.jpg","wikipedia","https://pt.wikipedia.org/wiki/Realengo_(Rio%20de%20Janeiro)","Q3931112","","","","","wikipedia;wikidata"
"50bcf940-a77a-41dc-ae6d-17cf9df7c12c","Igreja Matriz Nossa Senhora da Purificação","Prado","BA","https://upload.wikimedia.org/wikipedia/commons/4/44/Igreja_Matriz_Nossa_Senhora_da_Purifica%C3%A7%C3%A3o.jpg","unknown","","","","","","",""
"931450ab-6138-4da0-accf-71c9116d1ccb","Praia Pérola","Porto Alegre","RS","","unknown","","","","","","",""
"fbe30e15-e33c-45c6-8ad3-55331d2601b5","Parroquia de Nuestra Virgen de Guadalupe.","Ciudad De México","null","https://tysnkzmljlmmqpbotkxv.supabase.co/storage/v1/object/public/travel-app-images/ChIJrx6jpU0DzoURv7pCA1xtyfE/ChIJrx6jpU0DzoURv7pCA1xtyfE_1757333414581_1.jpg","unknown","","","","","","",""
"a7ca44cb-a108-4bb3-ac55-c0100c76fd9d","Letreiro Mairiporã","Mairiporã","SP","https://tysnkzmljlmmqpbotkxv.supabase.co/storage/v1/object/public/travel-app-images/ChIJiReTbzLtzpQRTIzF-wxXLXE/ChIJiReTbzLtzpQRTIzF-wxXLXE_1752865809333_1.jpg","unknown","","","","","","",""
"1d44fe66-cc9f-401d-a147-4c4fe17e5117","Praia Bom Jesus","Porto Alegre","RS","","unknown","","","","","","",""
"8e70fa80-76f4-480e-ac6e-ca6bf746e5d9","Letreiro do Ciclista (DS)","Mairiporã","SP","https://tysnkzmljlmmqpbotkxv.supabase.co/storage/v1/object/public/travel-app-images/ChIJW_gMhy_tzpQRh0-evaCmyGQ/ChIJW_gMhy_tzpQRh0-evaCmyGQ_1752865819758_1.jpg","unknown","","","","","","",""
"8e07291f-3ac5-408b-9491-127b668f5035","Praia Arroio Novo","Porto Alegre","RS","","unknown","","","","","","",""
"66d5002d-900b-4ced-a233-721ea34b3448","Praia Sereia do Mar","Porto Alegre","RS","","unknown","","","","","","",""
"ad413c90-6981-4a65-9eda-0455078bffc6","Imagem de Iemanja","Rio De Janeiro","RJ","","unknown","","","","","","",""
"b849fa2c-5baf-46ab-af58-b5014db0b320","Letreiro Jandira SP","Jandira","SP","https://tysnkzmljlmmqpbotkxv.supabase.co/storage/v1/object/public/travel-app-images/ChIJoVrBKAAFz5QRBFH4N-QaYYM/ChIJoVrBKAAFz5QRBFH4N-QaYYM_1751975634470_1.jpg","unknown","","","","","","",""
"6f0b0ffd-51bb-4686-ba7b-8726fc6845a4","Praia Marambaia","Porto Alegre","RS","","unknown","","","","","","",""
"89acd0be-a9af-4d59-8e15-7596a88970e1","Praia Âncora","Porto Alegre","RS","","unknown","","","","","","",""
"426f7bf2-aa14-4bc3-baf1-a1df1bf2fc6c","Parque Municipal Américo Renné Giannetti","Belo Horizonte","BH","https://tysnkzmljlmmqpbotkxv.supabase.co/storage/v1/object/public/travel-app-images/ChIJ1VS5qu-ZpgARF8B4SNBoDQc/ChIJ1VS5qu-ZpgARF8B4SNBoDQc_1751579113028_1.jpg","unknown","","","https://prefeitura.pbh.gov.br/fundacao-de-parques-e-zoobotanica","","","","website"
"44ab039e-a64e-43f0-aa50-d5e8b19e2033","BH Shopping","Belo Horizonte","BH","https://tysnkzmljlmmqpbotkxv.supabase.co/storage/v1/object/public/travel-app-images/ChIJ9zkBafmXpgARPuHqzYAXq90/ChIJ9zkBafmXpgARPuHqzYAXq90_1751579788713_1.jpg","unknown","https://pt.wikipedia.org/wiki/BH_Shopping","Q4835616","http://www.bhshopping.com.br/","","","","wikipedia;wikidata;website"
"b395fd83-7581-422b-9a5c-38eb070e1820","Biblioteca Municipal Professora Magna Gomes Medeiros","Salvador","BA","","unknown","","","","","","",""
"0eaa8f28-10f5-48c8-884b-ad824061c03d","Spike Island Cork","Cobh","null","https://tysnkzmljlmmqpbotkxv.supabase.co/storage/v1/object/public/travel-app-images/ChIJs9X5O6SDREgR3pTOkx6LHQ8/ChIJs9X5O6SDREgR3pTOkx6LHQ8_1753986553846_1.jpg","unknown","","","http://www.spikeislandcork.ie/","","","","website;reference_links"
"4efa6a3d-5bce-4428-9b02-685b5ae66369","Atração Turística","Belém","PA","","unknown","","","","","","",""
"0475d48a-5b55-4b2c-a7ce-2e41ace5edc3","Cristo Redentor","Águas da Prata","MG","","unknown","","","","","","",""
"4f94af80-1d24-40d7-b607-ef692de66b14","Quebrada de Oxumaré","Rio de Janeiro","RJ","","unknown","","","","","","",""
"03faee51-1054-4083-a2c1-e1547e547dc6","Monte do Guaripocaba","Bragança Paulista","SP","https://tysnkzmljlmmqpbotkxv.supabase.co/storage/v1/object/public/travel-app-images/ChIJp9-xCwC1zpQRa-HucKDPP3U/ChIJp9-xCwC1zpQRa-HucKDPP3U_1751414375604_1.jpg","unknown","","","","","","","reference_links"
"d77994ff-5852-4a35-9abe-11686114fa99","Espaço Cultural BM&F Bovespa","São Paulo","SP","","unknown","","","","","","",""
"ef185491-dd1a-43a8-bc63-4ab0bfa34126","Santuário Arquidiocesano São Francisco de Assis","Belo Horizonte","BH","https://tysnkzmljlmmqpbotkxv.supabase.co/storage/v1/object/public/travel-app-images/ChIJy8jGrlWQpgARNFdAKqO_ehY/ChIJy8jGrlWQpgARNFdAKqO_ehY_1751578662235_1.jpg","unknown","","","https://santuariosaofranciscodeassis.arquidiocesebh.org.br/","","","","website"
"f450f36b-e6ae-428c-b9b6-19bf6d6b0a92","Sítio Roberto Burle Marx - IPHAN","Rio De Janeiro","RJ","https://tysnkzmljlmmqpbotkxv.supabase.co/storage/v1/object/public/travel-app-images/wikipedia-f450f36b/stio-roberto-burle-marx-iphan-dateiblick-in-den-pa-1757529884071-1.jpg","wikipedia","https://de.wikipedia.org/wiki/Roberto-Burle-Marx-St%C3%A4tte","Q56695607","http://sitioburlemarx.org/","","","","wikipedia;wikidata;website"
"ba7866d2-e4ab-4ad1-a242-8566383a3958","Plaza Shopping Carapicuíba","Carapicuíba","null","https://tysnkzmljlmmqpbotkxv.supabase.co/storage/v1/object/public/travel-app-images/ChIJ0abWEsQBz5QR5toG30xIPBA/ChIJ0abWEsQBz5QR5toG30xIPBA_1751980942441_1.jpg","unknown","","","http://www.plazashoppingcarapicuiba.com.br/","","","","website"
"437acf4d-7fbc-4f40-b7bb-e2462a2db362","Biblioteca Comunitária Graça Rios","Belo Horizonte","BH","https://tysnkzmljlmmqpbotkxv.supabase.co/storage/v1/object/public/travel-app-images/ChIJsa4lUxCRpgAReGt6AKkoMYw/ChIJsa4lUxCRpgAReGt6AKkoMYw_1751578833141_1.jpg","unknown","","","","","","",""
"3979b35a-9bb8-4b57-b837-725682b84def","Canhão","Região de PB","PB","","unknown","","","","","","",""
"04c509d8-091f-4990-8f46-e2f54d31e9f6","Praça Governador Carlos Wilson","Região de PB","PB","","unknown","","","","","","",""
"8d7a909a-54f2-451c-ae54-e1c35b5c4018","Jardines de Can Sentmenat","Barcelona","null","https://tysnkzmljlmmqpbotkxv.supabase.co/storage/v1/object/public/travel-app-images/ChIJO0U37zeYpBIRjQO1rGJXWRc/ChIJO0U37zeYpBIRjQO1rGJXWRc_1751569901504_1.jpg","unknown","","","http://w110.bcn.cat/portal/site/MediAmbient/menuitem.0d4d06202ea41e13e9c5e9c5a2ef8a0c/?vgnextoid=4e32be675e56a210VgnVCM10000074fea8c0RCRD&lang=en_GB","","","","website"
"122efb3b-c64b-410e-bb2e-ebabc7ef82d4","PEDRA DA GARRA (PEPB)","Rio De Janeiro","RJ","https://tysnkzmljlmmqpbotkxv.supabase.co/storage/v1/object/public/travel-app-images/ChIJMRK0PgDpmwARB73OtwYAFHQ/ChIJMRK0PgDpmwARB73OtwYAFHQ_1754502311969_1.jpg","unknown","","","","","","",""
"8ca99c2a-bf2f-465c-b40c-d091a350f986","Arena MRV Atlético Mineiro","Belo Horizonte","BH","https://tysnkzmljlmmqpbotkxv.supabase.co/storage/v1/object/public/travel-app-images/ChIJid-yGwCXpgARdRDRnCMcTko/ChIJid-yGwCXpgARdRDRnCMcTko_1751579455080_1.jpg","unknown","","","","","","",""
"c1d3adf5-2c51-415a-ac80-fee01b9c0a3e","Busto Dr. Balthazar de Bem","Porto Alegre","RS","","unknown","","","","","","",""
"09bc2c72-7bde-4bd4-9f43-82752d9e033f","Morro Jundiaquara","Vitória","ES","","unknown","","","","","","",""
"42e09bc7-3c74-4322-91f5-0dc5f2ed07a7","Centro de Atendimento ao Turista","Belém","PA","","unknown","","","","","","",""
"84b92064-b0dd-4ce2-9623-569e31babfdf","Praça da Liberdade","Belo Horizonte","BH","https://tysnkzmljlmmqpbotkxv.supabase.co/storage/v1/object/public/travel-app-images/wikipedia-84b92064/praa-da-liberdade-ficheiroalamedabhjpg-1757529881462-1.jpg","wikipedia","https://pt.wikipedia.org/wiki/Pra%C3%A7a_da%20Liberdade%20(Belo%20Horizonte)","Q2349318","https://www.pracadaliberdade.com/","","","","wikipedia;wikidata;website"
"c54af7d7-ce61-48c1-8fee-adf02652db30","Pedra Duas Irmas","Belo Horizonte","BH","","unknown","","","","","","",""
"d0f1e0c7-83d5-484d-89c0-9d575c00db4c","Infraero","Brasília","DF","","unknown","","","","","","",""
"a1f12f59-5fb4-4ea6-8b88-b5fbd9035ab3","Estadio Rafael “Pelón” Osuna","Ciudad De México","null","https://tysnkzmljlmmqpbotkxv.supabase.co/storage/v1/object/public/travel-app-images/ChIJV9-rRrn_0YUR5ZQ8Y-PJlAA/ChIJV9-rRrn_0YUR5ZQ8Y-PJlAA_1757333425335_1.jpg","unknown","","","","","","",""
"d3f71dcc-a7ca-4316-8c57-b7337b610331","Barça Immersive Tour","Barcelona","null","https://tysnkzmljlmmqpbotkxv.supabase.co/storage/v1/object/public/travel-app-images/ChIJ0XAdyTOZpBIRzqixzH4GG9I/ChIJ0XAdyTOZpBIRzqixzH4GG9I_1751571129928_1.jpg","unknown","","","https://www.fcbarcelona.com/en/tickets/barca-immersive-tour","","","","website"
"897b7141-8317-432c-bf90-068e043ccd40","Museo de la Iglesia de la Sagrada Familia","Barcelona","null","https://tysnkzmljlmmqpbotkxv.supabase.co/storage/v1/object/public/travel-app-images/ChIJX24N7zyjpBIR8UsPv-N41eY/ChIJX24N7zyjpBIR8UsPv-N41eY_1751566309215_1.jpg","unknown","","","https://sagradafamilia.org/en/home","","","","website"
"a7dcedbd-c04a-41a9-b8e3-ffc41bb0e290","Fontanário Prata","Águas da Prata","MG","","unknown","","","","","","",""
"1aa30846-54d5-4992-9ddc-e56be906e46a","Busto Liberato Salzano da Cunha","Porto Alegre","RS","","unknown","","","","","","",""
"119328d4-4269-45e8-bc41-4771cb52e929","Belvedere SSL","Fortaleza","CE","","unknown","","","","","","",""
"6ef42ba4-7b75-4ea8-b813-5bcd66b89eb0","Torre de Observação do Parque Juquery","Franco Da Rocha","null","https://tysnkzmljlmmqpbotkxv.supabase.co/storage/v1/object/public/travel-app-images/ChIJucHph7nlzpQRmqNKNizhYSs/ChIJucHph7nlzpQRmqNKNizhYSs_1752866692999_1.jpg","unknown","","","","","","",""
"dd51417c-5a52-484b-9978-c63805bb2ab5","Centro Cultural Banco do Brasil (CCBB)","Rio De Janeiro","RJ","https://tysnkzmljlmmqpbotkxv.supabase.co/storage/v1/object/public/travel-app-images/wikipedia-dd51417c/centro-cultural-banco-do-brasi-ficheirobblogo1-crop-1757529889361-1.jpg","wikipedia","https://pt.wikipedia.org/wiki/Centro_Cultural%20Banco%20do%20Brasil","Q30939541","http://www.ccbb.com.br/rio-de-janeiro","","","","wikipedia;wikidata;website"
"a216ac7d-202a-4aec-a9fc-97a1794945c3","Serra do Cordão","Região de PB","PB","","unknown","","","","","","",""
"be570d79-0cbe-4253-8ddb-eb239bbeefdd","Espaço de evento","Salvador","BA","","unknown","","","","","","",""
"04b400d0-cfa8-4880-948d-320a2535f711","Projeto - Dê o seu melhor","São Benedito","ES","http://backend-mapabem.rhcloud.com/static/media/None/9551acc0cbb845bda5c2e0d679c5f44c.png","unknown","","","","","","",""
"a9ed85a5-12cf-4bec-87c6-46c538ba4c1c","Biblioteca Pública Infantil e Juvenil de Belo Horizonte","Belo Horizonte","BH","https://tysnkzmljlmmqpbotkxv.supabase.co/storage/v1/object/public/travel-app-images/ChIJ67P1TveZpgARl9HWpEerAYA/ChIJ67P1TveZpgARl9HWpEerAYA_1751579472598_1.jpg","unknown","","","http://portalbelohorizonte.com.br/o-que-fazer/arte-e-cultura/bibliotecas/biblioteca-publica-infantil-e-juvenil-de-belo-horizonte","","","","website"
"f6d1ec83-f51b-4c51-89a1-1f178ddf35db","Monumento à Paz","Florianópolis","SC","","unknown","","","","","","",""
"2abb5b51-80d3-4108-afc5-3d69dd38e470","Balança da Muriçoca","Franco Da Rocha","null","https://tysnkzmljlmmqpbotkxv.supabase.co/storage/v1/object/public/travel-app-images/ChIJNdzK0KLhzpQRcWJB99VWQwc/ChIJNdzK0KLhzpQRcWJB99VWQwc_1752868936559_1.jpg","unknown","","","","","","",""
"d5bb61f7-2f2d-4411-91b5-2de815aec365","Parroquia de Nuestra Señora del Buen Consejo","Mexico City","null","https://tysnkzmljlmmqpbotkxv.supabase.co/storage/v1/object/public/travel-app-images/ChIJyzFayqv40YUR_I0WvcY_xMo/ChIJyzFayqv40YUR_I0WvcY_xMo_1757333432324_1.jpg","unknown","","","","","","",""
"54e94198-42c8-4b28-b5f6-679032750f55","Vila Rosa","Salvador","BA","","unknown","","","","","","",""
"647cb9ea-b629-440b-b01d-ef81fcd78f79","Cachoeira do Bicão","Belo Horizonte","BH","https://tysnkzmljlmmqpbotkxv.supabase.co/storage/v1/object/public/travel-app-images/ChIJEdwn9n69pgARYKndT04beeI/ChIJEdwn9n69pgARYKndT04beeI_1751564710095_1.jpg","unknown","","","","","","",""
"8921921c-9099-4a75-aa6c-d67d3a90a241","Parque Central de Nou Barris","Barcelona","null","https://tysnkzmljlmmqpbotkxv.supabase.co/storage/v1/object/public/travel-app-images/wikipedia-8921921c/parque-central-de-nou-barris-fitxeraqeducte-dosri-1757529890873-1.jpg","wikipedia","https://ca.wikipedia.org/wiki/Parc_Central%20de%20Nou%20Barris","Q6062052","http://www.barcelonaturisme.com/wv3/en/page/524/parc-central-de-nou-barris.html","","","","wikipedia;wikidata;website"
"b2b4daca-6291-4ba0-afb6-4b4209669042","Jardines de Can Miralletes","Barcelona","null","https://tysnkzmljlmmqpbotkxv.supabase.co/storage/v1/object/public/travel-app-images/ChIJAzHXM9GipBIRIEFRH-H6AA8/ChIJAzHXM9GipBIRIEFRH-H6AA8_1751571593417_1.jpg","unknown","","Q111338511","http://ajuntament.barcelona.cat/familia/es/detall/jardins-de-can-miralletes_98274131202.html","","","","wikidata;website"
"d90fb7f7-fb68-46d4-a824-fdab362e3f66","Gruta da Igreja","Fortaleza","CE","","unknown","","","","","","",""
"4febe4f8-d8c7-42de-9e87-7864b50cb0f4","Green Plaza Shopping","Belo Horizonte","BH","https://tysnkzmljlmmqpbotkxv.supabase.co/storage/v1/object/public/travel-app-images/ChIJeVE8j-yRpgARNPonqq4c67c/ChIJeVE8j-yRpgARNPonqq4c67c_1751578456776_1.jpg","unknown","","","https://www.greenplazashopping.com.br/","","","","website"
"7a4ba7b9-8f29-4a93-b00a-8507ff566599","Marco Zero da Pampulha","Belo Horizonte","BH","https://tysnkzmljlmmqpbotkxv.supabase.co/storage/v1/object/public/travel-app-images/ChIJFRBnbKaRpgARxCsgQZ7IoA0/ChIJFRBnbKaRpgARxCsgQZ7IoA0_1751578719065_1.jpg","unknown","","","https://www.lagoadapampulha.com.br/marco-zero-da-lagoa-da-pampulha/","","","","website"
"66a9cdfd-4989-47cd-908a-942d4426cc1a","Gruta do Frei Pedro Palácios","Vitória","ES","","unknown","","","","","","",""
"84ec2c55-6229-4616-b9b3-30b23d1d8b65","Memorial aos Heróis da Tragédia da Ilha do Braço Forte","Rio De Janeiro","RJ","https://tysnkzmljlmmqpbotkxv.supabase.co/storage/v1/object/public/travel-app-images/ChIJ1WmUGgDfmwARWLGdpTK_p_g/ChIJ1WmUGgDfmwARWLGdpTK_p_g_1754502982722_1.jpg","unknown","","","","","","",""
"c3f864b4-17d8-4949-b136-15232b00c49d","Seu dia irá ser fantástico","Região de PB","PB","","unknown","","","","","","",""
"294fc325-a62b-458a-aee8-e2f008c78d9e","Museu da Garoto","Vitória","ES","","unknown","","","","","","",""
"93623f94-1803-4da7-a97a-a68703447a6a","Museu de Arte da Pampulha (MAP)","Belo Horizonte","BH","https://tysnkzmljlmmqpbotkxv.supabase.co/storage/v1/object/public/travel-app-images/ChIJkylaKkmQpgARkvuMRuH9zMg/ChIJkylaKkmQpgARkvuMRuH9zMg_1751578677665_1.jpg","unknown","","","https://www.facebook.com/map.fmc/","","","","website"
"64134d66-41d5-45bc-be8f-e06289efa1c5","Igreja Matriz Nossa Senhora de Sant'Anna","Piraí","MG","","unknown","","","","","","",""
"58d69a6e-43b7-439f-84a1-68884bf66e58","Museo de Figuras de Cera Dilea Castillo Viuda de Neira","Ciudad De México","null","https://tysnkzmljlmmqpbotkxv.supabase.co/storage/v1/object/public/travel-app-images/ChIJ-5Vgip750YURMqG_JvZgEy4/ChIJ-5Vgip750YURMqG_JvZgEy4_1757333436097_1.jpg","unknown","","","","","","",""
"b4925523-25de-4333-bc98-6eb8ffebd4bf","Cachoeira do Ogó","Goiânia","GO","","unknown","","","","","","",""
"994591c0-fe26-4bb7-be8c-d31c26d0207b","Cânion Fortaleza","Porto Alegre","RS","","unknown","","","","","","",""
"555fa228-b561-4a00-b185-cff75f47977f","Torre da Fábrica Lupo","Belo Horizonte","BH","","unknown","","","","","","",""
"7b28e1b0-571d-462c-8380-74e7e6a90bb9","Parque Ecológico Roberto Burle Marx (Parque das Águas)","Belo Horizonte","BH","https://tysnkzmljlmmqpbotkxv.supabase.co/storage/v1/object/public/travel-app-images/ChIJ0Rthdba9pgAR06yOhGstdLY/ChIJ0Rthdba9pgAR06yOhGstdLY_1751565330717_1.jpg","unknown","","","https://prefeitura.pbh.gov.br/fundacao-de-parques-e-zoobotanica/parques","","","","website"
"7ff9f45c-ae1b-4a39-aa29-881560219d6c","Praça do Canhão","Franca","null","https://tysnkzmljlmmqpbotkxv.supabase.co/storage/v1/object/public/travel-app-images/ChIJyRQxKbWnsJQRDeVPRDu55oA/ChIJyRQxKbWnsJQRDeVPRDu55oA_1757333401623_1.jpg","unknown","","","","","","",""
"084b39f4-94e6-4deb-9c7f-95450c15de9e","Lagoa do Novo Centro","Santa Luzia","BH","https://tysnkzmljlmmqpbotkxv.supabase.co/storage/v1/object/public/travel-app-images/ChIJCxvDI3yHpgARRGgzYn-fk_w/ChIJCxvDI3yHpgARRGgzYn-fk_w_1751577576206_1.jpg","unknown","","","","","","",""
"b0e0397b-45dc-4730-82f3-facac28e5b69","Igreja católica ortodoxa Armênia de São João","Osasco","SP","https://tysnkzmljlmmqpbotkxv.supabase.co/storage/v1/object/public/travel-app-images/ChIJPbcdvCL_zpQRHBv76vWvhbg/ChIJPbcdvCL_zpQRHBv76vWvhbg_1751983915264_1.jpg","unknown","","","","","","",""
"77561af7-bc31-4a45-b78c-a3edc66a314a","Suzano","São Paulo","SP","","unknown","","","","","","",""
"bad6e199-9ccd-44b6-bf89-ad3a49fb21ec","Museu dos Militares Mineiros","Belo Horizonte","BH","https://tysnkzmljlmmqpbotkxv.supabase.co/storage/v1/object/public/travel-app-images/ChIJn5H1vOmZpgAR6oeFq_t6tMA/ChIJn5H1vOmZpgAR6oeFq_t6tMA_1751579393336_1.jpg","unknown","","","http://www.circuitoliberdade.mg.gov.br/pt-br/espacos/museu-dos-militares-mineiros","","","","website"
"fabb4f39-be17-4bcd-99d9-b3cd27ee607b","Museu Giramundo","Belo Horizonte","BH","https://tysnkzmljlmmqpbotkxv.supabase.co/storage/v1/object/public/travel-app-images/ChIJCaaWgFPQogAR1ijwW3Jwaew/ChIJCaaWgFPQogAR1ijwW3Jwaew_1751579374747_1.jpg","unknown","","","https://www.giramundo.org/","","","","website"
"dcd5c963-229a-4084-8160-81b517421a42","Igreja Nossa Senhora da Penna","Rio De Janeiro","RJ","https://tysnkzmljlmmqpbotkxv.supabase.co/storage/v1/object/public/travel-app-images/ChIJHc9VnjXYmwARi-Gz-178Oe0/ChIJHc9VnjXYmwARi-Gz-178Oe0_1754505651441_1.jpg","unknown","","","https://www.instagram.com/igrejanossasenhoradapenna?igsh=dGV1emNrbDFhNDE3","","","","website"
"9c007725-e960-43c6-8c05-e56a88fc4646","Taboão Plaza Outlet","Taboão Da Serra","null","https://tysnkzmljlmmqpbotkxv.supabase.co/storage/v1/object/public/travel-app-images/ChIJcbIeK0FUzpQRq4LeWg0f9EE/ChIJcbIeK0FUzpQRq4LeWg0f9EE_1751984218148_1.jpg","unknown","","","","","","",""
"f75bf88b-0796-42fe-8eae-6375798cd94b","Cruz de Ferro","São Paulo","SP","","unknown","","","","","","",""
"3acb31a2-a743-40cc-abec-fc0acfe6b3b2","Alto a Pique","Fortaleza","CE","","unknown","","","","","","",""
"c3354196-f2a6-4f16-b306-e81f72092ac7","No Mundo das Águas","Belo Horizonte","BH","https://tysnkzmljlmmqpbotkxv.supabase.co/storage/v1/object/public/travel-app-images/ChIJ7aXqQ86ZpgARY2eyS4o55HY/ChIJ7aXqQ86ZpgARY2eyS4o55HY_1751579781477_1.jpg","unknown","","","http://www.nomundodasaguas.com.br/","","","","website"
"06a8f700-ac90-457f-97f1-04d46747169e","Paróquia Santa Maria Mãe de Misericórdia","Belo Horizonte","BH","https://tysnkzmljlmmqpbotkxv.supabase.co/storage/v1/object/public/travel-app-images/ChIJY712YI6WpgARtSr-sbnb7dU/ChIJY712YI6WpgARtSr-sbnb7dU_1751579446703_1.jpg","unknown","","","https://www.facebook.com/santamariamaedemisericordia/","","","","website"
"d4a4a05a-7abb-4099-99c0-4cfea0e1d2ec","Franco da Rocha","Franco Da Rocha","null","https://tysnkzmljlmmqpbotkxv.supabase.co/storage/v1/object/public/travel-app-images/ChIJ62Fvy6fmzpQRpvhbeZ7WIaM/ChIJ62Fvy6fmzpQRpvhbeZ7WIaM_1752868004189_1.jpg","unknown","","","http://www.francodarocha.sp.gov.br/","","","","website"
"54413e19-8131-4ba2-9653-2af963071cd8","Auditorio Nacional","Mexico City","null","https://tysnkzmljlmmqpbotkxv.supabase.co/storage/v1/object/public/travel-app-images/ChIJ-R6gAvwB0oURb42WS821FF4/ChIJ-R6gAvwB0oURb42WS821FF4_1757333442346_1.jpg","unknown","","","http://www.auditorio.com.mx/","","","","website"
"691bbe24-6343-4166-8f0c-4b83129caac2","Biblioteca do UniCEUB","Brasília","DF","","unknown","","","","","","",""
"b19720e4-fe0d-4bb5-b6f5-9e65639d8e24","Mirante Por do sol","São Paulo","SP","","unknown","","","","","","",""
"dfd138f6-167f-4a3d-8c95-727d3040915b","Morro de Ipanema","São Paulo","SP","","unknown","","","","","","",""
"3e413dde-7688-48af-824d-2c30091a07b8","Parque Central BH","Belo Horizonte","BH","https://tysnkzmljlmmqpbotkxv.supabase.co/storage/v1/object/public/travel-app-images/ChIJmX6ZT8yZpgARpx58asXTm6I/ChIJmX6ZT8yZpgARpx58asXTm6I_1751579490045_1.jpg","unknown","","","http://www.parquecentralbh.com/","","","","website"
"9c256096-af7c-46bb-8513-28d4ea6252fa","Parque Ecológico Francisco Lins do Rêgo (Parque Ecológico da Pampulha)","Belo Horizonte","BH","https://tysnkzmljlmmqpbotkxv.supabase.co/storage/v1/object/public/travel-app-images/ChIJeS2gRKaRpgARoVgTuil0f4w/ChIJeS2gRKaRpgARoVgTuil0f4w_1751578727909_1.jpg","unknown","","","http://www.pbh.gov.br/parquesezoobotanica","","","","website"
"3373b530-98ca-4c0b-a58c-b99064a69565","Escultura Els Mistos","Barcelona","null","https://tysnkzmljlmmqpbotkxv.supabase.co/storage/v1/object/public/travel-app-images/ChIJG0K8ZwC9pBIRS-PB7Lw6s8I/ChIJG0K8ZwC9pBIRS-PB7Lw6s8I_1751574216772_1.jpg","unknown","https://ca.wikipedia.org/wiki/Els_Mistos","Q17601101","","","","","wikipedia;wikidata"
"aabeea15-9b04-455a-86e8-551ddef891f0","Cupinzeiro","Campinas","MG","","unknown","","","","","","",""
"86d8c98a-ef48-4beb-99b5-7294f1eae929","Ungambikkula","Campinas","MG","","unknown","","","","","","",""
"0b3cd3b5-270a-4d83-97b6-1cbd57744393","Auditório GGBS","Belo Horizonte","BH","","unknown","","","","","","",""
"23a5f111-6ecb-452c-ab28-1e082e9ed789","Projeto Mirante Baleia","Belo Horizonte","BH","https://tysnkzmljlmmqpbotkxv.supabase.co/storage/v1/object/public/travel-app-images/ChIJKQe0BgCRpgAR9anNQdnfeP8/ChIJKQe0BgCRpgAR9anNQdnfeP8_1751578806183_1.jpg","unknown","","","https://www.behance.net/gallery/207533465/MIRANTE-BALEIA","","","","website"
"14fdc746-840e-4465-8af5-3bce26519be6","Shopping Pampulha Mall","Belo Horizonte","BH","https://tysnkzmljlmmqpbotkxv.supabase.co/storage/v1/object/public/travel-app-images/ChIJw7MFkkGQpgARzOZJB85Sa_c/ChIJw7MFkkGQpgARzOZJB85Sa_c_1751578817693_1.jpg","unknown","","","http://www.pampulhamall.com.br/","","","","website"
"4b7d8be7-1c05-4554-a86f-0c4551b27666","Totem Paulo Afonso","Salvador","BA","","unknown","","","","","","",""
"4ebbeb06-0019-465e-b86b-6a9abf92dc4a","Ecomuseu do Quarteirão Cultural do Matadouro de Santa Cruz","Rio De Janeiro","RJ","https://tysnkzmljlmmqpbotkxv.supabase.co/storage/v1/object/public/travel-app-images/wikipedia-4ebbeb06/ecomuseu-do-quarteiro-cultural-ficheiroflag-of-braz-1757529897724-1.svg","wikipedia","https://pt.wikipedia.org/wiki/Ecomuseu_de%20Santa%20Cruz","Q10270027","","","","","wikipedia;wikidata"
"99e8456d-e199-496b-8859-25e8b58093e5","Quilombo do Camorim","Rio De Janeiro","RJ","https://tysnkzmljlmmqpbotkxv.supabase.co/storage/v1/object/public/travel-app-images/wikipedia-99e8456d/quilombo-do-camorim-ficheirobandeira-da--1757529899475-1.svg","wikipedia","https://pt.wikipedia.org/wiki/Camorim","Q1762439","","","","","wikipedia;wikidata"
"bcbececf-0a35-4a1a-92a0-b1ea478e5382","Gabinete de Leitura Guilherme Araujo","Rio De Janeiro","RJ","https://tysnkzmljlmmqpbotkxv.supabase.co/storage/v1/object/public/travel-app-images/ChIJiblKCQbVmwARTJqHEpJ8c68/ChIJiblKCQbVmwARTJqHEpJ8c68_1754579458127_1.jpg","unknown","","","","","","",""
"c6d8b384-8a58-4f8c-86ab-23a2b1fd0c5a","córrego dos bagres","Franca","null","https://tysnkzmljlmmqpbotkxv.supabase.co/storage/v1/object/public/travel-app-images/ChIJ8QvhYX6osJQRKe35fGCOYno/ChIJ8QvhYX6osJQRKe35fGCOYno_1757333428871_1.jpg","unknown","","","","","","",""
"07fa82ee-18ca-4fef-9d06-43c559662f3c","Teatro Aberto Lagoa Do Nado","Belo Horizonte","BH","https://tysnkzmljlmmqpbotkxv.supabase.co/storage/v1/object/public/travel-app-images/ChIJ7ygoKhmQpgARuIOEvwUiYfU/ChIJ7ygoKhmQpgARuIOEvwUiYfU_1751578441994_1.jpg","unknown","","","","","","",""
"53f1a32f-6178-4fea-9c20-6b9fe77b5fe0","Parc del Laberint d'Horta","Barcelona","null","https://tysnkzmljlmmqpbotkxv.supabase.co/storage/v1/object/public/travel-app-images/wikipedia-53f1a32f/parc-del-laberint-dhorta-fitxeragapanto-1jpg-1757529906877-1.jpg","wikipedia","https://ca.wikipedia.org/wiki/Parc_del%20Laberint%20d'Horta","Q1435468","http://guia.barcelona.cat/detall/parc-del-laberint-d-horta_92086011952.html","","","","wikipedia;wikidata;website"
"50cd5835-70db-41be-9084-3adcae63c15e","Bragança Paulista","Bragança Paulista","SP","https://tysnkzmljlmmqpbotkxv.supabase.co/storage/v1/object/public/travel-app-images/ChIJFzt3ILfLzpQR1KK6w_WVAmc/ChIJFzt3ILfLzpQR1KK6w_WVAmc_1754647529393_1.jpg","unknown","","","","","","",""
"a2ee305f-0341-4a71-9494-8ddaa732628a","Pico do Caprica","Franco Da Rocha","null","https://tysnkzmljlmmqpbotkxv.supabase.co/storage/v1/object/public/travel-app-images/ChIJ_aLNz98fz5QR_UNCQLRSrzA/ChIJ_aLNz98fz5QR_UNCQLRSrzA_1752868947571_1.jpg","unknown","","","","","","",""
"0fdbde09-5841-40af-9b7a-82751f8934ea","Quinta de Salud la Alianza","Barcelona","null","https://tysnkzmljlmmqpbotkxv.supabase.co/storage/v1/object/public/travel-app-images/ChIJI-KWRdCipBIRQJmitFAMZs0/ChIJI-KWRdCipBIRQJmitFAMZs0_1751571383715_1.jpg","unknown","","","","","","",""
"6d51125b-3aa5-4bf6-8668-3208016334d3","Caboclas no sertão do Tietê","São Paulo","SP","","unknown","","","","","","",""
"dad04f96-33b9-44f1-857f-c2b073c1c097","Letreiro Caieiras SP","Caieiras","SP","https://tysnkzmljlmmqpbotkxv.supabase.co/storage/v1/object/public/travel-app-images/ChIJVRYuVgD7zpQRZvsYbIMDgwY/ChIJVRYuVgD7zpQRZvsYbIMDgwY_1752869215673_1.jpg","unknown","","","","","","",""
"93982b3e-9ac5-467e-93b5-20389e19ed0a","Concha Acústica Armando Rodrigues","Caieiras","SP","https://tysnkzmljlmmqpbotkxv.supabase.co/storage/v1/object/public/travel-app-images/ChIJuxvknYzlzpQRFHeMDBJkRe0/ChIJuxvknYzlzpQRFHeMDBJkRe0_1752869191514_1.jpg","unknown","","","","","","",""
"a139e06c-6b7b-49bd-b4b1-cddbc15cef85","Estátua de São Sebastião","Região de PB","PB","","unknown","","","","","","",""
"3372847e-010c-4108-9c08-8ae77004a0df","Bonde","Porto Alegre","RS","","unknown","","","","","","",""
"cbda1313-fbb8-4743-8fba-07352b2dee8d","Boulevard Barra Olimpica","Rio De Janeiro","RJ","https://tysnkzmljlmmqpbotkxv.supabase.co/storage/v1/object/public/travel-app-images/ChIJb5McUgDdmwARrhud0V9pNI0/ChIJb5McUgDdmwARrhud0V9pNI0_1754503688079_1.jpg","unknown","","","","","","",""
"f4970f66-e1a5-4a5d-b08b-7a8ef0b2c300","Letreiro","Região de PB","PB","","unknown","","","","","","",""
"92fb7ce6-8712-4512-99a9-d568c043b22a","Museu Nacional d'Art de Catalunya","Barcelona","null","https://tysnkzmljlmmqpbotkxv.supabase.co/storage/v1/object/public/travel-app-images/ChIJMU59xHGipBIRkdwlcgUWAYY/ChIJMU59xHGipBIRkdwlcgUWAYY_1751569136641_1.jpg","unknown","","","https://www.museunacional.cat/","","","","website"
"1ed742ca-3102-41d2-bf9e-b788d316c3df","Museu Universitário Solar Grandjean de Montigny (PUC-Rio)","Rio De Janeiro","RJ","https://tysnkzmljlmmqpbotkxv.supabase.co/storage/v1/object/public/travel-app-images/wikipedia-1ed742ca/museu-universitrio-solar-grand-ficheirosolar-grandj-1757529920384-1.jpg","wikipedia","https://pt.wikipedia.org/wiki/Solar_Grandjean%20de%20Montigny","Q18485129","http://www.puc-rio.br/sobrepuc/depto/solar/index.html","","","","wikipedia;wikidata;website"
"a41b2d02-29db-464e-a168-9d1d189c9f7c","Serra da Água","Fortaleza","CE","","unknown","","","","","","",""
"c5fa136f-a165-490a-a0de-c9c0396b4cf1","Pórtico de Criúva","Porto Alegre","RS","","unknown","","","","","","",""
"85a8ff42-758a-4962-b8f5-2280563345f2","ARES Casa do Marinheiro","Rio De Janeiro","RJ","https://tysnkzmljlmmqpbotkxv.supabase.co/storage/v1/object/public/travel-app-images/ChIJESQYpNx7mQARAkdN2Xs_CEQ/ChIJESQYpNx7mQARAkdN2Xs_CEQ_1754505489383_1.jpg","unknown","","","https://www.arescasadomarinheiro.com.br/","","","","website"
"cdbe34bc-91b9-4673-8198-214465eb9f7d","Imagem de santo","Campo Grande","MS","","unknown","","","","","","",""
"2e4a4513-50c5-4970-a239-c179bf9c271e","Mural","Região de RN","RN","","unknown","","","","","","",""
"9e336120-526b-4f19-a95c-db7e185adf0f","Plaza De Las Madres De Mayo","Barcelona","null","https://tysnkzmljlmmqpbotkxv.supabase.co/storage/v1/object/public/travel-app-images/ChIJPZH4eTu9pBIR1UrfCBwGoFM/ChIJPZH4eTu9pBIR1UrfCBwGoFM_1751574355719_1.jpg","unknown","","","http://www.barcelona.cat/","","","","website"
"cfa7d4f0-5fa7-4419-b4e9-3c31159170ca","Dr. Rogerio","Fortaleza","CE","","unknown","","","","","","",""
"427e39f6-3d3d-4b9f-ac5a-4578773dd8a4","Em nome de Dr Rot","Fortaleza","CE","","unknown","","","","","","",""
"4d7ebe03-c5a1-497d-8395-3e6b65ef3559","Monumento à Independência","Belo Horizonte","BH","","unknown","","","","","","",""
"e536f4b7-afa7-4ff3-9623-740ec950ca97","Museu Olimpico","Rio De Janeiro","RJ","","unknown","","","","","","",""
"9ec50b84-ebca-4e57-8c18-cb0f84c3fe76","Bosque de San Juan de Aragón","Ciudad De México","null","https://tysnkzmljlmmqpbotkxv.supabase.co/storage/v1/object/public/travel-app-images/ChIJg-cGfJX70YURlx_cPSebmLM/ChIJg-cGfJX70YURlx_cPSebmLM_1757334958328_1.jpg","unknown","","","https://mexicocity.cdmx.gob.mx/venues/san-juan-de-aragon-forest/?lang=es","","","","website"
"b0e746e2-b7ff-4669-9bb7-c6107b1545ad","Museo Arqueológico de Xochimilco","Ciudad De México","null","https://tysnkzmljlmmqpbotkxv.supabase.co/storage/v1/object/public/travel-app-images/ChIJxUpYS3UEzoURnTs95_pyS3I/ChIJxUpYS3UEzoURnTs95_pyS3I_1757334970297_1.jpg","unknown","","","https://mexicocity.cdmx.gob.mx/venues/xochimilco-archaeological-museum/?lang=es","","","","website"
"1f27eb39-0ddf-485a-b1ce-9372fcf725bb","Balneário Paulo Afonso","Salvador","BA","","unknown","","","","","","",""
"d2758931-dd29-4f41-830c-c8769edf140d","Igreja Nossa Senhora do Carmo","Caieiras","SP","https://tysnkzmljlmmqpbotkxv.supabase.co/storage/v1/object/public/travel-app-images/ChIJy6R28Zj6zpQREoWzIsGOvxU/ChIJy6R28Zj6zpQREoWzIsGOvxU_1752869692930_1.jpg","unknown","","","","","","",""
"4e232009-b37c-489d-a8f4-9e1849c1e7f2","Biblioteca do Museu Nacional da UFRJ","Rio De Janeiro","RJ","https://tysnkzmljlmmqpbotkxv.supabase.co/storage/v1/object/public/travel-app-images/ChIJB-eIMPZ-mQAR_c0fjMGQaY4/ChIJB-eIMPZ-mQAR_c0fjMGQaY4_1754578697680_1.jpg","unknown","","","http://museunacional.ufrj.br/","","","","website"
"155dee0c-14a9-47e2-8a2a-4c33b1e91d09","Parque de la Bombilla","Ciudad De México","null","https://tysnkzmljlmmqpbotkxv.supabase.co/storage/v1/object/public/travel-app-images/ChIJA9hKxvn_0YURkEiE73k6_NA/ChIJA9hKxvn_0YURkEiE73k6_NA_1757333459302_1.jpg","unknown","","","","","","",""
"f932ab04-459a-45fa-97fa-312cb07c497e","Mirante da Praia da Joatinga","Rio De Janeiro","RJ","https://tysnkzmljlmmqpbotkxv.supabase.co/storage/v1/object/public/travel-app-images/wikipedia-f932ab04/mirante-da-praia-da-joatinga-ficheirobandeira-da--1757529929576-1.svg","wikipedia","https://pt.wikipedia.org/wiki/Praia_da%20Joatinga","Q10352615","","","","","wikipedia;wikidata"
"efdccea0-10b5-43f6-b9f0-50e1b7a949e0","Museo de Arte Moderno","Ciudad De México","null","https://tysnkzmljlmmqpbotkxv.supabase.co/storage/v1/object/public/travel-app-images/ChIJTQGqdSv50YURJKLN5Eu1o3U/ChIJTQGqdSv50YURJKLN5Eu1o3U_1757334987588_1.jpg","unknown","","","https://mam.inba.gob.mx/home.html","","","","website"
"5b69ff97-e1cf-4277-946d-c882abc849c4","Mirante Três irmãos","Belo Horizonte","BH","https://tysnkzmljlmmqpbotkxv.supabase.co/storage/v1/object/public/travel-app-images/ChIJqc7czgu9pgARSvgQVO8x_A4/ChIJqc7czgu9pgARSvgQVO8x_A4_1751564726751_1.jpg","unknown","","","","","","",""
"f04d38c6-9b4e-4f9a-8792-cbeb6667b718","Monumento Praça Gaby Gonçalves Blanco","Franca","null","","unknown","","","","","","",""
"5c96e56e-c7b4-4351-98c4-986e099bb156","Auditorium Theater Labor Congress","Ciudad De México","null","https://tysnkzmljlmmqpbotkxv.supabase.co/storage/v1/object/public/travel-app-images/ChIJZyMrSiH50YURr1J_6YixPTk/ChIJZyMrSiH50YURr1J_6YixPTk_1757333465607_1.jpg","unknown","","","http://sic.conaculta.gob.mx/ficha.php?table=teatro&table_id=255","","","","website"
"cdc24a32-f9cd-4e9d-be2a-077510f34a33","Lajedo do Sítio Boa Vista","Região de PB","PB","","unknown","","","","","","",""
"abe646e2-9583-450a-96f0-64c0bf48e0f4","Restinga da Marambaia","Rio De Janeiro","RJ","https://tysnkzmljlmmqpbotkxv.supabase.co/storage/v1/object/public/travel-app-images/ChIJ-aUogAvumwARU_bIOkxee1Q/ChIJ-aUogAvumwARU_bIOkxee1Q_1754500883029_1.jpg","unknown","","","","","","",""
"2ec5c722-7461-4d23-b4d9-87d7ebc74e4e","France-Rio","Rio De Janeiro","RJ","https://tysnkzmljlmmqpbotkxv.supabase.co/storage/v1/object/public/travel-app-images/ChIJx49T9yHdmwAROehm_6HrQB0/ChIJx49T9yHdmwAROehm_6HrQB0_1754503486839_1.jpg","unknown","","","https://www.france-rio.com/","","","","website"
"d5af8422-5d45-488c-9c27-0603ab00faa5","Battery Strand","Cork","null","https://tysnkzmljlmmqpbotkxv.supabase.co/storage/v1/object/public/travel-app-images/ChIJuerPuqaDREgRdOZKXoxC09I/ChIJuerPuqaDREgRdOZKXoxC09I_1754004473239_1.jpg","unknown","","","","","","",""
"443881f4-e9b1-4502-83a3-b8b56da0aa48","Mirante do Alto do Paraguai","Santa Luzia","BH","https://tysnkzmljlmmqpbotkxv.supabase.co/storage/v1/object/public/travel-app-images/ChIJxw0hB2qBpgARdUCnWG3p_Wo/ChIJxw0hB2qBpgARdUCnWG3p_Wo_1751577565014_1.jpg","unknown","","","","","","",""
"4affc7e5-a8c6-4dc1-bd8d-6c5ba5d0c286","Musal","Rio De Janeiro","RJ","https://tysnkzmljlmmqpbotkxv.supabase.co/storage/v1/object/public/travel-app-images/ChIJQ7jRJBljmQARHytCXp50wB0/ChIJQ7jRJBljmQARHytCXp50wB0_1754503253603_1.jpg","unknown","","","https://www2.fab.mil.br/musal/","","","","website"
"47552ab3-72b8-4533-a933-0821b953a990","Parque Linear de Cajamar Antônio da Silva Marcondes “Repolhão”","Cajamar","SP","https://tysnkzmljlmmqpbotkxv.supabase.co/storage/v1/object/public/travel-app-images/ChIJvbC5JnIdz5QRTZVWpSPozx4/ChIJvbC5JnIdz5QRTZVWpSPozx4_1752870463175_1.jpg","unknown","","","","","","",""
"860f977a-e764-4178-8d0d-b88ebb4d8c1f","Cachoeira do Britao","Cajamar","SP","https://tysnkzmljlmmqpbotkxv.supabase.co/storage/v1/object/public/travel-app-images/ChIJT5-GWcwez5QRAlKwGJmAPRI/ChIJT5-GWcwez5QRAlKwGJmAPRI_1752870401644_1.jpg","unknown","","","","","","",""
"1a79656b-5aaa-446b-a1a4-11e582e49a4a","Museu Casa da Xilogravura","Vila Jaguaribe","MG","","unknown","","","","","","",""
"d1a2fd70-8007-4264-98da-bae219dbc252","Praia do Forte","Rio De Janeiro","RJ","https://tysnkzmljlmmqpbotkxv.supabase.co/storage/v1/object/public/travel-app-images/ChIJUTSOtzmAmQAR34-XYTanqwY/ChIJUTSOtzmAmQAR34-XYTanqwY_1754580105128_1.jpg","unknown","","","","","","",""
"96645af7-9765-4bd3-a47c-d2d4e1df11b9","Morro da Chapada Grande","Salvador","BA","","unknown","","","","","","",""
"2d824af0-a8af-4829-8dd2-8eca940870b2","Parque Lira","Ciudad De México","null","https://tysnkzmljlmmqpbotkxv.supabase.co/storage/v1/object/public/travel-app-images/ChIJJ7kjIGD_0YUReCkUcGrE3R8/ChIJJ7kjIGD_0YUReCkUcGrE3R8_1757335038302_1.jpg","unknown","","","https://mexicocity.cdmx.gob.mx/venues/parque-lira/?lang=es","","","","website"
"fd6449af-4dca-4ba6-b36e-29dad1d3767a","Morro do Rosário","Cajamar","SP","https://tysnkzmljlmmqpbotkxv.supabase.co/storage/v1/object/public/travel-app-images/ChIJhf5tpqIdz5QRvsBV4o2EU2Q/ChIJhf5tpqIdz5QRvsBV4o2EU2Q_1752870436731_1.jpg","unknown","","","https://www.ferias.tur.br/fotogr/83740/jordanesiaeomorrodorosario-fotosplendore/jordanesia/","","","","website"
"c774dd97-9c08-4d28-b35b-250baa7aaa5f","Chafariz da Praça Benedito Martins da Cruz","Cajamar","SP","https://tysnkzmljlmmqpbotkxv.supabase.co/storage/v1/object/public/travel-app-images/ChIJ39DdEs0fz5QRYFL5nYOjRVo/ChIJ39DdEs0fz5QRYFL5nYOjRVo_1752870411622_1.jpg","unknown","","","","","","",""
"b18d2f50-e2b5-4094-a7d6-fe2860a54074","Casa do Artesão","Embu Das Artes","null","https://tysnkzmljlmmqpbotkxv.supabase.co/storage/v1/object/public/travel-app-images/ChIJa-3Ec2-rz5QRY8MU_ygbsKo/ChIJa-3Ec2-rz5QRY8MU_ygbsKo_1751983042467_1.jpg","unknown","","","","","","",""
"7349d796-a5a7-4a3f-af69-43bc532b47eb","West Shopping","Rio De Janeiro","RJ","https://tysnkzmljlmmqpbotkxv.supabase.co/storage/v1/object/public/travel-app-images/ChIJfQUMCtLjmwARz_VW5-kkrzc/ChIJfQUMCtLjmwARz_VW5-kkrzc_1754502081328_1.jpg","unknown","","","http://www.westshopping.com.br/","","","","website"
"a852f558-a228-44fc-8c8f-a4e4e3116ba4","Monumento da Cruz","Região de RN","RN","","unknown","","","","","","",""
"eaec4265-8653-4786-9212-28657bff3aad","Parque de Franco da Rocha","Franco Da Rocha","null","https://tysnkzmljlmmqpbotkxv.supabase.co/storage/v1/object/public/travel-app-images/ChIJvzyJDkHkzpQRHpCXAphUb8w/ChIJvzyJDkHkzpQRHpCXAphUb8w_1752867984901_1.jpg","unknown","","","","","","",""
"f931f4ba-d95c-467d-9f68-80b6470009cc","Copacabana","Rio De Janeiro","RJ","https://tysnkzmljlmmqpbotkxv.supabase.co/storage/v1/object/public/travel-app-images/wikipedia-f931f4ba/copacabana-ficheiroavenidaatlan-1757529926572-1.jpg","wikipedia","https://pt.wikipedia.org/wiki/Copacabana","Q202730","","","","","wikipedia;wikidata"
"ffb904cc-870d-454d-accf-543360611be7","Bosque São Joaquim","Franca","null","https://tysnkzmljlmmqpbotkxv.supabase.co/storage/v1/object/public/travel-app-images/ChIJOXdXCUWnsJQRNCrxKBKHSr8/ChIJOXdXCUWnsJQRNCrxKBKHSr8_1757335072878_1.jpg","unknown","","","","","","",""
"68212f08-521b-44d4-9653-724768bdc0ae","ParkShoppingCampoGrande","Rio De Janeiro","RJ","https://tysnkzmljlmmqpbotkxv.supabase.co/storage/v1/object/public/travel-app-images/ChIJI74QFTzkmwARv_2bhcMvtLo/ChIJI74QFTzkmwARv_2bhcMvtLo_1754502106908_1.jpg","unknown","","","http://www.parkshoppingcampogrande.com.br/","","","","website"
"f0279a0e-7848-4de3-8ac8-4c726d7daf29","Parque de la Ciutadella","Barcelona","null","https://tysnkzmljlmmqpbotkxv.supabase.co/storage/v1/object/public/travel-app-images/wikipedia-f0279a0e/parque-de-la-ciutadella-fitxer1993barcelona--1757529936396-1.webm","wikipedia","https://ca.wikipedia.org/wiki/Parc_de%20la%20Ciutadella","Q301135","https://www.barcelona.cat/es/que-hacer-en-bcn/parques-y-jardines/parque-de-la-ciutadella-92086011921","","","","wikipedia;wikidata;website"
"a1f797df-7366-4eba-8e92-1d0ddbd2e91a","Prefeitura Municipal de Franca","Franca","null","https://tysnkzmljlmmqpbotkxv.supabase.co/storage/v1/object/public/travel-app-images/ChIJ2Zgg4T6msJQRcAqw1z9hJko/ChIJ2Zgg4T6msJQRcAqw1z9hJko_1757335082549_1.jpg","unknown","","","http://www.franca.sp.gov.br/","","","","website"
"db03d2d0-cfa0-4fe1-b629-7a97296b6c8b","Cerro Bella Vista","Curitiba","PR","","unknown","","","","","","",""
"79ae5515-f5fb-48c3-8e57-ba0714ac1224","Morro do Ponunduva 904m","Cajamar","SP","https://tysnkzmljlmmqpbotkxv.supabase.co/storage/v1/object/public/travel-app-images/ChIJRczMurkdz5QRs9tDA3-O-zo/ChIJRczMurkdz5QRs9tDA3-O-zo_1752870426816_1.jpg","unknown","","","","","","",""
"46c0aab3-6ab1-4875-8697-de4e3ff32837","Parque dos Patins","Rio De Janeiro","RJ","https://tysnkzmljlmmqpbotkxv.supabase.co/storage/v1/object/public/travel-app-images/ChIJTQ-vDaHVmwARB3C_-VJdC4Y/ChIJTQ-vDaHVmwARB3C_-VJdC4Y_1754579316597_1.jpg","unknown","","","","","","",""
"129e7db0-9e59-44a4-b31e-31a7d5eaefc6","Cachoeira do Buraco","Franca","null","https://tysnkzmljlmmqpbotkxv.supabase.co/storage/v1/object/public/travel-app-images/ChIJE8YT0MKvsJQRbgoRQgvgvAY/ChIJE8YT0MKvsJQRbgoRQgvgvAY_1757335086215_1.jpg","unknown","","","","","","",""
"55e1b14b-4076-4e7e-94a3-36dbb362074a","Igreja Metodista em Campo Grande","Rio De Janeiro","RJ","https://tysnkzmljlmmqpbotkxv.supabase.co/storage/v1/object/public/travel-app-images/ChIJN71VQf_jmwARwl7U18WyAbo/ChIJN71VQf_jmwARwl7U18WyAbo_1754501866501_1.jpg","unknown","","","http://www.metodista.org.br/","","","","website"
"c0f61171-b28d-456c-bbf8-7dba9dcaa7da","Museo Salón Deporte","Ciudad De México","null","https://tysnkzmljlmmqpbotkxv.supabase.co/storage/v1/object/public/travel-app-images/ChIJ_cjrdUEC0oURrzNuSExiBNg/ChIJ_cjrdUEC0oURrzNuSExiBNg_1757335099881_1.jpg","unknown","","","https://www.facebook.com/SalonDeporteFCS/","","","","website"
"016e59ac-9f26-45e4-ae65-68f2ee25603b","Mirador M","Barcelona","null","https://tysnkzmljlmmqpbotkxv.supabase.co/storage/v1/object/public/travel-app-images/ChIJ6ywYFM-lpBIRQB3G5yHZRIU/ChIJ6ywYFM-lpBIRQB3G5yHZRIU_1751565869619_1.jpg","unknown","","","","","","",""
"c354370b-ef9f-415a-865f-20ae60ecbdb6","João Bezerra","Fortaleza","CE","","unknown","","","","","","",""
"c17a949d-fe40-40fa-a26c-a6d9f7275591","Bóia Cross do Cardosa","Região de MA","MA","","unknown","","","","","","",""
"70ae1dbb-9d59-4d1b-9cdf-be71a9bed5aa","Plaza Leonardo da Vinci","Barcelona","null","https://tysnkzmljlmmqpbotkxv.supabase.co/storage/v1/object/public/travel-app-images/ChIJFxKfaFejpBIRFKS_x3Z2V7U/ChIJFxKfaFejpBIRFKS_x3Z2V7U_1751565994394_1.jpg","unknown","","","","","","",""
"dc75e9bf-d80a-49ad-a382-399ae728b484","Nacimiento gigante Iztacalco","Ciudad De México","null","https://tysnkzmljlmmqpbotkxv.supabase.co/storage/v1/object/public/travel-app-images/ChIJyeeaLyH_0YURebbhWxDAQAQ/ChIJyeeaLyH_0YURebbhWxDAQAQ_1757335111841_1.jpg","unknown","","","","","","",""
"ad024182-ccb7-4701-ba32-9202c7fd0e99","Panteón de Dolores","Ciudad De México","null","https://tysnkzmljlmmqpbotkxv.supabase.co/storage/v1/object/public/travel-app-images/ChIJ0cVET-oB0oUR0N7Jm3Z_4CA/ChIJ0cVET-oB0oUR0N7Jm3Z_4CA_1757335138911_1.jpg","unknown","","","","","","",""
"f71ef54f-5ef4-4812-ace3-2b851b512c07","Lago com Pombas","Embu Das Artes","null","https://tysnkzmljlmmqpbotkxv.supabase.co/storage/v1/object/public/travel-app-images/ChIJ_ZrMNwKrz5QRA9j2Ya1a1sU/ChIJ_ZrMNwKrz5QRA9j2Ya1a1sU_1751983033903_1.jpg","unknown","","","","","","",""
"b572a69e-10d6-420b-b663-0ac1e9fcb5ae","Jarinu","Jarinu","SP","https://tysnkzmljlmmqpbotkxv.supabase.co/storage/v1/object/public/travel-app-images/ChIJV82jRRLazpQRHWhbiTHqalA/ChIJV82jRRLazpQRHWhbiTHqalA_1754423014517_1.jpg","unknown","","","http://www.jarinu.sp.gov.br/","","","","website"
"e040662d-cb35-47b4-8fc8-0064cf394af6","Paróquia e Santuário Nossa Senhora de Loreto","Rio De Janeiro","RJ","https://tysnkzmljlmmqpbotkxv.supabase.co/storage/v1/object/public/travel-app-images/ChIJLWMduzbYmwAR6HS9H1mTVFk/ChIJLWMduzbYmwAR6HS9H1mTVFk_1754506231038_1.jpg","unknown","","","http://www.loreto.org.br/","","","","website"
"e05eb45d-73e3-488f-b7e3-a66180b41d4a","Morro do Facão","Florianópolis","SC","","unknown","","","","","","",""
"95ffd39d-afde-4589-b516-14df6a8485cd","Biblioteca Central - FAJE","Belo Horizonte","BH","https://tysnkzmljlmmqpbotkxv.supabase.co/storage/v1/object/public/travel-app-images/ChIJtZMDXOmRpgART0GcepD2C14/ChIJtZMDXOmRpgART0GcepD2C14_1751578453261_1.jpg","unknown","","","","","","",""
"eb7584f9-a283-4a5e-b9f2-4fd8424a63ab","Parque Recreativo Taddeo Cananeia","Barueri","SP","https://tysnkzmljlmmqpbotkxv.supabase.co/storage/v1/object/public/travel-app-images/ChIJnQrJa579zpQRA5NYW2W6uzY/ChIJnQrJa579zpQRA5NYW2W6uzY_1751975433650_1.jpg","unknown","","","https://portal.barueri.sp.gov.br/","","","","website"
"1e788fe3-dfb5-42a7-9ac5-46907655c482","Placa Eu Amo Franca","Franca","null","https://tysnkzmljlmmqpbotkxv.supabase.co/storage/v1/object/public/travel-app-images/wikipedia-1e788fe3/placa-eu-amo-franca-ficheiroaa-francanap-1757529936541-1.png","wikipedia","https://pt.wikipedia.org/wiki/Franca","Q504587","","","","","wikipedia;wikidata"
"fce70002-e4ac-4a33-bfba-e3c520fc1b72","Morro do Garrafão","Florianópolis","SC","","unknown","","","","","","",""
"98faf4ab-5aca-4149-8745-9afdfae1173f","Morro do Bugrinho","Florianópolis","SC","","unknown","","","","","","",""
"0603b591-c903-4776-9b80-6c98fb1f4e4b","Parque del Guinardó","Barcelona","null","https://tysnkzmljlmmqpbotkxv.supabase.co/storage/v1/object/public/travel-app-images/wikipedia-0603b591/parque-del-guinard-fitxerarbcom-ru-edit-1757529943446-1.svg","wikipedia","https://ca.wikipedia.org/wiki/Parc_del%20Guinard%C3%B3","Q11069071","https://www.barcelona.cat/es/que-hacer-en-bcn/parques-y-jardines/parque-del-guinardo-92086011954","","","","wikipedia;wikidata;website"
"3d1edbe4-7b6e-42ae-9eb4-d3278f0f459d","Escadaria Copa","Rio De Janeiro","RJ","https://tysnkzmljlmmqpbotkxv.supabase.co/storage/v1/object/public/travel-app-images/ChIJWZg30zfVmwARHn63bv3ORb0/ChIJWZg30zfVmwARHn63bv3ORb0_1754580317856_1.jpg","unknown","","","","","","",""
"a55700fa-3751-4072-93ad-074ad1ce4648","Parque de Xavier Montsalvatge","Barcelona","null","https://tysnkzmljlmmqpbotkxv.supabase.co/storage/v1/object/public/travel-app-images/wikipedia-a55700fa/parque-de-xavier-montsalvatge-fitxerarbcom-ru-edit-1757529943198-1.svg","wikipedia","https://ca.wikipedia.org/wiki/Parc_de%20Xavier%20Montsalvatge","Q15664680","","","","","wikipedia;wikidata"
"1d0d1be3-8122-43e5-bcf8-6484b685c820","Terminal Turístico da Bica","Fortaleza","CE","","unknown","","","","","","",""
"93518e61-7629-4012-b7fe-53c0d3286abd","Centro Cultural Casa da FEB Força Expedicionária Brasileira","Rio De Janeiro","RJ","https://tysnkzmljlmmqpbotkxv.supabase.co/storage/v1/object/public/travel-app-images/wikipedia-93518e61/centro-cultural-casa-da-feb-fo-ficheirobblogo1-crop-1757529943092-1.jpg","wikipedia","https://pt.wikipedia.org/wiki/Centro_Cultural%20Banco%20do%20Brasil","Q30939541","http://www.casadafeb.com/","","","","wikipedia;wikidata;website"
"111b21d7-7009-479a-bbb7-50c5bc1c786e","Nossa Senhora da Penha","Belo Horizonte","BH","","unknown","","","","","","",""
"84866d6a-6a84-4960-997c-28bbd2c07150","Locomotiva Bragança 4","Bragança Paulista","SP","https://tysnkzmljlmmqpbotkxv.supabase.co/storage/v1/object/public/travel-app-images/ChIJ7fAqfxbLzpQRDE_4ZbHnlvQ/ChIJ7fAqfxbLzpQRDE_4ZbHnlvQ_1751413955380_1.jpg","unknown","","","https://www.google.com/url?sa=t&source=web&rct=j&url=https://www.braganca.sp.gov.br/noticias/prefeitura-instala-locomotiva-braganca-4-da-estrada-de-ferro-bragantina-na-praca-coronel-jacinto-osorio&ved=2ahUKEwjU2sT9if3-AhXNrJUCHQPgAVEQFnoECBYQAQ&usg=AOvVaw2-JUKDeFZr_jZb9W4aFu83","","","","website"
"684128a0-ae91-4b3d-8b73-f2f7dcb168cd","Shopping Cidade das Artes","Embu Das Artes","null","https://tysnkzmljlmmqpbotkxv.supabase.co/storage/v1/object/public/travel-app-images/ChIJ0YrjEGRTzpQR-V8NQ7iLuMw/ChIJ0YrjEGRTzpQR-V8NQ7iLuMw_1751983061215_1.jpg","unknown","","","https://www.shoppingcidadedasartes.com.br/","","","","website"
"92f048c1-6da1-44d3-a863-6df77896ce35","Letreiro de Padre Miguel","Rio De Janeiro","RJ","https://tysnkzmljlmmqpbotkxv.supabase.co/storage/v1/object/public/travel-app-images/wikipedia-92f048c1/letreiro-de-padre-miguel-ficheirobandeira-da--1757529244298-1.svg","wikipedia","https://pt.wikipedia.org/wiki/Padre_Miguel","Q3888795","","","","","wikipedia;wikidata"
"7049c984-febe-4a20-b06d-158012bb5349","Mural "Balcones de Barcelona"","Barcelona","null","https://tysnkzmljlmmqpbotkxv.supabase.co/storage/v1/object/public/travel-app-images/ChIJgWbzOACjpBIRenb0m1ssdFQ/ChIJgWbzOACjpBIRenb0m1ssdFQ_1751565702700_1.jpg","unknown","","","","","","",""
"df1be4a5-da2d-40a5-acf5-28130ba4b897","Shopping Franco da Rocha","Franco Da Rocha","null","https://tysnkzmljlmmqpbotkxv.supabase.co/storage/v1/object/public/travel-app-images/ChIJEUBSPj7kzpQRIP7GUEfKXxs/ChIJEUBSPj7kzpQRIP7GUEfKXxs_1752868022247_1.jpg","unknown","","","http://www.shoppingfrancodarocha.com.br/","","","","website"
"92f141d4-5cf0-4241-ad71-aa0cffc7cc82","United Dioceses of Cork, Cloyne and Ross","Cork","null","https://tysnkzmljlmmqpbotkxv.supabase.co/storage/v1/object/public/travel-app-images/ChIJ34QLRhqQREgRvHWt_7PPw3k/ChIJ34QLRhqQREgRvHWt_7PPw3k_1753986161089_1.jpg","unknown","","Q30285576","http://www.cork.anglican.org/","","","","wikidata;website"
"519857c3-cc53-451d-bb24-f21de1b9e46c","Parroquia Sagrada Familia de Barcelona y Cripta","Barcelona","null","https://tysnkzmljlmmqpbotkxv.supabase.co/storage/v1/object/public/travel-app-images/wikipedia-519857c3/parroquia-sagrada-familia-de-b-fitxer141-esglsia-de-1757529950354-1.jpg","wikipedia","https://ca.wikipedia.org/wiki/Sant_Pere%20de%20les%20Puel%C2%B7les","Q11693387","https://parroquiasagradafamilia.cat/","","","","wikipedia;wikidata;website"
"4bc7bcdf-b414-4f18-ba1c-06a82f4c9bdf","Placa conmemorativa Refugi / Bunker de la guerra civil al barri Sagrada Familia","Barcelona","null","https://tysnkzmljlmmqpbotkxv.supabase.co/storage/v1/object/public/travel-app-images/ChIJA7T1BwCjpBIRnJCAKSAZW4s/ChIJA7T1BwCjpBIRnJCAKSAZW4s_1751566283585_1.jpg","unknown","","","","","","",""
"2ce6089b-f3f0-41a7-8780-2c42d8e48483","Estúdio Lâmina","São Paulo","SP","","unknown","","","","","","",""
"1ec3af71-736a-48d4-bb4b-0a8444d9c064","Museu de Ciências","Franca","null","https://tysnkzmljlmmqpbotkxv.supabase.co/storage/v1/object/public/travel-app-images/ChIJZwSpKZ-nsJQRA8eeRhmD0mM/ChIJZwSpKZ-nsJQRA8eeRhmD0mM_1757334012799_1.jpg","unknown","","","https://cienciafranca.my.canva.site/","","","","website"
"d5535d29-3c31-494f-9143-07ce744775ad","Museu da Colonização de Chapecó","Florianópolis","SC","","unknown","","","","","","",""
"f1815081-430d-4a5c-8da0-fb457e396283","Everaldo Granemann","Florianópolis","SC","","unknown","","","","","","",""
"c3be8a90-0675-4d1e-ba17-92ac23b63713","Projeto Jiu-Jitsu Lutando como Davi","Jaburu","ES","http://backend-mapabem.rhcloud.com/static/media/None/4ad8235e199d45f59037debb78424ad3.jpg","unknown","","","","","","",""
"bb4f56c8-862a-426a-8ca4-7e3ca60d6e9e","Former College of San Ildefonso","Ciudad De México","null","https://tysnkzmljlmmqpbotkxv.supabase.co/storage/v1/object/public/travel-app-images/ChIJL7EfCzP50YURNvzmA7gabIU/ChIJL7EfCzP50YURNvzmA7gabIU_1757333488130_1.jpg","unknown","","","http://www.sanildefonso.org.mx/","","","","website"
"b7c8f685-9128-4934-b8d9-e6d13010819b","Portal de cacador","Florianópolis","SC","","unknown","","","","","","",""
"850a78de-2288-4b95-adee-a9985bbbe054","Letreiro Franco da Rocha SP","Franco Da Rocha","null","https://tysnkzmljlmmqpbotkxv.supabase.co/storage/v1/object/public/travel-app-images/ChIJf9ZhcgDlzpQREIp_5y5R3mU/ChIJf9ZhcgDlzpQREIp_5y5R3mU_1752867962727_1.jpg","unknown","","","","","","",""
"df8c52b4-3aca-43e3-8798-2c0366ba6ecd","Torre de observação","Rio De Janeiro","RJ","https://tysnkzmljlmmqpbotkxv.supabase.co/storage/v1/object/public/travel-app-images/ChIJW_-C3BHdmwAR2lM_Os1ieQo/ChIJW_-C3BHdmwAR2lM_Os1ieQo_1754503499572_1.jpg","unknown","","","","","","",""
"8213080f-69a4-4574-87c9-0fc2ff303a21","Sergioramos","Belo Horizonte","BH","","unknown","","","","","","",""
"c86a96b3-a1b9-474e-bfcd-0d3b722a1c71","Rauen","Curitiba","PR","","unknown","","","","","","",""
"18179a17-7848-4e26-ad01-17ef7abac1f8","Escultura Nova Londrina 50 Anos","Campo Grande","MS","","unknown","","","","","","",""
"f13b6fd9-8131-45fd-96ab-744c4057e309","Busto Romeu Barbosa de Souza","Campo Grande","MS","","unknown","","","","","","",""
"281d6b48-c200-4022-a849-06984be4ed3c","Parque Nacional da Serra da Bocaina","Rio de Janeiro","RJ","","unknown","","","","","","",""
"b2a6aa55-ed1a-42dc-a86f-9f42a94f406d","Memorial Sakai do Embu","Embu Das Artes","null","https://tysnkzmljlmmqpbotkxv.supabase.co/storage/v1/object/public/travel-app-images/ChIJCS4ToG6rz5QRD6kHSter-0Y/ChIJCS4ToG6rz5QRD6kHSter-0Y_1751982961177_1.jpg","unknown","","","","","","",""
"ef12ebdf-ad47-42b1-9d66-1d4eb03fd69d","Letreiro Embu das Artes","Embu Das Artes","null","https://tysnkzmljlmmqpbotkxv.supabase.co/storage/v1/object/public/travel-app-images/ChIJB2MLdRerz5QRNLbrK1oaQpY/ChIJB2MLdRerz5QRNLbrK1oaQpY_1751982999552_1.jpg","unknown","","","","","","",""
"7b3c9b82-6117-4c22-8253-1938f5d328ab","Paróquia Nossa Senhora das Graças - Diocese de Franca","Franca","null","https://tysnkzmljlmmqpbotkxv.supabase.co/storage/v1/object/public/travel-app-images/ChIJcUANhzumsJQRZAHC6kk-8v4/ChIJcUANhzumsJQRZAHC6kk-8v4_1757334077398_1.jpg","unknown","","","http://paroquiansdasgracasfranca.org.br/","","","","website"
"050d8725-42fa-43e1-943e-bbbd14ce7039","Playa de Levante","Barcelona","null","https://tysnkzmljlmmqpbotkxv.supabase.co/storage/v1/object/public/travel-app-images/ChIJh5YZBFyjpBIRvhV10cLQdlc/ChIJh5YZBFyjpBIRvhV10cLQdlc_1751566724693_1.jpg","unknown","","","http://www.barcelona.cat/resources/hu/platges/w110.bcn.cat/portal/site/MediAmbient/menuitem.37ea1e76b6660e13e9c5e9c5a2ef8a0c/MediAmbient/menuitem.37ea1e76b6660e13e9c5e9c5a2ef8a0c/LlevantCA.html","","","","website"
"6489fb8b-0f6f-4aec-82e5-d19ed3b8b3cb","Cattedrale di Santa Maria e Sant'Anna","Cork","null","https://tysnkzmljlmmqpbotkxv.supabase.co/storage/v1/object/public/travel-app-images/ChIJW6P6RRKQREgRzRwa0_-W9qs/ChIJW6P6RRKQREgRzRwa0_-W9qs_1753985892946_1.jpg","unknown","","","https://www.corkcathedralfop.ie/","","","","website"
"de660426-352c-4d1f-bd0a-7607c6c58ccb","Expotuc","Belém","PA","","unknown","","","","","","",""
"7ee749cc-e36a-4c87-a534-0662c7883e73","Ciclo Ambiental","Região de PB","PB","","unknown","","","","","","",""
"a9ce10e4-5d36-4f61-9279-341df3872495","Museu de Sant'Ana","Belo Horizonte","BH","","unknown","","","","","","",""
"29a26d83-2e6c-430f-bc87-87bfed1ffa7a","Gruta São Thomé","Belo Horizonte","BH","","unknown","","","","","","",""
"2064f859-e252-4542-8720-cd02d7db7aee","Museu do Basquete","Franca","null","https://tysnkzmljlmmqpbotkxv.supabase.co/storage/v1/object/public/travel-app-images/ChIJA90i8YiosJQROvoPSe46nAY/ChIJA90i8YiosJQROvoPSe46nAY_1757333468775_1.jpg","unknown","","","","","","",""
"dbb3652c-b288-4a22-ac69-275b6e834405","Espacio Memorial Democrático de Cataluña","Barcelona","null","https://tysnkzmljlmmqpbotkxv.supabase.co/storage/v1/object/public/travel-app-images/ChIJQ5fw9PCipBIRc2njACGTyAs/ChIJQ5fw9PCipBIRc2njACGTyAs_1751569633527_1.jpg","unknown","","","http://memoria.gencat.cat/","","","","website"
"d43aa780-07ac-4bd6-a4ca-f3f70a6fc6b7","Capilla de la Inmaculada Concepción de Tlacoapa","Ciudad De México","null","https://tysnkzmljlmmqpbotkxv.supabase.co/storage/v1/object/public/travel-app-images/ChIJi8M3q18BzoURccLfY5ICWcU/ChIJi8M3q18BzoURccLfY5ICWcU_1757332359597_1.jpg","unknown","","","","","","",""
"bc110231-ef4b-4076-b6dc-b3a9c5e64ad9","Iglesia de San Cayetano","Barcelona","null","https://tysnkzmljlmmqpbotkxv.supabase.co/storage/v1/object/public/travel-app-images/ChIJzRXDqo2ipBIRLeEg4fu_25Q/ChIJzRXDqo2ipBIRLeEg4fu_25Q_1751570924649_1.jpg","unknown","","","","","","",""
"cd90e8a5-7611-4d9a-ab22-b1f53dcf1aee","Engine No. 36","Cork","null","https://tysnkzmljlmmqpbotkxv.supabase.co/storage/v1/object/public/travel-app-images/ChIJcXL7fQCRREgRucZ-9gS_SZw/ChIJcXL7fQCRREgRucZ-9gS_SZw_1753985865878_1.jpg","unknown","","","","","","",""