Attraction_ID,Attraction_Name,Success,Source,New_Image_URL,Images_Found,Error
"abec822c-5b38-47de-9621-6069f5ad4b7c","Âncora","false","none","","","No suitable images found in any source"
"87cd0039-0b71-41b4-8f91-4c21deed09dd","Museu do Bonsai","false","none","","","No suitable images found in any source"
"425bb753-a794-43a4-9507-bffafafa6098","Teatro do América","false","none","","","No suitable images found in any source"
"59ac6763-337d-4383-ae68-b7d97ed33630","Teatro Municipal Cacilda Becker","false","none","","","No suitable images found in any source"
"6b9013df-b350-4383-8696-72c94ca549c5","Castelo Monalisa","false","none","","","No suitable images found in any source"
"afd9df28-0522-441f-a2c6-6ae77f7ac44d","Galeria de Arte","false","none","","","No suitable images found in any source"
"5ab4b312-abda-4c81-94ae-1f8dcc168663","Anfitrião","false","none","","","No suitable images found in any source"
"06aea487-25a3-4859-a68d-50fcd5a27406","Monumento","false","none","","","No suitable images found in any source"
"576234e6-7ad9-4616-a043-ac09b0e4f4a2","Alto da Bandeira","false","none","","","No suitable images found in any source"
"63c984b1-1de6-4fd3-86e4-14667ec45617","Baie des Tortues 🐢","false","none","","","No suitable images found in any source"
"d96c482b-f704-4528-92b6-b8931999b69b","Pórtico do Monte Aghá II","false","none","","","No suitable images found in any source"
"c030ba9f-d012-44a1-9ace-077037fa914c","Mirante Boa Vista","false","none","","","No suitable images found in any source"
"b8f31105-7ac5-45cc-9cf8-61a89c986fc4","Estátua Professor Francisco José de Abreu Matos","false","none","","","No suitable images found in any source"
"b49058fd-ee3f-40f9-aec5-c45e82300f6f","Mirante Perigoso Pescador","false","none","","","No suitable images found in any source"
"1704efb6-8e3e-41d9-8aae-6c15f22c3b65","Auditório Madureira","false","none","","","No suitable images found in any source"
"6a7c7d20-d1c9-418e-8843-1020c609a345","Coreto","false","none","","","No suitable images found in any source"
"03d8e5b0-51c9-4872-b5a9-9613e87da715","Pico do Forte","false","none","","","No suitable images found in any source"
"14538dea-ffdc-42c0-b57a-cd3fff39c398","Biblioteca Popular de Santa Cruz","false","none","","","No suitable images found in any source"
"1f9ec345-88a9-4d31-9fdd-4d670545f3b9","Letreiro de Sobral","false","none","","","No suitable images found in any source"
"b861973e-e260-4c41-9a37-18b8219bfe28","Mirante da Pedra do Morcego","false","none","","","No suitable images found in any source"
"405bf2cf-53dc-4f65-8715-7d29b630b364","Museu Judaico","false","none","","","No suitable images found in any source"
"91365bd9-9ff6-4463-b22d-3e98db5ff9f8","Teatro Prudential","false","none","","","No suitable images found in any source"
"836ace3c-30d1-444b-a984-6b3442a0c629","Лагуна у мангровых зарослей","false","none","","","No suitable images found in any source"
"0d98f9d8-047d-4e27-8964-2d68c9933c91","Pedra do Quita","false","none","","","No suitable images found in any source"
"d145946f-1d05-4565-9dac-4cbf567d9ff6","Monumento a João Batista das Neves et al.","false","none","","","No suitable images found in any source"
"942ee84e-9879-4d1f-9980-0ba0da8f7267","Alto das Laranjeiras","false","none","","","No suitable images found in any source"
"3f5f9ac2-cb2f-4f89-b94b-cd95f624e228","Pedra Hime","false","none","","","No suitable images found in any source"
"8aeacbef-0af7-4ac7-bc07-7a41e9c79b90","Pedra Grande","false","none","","","No suitable images found in any source"
"393198e1-d957-454b-864d-e5ed9f5a61f8","Pedra da Quintanilha","false","none","","","No suitable images found in any source"
"665b0690-9f98-4624-99c4-5ecb5784f39c","Pedra do Calhariz","false","none","","","No suitable images found in any source"
"0b285b8b-7c0f-4e16-ab92-f0f52df3eb91","Morro do Pau da Fome","false","none","","","No suitable images found in any source"
"309e787e-2157-4b05-a772-fab5bb1486a6","Torre de Pisa","false","none","","","No suitable images found in any source"
"67435123-960a-4064-8dba-a92159776c44","Morro da Viração","false","none","","","No suitable images found in any source"
"138c6e52-7ea2-4470-bb08-79ebcdd147b7","Mirante do Joá","false","none","","","No suitable images found in any source"
"e7751182-d248-441e-bfa3-841b53d301a1","Miguel","false","none","","","No suitable images found in any source"
"b898b0e1-d6a0-413e-9ee9-4f34db3d0b13","Belvedere Sonda","false","none","","","No suitable images found in any source"
"4844183c-7d19-4dcc-9055-aee700aaab2b","Irmão Menor","false","none","","","No suitable images found in any source"
"88f019bd-eb53-410d-92b0-7f3aaeebd611","Morro dos Cabritos","true","wikidata","https://tysnkzmljlmmqpbotkxv.supabase.co/storage/v1/object/public/travel-app-images/wikidata-88f019bd/morro-dos-cabritos-filemorro-dos-cabrit-1757535622058-1.jpg","1",""
"4c0191e2-b3ee-467a-8409-2149e9d77bc4","Busto de....","false","none","","","No suitable images found in any source"
"511759b4-8d71-4b28-9614-5239e3a0bffd","Morro de São João","false","none","","","No suitable images found in any source"
"15fc5ee2-133f-43cf-a760-a4ba952234b2","Morro da Babilônia","true","wikidata","https://tysnkzmljlmmqpbotkxv.supabase.co/storage/v1/object/public/travel-app-images/wikidata-15fc5ee2/morro-da-babilnia-filelascar-morro-da--1757535627405-1.jpg","1",""
"7fba7757-a9e2-4fe4-9374-4b93ba01e942","Morro Dona Marta","false","none","","","No suitable images found in any source"
"042d1c4d-5b20-4f15-a131-92a586b59191","Pico dos Quatro","true","wikidata","https://tysnkzmljlmmqpbotkxv.supabase.co/storage/v1/object/public/travel-app-images/wikidata-042d1c4d/pico-dos-quatro-filepedra-de-gavea-d-1757535632459-1.jpg","1",""
"61247619-6640-4b3c-8d72-2ec9897c397c","Pontal de Sernambetiba","true","wikidata","https://tysnkzmljlmmqpbotkxv.supabase.co/storage/v1/object/public/travel-app-images/wikidata-61247619/pontal-de-sernambetiba-filepico-do-pontal-m-1757535632389-1.jpg","1",""
"4e03a6ae-7f13-46e4-a1cc-8f01e83e8a2a","Clarice Lispector","false","none","","","No suitable images found in any source"
"020394b9-7c3c-4f21-9664-76c0fb255be8","Pico da Marambaia","false","none","","","No suitable images found in any source"
"32923005-c9a0-4857-a295-2f3675fdf7fa","Morro da Viúva","false","none","","","No suitable images found in any source"
"20171f9a-64f7-4c9c-a192-853b3c30efd8","Morro do Cruzeiro","false","none","","","No suitable images found in any source"
"c9809182-2f65-46b2-b98c-b5d5df294580","Monumento Almirante Júlio Cesar de Noronha","false","none","","","No suitable images found in any source"
"b22a57cb-8801-438f-b189-191f7b70bff1","Livraria Estação","false","none","","","No suitable images found in any source"
"db98ecbb-a481-4bce-a9b5-62110820accb","Sítio Forte","false","none","","","No suitable images found in any source"
"2d9e62e7-85ea-4cd9-9bcd-1fb6c08c4322","Oi Futuro","false","none","","","No suitable images found in any source"
"f5f2d783-8a3b-4387-93aa-e5ad5945b224","Monumento Frei Caneca","false","none","","","No suitable images found in any source"
"cc9c0724-304b-4de7-9e38-19ec11cdf2d1","Estátua do Bellini","false","none","","","No suitable images found in any source"
"dac4d5e0-aa9b-4ecd-a85d-560fd1baaf95","Santuário Nossa Senhora de Fátima","false","none","","","No suitable images found in any source"
"af636404-65d3-4153-ad9a-e497fafb7f0a","Mirante do Pasmado","false","none","","","No suitable images found in any source"
"ac5d5f18-71d0-4041-b7da-97774c94f4af","Morro Mundo Novo","false","none","","","No suitable images found in any source"
"d11bce36-392c-4617-aaa5-69c9487ca90b","Morro da Saudade","false","none","","","No suitable images found in any source"
"8d315ebc-9187-40b8-8197-cec085988ecd","Museu de Folclore Edison Carneiro","false","none","","","No suitable images found in any source"
"44512c47-6b78-4b2b-b038-ed657d2ca6ab","Poço dos Ingleses","false","none","","","No suitable images found in any source"
"e5a45b0f-457e-47b4-ba41-620bd85a6fb0","Museu do Corpo de Bombeiros","false","none","","","No suitable images found in any source"
"7ec1d79b-3d9d-43a9-abd1-648cb28b4f69","Comunidade Ressaca do Guerrilha","false","none","","","No suitable images found in any source"
"cd2bc4da-ab3e-4c5c-b827-04c82d57e467","Antigo Cais Imperial","false","none","","","No suitable images found in any source"
"f4631382-c4f3-4c86-9089-eb062eec3628","Comunidade Lajeado Guerrilha","false","none","","","No suitable images found in any source"
"aa66041a-45e7-476b-adfa-22c6b41849f4","B.P. Bangu - Cruz e Souza","false","none","","","No suitable images found in any source"
"826a9dfa-dc6e-4920-9d09-3f4b3139c0de","Biblioteca Popular de Bangu","false","none","","","No suitable images found in any source"
"a66f83e6-c691-4eef-8d8d-80e3770d4cca","Poço dos Soldados","false","none","","","No suitable images found in any source"
"f7b43a9c-a2c7-41b3-90c6-0046920efe0d","Mirante da Praia Preta","false","none","","","No suitable images found in any source"
"3c800f4c-2e23-48c7-bef0-615d8f0dc9f5","Poção","false","none","","","No suitable images found in any source"
"6505df9c-9cf7-4afb-9986-ba5786217dcc","Aqueduto","false","none","","","No suitable images found in any source"
"8b306aec-ea3e-44da-9996-dcf9e5518531","Pico da Tijuca","false","none","","","No suitable images found in any source"
"265d538a-5a6f-4223-8293-07fc754391e8","Praia","false","none","","","No suitable images found in any source"
"8e4453e2-7f72-41de-a318-2cb4b16e0fcb","Pedra da Babilônia","false","none","","","No suitable images found in any source"
"ca42357d-973c-4075-99f5-bbd72729b9a8","Morro do Silvério","false","none","","","No suitable images found in any source"
"e1d0ff3a-2c25-41e9-b23e-c4c6ffaec860","Gláucio Gil","false","none","","","No suitable images found in any source"
"f2e0dc01-4e0a-4290-a55b-c6d9c2cf0c9a","Teatro SESC - Madureira","false","none","","","No suitable images found in any source"
"446d767f-3774-45d0-9529-3dff823b3d53","Pedra do Archer","false","none","","","No suitable images found in any source"
"62f2f7c5-9dc3-40b4-96f3-0183da141551","Morro da Conceição","false","none","","","No suitable images found in any source"
"9be30a32-052a-4e2a-b0db-4c4644a134f7","Morro Grande","false","none","","","No suitable images found in any source"
"abc38cfc-b1fd-41e5-b9b9-7129a864797a","Atração Turística","false","none","","","No suitable images found in any source"
"eb7cc316-47d8-4e40-9c33-ac24e739cb97","Teatro Cândido Mendes","false","none","","","No suitable images found in any source"
"10f391c0-206d-452b-806a-de8608a5c97f","Morro do Luís Barata","false","none","","","No suitable images found in any source"
"3d3bbbb2-0097-4c59-8bcd-67b6ccb520f0","Estátua de Carlos Drummond de Andrade","false","none","","","No suitable images found in any source"
"60d99621-5b7c-47c9-99e9-b976aa248d60","Morro vai quem quer","false","none","","","No suitable images found in any source"
"5c9a7dcb-8f24-4481-9be0-bbd29aa85ff1","Morro do Pica Pau","false","none","","","No suitable images found in any source"
"7472bf99-7042-4f24-97c8-b26a52ecff20","Pedra do Turano","false","none","","","No suitable images found in any source"
"5a516b3e-d9b5-48a9-ab53-6996b1b1b3ae","Morro dos Prazeres","false","none","","","No suitable images found in any source"
"49b35036-e0e5-453d-a57c-818090f902f2","Outeiro da Glória","true","wikidata","https://tysnkzmljlmmqpbotkxv.supabase.co/storage/v1/object/public/travel-app-images/wikidata-49b35036/outeiro-da-glria-fileouteiro-da-glria-1757535671146-1.jpg","1",""
"975318e1-9acc-426a-8217-d12acdc362d3","Morro de Santo Amaro","true","wikidata","https://tysnkzmljlmmqpbotkxv.supabase.co/storage/v1/object/public/travel-app-images/wikidata-975318e1/morro-de-santo-amaro-filevista-2-panorami-1757535670818-1.jpg","1",""
"3728dce7-0958-4e1d-8ea9-55336a640e7b","Morro de Santos Rodrigues","false","none","","","No suitable images found in any source"
"199e69e4-e147-48a5-b7bd-b608248a46dc","Casa dos Inconfidentes","false","none","","","No suitable images found in any source"
"7ed038fc-1307-4538-b41b-4f785ec5689b","Chafariz da Coluna","false","none","","","No suitable images found in any source"
"63286bf4-a113-4997-8c20-98e429a24e34","Morro do Querosene","false","none","","","No suitable images found in any source"
"d687badc-6fec-4820-a808-22c72deedb4a","Morro da Graça","false","none","","","No suitable images found in any source"
"e1799a8e-06f5-47f3-8b57-9736dd4f990d","Morro do Chico","false","none","","","No suitable images found in any source"
"b56f193d-55db-4f2a-807b-d92229e75464","Alto do Sá","false","none","","","No suitable images found in any source"
"75f6ac88-a813-40fa-9301-08c0fb17c45c","Morro Coronel Rios","false","none","","","No suitable images found in any source"
"94a9a828-fcec-4b35-8c52-17a10de333d2","Morro do Batatal","false","none","","","No suitable images found in any source"
"ca180d0a-cf1a-4cec-a011-49b9ee181a90","Morro do Pavão","true","wikidata","https://tysnkzmljlmmqpbotkxv.supabase.co/storage/v1/object/public/travel-app-images/wikidata-ca180d0a/morro-do-pavo-filemorro-do-pavo-ri-1757535681515-1.jpg","1",""
"fb82e93a-c795-4bbb-bc6e-62b4b74d2853","Agulha do Inhangá","false","none","","","No suitable images found in any source"
"ce6e9270-d9b8-4ab7-87d1-4638368cc486","Morro do Martelo","false","none","","","No suitable images found in any source"
"067609f7-d6fe-4532-adc3-7e9c52aedffe","Cachoeira do córrego da Barra","false","none","","","No suitable images found in any source"
"2d3b05a8-cb46-4664-a6e6-2c00376f60fd","Pedra do Sapo","false","none","","","No suitable images found in any source"
"e278fdaf-4779-4f6e-b036-380d3cf64912","Bengalão - portal","false","none","","","No suitable images found in any source"
"661210d7-3eff-415e-87c1-4c218860568f","Morro do Inglês","false","none","","","No suitable images found in any source"
"7b13b96b-752f-41f8-b8ad-48b69b55e810","Morro do Cantagalo","false","none","","","No suitable images found in any source"
"a3c93a1b-1641-415a-94c8-21a4d441cdb6","Monte Viana","false","none","","","No suitable images found in any source"
"f412802f-03c8-4569-bf92-118932a8e464","Morro da Matriz","false","none","","","No suitable images found in any source"
"09c34eb5-bd36-4b60-b7db-e58d789e5a59","Morro da Baronesa de Lages","false","none","","","No suitable images found in any source"
"d46bde77-0850-41c9-9b95-c0a2e6186f92","Vaqueiro","false","none","","","No suitable images found in any source"
"c373d9ae-e538-41a6-a2b9-75743a4123de","Morro do Engenho Novo","false","none","","","No suitable images found in any source"
"8e3e0d6c-fe05-4db3-9580-5a4ce9e60a86","Morro do Pau da Bandeira","false","none","","","No suitable images found in any source"
"ea8ffcc0-b022-42c9-9dfc-bddc1a77079d","Morro do Cruz","false","none","","","No suitable images found in any source"
"91ccc2b5-c388-4dca-b5bb-65f4638c424d","Morro dos Macacos","false","none","","","No suitable images found in any source"
"11ab4086-598a-482c-ae49-00c77d4127ef","Morro de Santo Antônio","true","wikidata","https://tysnkzmljlmmqpbotkxv.supabase.co/storage/v1/object/public/travel-app-images/wikidata-11ab4086/morro-de-santo-antnio-filelargocarioca1jpg-1757535698197-1.jpg","1",""
"ffccc583-2647-4d20-a416-770d02db9337","Morro do Porto","false","none","","","No suitable images found in any source"
"99b643ec-bdb4-46ee-b51e-dfbff62bbd3b","Pedra do Cão","false","none","","","No suitable images found in any source"
"940ea741-d3b0-44cf-921f-1db7f554d461","Alto das Paineiras","false","none","","","No suitable images found in any source"
"6f0a119e-5857-4e99-bfb6-56d2cb8a266d","Alto da Coroa","false","none","","","No suitable images found in any source"
"9940d29b-6aca-4224-b834-6ed6c9695fa2","Morro do Sumaré","false","none","","","No suitable images found in any source"
"413cd8d4-d41b-47eb-a620-e9088ad3ab5f","Pedra d'Água","false","none","","","No suitable images found in any source"
"e91b17bc-eac1-4396-a790-8fc39bfef797","Pico da Carioca Mirim","false","none","","","No suitable images found in any source"
"e18d8a8c-90fb-4b42-b426-4f16cf9df45b","Alto da Embratel","false","none","","","No suitable images found in any source"
"23aaeb75-7a16-4e9f-b8e7-5d397d47a1be","Morro Sete Quedas","false","none","","","No suitable images found in any source"
"244fce81-98e0-42a1-a88a-170877eca6d8","Morro do Andaime Pequeno","false","none","","","No suitable images found in any source"
"70f3f5d3-a093-41c9-bdbe-4e3cf3ce4878","Pico da Carioca","false","none","","","No suitable images found in any source"
"c8446228-5e75-42ec-b441-fc1795136874","Alto do Pai Ricardo","false","none","","","No suitable images found in any source"
"4cae4c0f-24e3-4e72-824e-a6704a15f926","Locomotiva n. 20","false","none","","","No suitable images found in any source"
"2ba9e4e9-b24b-4bd7-a7d8-ee625f7d5d46","Morro da Banana","false","none","","","No suitable images found in any source"
"ef676149-1913-46c1-abe2-c05759c69905","Morro do Queimado","false","none","","","No suitable images found in any source"
"f03aad11-df4e-4735-959d-60daf784aa29","Morro da Freira","false","none","","","No suitable images found in any source"
"fb9fde49-2bed-4b12-9968-22c579b4f241","Ponta do Arpoador","false","none","","","No suitable images found in any source"
"43647b2f-c04b-4ca1-91ee-4f4a072ba521","Naufrágio do S.S. Maraldi","false","none","","","No suitable images found in any source"
"9231c897-150e-4bae-b389-5413192930da","Morro do Inhangá","false","none","","","No suitable images found in any source"
"3f04db17-d28f-40c6-b561-afba653ba645","Pedra do Focinho de Cavalo","false","none","","","No suitable images found in any source"
"61200b11-757c-4e48-af0b-2b836298f073","Pedra do Agassiz","false","none","","","No suitable images found in any source"
"0fbb8d6c-d60d-4b00-99c8-37c7b4a8dd54","Morro do Chapecó","false","none","","","No suitable images found in any source"
"946d88d0-61a3-4772-8899-77f5c2a939c1","Morro da Gávea Pequena","false","none","","","No suitable images found in any source"
"daa777ec-06fb-44c5-98cf-80a3d283b8a9","Morro da Joatinga","false","none","","","No suitable images found in any source"
"318c0553-bf9c-4142-adeb-5bb2feb7be9f","Morro do Laboriaux","false","none","","","No suitable images found in any source"
"2e7adc93-1508-4bb5-b57c-66ece56a5e1d","Morro do Horto","false","none","","","No suitable images found in any source"
"bf0da295-95d6-44f3-9aad-91ca7ed42dac","Museu Padre Alberto Lamonato","false","none","","","No suitable images found in any source"
"425ec683-b1bd-4f68-9136-65899c372836","Morro da Margarida","false","none","","","No suitable images found in any source"
"621c99c1-2ebc-4f9c-9bd4-220b3e14bb64","Museu dos Bonecos Gigantes","false","none","","","No suitable images found in any source"
"5f4451e6-2fbd-4b8e-a0fa-61a0a4ed91cb","Chafariz do Pilar","false","none","","","No suitable images found in any source"
"0ad4e0df-8981-436d-8fe6-99a944310a69","Morro do Leme","false","none","","","No suitable images found in any source"
"216306a9-7346-4247-9f13-d3348523ffe8","Taboca","false","none","","","No suitable images found in any source"
"7a236df0-81b7-48c7-bc7b-aa23b9c62d58","Totem Ararunas do Sertão","false","none","","","No suitable images found in any source"
"095154da-cd01-41a9-b682-0941234a4905","Brejão","false","none","","","No suitable images found in any source"
"f0ca2e59-e94e-43d0-bdb5-29eba71ee678","Morro do Mirante","false","none","","","No suitable images found in any source"
"b383ef72-94f1-4492-8cef-39d430f951cb","Morro do Chá","false","none","","","No suitable images found in any source"
"4b4ca0f4-53cd-4450-8267-0ae64ae58e92","Morro do Quilombo Mirim","false","none","","","No suitable images found in any source"
"1678773f-9d95-4082-b0a3-300492af3eb4","Estátua do Memorial Frei Damião","false","none","","","No suitable images found in any source"
"5fd9976e-131c-402f-8c6e-61bebcce3904","Estação Ferroviária Queimadas","false","none","","","No suitable images found in any source"
"d85b28bb-dc3f-4533-887b-c77b01b0ae9f","Monumento ao Novo Milênio","false","none","","","No suitable images found in any source"
"1ace516c-16db-40c8-be3c-401a204253eb","Morro da Joaquina","false","none","","","No suitable images found in any source"
"dda086a0-8736-4a8b-a464-ebee07522277","Morro de Sepetiba","false","none","","","No suitable images found in any source"
"47887418-912f-4b29-8637-9ef02ddfe802","Morro da Trindade","false","none","","","No suitable images found in any source"
"9882141e-6fbb-497f-8602-9a13f2f8054a","Morro do Piaí","false","none","","","No suitable images found in any source"
"c06197b4-d4a7-459e-9530-dadb4fb1bf6f","Morro do Bananal","false","none","","","No suitable images found in any source"
"0278964b-23a8-4bd4-9de1-a28ff5265d77","Pedra de São Francisco","false","none","","","No suitable images found in any source"
"2ea788cd-8ab6-44af-8310-df24c6c93ee4","Igreja Matriz de Nossa Senhora da Conceição","false","none","","","No suitable images found in any source"
"8abbef93-1f65-4c27-9e42-4c34ee954d5a","Pedra das Morcegas","false","none","","","No suitable images found in any source"
"f65b3d47-d8e1-4974-a934-1c733e4873ef","Morro da Água Santa","false","none","","","No suitable images found in any source"
"105827f1-b1b1-4529-9e49-7e0c558760f5","Morro do Barro Vermelho","false","none","","","No suitable images found in any source"
"11e706e2-ddcf-4d61-b702-08f79838ef49","Alto dos Pretos Forros","false","none","","","No suitable images found in any source"
"712febd2-684d-46ea-829c-e595031bac0b","Morro de São José Operário","false","none","","","No suitable images found in any source"
"27f68e7e-21a5-4420-9f0c-d965bc6d2cf5","Ruínas da Igreja de Santo Antônio","false","none","","","No suitable images found in any source"
"1c55cec1-86d5-4b5c-ab46-e7b4d7e176a5","Morro da Reunião","false","none","","","No suitable images found in any source"
"a7ace39b-6490-4ed7-97b0-074092fc3c55","Morro do Careca","false","none","","","No suitable images found in any source"
"c72533df-3796-4207-aadf-4ab393776678","Morro da Cotia","false","none","","","No suitable images found in any source"
"693bb85e-02a0-4552-88e8-a7237dc652ae","Morro da Bacia","false","none","","","No suitable images found in any source"
"311336bb-e77e-4c2a-8dd3-1ad1c1de958c","Morro da Cachoeirinha","false","none","","","No suitable images found in any source"
"420ce3ed-f40e-4ea5-aa2d-ed9ce68e2b2c","Morro do Amor","false","none","","","No suitable images found in any source"
"52ce874b-62c2-43c6-a842-582973d869aa","Pico do Ramalho","false","none","","","No suitable images found in any source"
"0d01958f-8131-4467-a0f2-69a0a21750cd","Pico do Matheus","false","none","","","No suitable images found in any source"
"8ab97bc6-1d44-4d47-9539-1dc9be62fe2f","Morro do Gambá","false","none","","","No suitable images found in any source"
"7cced9a6-4d9e-44af-a2e0-33aaf9bfc815","Morro de São João da Mantiqueira","false","none","","","No suitable images found in any source"
"1ba0571f-c208-4f3b-9898-f219e40267dd","Morro das Piabas","false","none","","","No suitable images found in any source"
"6fbbd7aa-f98c-4f4f-bfd9-6df699d3859f","Morro da Boa Vista","false","none","","","No suitable images found in any source"
"7358aaeb-5032-4368-b9bf-2a575cb69c45","Pico Jorge Lossio","false","none","","","No suitable images found in any source"
"adff0c4d-f81e-45a7-b909-1e5b2fba89d2","Alto dos Ciganos","false","none","","","No suitable images found in any source"
"fac969cc-9405-47ee-810a-32a4fee9d959","Museu Caboclo Bernardo","false","none","","","No suitable images found in any source"
"1a547e93-1d7f-4781-b34f-864b5a6720d9","Morro do Thedim","false","none","","","No suitable images found in any source"
"1348af66-84a3-4f13-a894-89375e0a1256","Pico Magalhães Castro","false","none","","","No suitable images found in any source"
"b160f711-1fd3-475f-8f4e-6f7ea8220bd5","Pico do Bom Retiro","false","none","","","No suitable images found in any source"
"d416aba0-7dbf-44a0-9e35-5bb576a244ef","Casa de Congo","false","none","","","No suitable images found in any source"
"f54879a8-2d43-42a2-8e26-5ccffa92ba4a","Chafariz da Rua Alvarenga","false","none","","","No suitable images found in any source"
"1bfde13e-f3ad-4059-8efa-0d35de925f13","Morro da Taquara","false","none","","","No suitable images found in any source"
"66e24203-6cf5-4fcc-b325-82d6d68f1cc1","Morro da Concanha do Itanhangá","false","none","","","No suitable images found in any source"
"f138a624-1304-4e5f-b8ef-0f8ff8b4b979","Morro do Cipó","false","none","","","No suitable images found in any source"
"1dfda76b-44c9-4540-8cdf-46fdf387fe18","Alto do Santiago","false","none","","","No suitable images found in any source"
"fd2e5caf-2569-44b4-8d8a-6d149395d147","Ponta do Urubu","false","none","","","No suitable images found in any source"
"ca7bf83e-27f4-4288-b19b-20848abb31d9","Antigo Farol de Regência","false","none","","","No suitable images found in any source"
"4e65ff71-a4b0-4aa7-8718-1a533bc9308e","Pedra João Antônio","false","none","","","No suitable images found in any source"
"a5dddbb5-9ba7-4fdb-95ce-fb32f3142777","Pico do Andaraí Maior","true","wikidata","https://tysnkzmljlmmqpbotkxv.supabase.co/storage/v1/object/public/travel-app-images/wikidata-a5dddbb5/pico-do-andara-maior-fileandarai-maior-pa-1757535765771-1.jpg","1",""
"cbe7d0bd-0a7b-4dcc-bef4-d5551ed41ec8","Pedra do Conde","true","wikidata","https://tysnkzmljlmmqpbotkxv.supabase.co/storage/v1/object/public/travel-app-images/wikidata-cbe7d0bd/pedra-do-conde-filepedra-do-conde-s-1757535765493-1.jpg","1",""
"7dc242a5-7645-4b5f-b5a9-671fc37b0196","Divisor do Excelsior","false","none","","","No suitable images found in any source"
"0863cc16-eac6-4524-84fb-3de832e95475","Excelsior","false","none","","","No suitable images found in any source"
"2e899336-ab5b-492b-99d3-ef36bab4aed1","Morro Redondo","false","none","","","No suitable images found in any source"
"931ce9a7-7d44-4148-a834-2ec4dfdc0739","Morro do Felizardo","false","none","","","No suitable images found in any source"
"1ac45936-01d3-4a8b-9353-f1d564518d12","Colina da Crista","false","none","","","No suitable images found in any source"
"d4c5038d-963f-4948-aacf-e2959547c953","Morro da Casa Branca","false","none","","","No suitable images found in any source"
"428ebb5d-720f-46fe-afda-d5d9160d895a","Museu e Biblioteca Pública","false","none","","","No suitable images found in any source"
"3f0e62d2-ba51-46dc-aa2d-37277a461647","Morro do Almeida","false","none","","","No suitable images found in any source"
"4d7dada4-561a-418e-b7c0-21aa7df37b48","Morro Tijuaçu","false","none","","","No suitable images found in any source"
"9f39baad-1c8d-4a96-8af9-88ad19ddd5bb","Morro do Caeté","false","none","","","No suitable images found in any source"
"e0150d94-f27c-47da-a489-ac20dd6a0dbf","Chafariz do Largo do Rosário","false","none","","","No suitable images found in any source"
"df08afdd-d974-4c55-9153-693b660285b9","Morro da Cabeça de Boi","false","none","","","No suitable images found in any source"
"33a1cdcc-8e43-4b07-8c25-ce8fac329517","Cerro Morungava","false","none","","","No suitable images found in any source"
"6e3ff17f-284d-4fe3-8897-6b57697961a5","Aldeia Indigena Guarani de Camboinhas","false","none","","","No suitable images found in any source"
"78a3b393-46c6-45da-ac6f-cd848084a73a","Casa de Pedra (Trilha e Mergulho)","false","none","","","No suitable images found in any source"
"2656dfb8-6887-453e-8a77-45e2b38f66b7","Mirante da Ponta das Andorinhas","false","none","","","No suitable images found in any source"
"9ca45865-6f24-4c42-ab74-7dc3679f50eb","Mirante para Itacoatiara","false","none","","","No suitable images found in any source"
"4ab55759-f8c8-4f09-8892-32c2bfc777c0","Morro do Elias","false","none","","","No suitable images found in any source"
"353368bc-b088-411b-a957-49185d514a5a","Camaleão","false","none","","","No suitable images found in any source"
"cdf2c468-279b-49b6-bc49-6753d0590ddf","Colônia Penal de Dois Rios","false","none","","","No suitable images found in any source"
"53a70b27-d276-4c60-94cb-a541412ed85f","Santo Ignácio","false","none","","","No suitable images found in any source"
"990345de-fd4c-4f44-9586-dea10f8af39d","Mirante Cantagalo","false","none","","","No suitable images found in any source"
"af03298d-bcef-4bab-8c7f-fdab98a5fa49","Pedra do Eurípedes","false","none","","","No suitable images found in any source"
"f1d63100-76df-48f0-8398-763ce0f59360","Vala do Pampo","false","none","","","No suitable images found in any source"
"d4d806fa-c74e-4724-a373-5fc4f74970d8","Alto da Mangalarga","false","none","","","No suitable images found in any source"
"cf234a0a-0719-41d9-a06d-e2313388944f","Pico da Pedra Branca","false","none","","","No suitable images found in any source"
"4f9e3ba8-d681-41b6-aa62-6e814d87f655","Pedra dos Carvalhos","false","none","","","No suitable images found in any source"
"bd1bea07-c544-43ae-a472-47866fc10dc3","Alto do Chapadão","false","none","","","No suitable images found in any source"
"39b58cd2-cb98-4bd2-b378-7ac2a0adcbda","Fundador de São José","false","none","","","No suitable images found in any source"
"a6d04e89-243b-4a6f-bbd0-d1f8fd484077","Fundação de São José","false","none","","","No suitable images found in any source"
"dff4df39-41c2-48ce-b3fb-30700ee04a62","Memorial Fundadores de São José","false","none","","","No suitable images found in any source"
"ab1ec076-aa02-46ba-98b6-a741c9d56f5a","Morro do Cedro","false","none","","","No suitable images found in any source"
"e3e34e4d-1c7a-47d9-bafd-7df563ed1c4c","Morro do Cabungui","false","none","","","No suitable images found in any source"
"9489bf02-e6c7-4c2c-a486-6bc43027b032","Morro Redondo do Cabungui","false","none","","","No suitable images found in any source"
"985a7053-4256-46c3-8069-beb7bf353718","Galeria de Artes Antônio Sibasolly","false","none","","","No suitable images found in any source"
"3da15f57-4467-4a3c-a9e8-942821fd7ced","Morro Redondo do Cafundá","false","none","","","No suitable images found in any source"
"0f844326-eebe-489f-bdd4-80f45919efa5","Morro Itacolomi","false","none","","","No suitable images found in any source"
"fdc0d3d2-dedd-4658-b4d0-86daa5cb8091","Morro do Quininho","false","none","","","No suitable images found in any source"
"93c37c56-6ebb-4834-ba17-93b6ed0efe9f","Morro da Mucuíba","false","none","","","No suitable images found in any source"
"023c593e-45e5-4444-a5c0-a68c1485ac0d","Morro do Virgílio","false","none","","","No suitable images found in any source"
"c27a4184-16e2-47ef-a204-97ffdd8d09ee","Pedra Verde","false","none","","","No suitable images found in any source"
"52e37d8e-b380-4e5d-9653-5e5217256419","Morro Mariana Cascardo","false","none","","","No suitable images found in any source"
"bdfa07cd-66dd-4f71-a21e-455e982e13fd","Morro Santo","false","none","","","No suitable images found in any source"
"eab85696-7c4d-44a5-b136-eb993b701314","Pedra da Escada d'Água","false","none","","","No suitable images found in any source"
"68c1d1b1-5043-4034-b676-abf78932244f","Morro do Nogueira","false","none","","","No suitable images found in any source"
"b3bf3f08-a1e6-44a5-b8b5-08d583649fc2","Pedra Negra","false","none","","","No suitable images found in any source"
"7b26fa3d-e0a1-4288-8e3b-06b0c3585e73","Estátua de São Francisco","false","none","","","No suitable images found in any source"
"87e37c8e-3119-4d52-9c05-eec348d62d89","Memorial José Dutra","false","none","","","No suitable images found in any source"
"6d53324e-f023-406f-8568-f2496fe47dfe","Morro do Tucum","false","none","","","No suitable images found in any source"
"73765ff0-a892-43dc-b777-5443171526ab","Pedra do Mirante","false","none","","","No suitable images found in any source"
"fa6c86ff-9fc0-410f-8dcd-d9eb6e1034fa","Pico do Urubu","false","none","","","No suitable images found in any source"
"fe6f2655-ec9c-4b93-ac1d-f82e67f000d2","Pedra da Águia Caída","false","none","","","No suitable images found in any source"
"ae4d57c5-94d5-49bc-81d7-fa59e36f0dd7","Morro da Mesa","false","none","","","No suitable images found in any source"
"5d71a7d7-730e-4254-b864-4891cfd76fb6","Pedra do Camorim","false","none","","","No suitable images found in any source"
"437d18cc-1f25-4a06-88ad-3e4c9663ab72","Morro Dona Vitória","false","none","","","No suitable images found in any source"
"af29d2c4-e7ef-4d34-b34b-15535f6fb01a","Morro do Sacarrão Pequeno","false","none","","","No suitable images found in any source"
"846bc3ef-f3d6-4160-8c4b-0d8bef6656b2","Morro do Bruno","false","none","","","No suitable images found in any source"
"dfc20131-cca8-41e7-aa11-74e803f4119e","Ahuramazda","false","none","","","No suitable images found in any source"
"be16f2c4-bd6f-4beb-9886-442ada103f54","Rafael Mascarenhas","false","none","","","No suitable images found in any source"
"eb6d4e21-5319-4427-beb7-213eab2575d3","Biblioteca Popular Municipal Lídice Fróes Rodrigues","false","none","","","No suitable images found in any source"
"a84abe84-5d36-425c-83f7-fd95b1b990bf","Cara do Gigante","false","none","","","No suitable images found in any source"
"3d42e869-15d2-4bf8-9710-3b7576c661cc","Gruta Azul","false","none","","","No suitable images found in any source"
"b87c037d-9c5b-49ed-9c74-c1cdfeffba01","Piscina Natural do Cachadaço","false","none","","","No suitable images found in any source"
"11091f3b-0b4f-4fd3-a332-f71ee27c36f5","Memorial Jair Vieira","false","none","","","No suitable images found in any source"
"f567bc3a-6935-4db1-a670-93d99c290d39","Informaçoes Turisticas","false","none","","","No suitable images found in any source"
"19d86280-1544-4d76-86f7-0d1023f8ceb1","Antônio Scherer","false","none","","","No suitable images found in any source"
"ed47fd6b-6ba4-4516-ad77-dac76e7c1f95","Memorial EEB Sara Castelhano Kleinkauf","false","none","","","No suitable images found in any source"
"1391bee3-bf80-45ca-9274-a0fd07370e38","Ilha Comprida","false","none","","","No suitable images found in any source"
"8e30ef5e-34d4-4856-b202-ec6a7dc5d430","Ilha Redonda","false","none","","","No suitable images found in any source"
"eea6076c-6eff-449f-bf0e-19486eaa1360","Ilha do Cedro","false","none","","","No suitable images found in any source"
"bf68ac22-dc05-41f6-ad95-6ce0fb09faee","Estrada Real","false","none","","","No suitable images found in any source"
"7251b7cb-2f47-4a08-be52-cfd906e2128e","Informacoes Turisticas","false","none","","","No suitable images found in any source"
"92ee9252-bfd1-484c-bf57-bbb9780cb785","Antiga Prisão","false","none","","","No suitable images found in any source"
"13a89491-13e4-4493-9285-18dc211b9a37","Estatua de Quintino Bocaiuva","false","none","","","No suitable images found in any source"
"822bf377-b452-44da-810f-23a8481a7f92","Feira","false","none","","","No suitable images found in any source"
"b4a04cf1-2aaa-4e76-a4d5-00e53d23fa1d","Centro de Informações - 183 Avenida Princesa Isabel","false","none","","","No suitable images found in any source"
"47984881-f846-4119-a486-70aec8cf5630","Centro de Informações - Praça General Tibúrcio","false","none","","","No suitable images found in any source"
"8771291c-a547-4ac4-bad7-db0d9f117677","Centro de Informações - Praça Cazuza","false","none","","","No suitable images found in any source"
"67d4cfcc-d382-4509-9ac7-5f79e3c24582","Morro do Bonfim","false","none","","","No suitable images found in any source"
"6106f5e5-a1d5-4051-ab74-d419b256a140","Plataforma da Universidade Maria Thereza","false","none","","","No suitable images found in any source"
"d4468529-a93a-4a67-86f4-237e5a2c0f66","Entrada Cachoeira das Almas","false","none","","","No suitable images found in any source"
"77b37d8d-230a-4dd2-9315-83241db094ce","Edifício Itália","false","none","","","No suitable images found in any source"
"0cad3d07-87e5-4184-8dd5-862d17d1a31a","Almirante Miguel Grau","false","none","","","No suitable images found in any source"
"37c573cd-30a9-4381-8aef-7684443b80ff","Templo da Humanidade","true","wikidata","https://tysnkzmljlmmqpbotkxv.supabase.co/storage/v1/object/public/travel-app-images/wikidata-37c573cd/templo-da-humanidade-filetemplo-positivis-1757535831272-1.jpg","1",""
"e1faf894-a7e6-4783-bb5f-eea510479b12","General Osório","true","wikidata","https://tysnkzmljlmmqpbotkxv.supabase.co/storage/v1/object/public/travel-app-images/wikidata-e1faf894/general-osrio-filepca-xv-estatua-e-1757535831201-1.jpg","1",""
"a692ebf1-96c8-4788-8c12-6576bbfb96df","Castelo de Areia","false","none","","","No suitable images found in any source"
"3cdd572e-4d4a-4e13-a0c1-b2f417823a4e","Módulo Rio","false","none","","","No suitable images found in any source"
"daf07a42-768e-4bf4-8b09-79cb65529a95","View on the coast and mountains","false","none","","","No suitable images found in any source"
"41dce2ba-a93d-4e63-92cd-33d0eec455d7","Morro da Prainha","false","none","","","No suitable images found in any source"
"ddefb0ea-c175-4094-b5ff-9b04f87576b8","Igreja Matriz Nossa Senhora da Penha","false","none","","","No suitable images found in any source"
"08055f08-8ae2-4d49-8173-a08bb8e7631b","Morro da Faxina","false","none","","","No suitable images found in any source"
"b36643f5-4082-4267-a463-d1deec3b647c","Morro do Breves","false","none","","","No suitable images found in any source"
"a94eecbe-598f-4d2e-aaad-03c945938cab","Pirâmide","false","none","","","No suitable images found in any source"
"bfd79999-576d-4f9f-9f42-0723741d214d","Garganta de Grumari","false","none","","","No suitable images found in any source"
"680a4489-755e-43dc-a343-056392f306fe","Morro de Guaratiba Mirim","false","none","","","No suitable images found in any source"
"2656434c-3463-462a-823b-a60b7aae9e70","Homenagem Ponte Pedro Ivo","false","none","","","No suitable images found in any source"
"0dbdbc63-1f7e-4ab4-bdc1-2d3d997ea3b7","Morro do Cabuçu","false","none","","","No suitable images found in any source"
"a2cdfafe-defc-472e-8c04-4dc517674204","Letreiro Amo Natal","false","none","","","No suitable images found in any source"
"a02a8297-35e2-49f4-a075-d10ae50657c2","Morro dos Caboclos","false","none","","","No suitable images found in any source"
"062f6d5f-a210-4ad9-b1f4-f761ab53a774","Morro da Toca Grande","false","none","","","No suitable images found in any source"
"525be82a-8b12-41c7-b646-0da010f53341","Morro da Toca Pequena","false","none","","","No suitable images found in any source"
"4a215625-66c7-4356-8190-77f12e3bf3e9","Pico do Morgado","false","none","","","No suitable images found in any source"
"7079ac6e-e426-45d0-9562-02e617fab6b6","Morro do Francês","false","none","","","No suitable images found in any source"
"bb95a220-0506-4fb3-bf08-b5da1da89048","Morro da Ilha","false","none","","","No suitable images found in any source"
"a5969d5a-680e-44a4-aee1-6b4f1c92e9e9","Morro da Grota Funda","false","none","","","No suitable images found in any source"
"a5497467-abe9-4ed0-826e-bfc3e50b595c","Morro de Santo Antônio da Bica","false","none","","","No suitable images found in any source"
"0423b0a0-e785-43c9-b9f9-7df83eb55d25","Pico Itaiaci","false","none","","","No suitable images found in any source"
"eb42effb-d0d8-4dd8-b231-8a7da556a18d","Morro do Sacarrão da Batalha","false","none","","","No suitable images found in any source"
"e161491f-f592-4ec5-a5bf-92654b3d9e55","Informação Histórica","false","none","","","No suitable images found in any source"
"dba3e595-d6c4-4a54-94b3-de0d5380f10c","Salão Paroquial da Igreja Matriz","false","none","","","No suitable images found in any source"
"5887c521-3453-421a-b263-f4d75009d44d","Pico da Independência","false","none","","","No suitable images found in any source"
"5193d516-76df-4103-ab37-70d4cd489e49","Morro do Capim Melado","false","none","","","No suitable images found in any source"
"48b68425-6768-4c47-ba4c-7ae9720b8dea","Alto da Capelinha","false","none","","","No suitable images found in any source"
"f04d25fa-fe4f-4e30-b35c-1c4097faa352","Monumento Lions Club","false","none","","","No suitable images found in any source"
"477067a0-6bf5-4991-8357-6cf2948f1633","Mural 10 de Outubro","false","none","","","No suitable images found in any source"
"3e1a8b89-b31e-4d30-b7d0-63b1a0b37ee2","Alto da Bela Vista","false","none","","","No suitable images found in any source"
"416eb8a2-85b0-4f84-8663-c33960d752eb","Pedra do Ponto","false","none","","","No suitable images found in any source"
"8c6aff14-b2a1-4a2b-ab81-a01e4423bc47","Pico da Piraquara","false","none","","","No suitable images found in any source"
"57a06eed-755a-43ff-a05d-aab158c6d962","Alto da Beatriz","false","none","","","No suitable images found in any source"
"7c210c19-9cd5-4e16-9d9e-d0372d6c0cb9","Morro Negro","false","none","","","No suitable images found in any source"
"7c6fc7f8-faaf-486b-8278-4d9f89d56d3a","Escultura Tomie Ohtake","false","none","","","No suitable images found in any source"
"5edaefbd-322e-41ad-b897-6a052dd4cc1d","Garganta da Casa Amarela","false","none","","","No suitable images found in any source"
"96c560ff-ae99-4e63-9f6b-b7998a527c83","Morro de Santa Bárbara","false","none","","","No suitable images found in any source"
"303bc416-aee9-42fc-b692-5b2158759b16","Alto da Barroca","false","none","","","No suitable images found in any source"
"21f745a0-ad67-4e0b-92cb-baba0ab596e8","Imagem de Nossa Senhora das Graças","false","none","","","No suitable images found in any source"
"6e2b4bef-7bcc-4854-8f4a-ecdd2a71fb8d","Pedra do Gommo","false","none","","","No suitable images found in any source"
"f098ea7a-3335-4236-a157-41bba0be2e32","Teatro Qorpo Santo","false","none","","","No suitable images found in any source"
"016faa73-85ba-46d9-b240-15b3606717bb","Estátua Peruana de Arequipa","false","none","","","No suitable images found in any source"
"9ec1f18a-50e7-422a-9ee2-7227367de385","Parque Bispo do Rosário","false","none","","","No suitable images found in any source"
"35e33c7b-adbc-4914-ada2-1e594aec3fb4","Teatro Municipal Maria Clara Machado","false","none","","","No suitable images found in any source"
"6441cff8-0daf-43c4-a4c6-2bd2fba26435","Biblioteca","false","none","","","No suitable images found in any source"
"e375e81d-8320-4c32-8cbd-baad2a61ecde","Catedral do Bom Jesus","false","none","","","No suitable images found in any source"
"d397a964-9b70-4518-a9ba-f7042ca55b0a","Cachoeira Arapongas","false","none","","","No suitable images found in any source"
"7d4c0284-4083-4303-8f9d-d8d578d5d5fd","Cavena do Couto","false","none","","","No suitable images found in any source"
"81cf1c4d-ba40-4575-81f7-2094c74e4eb3","Museu Seleção Brasileira","false","none","","","No suitable images found in any source"
"d1adbdd2-3c7d-49a2-980a-2fea0ce3d9ff","Cristo Redentor","true","wikidata","https://tysnkzmljlmmqpbotkxv.supabase.co/storage/v1/object/public/travel-app-images/wikidata-d1adbdd2/cristo-redentor-filechrist-the-redee-1757535874334-1.jpg","1",""
"0ea4a68c-041a-4bae-ac42-c6d42ce44285","Monumento ao Nunca Mais","false","none","","","No suitable images found in any source"
"8b7c2330-7900-429b-bda0-5b2859fbb3d8","ATELIER10","false","none","","","No suitable images found in any source"
"640a3533-2cdb-44b6-82e8-5cfa48143fc5","Cachoeira do Couto","false","none","","","No suitable images found in any source"
"305cebfc-b411-4820-96db-eda5a36f7964","Homenagem Barão do Triumpho","false","none","","","No suitable images found in any source"
"98aff42b-cb74-475f-81f3-651d3a538a3d","Carta Testamento de Getulio Vargas","false","none","","","No suitable images found in any source"
"1f511ee7-22f0-4f8b-bbe4-0074e67ef558","Praia do Dentista","false","none","","","No suitable images found in any source"
"58385208-9e39-462a-8781-6e7b7f48d177","Paraty Mirim","false","none","","","No suitable images found in any source"
"5d302aff-8309-41e7-9b2b-a620f9966a33","Teste","false","none","","","No suitable images found in any source"
"1d1a214f-cb1e-493d-bde0-e02bd24b5dc6","Estatua Serafim Moreira","false","none","","","No suitable images found in any source"
"c9f457fa-51e5-4a3d-a1f7-b983fe8cc4c4","Memorial Igreja Abandonada","false","none","","","No suitable images found in any source"
"a21574de-2af2-4440-816b-03b0b046f2ba","Art Clube Futebol da 15","false","none","","","No suitable images found in any source"
"3f9ea446-c230-4cac-8426-269dafffb14f","Homenagem as Mães Riopardense","false","none","","","No suitable images found in any source"
"7f69e0da-b581-457b-a427-5a06324255f2","Teatro SENAC - Bonsucesso","false","none","","","No suitable images found in any source"
"5ca488dd-ae49-4b5d-8512-1eae4a04c83e","Teatro SESC - Engenho de Dentro","false","none","","","No suitable images found in any source"
"c5aec6f2-45ba-4653-a9ad-5552cc8cc83a","200 anos de Rio Pardo","false","none","","","No suitable images found in any source"
"b2ec899c-6246-44f2-a325-ae982a0b9b7f","Divisa de Municípios Boa Esperança / Carmo do Rio Claro","false","none","","","No suitable images found in any source"
"df60f367-42a3-46dd-825a-8bd3ca10ad75","Biblia aberta em marmore","false","none","","","No suitable images found in any source"
"ed02ffc4-b4d6-443a-8c45-d0e42acbb8a4","Teatro Wallace Meirelles","false","none","","","No suitable images found in any source"
"5eae49bd-6a34-4223-8d0f-40f8dfa2c221","Arquivo Histórico Municipal","false","none","","","No suitable images found in any source"
"88d9ab9e-59d6-448c-8a29-e797f7d1c737","Graffiti Atomic","false","none","","","No suitable images found in any source"
"104d4e61-96c1-4358-82e8-87e0f7072999","Graffiti Bass","false","none","","","No suitable images found in any source"
"1b70cce6-c842-4845-93a3-a7153e77a433","Graffiti iOGS","false","none","","","No suitable images found in any source"
"9264d4eb-d7e1-4f1b-80a7-ff52c88f11ef","Museu e Centro Cultural da Casa da Moeda do Brasil","false","none","","","No suitable images found in any source"
"c67255ab-339a-4f86-87ae-c2c1dcb12246","Maçon","false","none","","","No suitable images found in any source"
"c20f71c0-a36e-41cf-bcbb-e32e0ebef560","Museu das Remoções","false","none","","","No suitable images found in any source"
"498f38d4-4f1b-41a5-82b9-4310f4bd5cbf","Paraty","false","none","","","No suitable images found in any source"
"c24a4ad3-4e92-40ca-abf6-b9b9a65f26b1","Mirante da Guanabara","false","none","","","No suitable images found in any source"
"29656ddd-0b2c-41c4-be9c-6b9b82f2f2e5","Morro da Bandeira","false","none","","","No suitable images found in any source"
"80bb05fe-5917-43bb-8b9b-285f144435c9","Ruínas do antigo Engenho Reinaldo Roesch S/A","false","none","","","No suitable images found in any source"
"fd358d0a-4bda-46c9-aeed-bf8b011f07be","Morro Quebra-Dente","false","none","","","No suitable images found in any source"
"aaac9d41-bc60-46c7-a986-5762fb5f02fd","Pedra do Canto","false","none","","","No suitable images found in any source"
"6f23e7be-1a69-4890-84fc-050539cec353","Ruínas do antigo Frigorífico Bertoldo","false","none","","","No suitable images found in any source"
"4e34cc6a-45b2-4cf7-9e1a-cb36eb181271","Zumbi dos Palmares","false","none","","","No suitable images found in any source"
"4656df37-d217-40e7-8e08-e43c0836eaba","Homenagem aos Servidores Municipais","false","none","","","No suitable images found in any source"
"80a014ab-0b93-4f3c-8c94-dd01933cc6bb","Velha Destiladora","false","none","","","No suitable images found in any source"
"2ab9f592-2464-40a9-830b-24a7fd6df82b","O segundo bondinho","false","none","","","No suitable images found in any source"
"069855b1-af9c-4a94-9c2f-f3bacdc7d548","Letreiro "EU LOVE ARRAIAL"","false","none","","","No suitable images found in any source"
"97a1c9b2-5645-4e53-b57a-3719565a7371","Pão de Açúcar","false","none","","","No suitable images found in any source"
"b91e2a6d-7bdf-43bf-a4fe-ffcb79aa21dc","Desembarque","false","none","","","No suitable images found in any source"
"eb141edc-22e6-4097-8cb0-9949601830e7","Mirante do Espia","false","none","","","No suitable images found in any source"
"1ff96f60-e7e1-45cf-a4be-4cf22b331b35","Thomas Delfino dos Santos","false","none","","","No suitable images found in any source"
"319fbfad-7fc9-4136-bad8-72f464149941","Serra do Patinho","false","none","","","No suitable images found in any source"
"c0b580f9-2d1d-4904-a7a6-ed2bb494a845","Rei Alberto I da Bélgica","false","none","","","No suitable images found in any source"
"cfed3e73-3db2-4276-8142-177656f0c847","Rotary Encruzilhada","false","none","","","No suitable images found in any source"
"a05af01d-9e67-41e6-81cc-dd85ef705b16","Eça de Queiroz","false","none","","","No suitable images found in any source"
"f6318757-f020-43bc-87bd-1ebc9c4046fc","Em edição...","false","none","","","No suitable images found in any source"
"42c7ccc0-6b97-4465-997a-75e917589492","Igreja Matriz- Paróquia Senhora Sant'Ana","false","none","","","No suitable images found in any source"
"b0c49fbb-d361-40fa-9919-70db5c857cc0","Miguel Couto","false","none","","","No suitable images found in any source"
"901a0e50-aa3f-41f4-a0ce-8f502bb9511e","Paulo de Frontin","false","none","","","No suitable images found in any source"
"de6b6bbc-1889-42d3-b0bf-d96c18bdd557","Machado de Assis","false","none","","","No suitable images found in any source"
"1bbd6a81-e367-4d33-b6a7-09d3949f7ed1","João Caetano","false","none","","","No suitable images found in any source"
"3c744508-2ad0-4dfa-88e0-7952f0994f2e","Rui Barbosa","false","none","","","No suitable images found in any source"
"89a3f42f-3262-4bd6-9a92-f9aae3f1aa41","Lima Barreto","false","none","","","No suitable images found in any source"
"43703be6-15ac-441c-aac1-5b24aee8c961","Morro Alto","false","none","","","No suitable images found in any source"
"3c4205d8-51e3-4708-a777-d0d846075ca7","Juventude","false","none","","","No suitable images found in any source"
"7a1b19e3-a1ee-4b82-b2d3-b30ac9645318","Monumento Maçônico","false","none","","","No suitable images found in any source"
"1c356eaa-a8bb-4779-8f15-057d1201e7ad","Joaquim Nabuco","false","none","","","No suitable images found in any source"
"0962c124-232f-4d09-9c2d-288d3d17c0be","Pedra Riscada","false","none","","","No suitable images found in any source"
"e7be08be-2453-48eb-9e0c-63594728b5ea","Ponte do Arco","false","none","","","No suitable images found in any source"
"c6a38e49-1712-431e-9a9e-d11848c766ae","Santuário Nossa Senhora do Carmo","false","none","","","No suitable images found in any source"
"3a8e49ef-a98e-4e18-8b2a-305c2f4a4cc1","Coluna Média em Cantoneira","false","none","","","No suitable images found in any source"
"e8633528-65a4-43bb-8a01-121534ac0089","Morro da Lagoa","false","none","","","No suitable images found in any source"
"23209493-5afa-482c-a910-6b5e25dd0bd7","Âncora","false","none","","","No suitable images found in any source"
"1f3f8048-e934-48f8-983a-ee5df5b5470e","Morro da Palha","false","none","","","No suitable images found in any source"
"81bd9718-bdd6-41ce-9cfd-311f747bc6b7","Getúlio Vargas","false","none","","","No suitable images found in any source"
"42cecf48-0625-4b49-a3ed-8abf258661a1","O Passante","false","none","","","No suitable images found in any source"
"443a4389-f6e2-418f-8c3a-fd31dfad016d","Monumento 100 anos da imigração japonesa","false","none","","","No suitable images found in any source"
"1ce12ba8-2971-4a25-9043-645618988ffb","Museu Fragmentos Do Tempo","false","none","","","No suitable images found in any source"
"f4441788-e2d7-4760-8d5c-cd2d7edfa5da","Escultura para o Rio","false","none","","","No suitable images found in any source"
"70f44467-94dd-4229-bbee-6bf3d17c9617","Tartaruga","false","none","","","No suitable images found in any source"
"09778cda-2a33-4469-b6bd-7cca2726049c","Árvore de Natal","false","none","","","No suitable images found in any source"
"23dc8cf3-3957-4e15-a7f7-1cfe22a29f2c","Arquiteto Paulo Casé","false","none","","","No suitable images found in any source"
"91f9be9e-0143-42d2-912e-8426e8ffd880","Maternidade","false","none","","","No suitable images found in any source"
"157c0fd8-3ed0-4ea5-ab34-40fe59f6e34e","Sobrado Weber","false","none","","","No suitable images found in any source"
"1f39eefb-52dc-464a-a365-ab9a552a73b1","Museu do Cinema da Bahia (Roque Araújo)","false","none","","","No suitable images found in any source"
"653e215e-5e19-4fcb-b437-683480f41359","Cascata Gabriela","false","none","","","No suitable images found in any source"
"a5138b8d-aebf-41a3-a709-5d1fbc0df153","Museu Paulo Firpo","false","none","","","No suitable images found in any source"
"a1df2328-94e4-4638-ba75-4523ac5ef46a","Cascata da Baronesa","false","none","","","No suitable images found in any source"
"cf863788-049f-4651-b092-01033822d710","Cachoeira das Almas","false","none","","","No suitable images found in any source"
"283daaf8-53c8-482d-9411-e975ccfa8f28","Morro do Paula","false","none","","","No suitable images found in any source"
"da3d2a8c-fc06-4cb2-b153-20250439eb51","Forte São Paulo da Gamboa","false","none","","","No suitable images found in any source"
"8bd85be6-dc06-47c4-b966-f8812051b7b5","Ruínas do Midosi","false","none","","","No suitable images found in any source"
"2d99e718-c357-4dfb-a9ff-7fc84a7025a3","Praia vermelha","false","none","","","No suitable images found in any source"
"d76d102a-c94c-4a2f-8199-ff95d345897a","Mureta do Leme","false","none","","","No suitable images found in any source"
"2762116b-9cc9-4c81-8822-0f9b076ebe61","Ilha de Cotumduba","false","none","","","No suitable images found in any source"
"a966dcc5-3679-41a4-861a-25286940cce9","Morro dos Barbosas","false","none","","","No suitable images found in any source"
"0d0359bb-6c8b-43b4-a000-f5e992b76f63","Pedra Riscada","false","none","","","No suitable images found in any source"
"61de154d-27af-4c9e-86fd-8e1af9552665","Proteção","false","none","","","No suitable images found in any source"
"ab4f504d-4e07-4cbd-88a5-c93622c71748","Centro Coreográfico","false","none","","","No suitable images found in any source"
"626c3b38-02b6-4168-9ee7-5745bd3cfc4d","Mirante Imperial","false","none","","","No suitable images found in any source"
"f003f023-be02-400d-b321-5f9803dc33ce","Busto de Marechal Joaquim Ignacio Cardoso","false","none","","","No suitable images found in any source"
"d9f16231-ed4b-4087-b4d9-934c32ca29dc","Marco do Início das Obras do Bosque da Barra","false","none","","","No suitable images found in any source"
"a7cbc29b-dd76-449a-a3cc-9deee5cab78a","Pedra Santo Antônio","false","none","","","No suitable images found in any source"
"390b958e-f58e-4b94-be97-45c63c992ca7","Orelha Menor das Três Orelhas de Mangaratiba","false","none","","","No suitable images found in any source"
"d1affa28-a654-4d3c-ab02-1032f6ad5854","Praia da Ribeira","false","none","","","No suitable images found in any source"
"b2efee91-c944-4039-a010-39220d48778f","Cápsula do Tempo (2022–2072)","false","none","","","No suitable images found in any source"
"f41122e1-3eb1-4b01-945d-aaabce314924","Índio Lutando com Felino","false","none","","","No suitable images found in any source"
"17b86de3-5102-4568-aeeb-8ee8a1f900ff","Cruz","false","none","","","No suitable images found in any source"
"686bf277-79ac-41a5-bab3-ef0fdaca4fcf","Mural Chapeuzinho Vermelho","false","none","","","No suitable images found in any source"
"479bf05f-c429-4e3f-ae2a-34368093f4c6","Morro do Embaré","false","none","","","No suitable images found in any source"
"7ff54d57-933d-4cef-ba4d-0fea0247c410","Teatro Vento Forte","false","none","","","No suitable images found in any source"
"8edaba3e-ad6c-4070-8873-ae46492e6c91","Marcos Tamoio","false","none","","","No suitable images found in any source"
"164ff80b-ffcf-4450-a5f7-89de7cdb94fd","Ampulheta A Medida do Tempo","false","none","","","No suitable images found in any source"
"49c1f3ff-2120-4bb2-b1ae-9ce31d5b3e92","Mural dos Tropeiros","false","none","","","No suitable images found in any source"
"caeb08c8-de90-4b4a-891a-397ba4f3ece8","Painel Colonização de Campo Mourão","false","none","","","No suitable images found in any source"
"125b1e3c-efc5-4c25-9c70-d02ac5238726","Mural Iemanjá","false","none","","","No suitable images found in any source"
"dc04d3a3-3ad7-41b0-a0b8-8a2237d3cf05","Serra Bonita","false","none","","","No suitable images found in any source"
"b58af6a7-62b5-4d45-a653-1360f0deb3b2","Morro dos Bois","false","none","","","No suitable images found in any source"
"5d0235db-b5d4-4e8d-91ba-aa1036cdf297","Serra da Gangorrinha","false","none","","","No suitable images found in any source"
"3bf09b89-5e11-4015-b79c-a451ee9b3c9a","Príncipe dos Bosques","false","none","","","No suitable images found in any source"
"2f223a47-519a-4879-8fd7-18f33506947f","Serra Branca","false","none","","","No suitable images found in any source"
"d8fd34b6-689c-4e28-8eda-d60a0998b942","Estrutura Diagonal Flor de Cactos","false","none","","","No suitable images found in any source"
"d8f7644c-c815-40b1-baf1-40afe07f494c","Mercado das Artes Nice Amaral Guimarães Baleeiro","false","none","","","No suitable images found in any source"
"e88028c2-a364-4ca4-85e3-6e4876d62d0f","Redário","false","none","","","No suitable images found in any source"
"c65c776c-d50c-4763-b618-a71a5202c31b","Escultura Monumental para a Copa do Mundo Rio 2014","false","none","","","No suitable images found in any source"
"f3ecbd3a-3641-438e-8ed3-c30954ecebcb","Justiça","false","none","","","No suitable images found in any source"
"af1a6e9d-5d0d-4d31-a30a-de13475ad0fd","Casa de Cesário de Mello","false","none","","","No suitable images found in any source"
"f4957af9-c649-48cd-81a3-f1d2902bbde6","Remeiro","false","none","","","No suitable images found in any source"
"9b1cbe65-666a-4adc-a9fd-d278910ef622","Obelisco da Praça da Bandeira","false","none","","","No suitable images found in any source"
"67c1131d-755f-4cfe-9568-7b4eca0ab57a","Estátua de santo","false","none","","","No suitable images found in any source"
"d5731659-4dd3-455f-bc83-9b640ce49508","Bienal -São Paulo","true","wikidata","https://tysnkzmljlmmqpbotkxv.supabase.co/storage/v1/object/public/travel-app-images/wikidata-d5731659/bienal-so-paulo-filebiennalesaopaulo-1757535961256-1.jpg","1",""
"b8419149-9ea1-49a3-9acc-f3cb2d44630a","Mirante do Gavião","false","none","","","No suitable images found in any source"
"3facec37-714c-4dad-9a86-68c9054043c5","Igreja Matriz de Santo Antônio","false","none","","","No suitable images found in any source"
"c52d6ceb-43fb-4f1d-acde-992b8262f50d","Cruzeiro de Santiago","false","none","","","No suitable images found in any source"
"0bbd6f82-4f6b-44c7-bb03-54554d604ca2","UFRPE","false","none","","","No suitable images found in any source"
"5c4e7cf1-7abe-4f6c-a480-2b1e6f9f087e","Mural Mario e Luigi","false","none","","","No suitable images found in any source"
"3fb17ad0-6a4a-4b87-94b6-1f5c4952bb7c","Cachoeira da Água Santa","false","none","","","No suitable images found in any source"
"f8dbefdd-157d-4379-b1e3-f8a6bc3ed5dc","Rosto","false","none","","","No suitable images found in any source"
"ed08ae07-e944-41be-af56-e965f8bde959","Espaço Cultural Salvador Vita","false","none","","","No suitable images found in any source"
"c640c21f-0539-4785-8f4e-e6c7a79d3763","Placa da Praça Getúlio Vargas","false","none","","","No suitable images found in any source"
"723c1719-f1f8-44ae-b5ad-8b26de90b83b","Cerro Chapá","false","none","","","No suitable images found in any source"
"1ce827cc-4b06-481f-9a00-a160c4e86f0c","Cachoeira do Neném","false","none","","","No suitable images found in any source"
"69b61376-4770-4708-ae6f-54a539c22e3b","Morro do Santiago","false","none","","","No suitable images found in any source"
"63684ac6-6e5c-40a4-ab27-d340d50b04d7","Mirante Henrique Dias","false","none","","","No suitable images found in any source"
"3e427080-d294-43ba-a8dd-f7b2dab6a0f2","Estátuas gigantes","false","none","","","No suitable images found in any source"
"934d6d30-130a-4393-9257-aa909b41a389","Cidade de Carapicuíba","false","none","","","No suitable images found in any source"
"36783270-9bde-409d-a934-97431fc920a0","Bosque de Pau-Brasil","false","none","","","No suitable images found in any source"
"1f4eafb4-092d-488b-8512-e70e9f39769c","Serra do Machado","false","none","","","No suitable images found in any source"
"6f98477b-54c9-43e8-ba85-2eadfa982372","Serra Preta","false","none","","","No suitable images found in any source"
"bcda7bf0-7858-4f24-8959-a98ca5f5a46c","Governador Vilson Pedro Kleinübing","false","none","","","No suitable images found in any source"
"cabf8828-cd9c-4f2c-b9b5-aa5faa8b7551","obelisco","false","none","","","No suitable images found in any source"
"838c084e-6a5b-4163-91f4-69cb0ef98052","Correia Pinto","false","none","","","No suitable images found in any source"
"f75db89b-9454-4dde-b6e7-c3fffd454483","Atelier Hideko Honma","false","none","","","No suitable images found in any source"
"bee7d7f3-305b-45a2-9d50-ba887d691fc5","Monumento às Lavadeiras","false","none","","","No suitable images found in any source"
"d8afc448-e926-4807-825a-f00ca26ca12b","Estatua - Luiz Gonzaga","false","none","","","No suitable images found in any source"
"a8ac140c-244e-417e-88bb-2278818a0959","Monumento Praça do Sol","false","none","","","No suitable images found in any source"
"f3a0dd5d-8a13-4e43-bd42-32ea45022e07","Bandeirante","false","none","","","No suitable images found in any source"
"bb3ea8e3-5dbd-4c56-957e-83d227de5e89","Pico do Rinoceronte","false","none","","","No suitable images found in any source"
"3cf599fa-5ea5-4c37-ad6f-a4a0d58288c4","Museu Histórico Doutor Renato Cordeiro","false","none","","","No suitable images found in any source"
"5af2e171-5f8c-44f4-8bd8-9b4ce50aad03","Centro de Informações - FACCOTUR","false","none","","","No suitable images found in any source"
"ba111f4a-f1da-4f24-900b-ec54e1cda110","Instituto Hércules Galló","false","none","","","No suitable images found in any source"
"566487a3-8046-4abd-8086-0c99ee317f88","Chave da cidade","false","none","","","No suitable images found in any source"
"b668ffe5-058b-451f-8f00-c5a5e5333bf4","Padre Elias Gorayeb","false","none","","","No suitable images found in any source"
"f60a523e-5732-4578-93f9-bc2350f605ef","Capela de São Sebastião","false","none","","","No suitable images found in any source"
"0478c6ca-17fe-4257-b701-d99e12bc1ee9","Serra do Cruzeiro","false","none","","","No suitable images found in any source"
"3d1d90d4-c9d3-40bb-b709-8720aaba8f39","Entrada de Caverna","false","none","","","No suitable images found in any source"
"52f1ec85-be3a-4e27-a6fc-368d381a727a","10 Mandamentos","false","none","","","No suitable images found in any source"
"bd158f86-80b1-44a8-b585-4c4e7bd68edd","Monumento do Centenário","false","none","","","No suitable images found in any source"
"b2b45b92-25ec-432d-babe-c6c6c0fa19fd","Morro do Pedregal","false","none","","","No suitable images found in any source"
"315bfbee-785c-412e-a2d8-6020a66f6e9b","Museu Regional de Delmiro Gouveia","false","none","","","No suitable images found in any source"
"556c25e8-68f5-48b0-884e-bea940ec31bd","Chafariz Nossa Senhora da Paz","false","none","","","No suitable images found in any source"
"6749c552-b133-43f0-b2a4-68406be9dd1b","Praia Torres Sul","false","none","","","No suitable images found in any source"
"78e1f3a4-d32a-44ca-a75c-ebd2626f0f9a","Praia Arroio Seco","false","none","","","No suitable images found in any source"
"e247ec47-fea1-45f8-8857-0d46042df305","Praia Serra Azul","false","none","","","No suitable images found in any source"
"133b82fd-4e2d-4b2c-b234-5ae7f6431f0a","Fazenda do Ribeirão","false","none","","","No suitable images found in any source"
"bfd1e7c3-a61d-4674-a64c-185586c08b75","Balneário Atlântico","false","none","","","No suitable images found in any source"
"ec515c12-1adb-4d26-a33e-18eba86522a7","Praia Azul","false","none","","","No suitable images found in any source"
"6cacee80-898d-457f-b045-0687d33a0675","Praia Rondinha Nova","false","none","","","No suitable images found in any source"
"5f781798-be6b-47dc-a071-2553349c8199","Fazenda Santana do Vale","false","none","","","No suitable images found in any source"
"6fe29d86-c49a-4a56-b7c9-6bb35e21daa0","Praia Rondinha Velha","false","none","","","No suitable images found in any source"
"43db4802-715d-442d-90ea-2a1d0ac0346d","Praia Rondinha Maggi","false","none","","","No suitable images found in any source"
"ac910a41-a3f2-421b-a1bd-dd693d0713bd","Gruta do Chapéu","false","none","","","No suitable images found in any source"
"27795a5d-8ee8-4440-b62c-fd00269932a3","Praia Tupancy","false","none","","","No suitable images found in any source"
"2a62107e-ce95-4719-8450-4baa9fb6473d","Praia São Pedro","false","none","","","No suitable images found in any source"
"627b85c3-3c5f-4359-a889-b31f59cf25cb","Fazenda da Cachoeira","false","none","","","No suitable images found in any source"
"47f42e58-dd8c-40ab-a451-3c5430be7cb2","tucunas","false","none","","","No suitable images found in any source"
"8d883db1-6a53-453f-b964-db01e070f104","Praia Jardim Olívia","false","none","","","No suitable images found in any source"
"594f4c32-ea0b-4bf8-a2d0-bc0e6a8248c3","Praia São Paulo","false","none","","","No suitable images found in any source"
"92ce001c-0612-46bc-8fd3-12bc3253c518","Praia Arroio do Sal","false","none","","","No suitable images found in any source"
"ca5ed618-f6a1-46bd-ab84-5c9f90af456f","500 m","false","none","","","No suitable images found in any source"
"4137338a-c502-4d0f-9499-29625a10b6f5","A. Bilac","false","none","","","No suitable images found in any source"
"9cd1af91-52f6-41b9-8c29-0f19b24304fe","Pedra de Itaocaia","false","none","","","No suitable images found in any source"
"a72d948b-270d-4e5f-a0b4-c1745f6ea614","Praia Quatro Lagos","false","none","","","No suitable images found in any source"
"47deb28b-0ec4-402e-805f-015724588402","Praia Areias Brancas","false","none","","","No suitable images found in any source"
"59e29f06-4226-42fb-8e60-d7577e9e87c5","Praia Camboim","false","none","","","No suitable images found in any source"
"4ca6216d-7bc1-4d6e-8a18-ae858a438ecb","Praia Arroio do Sal Sul","false","none","","","No suitable images found in any source"
"e57b0daa-5a11-4c22-a0eb-58cd04a3347b","Praia Figueirinha","false","none","","","No suitable images found in any source"
"4dc697c0-5edf-41eb-a5f9-6ea6ebedffdd","Província Joana Pacheco III","false","none","","","No suitable images found in any source"
"c29f2b02-7b81-4b16-bffc-5566bbb7e6b9","Pontão da Baia","false","none","","","No suitable images found in any source"
"9767a481-3c2c-47fd-8a9b-0a265134559a","Praia Jardim Raiante","false","none","","","No suitable images found in any source"
"931450ab-6138-4da0-accf-71c9116d1ccb","Praia Pérola","false","none","","","No suitable images found in any source"
"1d44fe66-cc9f-401d-a147-4c4fe17e5117","Praia Bom Jesus","false","none","","","No suitable images found in any source"
"8e07291f-3ac5-408b-9491-127b668f5035","Praia Arroio Novo","false","none","","","No suitable images found in any source"
"66d5002d-900b-4ced-a233-721ea34b3448","Praia Sereia do Mar","false","none","","","No suitable images found in any source"
"ad413c90-6981-4a65-9eda-0455078bffc6","Imagem de Iemanja","false","none","","","No suitable images found in any source"
"6f0b0ffd-51bb-4686-ba7b-8726fc6845a4","Praia Marambaia","false","none","","","No suitable images found in any source"
"89acd0be-a9af-4d59-8e15-7596a88970e1","Praia Âncora","false","none","","","No suitable images found in any source"
"b395fd83-7581-422b-9a5c-38eb070e1820","Biblioteca Municipal Professora Magna Gomes Medeiros","false","none","","","No suitable images found in any source"
"4efa6a3d-5bce-4428-9b02-685b5ae66369","Atração Turística","false","none","","","No suitable images found in any source"
"0475d48a-5b55-4b2c-a7ce-2e41ace5edc3","Cristo Redentor","false","none","","","No suitable images found in any source"
"4f94af80-1d24-40d7-b607-ef692de66b14","Quebrada de Oxumaré","false","none","","","No suitable images found in any source"
"d77994ff-5852-4a35-9abe-11686114fa99","Espaço Cultural BM&F Bovespa","false","none","","","No suitable images found in any source"
"3979b35a-9bb8-4b57-b837-725682b84def","Canhão","false","none","","","No suitable images found in any source"
"04c509d8-091f-4990-8f46-e2f54d31e9f6","Praça Governador Carlos Wilson","false","none","","","No suitable images found in any source"
"c1d3adf5-2c51-415a-ac80-fee01b9c0a3e","Busto Dr. Balthazar de Bem","false","none","","","No suitable images found in any source"
"09bc2c72-7bde-4bd4-9f43-82752d9e033f","Morro Jundiaquara","false","none","","","No suitable images found in any source"
"42e09bc7-3c74-4322-91f5-0dc5f2ed07a7","Centro de Atendimento ao Turista","false","none","","","No suitable images found in any source"
"c54af7d7-ce61-48c1-8fee-adf02652db30","Pedra Duas Irmas","false","none","","","No suitable images found in any source"
"d0f1e0c7-83d5-484d-89c0-9d575c00db4c","Infraero","false","none","","","No suitable images found in any source"
"a7dcedbd-c04a-41a9-b8e3-ffc41bb0e290","Fontanário Prata","false","none","","","No suitable images found in any source"
"1aa30846-54d5-4992-9ddc-e56be906e46a","Busto Liberato Salzano da Cunha","false","none","","","No suitable images found in any source"
"119328d4-4269-45e8-bc41-4771cb52e929","Belvedere SSL","false","none","","","No suitable images found in any source"
"a216ac7d-202a-4aec-a9fc-97a1794945c3","Serra do Cordão","false","none","","","No suitable images found in any source"
"be570d79-0cbe-4253-8ddb-eb239bbeefdd","Espaço de evento","false","none","","","No suitable images found in any source"
"f6d1ec83-f51b-4c51-89a1-1f178ddf35db","Monumento à Paz","false","none","","","No suitable images found in any source"
"54e94198-42c8-4b28-b5f6-679032750f55","Vila Rosa","false","none","","","No suitable images found in any source"
"d90fb7f7-fb68-46d4-a824-fdab362e3f66","Gruta da Igreja","false","none","","","No suitable images found in any source"
"66a9cdfd-4989-47cd-908a-942d4426cc1a","Gruta do Frei Pedro Palácios","false","none","","","No suitable images found in any source"
"c3f864b4-17d8-4949-b136-15232b00c49d","Seu dia irá ser fantástico","false","none","","","No suitable images found in any source"
"294fc325-a62b-458a-aee8-e2f008c78d9e","Museu da Garoto","false","none","","","No suitable images found in any source"
"64134d66-41d5-45bc-be8f-e06289efa1c5","Igreja Matriz Nossa Senhora de Sant'Anna","false","none","","","No suitable images found in any source"
"b4925523-25de-4333-bc98-6eb8ffebd4bf","Cachoeira do Ogó","false","none","","","No suitable images found in any source"
"994591c0-fe26-4bb7-be8c-d31c26d0207b","Cânion Fortaleza","false","none","","","No suitable images found in any source"
"555fa228-b561-4a00-b185-cff75f47977f","Torre da Fábrica Lupo","false","none","","","No suitable images found in any source"
"77561af7-bc31-4a45-b78c-a3edc66a314a","Suzano","false","none","","","No suitable images found in any source"
"f75bf88b-0796-42fe-8eae-6375798cd94b","Cruz de Ferro","false","none","","","No suitable images found in any source"
"3acb31a2-a743-40cc-abec-fc0acfe6b3b2","Alto a Pique","false","none","","","No suitable images found in any source"
"691bbe24-6343-4166-8f0c-4b83129caac2","Biblioteca do UniCEUB","false","none","","","No suitable images found in any source"
"b19720e4-fe0d-4bb5-b6f5-9e65639d8e24","Mirante Por do sol","false","none","","","No suitable images found in any source"
"dfd138f6-167f-4a3d-8c95-727d3040915b","Morro de Ipanema","false","none","","","No suitable images found in any source"
"aabeea15-9b04-455a-86e8-551ddef891f0","Cupinzeiro","false","none","","","No suitable images found in any source"
"86d8c98a-ef48-4beb-99b5-7294f1eae929","Ungambikkula","false","none","","","No suitable images found in any source"
"0b3cd3b5-270a-4d83-97b6-1cbd57744393","Auditório GGBS","false","none","","","No suitable images found in any source"
"4b7d8be7-1c05-4554-a86f-0c4551b27666","Totem Paulo Afonso","false","none","","","No suitable images found in any source"
"6d51125b-3aa5-4bf6-8668-3208016334d3","Caboclas no sertão do Tietê","true","wikidata","https://tysnkzmljlmmqpbotkxv.supabase.co/storage/v1/object/public/travel-app-images/wikidata-6d51125b/caboclas-no-serto-do-tiet-filepinturacaboclasj-1757536043301-1.jpg","1",""
"a139e06c-6b7b-49bd-b4b1-cddbc15cef85","Estátua de São Sebastião","false","none","","","No suitable images found in any source"
"3372847e-010c-4108-9c08-8ae77004a0df","Bonde","false","none","","","No suitable images found in any source"
"f4970f66-e1a5-4a5d-b08b-7a8ef0b2c300","Letreiro","false","none","","","No suitable images found in any source"
"a41b2d02-29db-464e-a168-9d1d189c9f7c","Serra da Água","false","none","","","No suitable images found in any source"
"c5fa136f-a165-490a-a0de-c9c0396b4cf1","Pórtico de Criúva","false","none","","","No suitable images found in any source"
"cdbe34bc-91b9-4673-8198-214465eb9f7d","Imagem de santo","false","none","","","No suitable images found in any source"
"2e4a4513-50c5-4970-a239-c179bf9c271e","Mural","false","none","","","No suitable images found in any source"
"cfa7d4f0-5fa7-4419-b4e9-3c31159170ca","Dr. Rogerio","false","none","","","No suitable images found in any source"
"427e39f6-3d3d-4b9f-ac5a-4578773dd8a4","Em nome de Dr Rot","false","none","","","No suitable images found in any source"
"4d7ebe03-c5a1-497d-8395-3e6b65ef3559","Monumento à Independência","false","none","","","No suitable images found in any source"
"e536f4b7-afa7-4ff3-9623-740ec950ca97","Museu Olimpico","false","none","","","No suitable images found in any source"
"1f27eb39-0ddf-485a-b1ce-9372fcf725bb","Balneário Paulo Afonso","false","none","","","No suitable images found in any source"
"f04d38c6-9b4e-4f9a-8792-cbeb6667b718","Monumento Praça Gaby Gonçalves Blanco","false","none","","","No suitable images found in any source"
"cdc24a32-f9cd-4e9d-be2a-077510f34a33","Lajedo do Sítio Boa Vista","false","none","","","No suitable images found in any source"
"1a79656b-5aaa-446b-a1a4-11e582e49a4a","Museu Casa da Xilogravura","false","none","","","No suitable images found in any source"
"96645af7-9765-4bd3-a47c-d2d4e1df11b9","Morro da Chapada Grande","false","none","","","No suitable images found in any source"
"a852f558-a228-44fc-8c8f-a4e4e3116ba4","Monumento da Cruz","false","none","","","No suitable images found in any source"
"db03d2d0-cfa0-4fe1-b629-7a97296b6c8b","Cerro Bella Vista","false","none","","","No suitable images found in any source"
"c354370b-ef9f-415a-865f-20ae60ecbdb6","João Bezerra","false","none","","","No suitable images found in any source"
"c17a949d-fe40-40fa-a26c-a6d9f7275591","Bóia Cross do Cardosa","false","none","","","No suitable images found in any source"
"e05eb45d-73e3-488f-b7e3-a66180b41d4a","Morro do Facão","false","none","","","No suitable images found in any source"
"fce70002-e4ac-4a33-bfba-e3c520fc1b72","Morro do Garrafão","false","none","","","No suitable images found in any source"
"98faf4ab-5aca-4149-8745-9afdfae1173f","Morro do Bugrinho","false","none","","","No suitable images found in any source"
"1d0d1be3-8122-43e5-bcf8-6484b685c820","Terminal Turístico da Bica","false","none","","","No suitable images found in any source"
"111b21d7-7009-479a-bbb7-50c5bc1c786e","Nossa Senhora da Penha","false","none","","","No suitable images found in any source"
"2ce6089b-f3f0-41a7-8780-2c42d8e48483","Estúdio Lâmina","false","none","","","No suitable images found in any source"
"d5535d29-3c31-494f-9143-07ce744775ad","Museu da Colonização de Chapecó","false","none","","","No suitable images found in any source"
"f1815081-430d-4a5c-8da0-fb457e396283","Everaldo Granemann","false","none","","","No suitable images found in any source"
"b7c8f685-9128-4934-b8d9-e6d13010819b","Portal de cacador","false","none","","","No suitable images found in any source"
"8213080f-69a4-4574-87c9-0fc2ff303a21","Sergioramos","false","none","","","No suitable images found in any source"
"c86a96b3-a1b9-474e-bfcd-0d3b722a1c71","Rauen","false","none","","","No suitable images found in any source"
"18179a17-7848-4e26-ad01-17ef7abac1f8","Escultura Nova Londrina 50 Anos","false","none","","","No suitable images found in any source"
"f13b6fd9-8131-45fd-96ab-744c4057e309","Busto Romeu Barbosa de Souza","false","none","","","No suitable images found in any source"
"281d6b48-c200-4022-a849-06984be4ed3c","Parque Nacional da Serra da Bocaina","false","none","","","No suitable images found in any source"
"de660426-352c-4d1f-bd0a-7607c6c58ccb","Expotuc","false","none","","","No suitable images found in any source"
"7ee749cc-e36a-4c87-a534-0662c7883e73","Ciclo Ambiental","false","none","","","No suitable images found in any source"
"a9ce10e4-5d36-4f61-9279-341df3872495","Museu de Sant'Ana","false","none","","","No suitable images found in any source"
"29a26d83-2e6c-430f-bc87-87bfed1ffa7a","Gruta São Thomé","false","none","","","No suitable images found in any source"
"a83f7bab-f55f-4985-840f-8bc6e40989b1","Núcleo de Artes Roberto Farath","false","none","","","No suitable images found in any source"
"ad678a3a-c042-4e18-b715-0030f8250002","Trevo Rodoviário. Limite Camaragibe - Recife","false","none","","","No suitable images found in any source"
"fdbccb3f-54ae-46e7-ae41-3c4c1e9a6cf7","Maçonaria","false","none","","","No suitable images found in any source"
"0e2775a9-9eea-484c-ad47-db1db9605802","Secretaria da Cultura do Turismo","false","none","","","No suitable images found in any source"
"43718437-0cbe-42ca-a82a-3701bc369aea","Mirante Ponta do Xaréu","false","none","","","No suitable images found in any source"
"b3b63feb-ad8e-4583-acd4-6eee6b63b9a3","Homenagem aos Pioneiros do Café","false","none","","","No suitable images found in any source"
"09f6cc6f-8936-4f64-ab7f-7467af9b0104","Avião da Represa Municipal","false","none","","","No suitable images found in any source"
"c49cf0fd-79ad-407a-b0df-2e8ba7d23e64","Mirante do Custódio","false","none","","","No suitable images found in any source"
"477c8ab8-81ed-49b6-89a3-c1a272250e9a","Mirante para Itapema","false","none","","","No suitable images found in any source"
"a607892f-530c-452d-9d53-11c0733a46f0","Mirante Reis Magos","false","none","","","No suitable images found in any source"
"c1a745a0-d909-4289-be7a-a60507608472","Cachoeira do Mandira","false","none","","","No suitable images found in any source"
"52323970-3bfd-4517-9d39-dbfd2bf666e6","Busto de Paulo Pimentel","false","none","","","No suitable images found in any source"
"48f683c5-bc99-474e-a6c9-99ee24e6c709","Estátua de São Sebastião","false","none","","","No suitable images found in any source"
"22b64bb6-5272-47f7-b040-d6efb000ac8c","Mirante para Cachoeira do Mosquito","false","none","","","No suitable images found in any source"
"f2e1edab-a6ad-43d2-9c2a-acf4dc14e229","Estátua de São João Batista","false","none","","","No suitable images found in any source"
"ac4dce37-33d1-44e8-8413-e074af40ca56","Vila Nova Mogilar","false","none","","","No suitable images found in any source"
"4dd86a86-f143-402e-afd4-22a48b9bc733","Grutinha de Angatuba","false","none","","","No suitable images found in any source"
"444dec97-2bfe-4900-b8b1-3bf87138214b","Muro entalhado pelo artista Eder Portalha","false","none","","","No suitable images found in any source"
"f4a2f5c3-c689-4d69-9c4e-c91d848c2f4e","Placa de Inauguração do Vênus","false","none","","","No suitable images found in any source"
"34417eca-ad79-4cf9-9fcc-01dd7d73f5b4","Fundição Brazileira","false","none","","","No suitable images found in any source"
"7d83d61e-f00b-45f2-9061-16a7bc319ee4","Morro da Penha","false","none","","","No suitable images found in any source"
"eeaacd3b-88c7-4450-8807-f61250254f36","Cachoeira dos Amores","false","none","","","No suitable images found in any source"
"916b791e-8753-4283-924e-b8bab3e79ff9","Entrada de Caverna","false","none","","","No suitable images found in any source"
"e3553659-fce2-4ffd-8097-b6570af30242","Pico Barro Branco","false","none","","","No suitable images found in any source"
"483644e5-f1af-4285-b18d-c3acb9f7567c","Pedra do Chifre","false","none","","","No suitable images found in any source"
"73c85a25-80f8-4d43-926c-dea9e85db5b7","Concha Acústica da Universidade Federal de Ouro Preto","false","none","","","No suitable images found in any source"
"e4e8c24d-0cf5-4826-a642-c4ba83b05dfe","Bosque","false","none","","","No suitable images found in any source"
"44e14ec7-020a-468d-bbaf-2b963b1d454e","Pedra da Proa","false","none","","","No suitable images found in any source"
"274ca9a2-587c-4195-aab1-08425642c400","Igreja Matriz de São Sebastião","false","none","","","No suitable images found in any source"
"382d3848-f205-492c-8008-587b229e837a","Pedra do Silvado","false","none","","","No suitable images found in any source"
"3f03f225-c204-48f1-9a1e-6100fda39b49","IAD","false","none","","","No suitable images found in any source"
"78536a4f-18e4-4b49-8f0a-a4bada160f17","Atração Turística","false","none","","","No suitable images found in any source"
"aa5a5d59-1f90-4809-8111-a351a4f25d4c","Pedra do Fuinha","false","none","","","No suitable images found in any source"
"b09739da-67d8-4953-9ba5-8342508fc71f","Calçamento Original do Caminho do Ouro","false","none","","","No suitable images found in any source"
"a090e7be-fede-4379-892f-b97baaa3b780","Morro do Pinto","false","none","","","No suitable images found in any source"
"4cc2b435-ee6d-431f-8910-f9540d6d221d","Serra do Macaco","false","none","","","No suitable images found in any source"
"b53e2e9b-9e8c-4337-8c04-a3edc4cbeb48","Morro Mazomba","false","none","","","No suitable images found in any source"
"e609af70-db87-44b8-9779-9d712dad10ca","Morro de Juatinga","false","none","","","No suitable images found in any source"
"d3814080-bb24-4514-be5c-65e4db1743e0","Morro do Bolé","false","none","","","No suitable images found in any source"
"785f5544-453e-4ee0-a62b-047ba2b34fca","Praça Kamekaru Seike","false","none","","","No suitable images found in any source"
"fee27c6c-1eb9-4afc-9dae-83e902e57c73","Morro da Forquilha","false","none","","","No suitable images found in any source"
"fa6d3297-571b-4be8-b478-8bad3f9296d2","Garrafão Sul","false","none","","","No suitable images found in any source"
"c145aa56-e26f-4489-8e33-52bc8f943c4c","Museu do Meio Ambiente","false","none","","","No suitable images found in any source"
"eea3b5f9-6443-4830-b2fb-0030fdbf2563","Morro do Corte Grande","false","none","","","No suitable images found in any source"
"39d3a4b7-91f8-4709-bd22-69399016d816","Vista Panorâmica","false","none","","","No suitable images found in any source"
"c3ec2ffe-1b6f-4989-ad14-627aef3fe967","Placa de Inauguração do Vênus II","false","none","","","No suitable images found in any source"
"5954f5b8-dc86-434a-90ab-b61f9a0648b1","Coluna Saldanha Marinho","false","none","","","No suitable images found in any source"
"075e945f-c743-4cc1-bcea-359b0fd8363c","Serrote do Mimoso","false","none","","","No suitable images found in any source"
"ae25a7bb-483a-484f-8b54-70f6f5688298","Igreja do Pontal","false","none","","","No suitable images found in any source"
"d82f4c67-09dc-4de5-b59c-1edf3bde0fcf","Granja Marileusa","false","none","","","No suitable images found in any source"
"69fb9f91-8fd7-4db2-be75-727f9be3f378","Garajão Dead Smurfs","false","none","","","No suitable images found in any source"
"6d537503-b850-41c2-82ed-455917b873bb","Santuário","false","none","","","No suitable images found in any source"
"7c728b65-b2b4-45ca-9fe1-12d66dc2ebd2","Cruzeiro dos Pagões","false","none","","","No suitable images found in any source"
"ddd506fc-8960-4f6d-8ada-d849af946875","Maringá;Sarandi","false","none","","","No suitable images found in any source"
"d465a27c-ac82-4f76-b197-4fc31dd65249","Pedra do Patrimônio","false","none","","","No suitable images found in any source"
"33367011-f112-4862-ad3c-d6cbdca4f06a","Ateliê Benditho Quintal","false","none","","","No suitable images found in any source"
"ced548c3-0677-4199-b81d-b14d1a9d103a","Casa Bosque","false","none","","","No suitable images found in any source"
"acdddfa4-d8a4-4338-b332-c21ebff1afff","Sítio do Pedro","false","none","","","No suitable images found in any source"
"44535cdf-9adb-40b2-bc23-61807543a606","Morro da Diana","false","none","","","No suitable images found in any source"
"8a968aa3-c011-4803-a66f-11e3f0db2875","MUSAR - Museu São Roque","false","none","","","No suitable images found in any source"
"0f5a8298-08c0-4e7c-9d94-ebcc838e399a","Nossa Senhora do Carmo","false","none","","","No suitable images found in any source"
"61404963-30d5-497c-93e9-84fbda225500","Túnel da Serra da Viração","false","none","","","No suitable images found in any source"
"1ec50294-09fa-42f6-be4a-2b7d78285376","Pedra de Carrasquiá","false","none","","","No suitable images found in any source"
"3d2373c4-ca9f-4515-a7c8-64081dbc0d2c","Villa Leta, Vila Viking","false","none","","","No suitable images found in any source"
"bb7c2b33-d7a0-4387-a6ec-d6f6bdd3b68a","Ao civilista Marechal Castelo Branco","false","none","","","No suitable images found in any source"
"f8521714-3c52-453e-b152-3246bde8718f","Monumento Aos Voluntários de 32","false","none","","","No suitable images found in any source"
"7ee36ee9-5dca-461a-9b5d-dfbd2d8ddd6e","Fazendinha Arca de Noé","false","none","","","No suitable images found in any source"
"92336c6e-35b8-4667-9696-78422f536f6c","Estacionamento Amarelo e Laranja","false","none","","","No suitable images found in any source"
"dcfa6388-e237-4ca9-bba3-dd62d3028022","Orgulho de Ser Uema","false","none","","","No suitable images found in any source"
"c0fe5f52-3a34-479b-a2b2-ec71f02a1139","Praça São Pedro","false","none","","","No suitable images found in any source"
"dac42946-00e1-4d8d-bd30-3a6aa5cf0285","Morro da Chapada","false","none","","","No suitable images found in any source"
"b3763a92-215d-4f6d-a3f6-0a781999973b","Morro da Padaria","false","none","","","No suitable images found in any source"
"a25ec25f-53a9-4342-9c12-7ecbdd85b466","Morro dos Cajueiros","false","none","","","No suitable images found in any source"
"ecbe7e37-6152-4e2c-a7e0-c87001fcf7d2","Mirante Frederico Copetti","false","none","","","No suitable images found in any source"
"6fa5646b-a018-44a0-b323-3aa448d8b4d9","Capela do Santo Sepulcro","true","wikidata","https://tysnkzmljlmmqpbotkxv.supabase.co/storage/v1/object/public/travel-app-images/wikidata-6fa5646b/capela-do-santo-sepulcro-fileprocisso-do-enco-1757536121849-1.jpg","1",""
"fc0a22fd-695c-483a-a6e2-3be2adb64d55","Grutas da Pulqueria","false","none","","","No suitable images found in any source"
"3783a5bc-2435-4186-86b6-519557e17691","Divisa Amazonas / Roraima","false","none","","","No suitable images found in any source"
"8e26cfbc-923c-4029-a8e2-534826bf80f6","Ilha do Jorge","false","none","","","No suitable images found in any source"
"602e0a1a-84ab-4430-819b-08c4c6244002","Pedra do Santuário","false","none","","","No suitable images found in any source"
"1d1e1c2c-a489-4388-b6a9-5de28c0a56b7","Serra do Capão do Bode","false","none","","","No suitable images found in any source"
"b6018c6d-ddcf-4ae4-a902-2cfac2207f26","Vivência do Bosque da Uema","false","none","","","No suitable images found in any source"
"e1119a4f-5f16-479d-bbc8-4f1f5df12a2f","Gruta dos Gnomos","false","none","","","No suitable images found in any source"
"8076ef19-3414-480f-8ca1-9376eceee869","Limite de Municípios Camaragibe e São Lourenço","false","none","","","No suitable images found in any source"
"e924898f-25a7-44c1-a834-b1d22b8688b0","Divisa de Municípios Boa Esperança / Santana da Vargem","false","none","","","No suitable images found in any source"
"de034d88-f809-4222-af90-764e7c6f009d","Serra do Esquisito","false","none","","","No suitable images found in any source"
"cc65f073-5289-4e6e-b67c-98d3df3df672","Paróquia Santa Teresinha","true","wikidata","https://tysnkzmljlmmqpbotkxv.supabase.co/storage/v1/object/public/travel-app-images/wikidata-cc65f073/parquia-santa-teresinha-filestaterezinhajpg-1757536132863-1.jpg","1",""
"1ed25880-d359-4328-a697-271f233d09e6","Gambiarra","false","none","","","No suitable images found in any source"
"7f80cdcb-37d6-4a11-80f6-f36d3bddf684","Morro Dois Irmãos","false","none","","","No suitable images found in any source"
"aac7e624-cf0d-45c8-9a22-732d192bd8df","Corisquinho de Mangaratiba","false","none","","","No suitable images found in any source"
"7d1bd707-6e11-4b8d-8c49-8b46642acfb2","Museu do Automobilismo Brasileiro","true","wikidata","https://tysnkzmljlmmqpbotkxv.supabase.co/storage/v1/object/public/travel-app-images/wikidata-7d1bd707/museu-do-automobilismo-brasile-filemaverickbertacom-1757536138595-1.jpg","1",""
"c255c090-f698-4f6c-9240-ac4879dd5c1c","Serra da Bananeira","false","none","","","No suitable images found in any source"
"f2956b20-de3d-472b-8fbc-ab1c07eb4b75","Serra do Caldeirão","false","none","","","No suitable images found in any source"
"ec998983-68b6-4453-a04c-d66fc7138918","Serra do Pilão","false","none","","","No suitable images found in any source"
"f3de85e6-d162-4b75-88e6-1b881ede8ec1","Morro da Bucandia","false","none","","","No suitable images found in any source"
"5ed95dd2-e767-436c-b0ee-9006bd0a3133","Nêga do Zofir","false","none","","","No suitable images found in any source"
"73d6bf58-3eb2-4362-bdeb-e4e6588aa713","Pórtico","false","none","","","No suitable images found in any source"
"61c96e75-9fdc-441d-a752-59472d3f6839","Morro de Garatucaia","false","none","","","No suitable images found in any source"
"0b4d1a94-d979-49ea-878d-0213c81c8612","Morro de São Pedro","false","none","","","No suitable images found in any source"
"30714cbe-241e-4515-b82d-65a9c951e177","Território da Resina","false","none","","","No suitable images found in any source"
"a43272d8-8246-4067-9f97-2ab8d8ab04de","Brigitte Bardot","false","none","","","No suitable images found in any source"
"36c3e761-d7e0-4ffa-9eb9-e50638572d4f","Museu Adelmo Trott","false","none","","","No suitable images found in any source"
"b1ab7b0a-f34d-4fba-aa3f-6024335b5a6c","Morro do Acaiá","false","none","","","No suitable images found in any source"
"916d3024-b1f4-4d7c-9ba6-67a6c3ee4a8e","Pico da Bicuda","false","none","","","No suitable images found in any source"
"7c388c2c-89d5-4f8d-8b59-0caefa609435","Jacarés","false","none","","","No suitable images found in any source"
"7469b820-4f46-4f7a-907b-acdcc6913f8d","Morro do Sino","false","none","","","No suitable images found in any source"
"43cf704b-8f4e-4899-ae7c-4cb9ee54c32a","Forte do Gragoatá","false","none","","","No suitable images found in any source"
"e96c021a-7435-4ba0-8b04-93c7ff72002b","Morro de Godó","false","none","","","No suitable images found in any source"
"a1554121-2894-4cf8-b3d4-52a7f8d40485","Morro do Engenho","false","none","","","No suitable images found in any source"
"4d49838d-0767-4315-9f8e-6efce83a73f4","Cipó Velho","false","none","","","No suitable images found in any source"
"91875eaa-7254-4198-b9ca-ce7d63e40c57","Fazenda do Campinho","false","none","","","No suitable images found in any source"
"eac31ff7-daad-424f-a9c3-c5e11ae1db14","Marsul","false","none","","","No suitable images found in any source"
"8801ee5d-5184-4669-a1aa-84e43c439b33","Morro do Carvão","false","none","","","No suitable images found in any source"
"526a9645-6734-4eed-9033-0f475e833e7d","Serra Pedra Branca","false","none","","","No suitable images found in any source"
"af8f9128-4cd2-46e0-a384-6adfa7ac44ae","Poço Azul","false","none","","","No suitable images found in any source"
"5b7eaf5b-3c5f-4472-9be0-5b9d3944e512","Morro do Eixo","false","none","","","No suitable images found in any source"
"314b5b1d-4f4f-421b-a5fb-b8ac1d78b0b9","Pico Yamí","false","none","","","No suitable images found in any source"
"b187423f-770f-4a9c-89cc-bf4a9b688dd2","Serra do Manoel Paulo","false","none","","","No suitable images found in any source"
"b29167b5-6697-41d2-bdcf-b6e96c321b9c","Serra do Sumidouro","false","none","","","No suitable images found in any source"
"8f78f234-1d5c-4282-bcc5-62886e4269f5","Morro do Sátiro","false","none","","","No suitable images found in any source"
"5bf38f98-83f1-4ca3-aa4f-1b0fdc969e15","Serra do Fundo Grande","false","none","","","No suitable images found in any source"
"cf6da7ce-e57b-4531-a5cf-0d5861f18b23","Serra da Paciência","false","none","","","No suitable images found in any source"
"dcd4f694-fdbf-46bf-b95c-3683bde2fe75","Morro da Corisco","false","none","","","No suitable images found in any source"
"e7763d18-b16f-4ba7-99d5-2d86c536b1dc","Ecoturismo Informações","false","none","","","No suitable images found in any source"
"352f0722-b11b-4a8d-9bc3-a2d05ea5eebd","Morro da Horta","false","none","","","No suitable images found in any source"
"0d728e2c-1b90-40a6-9e68-33a44ddfcb64","Livraria Museu da República","false","none","","","No suitable images found in any source"
"1be073e9-eb55-4d5c-82a2-d261efc51ed9","Morro do Saquinho","false","none","","","No suitable images found in any source"
"cfa13ac2-1b79-4621-8dea-277e862e5b59","Serra Malhada da Areia","false","none","","","No suitable images found in any source"
"758483d7-ffdc-461f-9678-26f09f11abeb","Morro do Botelho","false","none","","","No suitable images found in any source"
"1320cce8-4c01-44bf-91e9-d8692a50cb22","Guarupass","false","none","","","No suitable images found in any source"
"f3220bad-6a0a-4b06-bb69-949de1a11651","Pedra do Campim","false","none","","","No suitable images found in any source"
"d2326d7e-74ee-4896-91e6-283337ced920","Morro do Escalvado","false","none","","","No suitable images found in any source"
"a315d889-bf46-4e0e-b130-8690bfe9822e","Pico do Urubu (Mirante da Lagoa Verde)","false","none","","","No suitable images found in any source"
"7f05fde0-e312-48ef-924c-dca56c72286f","Morro do Pilão","false","none","","","No suitable images found in any source"
"c1ba48e3-ef2a-41cd-bfd6-51d59e87df87","Morro do Campanha","false","none","","","No suitable images found in any source"
"2427c786-1794-4638-bf51-bd147f482b8c","Cascata Tres Quedas","false","none","","","No suitable images found in any source"
"b37bfe00-5f30-473c-beaf-37f93f6fb77a","Morro do Rodeio","false","none","","","No suitable images found in any source"
"26f1340b-2988-4af7-bf49-d22d2ed7fa06","Brigadeiro Eduardo Gomes","false","none","","","No suitable images found in any source"
"7f2cba10-acf9-4dfe-8142-d3d70999a362","Serra da Capivara","false","none","","","No suitable images found in any source"
"66f19bc3-44c0-4139-a466-1da3969f73a8","Carro de Boi","false","none","","","No suitable images found in any source"
"075485cc-7362-4e98-a336-4d48392ea982","Fundição Progresso","false","none","","","No suitable images found in any source"
"a9c45d05-dfd0-4555-9cc1-79627fa7323d","Morro da Campeira","false","none","","","No suitable images found in any source"
"ca25080d-1e41-475a-bda3-e96aa69db019","Monumento ao Almirante Negro","false","none","","","No suitable images found in any source"
"eea48b3f-c95e-45bd-8f1d-ad1a25b88102","Morro Itatinga","false","none","","","No suitable images found in any source"
"09bc9697-e7f4-4f35-8ae5-adfe04b9f97f","Mansão Vila Hilda","false","none","","","No suitable images found in any source"
"07bb35c3-e51e-45b6-9250-d4a9aa97a872","Morro da Testa Branca","false","none","","","No suitable images found in any source"
"12b58ad7-00f4-46ef-a8bc-31d872f2fd4d","Salto Escondido","false","none","","","No suitable images found in any source"
"5b4135c5-7702-4973-be70-5a0611559421","Salto do Rosário","false","none","","","No suitable images found in any source"
"560a0006-1dc5-444e-aa87-8057c380dfb9","Bimbarras","false","none","","","No suitable images found in any source"
"183d9689-bd10-44a8-bb31-99ec18c9ebeb","Espaço do Grupo de Teatro São Gonçalo do Bação","false","none","","","No suitable images found in any source"
"2bfcf790-cf4e-4a23-a8a3-d0584f752ad5","Bambual","false","none","","","No suitable images found in any source"
"a81126e8-81c3-4fe3-ad1c-cc7a6f4f59f0","Godolo","false","none","","","No suitable images found in any source"
"f49f2752-f0c6-40ff-9a77-e4a6d940656e","Mirante Parque do Bugio","false","none","","","No suitable images found in any source"
"0dafaa01-3b87-4c77-87f1-187381f4d070","Morro da Buritirana","false","none","","","No suitable images found in any source"
"1596e35e-f181-49fe-823f-e49424333302","Fazenda Capão Alto","false","none","","","No suitable images found in any source"
"722fa906-cb9f-4785-b327-e13cf72a0997","Amazon Acqua Park","false","none","","","No suitable images found in any source"
"b479a60a-bdf5-4940-948e-6be123940627","Museu do IPHAN","false","none","","","No suitable images found in any source"
"b647728b-659e-4910-aedc-a0d87df773de","Centro Cultural Veneza","false","none","","","No suitable images found in any source"
"6a7a04af-6c12-4932-be34-5223cce9548b","Morro Ferrabraz - Mirante Sudeste","false","none","","","No suitable images found in any source"
"91d9dc21-8be0-4116-aa18-72eccfd859a5","Ativa Rafting Vale Europeu","false","none","","","No suitable images found in any source"
"f3516007-1993-47f5-af74-f3e7d1544e9b","Monte Carupina","true","wikidata","https://tysnkzmljlmmqpbotkxv.supabase.co/storage/v1/object/public/travel-app-images/wikidata-f3516007/monte-carupina-filemonte-karupina-t-1757536189280-1.jpg","1",""
"69ca26d4-d1d6-4020-bf6c-b490eace71ea","Monte Catari","false","none","","","No suitable images found in any source"
"e0a8b68f-3ce3-4f51-8e36-bd7280a0442f","Monte Tipac","false","none","","","No suitable images found in any source"
"c62c17f5-c689-47e6-9280-66560a8106a7","Pedra do Alemão","false","none","","","No suitable images found in any source"
"1b586bff-691d-4837-8f7f-42edbd09ad30","Projeto "Teatro Ribalta"","false","none","","","No suitable images found in any source"
"fc93bdee-7af4-4814-b8fc-723486130293","Mirante de Mariscal","false","none","","","No suitable images found in any source"
"f8a09da4-8fa3-4058-a391-f8e74275deec","Morro do Zumbi","false","none","","","No suitable images found in any source"
"0c180c87-efa1-40b2-8461-caf9b5dcf54a","Mirante do Morro do Macaco","false","none","","","No suitable images found in any source"
"d6b9493d-9c72-46c7-ab41-1d7c9a6f3e5d","Centro de Informações Turísticas","false","none","","","No suitable images found in any source"
"07ef32bf-4d35-40a5-ba69-16787bac997d","Morro do São Luís","false","none","","","No suitable images found in any source"
"03ddcc95-4c96-4d6c-9871-81a5c7892d6c","Casa da Sinhara","false","none","","","No suitable images found in any source"
"c95a882a-e72a-40dd-ad36-772f53d7c30d","Casa da Praça","false","none","","","No suitable images found in any source"
"b1e7f88a-ce4a-48d0-a57f-e47a67686d8a","Local de Interesse","false","none","","","No suitable images found in any source"
"657f67f3-ffd3-408b-91ff-f26de108f1a9","Terra","false","none","","","No suitable images found in any source"
"50c599c5-1ae4-46b6-aebc-39cdba747b7c","Cachoeira Tabuleiro","false","none","","","No suitable images found in any source"
"fb683ff5-0b07-4f89-b65e-fb36892d7f22","Morro Selado","false","none","","","No suitable images found in any source"
"a2019136-e604-4de2-baed-1abc75e5353d","Entrada Cachoeira Tabuleiro","false","none","","","No suitable images found in any source"
"d0fe3509-a8a4-4514-a473-be1899425c70","Monumento aos Tropeiros","false","none","","","No suitable images found in any source"
"3d836b6e-3757-42a1-b400-235de77158af","Serra das Laranjeiras","false","none","","","No suitable images found in any source"
"d32feedb-10d8-4a81-b5ff-0affd19b74b9","Morro do Baeta","false","none","","","No suitable images found in any source"
"ba9e82f6-12cf-4518-a217-5a50c5dfe3d3","Diários Associados","false","none","","","No suitable images found in any source"
"60d7dd4c-afa3-4fa0-9734-00beffa0fde3","Marco Zero BR 101","false","none","","","No suitable images found in any source"
"380c8b4d-8415-4d22-85f8-8fa232076b0b","Morro das Pedras","false","none","","","No suitable images found in any source"
"6bba63aa-ec51-4a29-b8db-a990a194d0e7","Praia de Acutuba","false","none","","","No suitable images found in any source"
"2e151733-7579-4c8a-9825-a0a3828b5b80","Igreja São João","false","none","","","No suitable images found in any source"
"06dc4d85-2704-4a74-b0a9-4a2432e1e7b7","Morro do Brilhante","false","none","","","No suitable images found in any source"
"e7c02afd-8d0c-4975-86c8-68fc30977f20","Largo do Mauazinho","false","none","","","No suitable images found in any source"
"ca873bc3-2bee-40bf-9154-ec4d47a1f098","Waterfall trailhead","false","none","","","No suitable images found in any source"
"636d77ab-9c2a-461e-b304-9d9ab0e0bc83","Igreja Nossa Senhora Aparecida - Goulart do Catarin","false","none","","","No suitable images found in any source"
"4ec13a66-3fcf-4dc9-a9c3-55af3c184ff2","Praia do Mauazinho - Complexo turístico","false","none","","","No suitable images found in any source"
"cddc76e9-b4b9-4926-b7a2-969c8d51b196","Morro do Gregório","false","none","","","No suitable images found in any source"
"e95efd38-8a44-401a-93be-1b19570767e6","Horta Comunitária Portal Da Pérola 1","false","none","","","No suitable images found in any source"
"f7b4887c-8c3e-4f3e-a3a5-2ccdeb8fb930","Morro Chapéu do Sol","false","none","","","No suitable images found in any source"
"ab97f275-91d5-4092-9db9-e4ea3db97c56","Morro do Palácio","false","none","","","No suitable images found in any source"
"b2a8f51f-9814-4249-af05-2f174d14ccd3","Morro da Tartaruga","false","none","","","No suitable images found in any source"
"97ad9b36-bb06-4994-9494-2d7723794433","Placa de Inauguração do Conjunto José Tenório de Albuquerque Lins","false","none","","","No suitable images found in any source"
"18e4702f-c22f-495e-a106-aefd914a8d35","Porto do Saramém","false","none","","","No suitable images found in any source"
"5f26fa8d-c822-4dff-baf6-9426f167e53e","Prefeitura Municipal de Birigui","false","none","","","No suitable images found in any source"
"cf42a8e4-d867-443b-b7b4-22fc0543a2bc","Morro do Peixoto","false","none","","","No suitable images found in any source"
"c72d68b1-40b6-4890-ba86-4a0f3a4e78ba","Morro dos Três Morros","false","none","","","No suitable images found in any source"
"f82634a4-c104-4986-b41e-6023dc63c7f0","Chico Science","false","none","","","No suitable images found in any source"
"3431f31e-831f-4127-8476-9a41fc7aeb35","Praia","false","none","","","No suitable images found in any source"
"662f5819-aec1-4d15-ba0b-695ef913ba43","Ilha de Deus","false","none","","","No suitable images found in any source"
"48996bed-113e-4088-b680-5b2af55b9c65","Estátua do fundador","false","none","","","No suitable images found in any source"
"490f31ae-366a-4ba0-8197-cf72f3582373","Cais da Lingueta no Porto do Recife","false","none","","","No suitable images found in any source"
"b280bca3-0748-4755-b59b-6ba2cf7546c6","Serra do Atalho","false","none","","","No suitable images found in any source"
"f96c75b3-96e0-429b-a16a-7951f7077978","Serra do Laranjo","false","none","","","No suitable images found in any source"
"e4083eb6-f5dc-42d7-94c5-ea863fa648dc","Relógio do Rotary Club","false","none","","","No suitable images found in any source"
"f930a82e-a0b9-404a-8725-b823aafc168f","Pedra do elefante","false","none","","","No suitable images found in any source"
"338729b4-9b7b-4ed6-8f6b-6e9465817ae9","Sentinela da pedra","false","none","","","No suitable images found in any source"
"1b1f5b08-d209-4dc4-a5d0-16207adea874","Joaquim Xavier da Silveira","false","none","","","No suitable images found in any source"
"23e23b55-5b19-41f5-b838-dc70b95da994","Mirante São Pedro","false","none","","","No suitable images found in any source"
"771f4a05-8424-484c-9b72-ba4fa2194a90","Mirante Cachoeira Rio dos Bugres","false","none","","","No suitable images found in any source"
"6c3afc3d-6054-41e7-91d2-e495c9d3d4b3","Terminal Grajaú","false","none","","","No suitable images found in any source"
"6c7fda98-baa3-4124-84d3-8d69c0634ace","Réplica do Palácio da Alvorada","false","none","","","No suitable images found in any source"
"52ea3053-eb29-4de9-8b8f-f5cf57b3255b","Serra da Picada","false","none","","","No suitable images found in any source"
"6bfb91db-3d62-4807-95f6-7d84c7a12a2c","igreja Matriz de São Pedro","false","none","","","No suitable images found in any source"
"aae75de1-91f7-4050-8573-8d314188285f","Platô Tepequém","false","none","","","No suitable images found in any source"
"24e6269e-2650-422d-846d-14eeeee3334f","Mirante do Parque","false","none","","","No suitable images found in any source"
"be3508a8-8795-4e0a-a024-03242e85a18e","Morro do Portelo","false","none","","","No suitable images found in any source"
"6f732125-1034-4bf8-a9e6-fbd0f5dcf679","Pedra Rosilha","false","none","","","No suitable images found in any source"
"0b862629-4e34-4e5b-b13c-c8d3eaa7b8fb","Pedra do Calembá","false","none","","","No suitable images found in any source"
"2a18435b-69bf-4dd0-8ca1-776c78473295","Estátua de Carlos Gomes","false","none","","","No suitable images found in any source"
"5de498a5-ad8d-436f-9c7e-68f3f38ef402","Baobá Maria Gorda","false","none","","","No suitable images found in any source"
"6699f83d-3faa-4fec-9173-4f210807ff87","Morro da Cachoeira","false","none","","","No suitable images found in any source"
"6f92f074-943d-483c-b18b-ecc9645bd8c6","Morro do Amorim","false","none","","","No suitable images found in any source"
"e53f35f3-6a14-47f6-9670-d1366d13b3ca","Tayaunõlõnga","false","none","","","No suitable images found in any source"
"5bc5826c-9e69-4b75-8c78-bcb04c866f7b","Cruzeiro Nossa Senhora da Conceição","false","none","","","No suitable images found in any source"
"c6b3d790-486f-4cb3-95da-181eb21adb73","Tanque de Guerra","false","none","","","No suitable images found in any source"
"81d1843e-6dc2-4a42-b2ac-77872b267b18","Morro da Freguesia","false","none","","","No suitable images found in any source"
"6312e061-31d0-4f13-896e-f4489cff460b","Outeiro","false","none","","","No suitable images found in any source"
"fb263df0-3fac-4721-9fc6-f2ccbb11be80","Pedra do Roncador","false","none","","","No suitable images found in any source"
"0e19d386-10fb-4e94-8714-eca705df24e1","Rotary Club Ourinhos","false","none","","","No suitable images found in any source"
"f67a60e2-12aa-4d12-9e72-47ccc044d1b1","Morro do Outeiro Santo","false","none","","","No suitable images found in any source"
"5599dd84-e7dc-40b6-9b99-cfc8d36f2380","Morro da Pedra do Padre","false","none","","","No suitable images found in any source"
"d24c0e05-5bc0-4e71-95bc-f86f869644f2","Sino Jubilar","false","none","","","No suitable images found in any source"
"cfa9f744-b5ec-47d2-810e-24d0e83b03fa","Pedra de Itaúna","true","wikidata","https://tysnkzmljlmmqpbotkxv.supabase.co/storage/v1/object/public/travel-app-images/wikidata-cfa9f744/pedra-de-itana-filepedra-de-itana-d-1757536245003-1.jpg","1",""
"572651d5-b62a-4e30-9f28-f32f33fbc33f","Monumento Centenário de Pesqueira","false","none","","","No suitable images found in any source"
"28aa84f8-5c81-432c-9588-5b1e4de2beba","Morro do Outeiro","false","none","","","No suitable images found in any source"
"c5b02c51-81c8-4b0b-8ec7-5db560352ec6","Mont Serrat","false","none","","","No suitable images found in any source"
"e0971dec-f66f-4db9-9455-5a1a115e84af","Morro da Helena","false","none","","","No suitable images found in any source"
"786c4c52-ba07-4421-89ef-f261ed2c2dc6","Morro do Urubu","false","none","","","No suitable images found in any source"
"0ee209d6-202b-47d0-bdb8-123e1745dcbd","Homanagem aos 80 Anos da Imigração Japonesa","false","none","","","No suitable images found in any source"
"990edc15-f132-4b90-8463-b2d20e0b9040","Morro do Pau Ferro","false","none","","","No suitable images found in any source"
"cc8c59e3-1497-433d-ab8b-b4452a3a3fda","Homenagem a Gene Kelly","false","none","","","No suitable images found in any source"
"d73afbd8-f270-4a7d-b79c-27314ab1966c","Morro da Aliança","false","none","","","No suitable images found in any source"
"61c1c075-3e1e-402c-b350-df8714fe031a","Morro do Rangel","true","wikidata","https://tysnkzmljlmmqpbotkxv.supabase.co/storage/v1/object/public/travel-app-images/wikidata-61c1c075/morro-do-rangel-filerecreio-panorami-1757536255788-1.jpg","1",""
"83d29877-aeb2-4f4b-adfb-c53fab75be31","Urubu-rei","false","none","","","No suitable images found in any source"
"602917f7-fb75-4791-828b-93b0f56c3d48","Gavião real","false","none","","","No suitable images found in any source"
"de2da91d-c71c-463e-89d9-c7953a348a70","Macaco-coatá-da-testa-branca","false","none","","","No suitable images found in any source"
"be21c79a-87ef-484e-8279-ce4352b204f8","Pedra da Baleia","false","none","","","No suitable images found in any source"
"729a353c-d840-488a-a421-d8d8b43806a1","EdUFSCar","false","none","","","No suitable images found in any source"
"58deced0-759d-46bc-b71b-7230a17ab376","Mirante Curimatã","false","none","","","No suitable images found in any source"
"e7c96472-5645-4420-af06-4949f6ab0c14","SBT | Museu SBT - Hall da Fama","false","none","","","No suitable images found in any source"
"2c3b8fbc-a292-4ec4-819c-cb89a3a93fcf","Morro do Manoel José","false","none","","","No suitable images found in any source"
"7978b9ec-b993-4ded-a774-71665a913403","Gruta do São Francisco","false","none","","","No suitable images found in any source"
"392bf1ce-b208-425b-9916-be4835ae2286","Morro do Mariano","false","none","","","No suitable images found in any source"
"0f93fc6d-e5ec-4799-a9f5-76cddf0cc9d4","Morro da Curangoba","false","none","","","No suitable images found in any source"
"1243ca64-259d-43a0-bf3c-a39ca243a18a","Morro da Marinha","false","none","","","No suitable images found in any source"
"39b4558c-0980-4111-a765-feeb20687129","Morro do Salvador","false","none","","","No suitable images found in any source"
"8650665b-7ef1-48f2-acf2-0a7f0640a4a1","Igreja Matriz de São Gonçalo do Amarante","false","none","","","No suitable images found in any source"
"fb7e6499-ec37-4a41-908d-2fbddeb53b24","Biblioteca Municipal Maria Ilza Rocha de Almeida","false","none","","","No suitable images found in any source"
"cbfa2ebc-f78e-427b-ac02-e1a523249069","Monumento Rota dos Tropeiros","false","none","","","No suitable images found in any source"
"d5d2c72e-964c-47e1-9732-bec089cae167","Morro do Marapicu","false","none","","","No suitable images found in any source"
"00a192b5-de60-4c94-90be-4ed63b332512","Morro do Vieira","false","none","","","No suitable images found in any source"
"0f56ebab-46c9-4495-80c3-c28873f61d85","Santuário Nossa Senhora das Brotas","false","none","","","No suitable images found in any source"
"57ff4437-2c1a-4e1d-8cfb-b6dcb27daf6d","Visitantes","false","none","","","No suitable images found in any source"
"dc5c795c-b69e-4224-a01e-e1e6e2cd4183","Aves de poleiro","false","none","","","No suitable images found in any source"
"a7681a6c-1370-482e-a22b-0a2f975c4ff6","Pico da Tijuca/Tijuca Mirim <> Archer/Cocanha","false","none","","","No suitable images found in any source"
"3bbe4ac3-fac2-4f9f-98df-a1804d931ca0","Serra do Marinópolis","false","none","","","No suitable images found in any source"
"408117e9-5766-42db-baba-b4c57235cc5f","Museu Histórico","false","none","","","No suitable images found in any source"
"e0df77f9-2554-4591-8d08-60f45c3003a5","Centro Cultural de Igarapé do Meio","false","none","","","No suitable images found in any source"
"e763979e-457b-4390-a255-54bb38058e9a","Serra do Japi","false","none","","","No suitable images found in any source"
"8d611b41-1396-42e6-b90f-006cb42f9320","Represa do Rio Trapicheiros","false","none","","","No suitable images found in any source"
"da0148fb-848e-4b4c-91e5-c12a0608b99a","Biblioteca Municipal da Tijuca","false","none","","","No suitable images found in any source"
"ed85d9c0-f84e-4f1f-8d0b-bbaf69466021","Serra dos Milagres","false","none","","","No suitable images found in any source"
"fcc898fe-2a9b-4bd5-9d2b-9aaa3cf92332","Marapicu","false","none","","","No suitable images found in any source"
"6aa39435-66c2-4bd1-9de8-1cf2af1f125f","Biblioteca Municipal do Rio Comprido","false","none","","","No suitable images found in any source"
"2892ff05-b04e-451a-bad4-e78b5337a498","Posto de Informações Turísticas Itararé","false","none","","","No suitable images found in any source"
"b5223071-329b-407e-b8e3-10fda6a4f5c6","Morro do Meio","false","none","","","No suitable images found in any source"
"536cd3e6-21d9-4ca9-ba36-c7fb2b2f8d96","Parque da Barreira","false","none","","","No suitable images found in any source"
"a5567ad1-1d9e-4afe-bc7a-44d43c75f164","Araras","false","none","","","No suitable images found in any source"
"f0c9e233-d8ce-43c4-a616-92c6a3252919","Gruta da Barreira","false","none","","","No suitable images found in any source"
"b518cc83-fe93-4f86-89d9-399039809085","Startrooper","false","none","","","No suitable images found in any source"
"eb1d3ccb-9e00-4cfe-a839-4f7b33f0caeb","Morro do Guandu","false","none","","","No suitable images found in any source"
"5970c225-b406-430a-bc08-2f0537a6fe7b","Capela Nossa Senhora da Imaculada Conceição","false","none","","","No suitable images found in any source"
"73c6c359-8052-4f6e-b69a-dbd217ff4429","Gavião-pega-pinto","false","none","","","No suitable images found in any source"
"eef1db34-18ab-4e1c-88b5-6380904707ad","Santa Inês","false","none","","","No suitable images found in any source"
"de1be966-182c-45bb-ba8a-bc0dd06d482a","Igreja da Misericordia","false","none","","","No suitable images found in any source"
"8feb54c4-1145-4603-8f48-b643d3010b4b","Morro do Gericinó","false","none","","","No suitable images found in any source"
"963d3394-36d2-4a06-83c7-527b9a0f2072","Pero do Campo Tourinho","false","none","","","No suitable images found in any source"
"751c8da1-7484-41be-a904-11fe000aa99f","Centro Afrocarioca de Cinema Zózimo Bulbul","false","none","","","No suitable images found in any source"
"61ba9640-f40b-4901-947a-0c55d6ed5941","Ruínas do Colégio Gesuítico","false","none","","","No suitable images found in any source"
"6ac18295-2c4f-4cc9-b00e-4e58650a631b","Local da Primeira Missa","false","none","","","No suitable images found in any source"
"214d77ee-0214-48e9-9e97-a53e0cbd05b1","Igreja Matriz Nossa Senhora da Luz","false","none","","","No suitable images found in any source"
"c0fc03ab-b8d9-4285-a969-12f6046f0929","Monte Horebe","false","none","","","No suitable images found in any source"
"8b40a5c8-b796-4ab0-b1e8-eb503894869f","Busto do Poeta Vicente de Carvalho","false","none","","","No suitable images found in any source"
"9700ba94-fe88-438c-87ee-f66983d66048","Sítio Arqueológico Santa Cruz","false","none","","","No suitable images found in any source"
"cc02b0ca-7bf1-47d7-84fa-a32b9991ffc0","Pedra da Contenda","false","none","","","No suitable images found in any source"
"e8c9464c-bd9a-44e2-8239-986146262534","Toca do Morcego","false","none","","","No suitable images found in any source"
"c9e6e57a-f436-4a8d-8f70-ec66aea3a437","Santuário de Vida Silvestre Fazenda Vagafogo","false","none","","","No suitable images found in any source"
"a8f6ce02-1098-4860-a799-4c9fa80aefdd","Aviário","false","none","","","No suitable images found in any source"
"6a51168a-9e9f-4f7b-8132-f2cec5af6b53","Gruta","false","none","","","No suitable images found in any source"
"72d96fac-8511-4107-b081-3dd24e86b510","Estátua de Juscelino Kubitschek","false","none","","","No suitable images found in any source"
"dfd0c68d-a335-49d2-a0d0-507adc56e2af","Aves aquáticas","false","none","","","No suitable images found in any source"
"0fdddf05-b8aa-4b32-8263-87ee8175bc92","A Flausino Alves","false","none","","","No suitable images found in any source"
"993d37e5-592b-4e41-abc1-351b0a18e0d7","Mirante da Paz","true","wikidata","https://tysnkzmljlmmqpbotkxv.supabase.co/storage/v1/object/public/travel-app-images/wikidata-993d37e5/mirante-da-paz-filemirante-da-paz-p-1757536301691-1.jpg","1",""
"6bc13b58-8f70-4306-b4da-baaf44cfb254","Fabrica de Chocolate Araucaria","false","none","","","No suitable images found in any source"
"36d87ab7-2671-4c45-8416-a2476724a99f","Pico do Guandu","false","none","","","No suitable images found in any source"
"81c50868-fb27-4180-a950-fbeeb6fbb5e7","Morro Santa Helena","false","none","","","No suitable images found in any source"
"2e88e436-d73a-4213-b24c-5b0ba7ca351d","Pedra Pau D'Alho","false","none","","","No suitable images found in any source"
"14977eb9-79c5-40fd-ba49-51cc2e78339d","Pedra do Morcego","false","none","","","No suitable images found in any source"
"50c59eb4-ed2c-4b2b-bde0-222f53571cdd","Morro do Manoel Vítor","false","none","","","No suitable images found in any source"
"9e9f9a4c-48ef-41b1-9897-9a6a6e734a55","Serra do Vulcão","false","none","","","No suitable images found in any source"
"5bc16a7c-c422-4ea2-b9ff-fcfe9707770d","Morro da Boa Vista","false","none","","","No suitable images found in any source"
"d4951d31-04f2-4a63-80b0-eeeb7339a87b","Morro das Lages","false","none","","","No suitable images found in any source"
"b1791263-3129-4528-ba9c-f8581b3e0db5","Local de Interesse","false","none","","","No suitable images found in any source"
"a50b7239-2a8f-4238-b1f9-f7174238660d","Morro Paga Tempo","false","none","","","No suitable images found in any source"
"7d3427b1-7ad2-4464-8ba4-ed513eb0391f","Morro do Boqueirão","false","none","","","No suitable images found in any source"
"3ab29e68-c1dc-41ab-8e53-3d52a57fb302","Morro da Areia","false","none","","","No suitable images found in any source"
"ae89b735-288c-48a9-861d-30e927cb7cb5","Ponta do Chamador","false","none","","","No suitable images found in any source"
"af5ad4a7-ef9c-4c3f-9410-6780de6e424a","Morro do Paga-tempo","false","none","","","No suitable images found in any source"
"4f2b2ef4-54e9-4d58-9f35-78a6f64d55b8","Dark Cowboy","false","none","","","No suitable images found in any source"
"cf477175-1288-4b29-acc0-66443dcb5b11","Mirante da Prainha","false","none","","","No suitable images found in any source"
"89ba5e6e-9dce-41f4-a0d2-798d0f534a51","Casa de Cultura Hombu","false","none","","","No suitable images found in any source"
"1894d871-a568-4f1f-bfcf-9b4e4999769b","Grupo Teatral Tá na Rua","false","none","","","No suitable images found in any source"
"0578bba1-8053-4af9-aca8-9519a7b1b79d","Morro do Chapéu","false","none","","","No suitable images found in any source"
"42802665-fc5c-4d7f-8692-d753efb24552","Parque Bosque dos Puris","false","none","","","No suitable images found in any source"
"d755ece8-b651-42b1-995c-b1aa70fd4557","Morro do Matias","false","none","","","No suitable images found in any source"
"955a7a14-8a33-4314-bf9b-3ca0416b954c","Morro do Amaldiçoado","false","none","","","No suitable images found in any source"
"020ee4ac-724f-4ac0-a345-8bc3d84db7a9","Morro da Casa de Telha","false","none","","","No suitable images found in any source"
"b7c21db5-9693-4b08-8a9e-7b623c6c50fe","Morro Aroeiras","false","none","","","No suitable images found in any source"
"b60fce1a-38a9-4910-9630-5553bb7b2f23","Morro Chico Fernandes","false","none","","","No suitable images found in any source"
"fd684aca-0a94-4156-8216-d14f84711aa7","Morro do Querosene","false","none","","","No suitable images found in any source"
"220bb5b2-b5af-46dc-a6c0-e88684646ac5","Morro da Grota Funda","false","none","","","No suitable images found in any source"
"33b8538c-f744-4bc0-86a0-90797ef1924a","Cuité","false","none","","","No suitable images found in any source"
"7c2cd08b-65fb-4b87-a84b-ce357f347ada","Pico do Portal","false","none","","","No suitable images found in any source"
"bff7228b-5a41-4fd0-b1ca-d1a70e216a23","Castelinho de Imbé","false","none","","","No suitable images found in any source"
"aa05be5e-0862-4d0c-9ff2-5aaa72092dd4","Pedra Chanfrada","false","none","","","No suitable images found in any source"
"0e43bd72-8b69-40b9-b037-e1c5aeecf03b","Morro do Zumbi","false","none","","","No suitable images found in any source"
"17628d4b-f3a8-4b1e-95c4-3533b40f47cf","Morro do Ouro","false","none","","","No suitable images found in any source"
"42d44fdf-eba3-4756-b1a8-915e94973fb0","Livraria","false","none","","","No suitable images found in any source"
"4512b4b0-f520-4ee0-baa3-7c77faed6758","Pico do Castelo","false","none","","","No suitable images found in any source"
"d54598cc-3936-48d8-8a54-df0fac63e77f","Morro do Cabaceiro","false","none","","","No suitable images found in any source"
"c3dfa952-3367-41da-a838-66d2d8f6f7be","Morro do Matoso","false","none","","","No suitable images found in any source"
"816e349f-ac4b-4a46-b8c1-73728d752198","Pico da Vigia","false","none","","","No suitable images found in any source"
"27931352-0bfb-4f8f-8724-873d24677753","Pico dos Dentes","false","none","","","No suitable images found in any source"
"c24efe8a-8d51-41cc-849a-1f9daaecaebe","Serra do Tatu","false","none","","","No suitable images found in any source"
"e5f2fcc5-7e2f-418b-90cc-8dae8fa4bdfc","Pico do Tabuleiro","false","none","","","No suitable images found in any source"
"d8f9938e-8b18-4cd4-9e89-b8735df7f3b7","Estátua de Iemanjá","false","none","","","No suitable images found in any source"
"7031b473-57de-489d-a28e-ff97883564df","Pico Ipuiabó","false","none","","","No suitable images found in any source"
"0b0dbfc0-353f-4d2c-be6d-2756668b23f6","Proibido colocar LIXO neste local","false","none","","","No suitable images found in any source"
"c196f589-eb03-48b1-92d6-9f951cb0d826","Morro do Pau do Pilão","false","none","","","No suitable images found in any source"
"0c72d894-b723-4896-9a88-2ac57049c398","Centro Cultural Esperança Vermelha","false","none","","","No suitable images found in any source"
"5f27976b-e718-42b3-9674-127d8a14e090","Pico do Campo Alto","false","none","","","No suitable images found in any source"
"df364701-d9f0-40b0-9873-12dfa3ede5b7","Pico do Morro das Pedras","false","none","","","No suitable images found in any source"
"bc02043e-bc30-4714-845d-458076431e8c","Pedra do Forno","false","none","","","No suitable images found in any source"
"dac9a9ab-4707-4607-bff5-6bfe60a77bd6","Ruínas","false","none","","","No suitable images found in any source"
"5a0b27f9-a094-43ff-abd5-07713cbea171","Morro da Catanada","false","none","","","No suitable images found in any source"
"87587d7b-217d-4cc4-9962-30307c5fa7f3","Morro Queimado","false","none","","","No suitable images found in any source"
"577a9579-7aea-442c-b155-bffb36432052","Morro do Chicão","false","none","","","No suitable images found in any source"
"6456d324-4b16-4604-bbaf-4e470acc00d2","Pico Monã","false","none","","","No suitable images found in any source"
"f7533d2d-d000-4bbe-bf5e-a1da8d224fe7","Mirante Cascata dos Couros","false","none","","","No suitable images found in any source"
"a3389ee5-277b-45a0-aa4e-f0c0e9c7469d","Poço Pulo","false","none","","","No suitable images found in any source"
"26a303b7-3d7c-40a8-8c67-ee1a73751627","Poço Sereno","false","none","","","No suitable images found in any source"
"329a0f1c-6da5-4cef-9e6e-a3f218cd18f5","Poço da Jararaca","false","none","","","No suitable images found in any source"
"2d376b6e-926d-418d-8539-66ae30d846e9","Parque Natural das Aves","false","none","","","No suitable images found in any source"
"0be28e1a-c39a-455f-87b2-18e31e11826c","Teatro Gustavo Leite","false","none","","","No suitable images found in any source"
"ed56d1c7-dc5a-4cb6-9465-70c24b173a56","Teatro Municipal Procópio Ferreira","false","none","","","No suitable images found in any source"
"b94d5d52-9f1a-4ebc-be86-b3572c5f3302","Gruta de Campinhos","false","none","","","No suitable images found in any source"
"dc2dcfdc-21a3-4f8e-bd03-36865892b87d","Mirante Fazenda São Damázio","false","none","","","No suitable images found in any source"
"b84a64ef-95d3-49c3-a28b-583a739698aa","Morro Três Irmãos","false","none","","","No suitable images found in any source"
"c42e2df6-f29d-4506-810c-25f769292c18","Pórtico de Santa Cruz do Sul","false","none","","","No suitable images found in any source"
"81964b3a-a42b-404f-8d16-99d6344aac55","Timóteo","false","none","","","No suitable images found in any source"
"ea2dfd7d-b560-4bd7-896c-a1189ed87a1d","Auditório José de Araújo Quirino dos Santos","false","none","","","No suitable images found in any source"
"327d46f5-ddb8-4883-8ed8-744dec036b3f","SESC","false","none","","","No suitable images found in any source"
"0fec6845-59c2-4158-91e4-8904c0174ded","Cachoeira do Mirante","false","none","","","No suitable images found in any source"
"067f04f3-a66c-44b8-8777-3d5b9109a0ad","Teatro Municipal de Lavras","false","none","","","No suitable images found in any source"
"fed4680b-4786-4607-8358-adc818378619","Central de Atendimento","false","none","","","No suitable images found in any source"
"9ecab61a-89b8-4f0d-825b-0ff7a808abd1","Memorial Rondon","false","none","","","No suitable images found in any source"
"544958d9-63e9-4405-8ccd-f89248f09ae0","Pedra Alpina","false","none","","","No suitable images found in any source"
"384bed1f-fefd-427a-bcc3-72ad0dafca14","Morro Itararé","true","wikidata","https://tysnkzmljlmmqpbotkxv.supabase.co/storage/v1/object/public/travel-app-images/wikidata-384bed1f/morro-itarar-fileso-vicente500jpg-1757536358991-1.jpg","1",""
"483e5475-8dee-4234-b86e-d7aa6dab877c","Furna dos Negros","false","none","","","No suitable images found in any source"
"0b92adb4-1fc3-4513-8ebf-8f7a2be5cdc7","Morro São Jorge","false","none","","","No suitable images found in any source"
"5f007ae1-4a72-4a7e-9d09-4a512c58b2b5","Praia da Baleia","false","none","","","No suitable images found in any source"
"72a51cad-8fbd-4896-ac20-facef8ead3cd","Serra do Quilombo","false","none","","","No suitable images found in any source"
"f3b48b11-2160-46e5-a043-36bb3f28d1d4","Lona Cultural Elza Osborne","false","none","","","No suitable images found in any source"
"6e1199d5-b431-4b49-bac6-0d67a4e24505","As Meninas do Brasil","true","wikidata","https://tysnkzmljlmmqpbotkxv.supabase.co/storage/v1/object/public/travel-app-images/wikidata-6e1199d5/as-meninas-do-brasil-fileas-meninas-do-br-1757536366522-1.jpg","1",""
"2046f39a-6efb-4668-89f1-e730d18db99d","Morro da Arara","false","none","","","No suitable images found in any source"
"3d10d551-871b-4c3b-b9bb-98cbddb291f9","Morro da Cruz do Negro","false","none","","","No suitable images found in any source"
"44dd5593-49d7-48ed-b8db-fad229e2ba7b","Serra do Pau d'Arco","false","none","","","No suitable images found in any source"
"e1b9bc4e-858c-454a-9316-c7a5f5f155c6","Parque Aquatico Ponta das Pedras","false","none","","","No suitable images found in any source"
"eacc7c1e-56a7-49bf-9184-6139b7d661be","Morro do Couto","false","none","","","No suitable images found in any source"
"b2866176-7081-4ca1-8505-f270985a9cb9","Mirante do Leblon","false","none","","","No suitable images found in any source"
"b7ec64ea-6e0d-424e-8d3c-921d87ce1769","Pico 31 de Março","true","wikidata","https://tysnkzmljlmmqpbotkxv.supabase.co/storage/v1/object/public/travel-app-images/wikidata-b7ec64ea/pico-31-de-maro-filepico-31-de-maroj-1757536375650-1.jpg","1",""