Attraction_ID,Attraction_Name,Website_URL,Success,Old_Image_URL,New_Image_URL,Old_Source,New_Source,Images_Found,Error
"10e4cb31-a2ee-4b68-b11d-51d99500197b","Hijas de la Caridad de San Vicente de Paúl","https://www.hijascaridadee.org/es","false","https://tysnkzmljlmmqpbotkxv.supabase.co/storage/v1/object/public/travel-app-images/ChIJq07THzqYpBIRBvZgUSUMaJg/ChIJq07THzqYpBIRBvZgUSUMaJg_1751574922568_1.jpg","","unknown","","","No suitable images found on website"
"6382b50c-4068-4b2a-acdc-6687b06c4f39","Centro Cultural de España","http://www.ccemx.org/","false","https://tysnkzmljlmmqpbotkxv.supabase.co/storage/v1/object/public/travel-app-images/ChIJzymm6zL50YURWvnP3esvBAo/ChIJzymm6zL50YURWvnP3esvBAo_1757334415912_1.jpg","","unknown","","","No suitable images found on website"
"bc61f315-cf4d-4b93-b446-499042427579","Mercado Sonora","https://mercadosonora.com.mx/","true","https://tysnkzmljlmmqpbotkxv.supabase.co/storage/v1/object/public/travel-app-images/ChIJZ2lB4Mf-0YUR1xUYsitgvN8/ChIJZ2lB4Mf-0YUR1xUYsitgvN8_1757332350722_1.jpg","https://tysnkzmljlmmqpbotkxv.supabase.co/storage/v1/object/public/travel-app-images/website-bc61f315/mercado-sonora-website-image-1757534724237-1.jpg","unknown","website","7",""
"9afab65c-effb-4608-afbf-a3feaef65d56","Iglesia de San Medir","http://parroquiasantmedir.cat/","false","https://tysnkzmljlmmqpbotkxv.supabase.co/storage/v1/object/public/travel-app-images/ChIJAfjUHZuYpBIRIIBDFaTdA2s/ChIJAfjUHZuYpBIRIIBDFaTdA2s_1751571160538_1.jpg","","unknown","","","No suitable images found on website"
"da74ea67-d686-4409-8c75-1c3ef09e17bd","Iglesia bíblica Ebenezer","http://www.iglesiabiblicaebenezer.org/","true","https://tysnkzmljlmmqpbotkxv.supabase.co/storage/v1/object/public/travel-app-images/ChIJ4xsIo8KipBIRyFHDWdybMxU/ChIJ4xsIo8KipBIRyFHDWdybMxU_1751571365954_1.jpg","https://tysnkzmljlmmqpbotkxv.supabase.co/storage/v1/object/public/travel-app-images/website-da74ea67/iglesia-bblica-ebenezer-iglesia-bblica-ebenezer-1757534730900-1.jpg","unknown","website","22",""
"766d3af0-c3c2-40d4-a865-1811aa901871","Island of the Dolls","http://www.isladelasmunecas.com/","true","https://tysnkzmljlmmqpbotkxv.supabase.co/storage/v1/object/public/travel-app-images/ChIJ_12j-sIDzoURzW-hj3pj3PU/ChIJ_12j-sIDzoURzW-hj3pj3PU_1757334433794_1.jpg","https://tysnkzmljlmmqpbotkxv.supabase.co/storage/v1/object/public/travel-app-images/website-766d3af0/island-of-the-dolls-xochimilco-the-island-dolls-1757534751265-1.jpg","unknown","website","9",""
"564e0003-0640-4cf1-8915-a80cffaf0191","Museo Regional Tláhuac","http://cdmxtravel.com/es/lugares/museo-regional-de-tlahuac.html","false","https://tysnkzmljlmmqpbotkxv.supabase.co/storage/v1/object/public/travel-app-images/ChIJpWjpqIEdzoUR_5NQ84zJNiI/ChIJpWjpqIEdzoUR_5NQ84zJNiI_1757334454492_1.jpg","","unknown","","","Edge function error: 500 Internal Server Error - {"error":"Failed to extract website image","details":"HTTP 404: Not Found"}"
"ad99acb6-b75c-4f7e-b730-fb8e831405f3","Iglesia de San Francisco Javier","https://esglesia.barcelona/es/parroquies/sant-francesc-xavier/","true","https://tysnkzmljlmmqpbotkxv.supabase.co/storage/v1/object/public/travel-app-images/ChIJq1xQ30O9pBIRbgO_3soBpzM/ChIJq1xQ30O9pBIRbgO_3soBpzM_1751574366495_1.jpg","https://tysnkzmljlmmqpbotkxv.supabase.co/storage/v1/object/public/travel-app-images/website-ad99acb6/iglesia-de-san-francisco-javier-website-image-1757534758506-1.jpg","unknown","website","5",""
"33d350d9-c387-42a0-950c-58fdba2f9eaf","Museo Regional","https://mexicocity.cdmx.gob.mx/venues/cuitlahuac-regional-community-museum/?lang=es","true","https://tysnkzmljlmmqpbotkxv.supabase.co/storage/v1/object/public/travel-app-images/ChIJw0O77bAczoURlvZjcs4AtG4/ChIJw0O77bAczoURlvZjcs4AtG4_1757334447249_1.jpg","https://tysnkzmljlmmqpbotkxv.supabase.co/storage/v1/object/public/travel-app-images/website-33d350d9/museo-regional-website-image-1757534765330-1.jpg","unknown","website","16",""
"9ac374d4-8eeb-4365-97fb-b6e805d21292","Depósito del Rey Martín","https://www.barcelona.cat/es/coneixbcn/pics/el-diposit-del-rei-marti-99400391048","true","https://tysnkzmljlmmqpbotkxv.supabase.co/storage/v1/object/public/travel-app-images/ChIJtfl3ThaYpBIRs0QBTUMOZ2A/ChIJtfl3ThaYpBIRs0QBTUMOZ2A_1751574740390_1.jpg","https://tysnkzmljlmmqpbotkxv.supabase.co/storage/v1/object/public/travel-app-images/website-9ac374d4/depsito-del-rey-martn-website-image-1757534764799-1.jpg","unknown","website","4",""
"1fb995c4-bbe2-42fb-b658-633a9debd794","Iglesia de San Juan de Horta","https://esglesia.barcelona/es/parroquies/sant-joan-dhorta/","true","https://tysnkzmljlmmqpbotkxv.supabase.co/storage/v1/object/public/travel-app-images/ChIJPZoXukW9pBIRfnfQ1yQMel4/ChIJPZoXukW9pBIRfnfQ1yQMel4_1751574150515_1.jpg","https://tysnkzmljlmmqpbotkxv.supabase.co/storage/v1/object/public/travel-app-images/website-1fb995c4/iglesia-de-san-juan-de-horta-website-image-1757534771458-1.jpg","unknown","website","5",""
"cdb04aad-6696-4d11-b1b5-2da79ef735ad","Iglesia de San Severo","http://www.catedralbcn.org/index.php?option=com_content&view=article&id=42&Itemid=91&lang=es","true","https://tysnkzmljlmmqpbotkxv.supabase.co/storage/v1/object/public/travel-app-images/ChIJ7ZojyvmipBIRGEw4gkRGUVA/ChIJ7ZojyvmipBIRGEw4gkRGUVA_1751568649307_1.jpg","https://tysnkzmljlmmqpbotkxv.supabase.co/storage/v1/object/public/travel-app-images/website-cdb04aad/iglesia-de-san-severo-website-image-1757534792775-1.jpg","unknown","website","24",""
"4aa2bbd3-6185-4a58-8c86-5dbefd3d5892","Chapel of San José del Altillo","https://www.facebook.com/sanjose.delaltillo.12","true","https://tysnkzmljlmmqpbotkxv.supabase.co/storage/v1/object/public/travel-app-images/ChIJmVKNovr_0YURBsdoieMp5mE/ChIJmVKNovr_0YURBsdoieMp5mE_1757334470680_1.jpg","https://tysnkzmljlmmqpbotkxv.supabase.co/storage/v1/object/public/travel-app-images/website-4aa2bbd3/chapel-of-san-jos-del-altillo-background-image-1757534797527-1.jpg","unknown","website","1",""
"c116df41-35ae-4c5c-b3f4-05c9ab110ddf","Mexico City Metropolitan Cathedral","https://catedralmetropolitana.mx/","true","https://tysnkzmljlmmqpbotkxv.supabase.co/storage/v1/object/public/travel-app-images/ChIJ4a8nxjL50YURJ19RJ_A9T5E/ChIJ4a8nxjL50YURJ19RJ_A9T5E_1757334477123_1.jpg","https://tysnkzmljlmmqpbotkxv.supabase.co/storage/v1/object/public/travel-app-images/website-c116df41/mexico-city-metropolitan-cathedral-website-image-1757534798899-1.jpg","unknown","website","19",""
"16723d13-ac43-4172-a7d6-fefc3c8e52ab","Museo de las casas baratas","https://www.barcelona.cat/museuhistoria/es/patrimonios/muhba-presencial/muhba-bon-pastor","false","https://tysnkzmljlmmqpbotkxv.supabase.co/storage/v1/object/public/travel-app-images/ChIJ4wJLVQq9pBIRagesJ5I5YOY/ChIJ4wJLVQq9pBIRagesJ5I5YOY_1751573080424_1.jpg","","unknown","","","No suitable images found on website"
"d7bc3f4f-a515-48e9-b142-f0876efd70c1","Iglesia de Santa Águeda","http://museuhistoria.bcn.cat/","false","https://tysnkzmljlmmqpbotkxv.supabase.co/storage/v1/object/public/travel-app-images/ChIJx2APDfmipBIRKvX5QTvSGg8/ChIJx2APDfmipBIRKvX5QTvSGg8_1751568639939_1.jpg","","unknown","","","Edge function error: 500 Internal Server Error - {"error":"Failed to extract website image","details":"Failed to download image: 404 Not Found"}"
"a4f5db75-3cef-439a-96d4-db8ac3b94357","SANTA MARIA CHURCH NATIVITAS","https://mexicocity.cdmx.gob.mx/venues/santa-maria-nativitas-de-zacapan/?lang=es","true","https://tysnkzmljlmmqpbotkxv.supabase.co/storage/v1/object/public/travel-app-images/ChIJTXnosAcEzoUREQWiitkdl4g/ChIJTXnosAcEzoUREQWiitkdl4g_1757334490450_1.jpg","https://tysnkzmljlmmqpbotkxv.supabase.co/storage/v1/object/public/travel-app-images/website-a4f5db75/santa-maria-church-nativitas-santa-maria-nativitas-1757534812532-1.jpg","unknown","website","15",""
"5acbda1e-ef00-4655-ad37-5cb8d20c41a8","Parque de La Pau","http://www.sant-adria.net/","true","https://tysnkzmljlmmqpbotkxv.supabase.co/storage/v1/object/public/travel-app-images/ChIJfU2I8qykpBIRbKmW-nIk5g8/ChIJfU2I8qykpBIRbKmW-nIk5g8_1751566013419_1.jpg","https://tysnkzmljlmmqpbotkxv.supabase.co/storage/v1/object/public/travel-app-images/website-5acbda1e/parque-de-la-pau-website-image-1757534811914-1.jpg","unknown","website","33",""
"6d25593c-65de-4ac1-a62d-0e32f7d8d79c","Biblioteca El Clot - Josep Benet","http://www.barcelona.cat/bibelclot","true","https://tysnkzmljlmmqpbotkxv.supabase.co/storage/v1/object/public/travel-app-images/ChIJZ-pfryGjpBIRQaGzTE0IG80/ChIJZ-pfryGjpBIRQaGzTE0IG80_1751567411959_1.jpg","https://tysnkzmljlmmqpbotkxv.supabase.co/storage/v1/object/public/travel-app-images/website-6d25593c/biblioteca-el-clot-josep-benet-website-image-1757534820036-1.jpg","unknown","website","7",""
"6c720677-974a-4b0e-ba0e-b8d8941226e7","SEMARNAT Parque San Antonio","http://www.gob.mx/semarnat/articulos/recibe-la-semarnat-arboles-naturales-para-su-reciclaje","true","https://tysnkzmljlmmqpbotkxv.supabase.co/storage/v1/object/public/travel-app-images/ChIJOYu5gtMB0oURYnaN9i6pH1w/ChIJOYu5gtMB0oURYnaN9i6pH1w_1757334590724_1.jpg","https://tysnkzmljlmmqpbotkxv.supabase.co/storage/v1/object/public/travel-app-images/website-6c720677/semarnat-parque-san-antonio-buscar-1757534819014-1.jpg","unknown","website","2",""
"106ebdee-aebc-4a1f-b53a-7257236cd509","KidZania","https://mexico.kidzania.com/mx-es","false","https://tysnkzmljlmmqpbotkxv.supabase.co/storage/v1/object/public/travel-app-images/ChIJr1q4i8QA0oUREwt-m-rCTiI/ChIJr1q4i8QA0oUREwt-m-rCTiI_1757334510463_1.jpg","","unknown","","","No suitable images found on website"
"761d1ab3-b30d-4d2b-8c66-5ea6a40a605b","Parque Río Llobregat","http://www.elprat.cat/coneixer/Llocs_inter/_7VkxCaTOLCONdHZjooO0Y67UM-3RYU4F2h8IyG5GfdSzKTgOhejRKA","false","https://tysnkzmljlmmqpbotkxv.supabase.co/storage/v1/object/public/travel-app-images/ChIJ3eaZiyefpBIRTadWgmaqrzo/ChIJ3eaZiyefpBIRTadWgmaqrzo_1751569607852_1.jpg","","unknown","","","No suitable images found on website"
"0572423b-2494-46ff-8450-8d0814a34147","Jardines de Ferran Soldevila","http://www.ub.edu/museuvirtual/visitavirtualEH/index.php/es/conoce-el-jardin-ferran-soldevila/jardin-ferran-soldevila","true","https://tysnkzmljlmmqpbotkxv.supabase.co/storage/v1/object/public/travel-app-images/ChIJbdAML2SYpBIR5zrRXTKteQY/ChIJbdAML2SYpBIR5zrRXTKteQY_1751570822054_1.jpg","https://tysnkzmljlmmqpbotkxv.supabase.co/storage/v1/object/public/travel-app-images/website-0572423b/jardines-de-ferran-soldevila-website-image-1757534837132-1.jpg","unknown","website","41",""
"d60ecc2d-00a0-4542-a16f-c9f5fc560d3e","Jardín Centenario","https://mexicocity.cdmx.gob.mx/venues/jardin-centenario/?lang=es","true","https://tysnkzmljlmmqpbotkxv.supabase.co/storage/v1/object/public/travel-app-images/ChIJTYWIy9z_0YURddO8zJQYnqo/ChIJTYWIy9z_0YURddO8zJQYnqo_1757334516436_1.jpg","https://tysnkzmljlmmqpbotkxv.supabase.co/storage/v1/object/public/travel-app-images/website-d60ecc2d/jardn-centenario-fuentejardncentenario-1757534836393-1.jpg","unknown","website","15",""
"dc203b40-186b-47ae-9716-deee04e6b39c","Parroquia de Santa María del Taulat","http://www.esglesiapoblenou.cat/","true","https://tysnkzmljlmmqpbotkxv.supabase.co/storage/v1/object/public/travel-app-images/ChIJk07Ypz-jpBIR6VCJivxAdYw/ChIJk07Ypz-jpBIR6VCJivxAdYw_1751567360407_1.jpg","https://tysnkzmljlmmqpbotkxv.supabase.co/storage/v1/object/public/travel-app-images/website-dc203b40/parroquia-de-santa-mara-del-taulat-website-image-1757534844514-1.jpg","unknown","website","20",""
"f512f488-0515-43c8-86df-9814d6d3aa03","Mas de Grimau","http://invarquit.cultura.gencat.cat/Cerca/Fitxa?index=0&consulta=&codi=12568","false","https://tysnkzmljlmmqpbotkxv.supabase.co/storage/v1/object/public/travel-app-images/ChIJNenqk437oxIR4OIVwRnRIu0/ChIJNenqk437oxIR4OIVwRnRIu0_1752613487368_1.jpg","","unknown","","","No suitable images found on website"
"6b6537de-f943-4ee9-b257-b98115357757","Planetario Municipal de Barcelona","https://ajuntament.barcelona.cat/educacio/es/planetario-municipal","true","https://tysnkzmljlmmqpbotkxv.supabase.co/storage/v1/object/public/travel-app-images/ChIJ53hCecyipBIRRuw4xi103HM/ChIJ53hCecyipBIRRuw4xi103HM_1751571585468_1.jpg","https://tysnkzmljlmmqpbotkxv.supabase.co/storage/v1/object/public/travel-app-images/website-6b6537de/planetario-municipal-de-barcelona-website-image-1757534850606-1.jpg","unknown","website","2",""
"896ed915-7088-4e1e-980d-44c2fb047fdf","Alameda Central","http://www.alamedacentral.cdmx.gob.mx/","false","https://tysnkzmljlmmqpbotkxv.supabase.co/storage/v1/object/public/travel-app-images/ChIJS7R39Sr50YURQE6mi9UOKds/ChIJS7R39Sr50YURQE6mi9UOKds_1757333094039_1.jpg","","unknown","","","No suitable images found on website"
"99397f72-8aa3-4a20-9eb8-bee5460f53b3","Jardines de Massana","http://guia.barcelona.cat/es/detall/jardins-de-massana_99106095835.html","false","https://tysnkzmljlmmqpbotkxv.supabase.co/storage/v1/object/public/travel-app-images/ChIJbc2mSim9pBIRHb-SBRUY12U/ChIJbc2mSim9pBIRHb-SBRUY12U_1751572604546_1.jpg","","unknown","","","No suitable images found on website"
"63ac25cf-35ce-481f-a3ac-b9290029330d","Parque de los Periodistas Ilustres","https://m.facebook.com/pages/Parque-Periodistas-Ilustres/201218776582568","false","https://tysnkzmljlmmqpbotkxv.supabase.co/storage/v1/object/public/travel-app-images/ChIJayBdMbr-0YURQDqM2VyFNc0/ChIJayBdMbr-0YURQDqM2VyFNc0_1757333112394_1.jpg","","unknown","","","No suitable images found on website"
"a1cf09e2-600f-4004-bc50-cf95272e9b96","Parroquia María Reina","http://mariareina.barcelona/","true","https://tysnkzmljlmmqpbotkxv.supabase.co/storage/v1/object/public/travel-app-images/ChIJu5m6F06YpBIRpFO7yK3Z-wA/ChIJu5m6F06YpBIRpFO7yK3Z-wA_1751570210767_1.jpg","https://tysnkzmljlmmqpbotkxv.supabase.co/storage/v1/object/public/travel-app-images/website-a1cf09e2/parroquia-mara-reina-website-image-1757534862634-1.jpg","unknown","website","18",""
"7155e4be-c0e9-4ef5-be9d-dc1641c47f45","Iglesia de Santa Inés","http://www.santaagnes.com/","false","https://tysnkzmljlmmqpbotkxv.supabase.co/storage/v1/object/public/travel-app-images/ChIJIQoQTnWYpBIRudKHGfvylwM/ChIJIQoQTnWYpBIRudKHGfvylwM_1751570881741_1.jpg","","unknown","","","No suitable images found on website"
"6c761b8a-6ad5-4201-9306-a98982185fcd","Alameda Del Sur","https://mexicocity.cdmx.gob.mx/venues/alameda-del-sur/?lang=es","true","https://tysnkzmljlmmqpbotkxv.supabase.co/storage/v1/object/public/travel-app-images/ChIJAwSmFJYBzoURH-p2iZpRk08/ChIJAwSmFJYBzoURH-p2iZpRk08_1757333118264_1.jpg","https://tysnkzmljlmmqpbotkxv.supabase.co/storage/v1/object/public/travel-app-images/website-6c761b8a/alameda-del-sur-website-image-1757534869735-1.jpg","unknown","website","21",""
"25ebd8d9-046d-4ea1-92d1-ccae25fd88ef","Parque Tamayo","https://chapultepec.org.mx/proyecto/parque-tamayo/","true","https://tysnkzmljlmmqpbotkxv.supabase.co/storage/v1/object/public/travel-app-images/ChIJHfxS5lP_0YURzri1UO3Y2bc/ChIJHfxS5lP_0YURzri1UO3Y2bc_1757333121583_1.jpg","https://tysnkzmljlmmqpbotkxv.supabase.co/storage/v1/object/public/travel-app-images/website-25ebd8d9/parque-tamayo-img2690-1757534869070-1.jpg","unknown","website","8",""
"1964047f-b9f6-494b-9518-bec8d9537009","Museo Yancuic","https://www.cultura.cdmx.gob.mx/recintos/museos/yancuic","false","https://tysnkzmljlmmqpbotkxv.supabase.co/storage/v1/object/public/travel-app-images/ChIJJyFpsUT90YURDA2u3YRehR8/ChIJJyFpsUT90YURDA2u3YRehR8_1757334643528_1.jpg","","unknown","","","Edge function error: 500 Internal Server Error - {"error":"Failed to extract website image","details":"error sending request for url (https://www.cultura.cdmx.gob.mx/recintos/museos/yancuic): client error (Connect): tcp connect error: Connection timed out (os error 110): Connection timed out (os error 110)"}"
"4084c19a-d6a2-427c-86d2-6d7533debbe3","Museum of Caricature","https://twitter.com/CaricaturaMuseo","false","https://tysnkzmljlmmqpbotkxv.supabase.co/storage/v1/object/public/travel-app-images/ChIJ7WCy8TL50YURs8r52Z_Lm3k/ChIJ7WCy8TL50YURs8r52Z_Lm3k_1757334650175_1.jpg","","unknown","","","No suitable images found on website"
"b20da387-e695-4834-a16d-ac2dd237f297","Casa de los Azulejos","https://www.sanborns.com.mx/","true","https://tysnkzmljlmmqpbotkxv.supabase.co/storage/v1/object/public/travel-app-images/ChIJL0UaXyv50YURNyz05p6HsQg/ChIJL0UaXyv50YURNyz05p6HsQg_1757333134221_1.jpg","https://tysnkzmljlmmqpbotkxv.supabase.co/storage/v1/object/public/travel-app-images/website-b20da387/casa-de-los-azulejos-website-image-1757535013023-1.jpg","unknown","website","1",""
"4872e90d-bd4d-4a7f-9957-6b7cc9eb31cf","CONAGUA - Archivo Histórico y Biblioteca Central del Agua","https://www.gob.mx/conagua/acciones-y-programas/archivo-historico-y-biblioteca-central-del-agua-149838","true","https://tysnkzmljlmmqpbotkxv.supabase.co/storage/v1/object/public/travel-app-images/ChIJEXVcqyv_0YURVjy8CSFCAq8/ChIJEXVcqyv_0YURVjy8CSFCAq8_1757334659584_1.jpg","https://tysnkzmljlmmqpbotkxv.supabase.co/storage/v1/object/public/travel-app-images/website-4872e90d/conagua-archivo-histrico-y-biblioteca-central-del--buscar-1757535012368-1.jpg","unknown","website","12",""
"d2ebf8ed-6952-4a10-8268-ad0f5d5ca28b","Hacienda de los Morales","https://www.haciendadelosmorales.com/","true","https://tysnkzmljlmmqpbotkxv.supabase.co/storage/v1/object/public/travel-app-images/ChIJxZ-x2B4C0oURqYAbNDQ2gBs/ChIJxZ-x2B4C0oURqYAbNDQ2gBs_1757333137565_1.jpg","https://tysnkzmljlmmqpbotkxv.supabase.co/storage/v1/object/public/travel-app-images/website-d2ebf8ed/hacienda-de-los-morales-first-slide-1757535019661-1.jpg","unknown","website","6",""
"24132c2e-d56f-4b22-b9e8-78201e41448d","Parque del Turó de la Peira","http://www.bcn.cat/parcsijardins","true","https://tysnkzmljlmmqpbotkxv.supabase.co/storage/v1/object/public/travel-app-images/ChIJWdWTo0e9pBIR3rRW96tkJsA/ChIJWdWTo0e9pBIR3rRW96tkJsA_1751574121798_1.jpg","https://tysnkzmljlmmqpbotkxv.supabase.co/storage/v1/object/public/travel-app-images/website-24132c2e/parque-del-tur-de-la-peira-website-image-1757535022660-1.jpg","unknown","website","3",""
"2e2f05c4-9896-4c8b-b9d6-67c8c7198a21","Alfredo Guati Rojo National Watercolor Museum","http://www.acuarela.org.mx/","true","https://tysnkzmljlmmqpbotkxv.supabase.co/storage/v1/object/public/travel-app-images/ChIJc5iJQeX_0YURi8rtgHnJ3ko/ChIJc5iJQeX_0YURi8rtgHnJ3ko_1757333140938_1.jpg","https://tysnkzmljlmmqpbotkxv.supabase.co/storage/v1/object/public/travel-app-images/website-2e2f05c4/alfredo-guati-rojo-national-watercolor-museum-museo-nacional-de-la-acuarela-1757535032010-1.jpg","unknown","website","15",""
"d020880e-0d53-43e1-8632-08691ea32a31","Leon Trotsky's House Museum","http://museotrotsky.org.mx/","true","https://tysnkzmljlmmqpbotkxv.supabase.co/storage/v1/object/public/travel-app-images/ChIJGejuV8b_0YUR8n8674zMxRA/ChIJGejuV8b_0YUR8n8674zMxRA_1757334666838_1.jpg","https://tysnkzmljlmmqpbotkxv.supabase.co/storage/v1/object/public/travel-app-images/website-d020880e/leon-trotskys-house-museum-ir-a-la-pgina-de-inicio-del-si-1757535028133-1.jpg","unknown","website","32",""
"b99ce1bd-9601-47f7-8726-8020e14cc10e","Iglesia de San Odón","https://esglesia.barcelona/parroquies/sant-ot/","true","https://tysnkzmljlmmqpbotkxv.supabase.co/storage/v1/object/public/travel-app-images/ChIJFXYN2VyYpBIRcDK09Y6ch_Y/ChIJFXYN2VyYpBIRcDK09Y6ch_Y_1751570237890_1.jpg","https://tysnkzmljlmmqpbotkxv.supabase.co/storage/v1/object/public/travel-app-images/website-b99ce1bd/iglesia-de-san-odn-website-image-1757535039610-1.jpg","unknown","website","6",""
"1233b854-3d83-4edb-8004-9e37e4f74f4a","Parque Ecológico de Xochimilco","https://mexicocity.cdmx.gob.mx/venues/xochimilco-ecological-park/?lang=es","true","https://tysnkzmljlmmqpbotkxv.supabase.co/storage/v1/object/public/travel-app-images/ChIJVzA29SwCzoURM1Dq1KcwIek/ChIJVzA29SwCzoURM1Dq1KcwIek_1757333144056_1.jpg","https://tysnkzmljlmmqpbotkxv.supabase.co/storage/v1/object/public/travel-app-images/website-1233b854/parque-ecolgico-de-xochimilco-website-image-1757535040424-1.jpg","unknown","website","17",""
"f713c6fb-ee57-4be4-9529-131e138b908b","Ecoarqueológico Mazatepetl Park","https://mexicocity.cdmx.gob.mx/venues/mazatepetl/?lang=es","true","https://tysnkzmljlmmqpbotkxv.supabase.co/storage/v1/object/public/travel-app-images/ChIJCTrHdm3_zYURsa5lOZp6_ho/ChIJCTrHdm3_zYURsa5lOZp6_ho_1757333147292_1.jpg","https://tysnkzmljlmmqpbotkxv.supabase.co/storage/v1/object/public/travel-app-images/website-f713c6fb/ecoarqueolgico-mazatepetl-park-mazatepetl-ecoarchaeological-p-1757535046877-1.jpg","unknown","website","15",""
"a94fedbf-96ad-48d3-8c95-db31e05c88b8","Fundación Museo de la Maquinista Terrestre y Marítima S.A. i Macosa","http://mtmacosa.blogspot.com.es/?m=1","false","https://tysnkzmljlmmqpbotkxv.supabase.co/storage/v1/object/public/travel-app-images/ChIJLbMbIcO8pBIRxcxbyV36Pn0/ChIJLbMbIcO8pBIRxcxbyV36Pn0_1751572623818_1.jpg","","unknown","","","Edge function error: 500 Internal Server Error - {"error":"Failed to extract website image","details":"HTTP 429: Too Many Requests"}"
"93fc5711-f2f1-46a1-b8ee-e92d946548ed","Monumento El Caminero","http://www.tlalpan.gob.mx/","false","https://tysnkzmljlmmqpbotkxv.supabase.co/storage/v1/object/public/travel-app-images/ChIJN1KGCYkAzoURPYQO13JdnZE/ChIJN1KGCYkAzoURPYQO13JdnZE_1757333164536_1.jpg","","unknown","","","Edge function error: 500 Internal Server Error - {"error":"Failed to extract website image","details":"error sending request for url (https://www.tlalpan.cdmx.gob.mx/): client error (Connect): tcp connect error: Connection timed out (os error 110): Connection timed out (os error 110)"}"
"7be1963a-4154-4839-8274-5a6ac19edb89","Museum of Cultures By Iztapalapa Passion","http://sic.gob.mx/ficha.php?table=museo&table_id=1535","true","https://tysnkzmljlmmqpbotkxv.supabase.co/storage/v1/object/public/travel-app-images/ChIJs2qaH-_90YURPoYyZ3ZSlxA/ChIJs2qaH-_90YURPoYyZ3ZSlxA_1757334682656_1.jpg","https://tysnkzmljlmmqpbotkxv.supabase.co/storage/v1/object/public/travel-app-images/website-7be1963a/museum-of-cultures-by-iztapalapa-passion-imagen0-1757535054318-1.jpg","unknown","website","5",""
"4344884a-9d16-49af-bbc0-d73282058dd1","Parque Ecológico Loreto y Peña Pobre","https://m.facebook.com/pages/Parque-Ecol%C3%B3gico-Loreto-Y-Pe%C3%B1a-Pobre/105111449576336","false","https://tysnkzmljlmmqpbotkxv.supabase.co/storage/v1/object/public/travel-app-images/ChIJJc1r73sAzoUR4XhNLSBwwg0/ChIJJc1r73sAzoUR4XhNLSBwwg0_1757333174875_1.jpg","","unknown","","","No suitable images found on website"
"a1e0c551-2e95-482f-9440-b44e11855783","Taller de Escultura Victor Gutiérrez","https://linkin.bio/victorgutierrezescultor","false","https://tysnkzmljlmmqpbotkxv.supabase.co/storage/v1/object/public/travel-app-images/ChIJKXkQxvH-0YURaLdMcM3hUXo/ChIJKXkQxvH-0YURaLdMcM3hUXo_1757334692170_1.jpg","","unknown","","","No suitable images found on website"
"b37dcce1-17cf-4c5a-88fe-8d6b018174b3","Teatro Félix Azuela","https://carteleradeteatro.mx/teatro/centro/teatro-felix-azuela-padilla/","true","https://tysnkzmljlmmqpbotkxv.supabase.co/storage/v1/object/public/travel-app-images/ChIJj_cXRN740YURLfHok8lulsI/ChIJj_cXRN740YURLfHok8lulsI_1757334708062_1.jpg","https://tysnkzmljlmmqpbotkxv.supabase.co/storage/v1/object/public/travel-app-images/website-b37dcce1/teatro-flix-azuela-website-image-1757535192322-1.jpg","unknown","website","30",""
"f8d235fc-2932-4dd6-8d8f-92f69659f546","Memorial Patricio ConSentido","http://patricioconsentido.org/","true","https://tysnkzmljlmmqpbotkxv.supabase.co/storage/v1/object/public/travel-app-images/ChIJLfbl2f0B0oURrOjWO3TMslY/ChIJLfbl2f0B0oURrOjWO3TMslY_1757334750163_1.jpg","https://tysnkzmljlmmqpbotkxv.supabase.co/storage/v1/object/public/travel-app-images/website-f8d235fc/memorial-patricio-consentido-website-image-1757535196389-1.jpg","unknown","website","51",""
"8419f6cd-57ae-445c-be98-b1595647cba2","Iglesia de Nuestra Señora del Socorro","http://socorrovirreyes.com.mx/","true","https://tysnkzmljlmmqpbotkxv.supabase.co/storage/v1/object/public/travel-app-images/ChIJP8EW5vMB0oURKiMRxq6dBik/ChIJP8EW5vMB0oURKiMRxq6dBik_1757333191154_1.jpg","https://tysnkzmljlmmqpbotkxv.supabase.co/storage/v1/object/public/travel-app-images/website-8419f6cd/iglesia-de-nuestra-seora-del-socorro-website-image-1757535201830-1.jpg","unknown","website","93",""
"157b5318-c940-48be-bdc5-04f0386b07c9","Museo de Arte Popular","http://www.map.cdmx.gob.mx/","false","https://tysnkzmljlmmqpbotkxv.supabase.co/storage/v1/object/public/travel-app-images/ChIJnb61RNX40YURjLOqxoI9oh0/ChIJnb61RNX40YURjLOqxoI9oh0_1757333198684_1.jpg","","unknown","","","Edge function error: 500 Internal Server Error - {"error":"Failed to extract website image","details":"error sending request for url (http://www.map.cdmx.gob.mx/): client error (Connect): tcp connect error: Connection timed out (os error 110): Connection timed out (os error 110)"}"
"77156122-1f1c-440f-b869-848dcda80d98","Memory and Tolerance Museum","http://www.myt.org.mx/","true","https://tysnkzmljlmmqpbotkxv.supabase.co/storage/v1/object/public/travel-app-images/ChIJIRo9WdX-0YUR8SAxEJ2aSHU/ChIJIRo9WdX-0YUR8SAxEJ2aSHU_1757334772898_1.jpg","https://tysnkzmljlmmqpbotkxv.supabase.co/storage/v1/object/public/travel-app-images/website-77156122/memory-and-tolerance-museum-website-image-1757535338963-1.jpg","unknown","website","80",""
"37544117-0c1a-4cc7-be95-002bfaf63c8e","Parque Hundido","https://mexicocity.cdmx.gob.mx/venues/parque-hundido/?lang=es","true","https://tysnkzmljlmmqpbotkxv.supabase.co/storage/v1/object/public/travel-app-images/ChIJbU2eV4P_0YURBPZef1PTCtM/ChIJbU2eV4P_0YURBPZef1PTCtM_1757333201438_1.jpg","https://tysnkzmljlmmqpbotkxv.supabase.co/storage/v1/object/public/travel-app-images/website-37544117/parque-hundido-website-image-1757535338812-1.jpg","unknown","website","22",""
"2061445e-90e2-4e42-aad7-cf370601e648","Iglesia de la Virgen de Pompeya","https://caputxins.cat/on-som/convent-de-pompeia/","true","https://tysnkzmljlmmqpbotkxv.supabase.co/storage/v1/object/public/travel-app-images/ChIJj4eVzpaipBIRyfzxcJNsWBw/ChIJj4eVzpaipBIRyfzxcJNsWBw_1751570908639_1.jpg","https://tysnkzmljlmmqpbotkxv.supabase.co/storage/v1/object/public/travel-app-images/website-2061445e/iglesia-de-la-virgen-de-pompeya-website-image-1757535346252-1.jpg","unknown","website","40",""
"25c7e208-d8c1-4783-af00-9e85a874d39e","Miguel Lerdo de Tejada Library","https://www.gob.mx/shcp/acciones-y-programas/cultura-en-la-secretaria-de-hacienda-y-credito-publico?fbclid=IwAR3_GHANB_oPF9IaLQneTxE1If6R5cy8sN8I3xQipT5NBKONnNmP24pSMYw","true","https://tysnkzmljlmmqpbotkxv.supabase.co/storage/v1/object/public/travel-app-images/ChIJd3UQpdP-0YURbab4eepQhyQ/ChIJd3UQpdP-0YURbab4eepQhyQ_1757334805022_1.jpg","https://tysnkzmljlmmqpbotkxv.supabase.co/storage/v1/object/public/travel-app-images/website-25c7e208/miguel-lerdo-de-tejada-library-buscar-1757535344932-1.jpg","unknown","website","2",""
"47381d07-a647-4308-a137-f858e3ebe914","Templo Mayor Museum","https://www.inah.gob.mx/zonas/zona-arqueologica-templo-mayor","false","https://tysnkzmljlmmqpbotkxv.supabase.co/storage/v1/object/public/travel-app-images/ChIJ3dGBci350YURsDYUZcq-kIw/ChIJ3dGBci350YURsDYUZcq-kIw_1757334808362_1.jpg","","unknown","","","Edge function error: 500 Internal Server Error - {"error":"Failed to extract website image","details":"error sending request for url (https://www.inah.gob.mx/zonas/zona-arqueologica-templo-mayor): client error (Connect): invalid peer certificate: UnknownIssuer"}"
"5c6c4f0c-7560-4bde-ad49-2d18cedfca91","Alliance Francaise de Mexico","https://alianzafrancesamx.edu.mx/","true","https://tysnkzmljlmmqpbotkxv.supabase.co/storage/v1/object/public/travel-app-images/ChIJ5YQYgxsC0oURL-5thxJh22I/ChIJ5YQYgxsC0oURL-5thxJh22I_1757333221494_1.jpg","https://tysnkzmljlmmqpbotkxv.supabase.co/storage/v1/object/public/travel-app-images/website-5c6c4f0c/alliance-francaise-de-mexico-imagen-1757535353356-1.jpg","unknown","website","32",""
"baceb092-4df2-4912-8c17-d516ab1898b7","Arte Carrillo Gil Museum","http://www.museodeartecarrillogil.inba.gob.mx/","true","https://tysnkzmljlmmqpbotkxv.supabase.co/storage/v1/object/public/travel-app-images/ChIJVSETXR0A0oURnCpMTXsKQdw/ChIJVSETXR0A0oURnCpMTXsKQdw_1757334822118_1.jpg","https://tysnkzmljlmmqpbotkxv.supabase.co/storage/v1/object/public/travel-app-images/website-baceb092/arte-carrillo-gil-museum-website-image-1757535363033-1.jpg","unknown","website","2",""
"a4168e4e-f936-4961-823d-451e67f7e0d0","The Inmaculada Concepción rectory","http://parroquias.mx/","true","https://tysnkzmljlmmqpbotkxv.supabase.co/storage/v1/object/public/travel-app-images/ChIJUQ2z6hgDzoURTGjfvxW4lw4/ChIJUQ2z6hgDzoURTGjfvxW4lw4_1757334831978_1.jpg","https://tysnkzmljlmmqpbotkxv.supabase.co/storage/v1/object/public/travel-app-images/website-a4168e4e/the-inmaculada-concepcin-rectory-imagen-1757535359790-1.jpg","unknown","website","41",""
"85877394-832b-478c-8ead-dc4fde4479ca","Tianguis Cultural del Chopo","https://m.facebook.com/pages/category/Community/Tianguis-Cultural-del-Chopo-58127775224/","false","https://tysnkzmljlmmqpbotkxv.supabase.co/storage/v1/object/public/travel-app-images/ChIJJ-tKP9n40YURp5pHADS1W0g/ChIJJ-tKP9n40YURp5pHADS1W0g_1757334846583_1.jpg","","unknown","","","No suitable images found on website"
"1552e313-f92a-4108-b582-ea62c90e5ddd","Plaza de Masadas","https://www.barcelona.cat/es/coneixbcn/pics/la-placa-de-masadas_99400390596.html","true","https://tysnkzmljlmmqpbotkxv.supabase.co/storage/v1/object/public/travel-app-images/ChIJWShG79O8pBIReScKOC1ua6s/ChIJWShG79O8pBIReScKOC1ua6s_1751572670027_1.jpg","https://tysnkzmljlmmqpbotkxv.supabase.co/storage/v1/object/public/travel-app-images/website-1552e313/plaza-de-masadas-website-image-1757535369546-1.jpg","unknown","website","4",""
"e0a69a97-3a87-445d-b3d0-f2a9a28c2682","National Museum of Popular Culture","https://mncp.cultura.gob.mx/","false","https://tysnkzmljlmmqpbotkxv.supabase.co/storage/v1/object/public/travel-app-images/ChIJs6DFhML_0YURk-VPGr7p2GQ/ChIJs6DFhML_0YURk-VPGr7p2GQ_1757334853500_1.jpg","","unknown","","","Edge function error: 500 Internal Server Error - {"error":"Failed to extract website image","details":"HTTP 403: Forbidden"}"
"9333525d-2179-49a5-ae0e-9987d336d9c7","Embarcadero Puente de Urrutia","https://mexicocity.cdmx.gob.mx/venues/embarcadero-puente-de-urrutia-ecological-xochimilco-tours/?lang=es","true","https://tysnkzmljlmmqpbotkxv.supabase.co/storage/v1/object/public/travel-app-images/ChIJ1TaWFJIDzoURmkLRrgiFnPE/ChIJ1TaWFJIDzoURmkLRrgiFnPE_1757333237357_1.jpg","https://tysnkzmljlmmqpbotkxv.supabase.co/storage/v1/object/public/travel-app-images/website-9333525d/embarcadero-puente-de-urrutia-website-image-1757535382661-1.jpg","unknown","website","21",""
"a2e3ee11-d7bb-4670-859e-ee8fec2a9726","Galería Rodrigo Rivero Lake","http://www.rodrigoriverolake.com/","false","https://tysnkzmljlmmqpbotkxv.supabase.co/storage/v1/object/public/travel-app-images/ChIJgbUI2FT_0YURr8Z_GOyXf-s/ChIJgbUI2FT_0YURr8Z_GOyXf-s_1757333247311_1.jpg","","unknown","","","No suitable images found on website"
"8366c881-f513-42f1-9bb3-9d9bfd519a3a","LS / Galería | Galería de Arte Moderno y Contemporáneo","http://www.lsgaleria.com/","true","https://tysnkzmljlmmqpbotkxv.supabase.co/storage/v1/object/public/travel-app-images/ChIJN3d8Wh0C0oUROrU7-phpd2M/ChIJN3d8Wh0C0oUROrU7-phpd2M_1757333250534_1.jpg","https://tysnkzmljlmmqpbotkxv.supabase.co/storage/v1/object/public/travel-app-images/website-8366c881/ls-galera-galera-de-arte-moderno-y-contemporneo-website-image-1757535388631-1.jpg","unknown","website","16",""
"f10aee16-fb02-41bb-8988-2fb6fb3912e1","Basilica of Our Lady of Guadalupe","https://virgendeguadalupe.org.mx/","true","https://tysnkzmljlmmqpbotkxv.supabase.co/storage/v1/object/public/travel-app-images/ChIJxak0Kpz50YURsGoopfnqoCE/ChIJxak0Kpz50YURsGoopfnqoCE_1757334893804_1.jpg","https://tysnkzmljlmmqpbotkxv.supabase.co/storage/v1/object/public/travel-app-images/website-f10aee16/basilica-of-our-lady-of-guadalupe-website-image-1757535396107-1.jpg","unknown","website","31",""
"ab17d705-f313-496a-b721-afae067f67c5","Monumental House Emilio El Indio Fernandez","https://www.facebook.com/EMILIOELINDIOFERNANDEZ?mibextid=ZbWKwL","true","https://tysnkzmljlmmqpbotkxv.supabase.co/storage/v1/object/public/travel-app-images/ChIJ0-455OX_0YURrb32hWWciC4/ChIJ0-455OX_0YURrb32hWWciC4_1757334897007_1.jpg","https://tysnkzmljlmmqpbotkxv.supabase.co/storage/v1/object/public/travel-app-images/website-ab17d705/monumental-house-emilio-el-indio-fernandez-background-image-1757535394772-1.jpg","unknown","website","1",""
"2c36c621-38f9-4635-ab07-d67a3182c1a5","Monument to the Revolution","https://mexicocity.cdmx.gob.mx/venues/monument-to-the-revolution/?lang=es","true","https://tysnkzmljlmmqpbotkxv.supabase.co/storage/v1/object/public/travel-app-images/ChIJHwciRdL40YURIAzMPd3G_SA/ChIJHwciRdL40YURIAzMPd3G_SA_1757334900265_1.jpg","https://tysnkzmljlmmqpbotkxv.supabase.co/storage/v1/object/public/travel-app-images/website-2c36c621/monument-to-the-revolution-website-image-1757535402559-1.jpg","unknown","website","15",""
"eea87840-4c51-4a6f-ad9f-349b0f8cf1af","Biblioteca de las Artes","https://www.bibliotecadelasartes.cenart.gob.mx/","false","https://tysnkzmljlmmqpbotkxv.supabase.co/storage/v1/object/public/travel-app-images/ChIJ1YOmCjT-0YURdCScnktoMjE/ChIJ1YOmCjT-0YURdCScnktoMjE_1757334914656_1.jpg","","unknown","","","Edge function error: 500 Internal Server Error - {"error":"Failed to extract website image","details":"error sending request for url (https://www.bibliotecadelasartes.cenart.gob.mx/): client error (Connect): invalid peer certificate: UnknownIssuer"}"
"15e3daea-1919-4ea2-bc97-65ded83c2083","Museo Jumex","https://www.fundacionjumex.org/","true","https://tysnkzmljlmmqpbotkxv.supabase.co/storage/v1/object/public/travel-app-images/ChIJv0LcYRoC0oURwXXz3593qE8/ChIJv0LcYRoC0oURwXXz3593qE8_1757333277622_1.jpg","https://tysnkzmljlmmqpbotkxv.supabase.co/storage/v1/object/public/travel-app-images/website-15e3daea/museo-jumex-background-image-1757535408685-1.jpg","unknown","website","20",""
"90c852b9-9a0e-42d6-b13b-33de2eb6d808","MUCA CU - Museo Universitario de Ciencias y Arte","http://muca.unam.mx/","false","https://tysnkzmljlmmqpbotkxv.supabase.co/storage/v1/object/public/travel-app-images/ChIJ445B0AAAzoURDJ5enadXEDM/ChIJ445B0AAAzoURDJ5enadXEDM_1757333281014_1.jpg","","unknown","","","Edge function error: 500 Internal Server Error - {"error":"Failed to extract website image","details":"Failed to download image: 404 Not Found"}"
"720c112b-650c-4f1b-bfa2-5db89579896d","Palacio de los Deportes","https://palaciodelosdeportes.mx/","true","https://tysnkzmljlmmqpbotkxv.supabase.co/storage/v1/object/public/travel-app-images/ChIJbWv_1CD80YUR0my1YUOaodI/ChIJbWv_1CD80YUR0my1YUOaodI_1757334945711_1.jpg","https://tysnkzmljlmmqpbotkxv.supabase.co/storage/v1/object/public/travel-app-images/website-720c112b/palacio-de-los-deportes-website-image-1757535415977-1.jpg","unknown","website","35",""
"55dedb53-cfb6-4729-9bc2-131158eff8f4","Bosque de Chapultepec","http://data.sedema.cdmx.gob.mx/bosquedechapultepec/","false","https://tysnkzmljlmmqpbotkxv.supabase.co/storage/v1/object/public/travel-app-images/ChIJP1dJRVf_0YURr8MZosHl4kI/ChIJP1dJRVf_0YURr8MZosHl4kI_1757334954905_1.jpg","","unknown","","","Edge function error: 500 Internal Server Error - {"error":"Failed to extract website image","details":"HTTP 404: Not Found"}"
"a4c5211f-acd3-4a1b-9420-0c9f0a42e875","Biblioteca Josep Laporte (Universitat Autònoma de Barcelona)","https://www.uab.cat/web/biblioteca-josep-laporte/biblioteca-josep-laporte-1345770456628.html","false","https://tysnkzmljlmmqpbotkxv.supabase.co/storage/v1/object/public/travel-app-images/ChIJmbsPBdGipBIRAqNvXHpbnEM/ChIJmbsPBdGipBIRAqNvXHpbnEM_1751571900887_1.jpg","","unknown","","","Edge function error: 500 Internal Server Error - {"error":"Failed to extract website image","details":"Failed to download image: 500 Internal Server Error"}"
"d609e59e-3e20-4869-9415-0dca07f5e401","Museo Nacional de Antropología","https://www.mna.inah.gob.mx/","true","https://tysnkzmljlmmqpbotkxv.supabase.co/storage/v1/object/public/travel-app-images/ChIJScjIILQB0oURJMVub-MaI4Q/ChIJScjIILQB0oURJMVub-MaI4Q_1757333294901_1.jpg","https://tysnkzmljlmmqpbotkxv.supabase.co/storage/v1/object/public/travel-app-images/website-d609e59e/museo-nacional-de-antropologa-website-image-1757535425722-1.jpg","unknown","website","36",""
"d8f64e14-43ea-420a-89af-8acb6f49fc7d","Cielito Lindo, Quirino Mendoza y Cortés","http://www.xochimilco.cdmx.gob.mx/","true","https://tysnkzmljlmmqpbotkxv.supabase.co/storage/v1/object/public/travel-app-images/ChIJx2oMq3AdzoURe-L8WOtsx5U/ChIJx2oMq3AdzoURe-L8WOtsx5U_1757333301637_1.jpg","https://tysnkzmljlmmqpbotkxv.supabase.co/storage/v1/object/public/travel-app-images/website-d8f64e14/cielito-lindo-quirino-mendoza-y-corts-mercados-de-flores-y-plantas-1757535431131-1.jpg","unknown","website","22",""
"d41ee307-8081-40d4-8bdf-90b1621f6e75","Parque de Carlos I","http://lameva.barcelona.cat/es/aprovechala/parques-y-jardines/parque-de-carles-i_98294134447.html","true","https://tysnkzmljlmmqpbotkxv.supabase.co/storage/v1/object/public/travel-app-images/ChIJx-euaAWjpBIRGfVosdoHSP4/ChIJx-euaAWjpBIRGfVosdoHSP4_1751567304154_1.jpg","https://tysnkzmljlmmqpbotkxv.supabase.co/storage/v1/object/public/travel-app-images/website-d41ee307/parque-de-carlos-i-website-image-1757535433259-1.jpg","unknown","website","4",""
"f18c5a73-d20f-4b0e-95ee-290bacdfa54d","Museo Soumaya","https://www.museosoumaya.org/inicio/exposiciones/plaza-carso/","false","https://tysnkzmljlmmqpbotkxv.supabase.co/storage/v1/object/public/travel-app-images/ChIJCT06bhoC0oURszwDTCLicpM/ChIJCT06bhoC0oURszwDTCLicpM_1757333316479_1.jpg","","unknown","","","Edge function error: 500 Internal Server Error - {"error":"Failed to extract website image","details":"error sending request for url (https://www.museosoumaya.org/inicio/exposiciones/plaza-carso/): client error (Connect): invalid peer certificate: UnknownIssuer"}"
"6d2c7e54-429c-47f2-a0fb-e608714bff5d","Museo Tamayo Arte Contemporáneo","http://www.museotamayo.org/","true","https://tysnkzmljlmmqpbotkxv.supabase.co/storage/v1/object/public/travel-app-images/ChIJS0th0lP_0YURUhbp0wYZ1Cw/ChIJS0th0lP_0YURUhbp0wYZ1Cw_1757333328092_1.jpg","https://tysnkzmljlmmqpbotkxv.supabase.co/storage/v1/object/public/travel-app-images/website-6d2c7e54/museo-tamayo-arte-contemporneo-website-image-1757535439699-1.jpg","unknown","website","21",""
"9c18b2ad-60c8-4150-b5cc-85aeba8ed8ac","Deutsche Katholische Seelsorge Mexiko","http://www.mexikath.net/","true","https://tysnkzmljlmmqpbotkxv.supabase.co/storage/v1/object/public/travel-app-images/ChIJ1TLY2vH_0YURN-FnumVRXjY/ChIJ1TLY2vH_0YURN-FnumVRXjY_1757333358734_1.jpg","https://tysnkzmljlmmqpbotkxv.supabase.co/storage/v1/object/public/travel-app-images/website-9c18b2ad/deutsche-katholische-seelsorge-mexiko-photo20250821202031-1757535445777-1.jpg","unknown","website","22",""
"30ae5bb5-c385-4bd9-b327-3dc375360e5c","Mosteiro Nossa Senhora da Paz","http://www.mnspaz.com/","true","https://tysnkzmljlmmqpbotkxv.supabase.co/storage/v1/object/public/travel-app-images/ChIJSeISjTisz5QRieTqChbmBPY/ChIJSeISjTisz5QRieTqChbmBPY_1751981051920_1.jpg","https://tysnkzmljlmmqpbotkxv.supabase.co/storage/v1/object/public/travel-app-images/website-30ae5bb5/mosteiro-nossa-senhora-da-paz-lodder-1757535445488-1.jpg","unknown","website","16",""
"9188e3b2-e86f-4b5a-a537-1149f45c7eb4","ITAPECERICA SHOPPING","http://itapecericashopping.com.br/","true","https://tysnkzmljlmmqpbotkxv.supabase.co/storage/v1/object/public/travel-app-images/ChIJwdlSfhOtz5QRvm9JXAx3ruo/ChIJwdlSfhOtz5QRvm9JXAx3ruo_1751981376098_1.jpg","https://tysnkzmljlmmqpbotkxv.supabase.co/storage/v1/object/public/travel-app-images/website-9188e3b2/itapecerica-shopping-website-image-1757535450698-1.jpg","unknown","website","9",""
"27a49510-4800-4f9c-b358-863676aad3d1","Exposició de Models Construïts amb Peces LEGO®","https://expopiezas.es/","true","https://tysnkzmljlmmqpbotkxv.supabase.co/storage/v1/object/public/travel-app-images/ChIJ57aNvVK9pBIRlOb2093-yeU/ChIJ57aNvVK9pBIRlOb2093-yeU_1751573071223_1.jpg","https://tysnkzmljlmmqpbotkxv.supabase.co/storage/v1/object/public/travel-app-images/website-27a49510/exposici-de-models-construts-amb-peces-lego-l17001webp-1757535452955-1.webp","unknown","website","78",""
"c667aca4-3cff-49bb-8ccb-1abe90baa487","Bourbon Resort Atibaia","https://www.bourbon.com.br/hotel/bourbon-atibaia/","true","https://tysnkzmljlmmqpbotkxv.supabase.co/storage/v1/object/public/travel-app-images/ChIJZUWZqzTBzpQR3zWNN1IogfQ/ChIJZUWZqzTBzpQR3zWNN1IogfQ_1752860705805_1.jpg","https://tysnkzmljlmmqpbotkxv.supabase.co/storage/v1/object/public/travel-app-images/website-c667aca4/bourbon-resort-atibaia-website-image-1757535458855-1.jpg","unknown","website","165",""
"3a993302-0d7b-4e0d-9cba-88f3b97e36f3","Parroquia de María Inmaculada","http://www.facebook.com/PMariaInmaculada","true","https://tysnkzmljlmmqpbotkxv.supabase.co/storage/v1/object/public/travel-app-images/ChIJjZNvefX50YUR21eyVSVLqLY/ChIJjZNvefX50YUR21eyVSVLqLY_1757333372509_1.jpg","https://tysnkzmljlmmqpbotkxv.supabase.co/storage/v1/object/public/travel-app-images/website-3a993302/parroquia-de-mara-inmaculada-background-image-1757535457202-1.jpg","unknown","website","1",""
"359f4e55-cdb9-4512-befb-47f009a18470","Paróquia de Santa Rita de Cássia","https://www.instagram.com/santarita.paroquia","false","https://tysnkzmljlmmqpbotkxv.supabase.co/storage/v1/object/public/travel-app-images/ChIJGfDmQxsAz5QRBaNv01oq6hM/ChIJGfDmQxsAz5QRBaNv01oq6hM_1751980933832_1.jpg","","unknown","","","Edge function error: 500 Internal Server Error - {"error":"Failed to extract website image","details":"HTTP 429: Too Many Requests"}"
"bb7179b3-9917-4267-8c2e-0ca5ee6afb0a","Taboão da Serra","http://www.taboaodaserra.sp.gov.br/","false","https://tysnkzmljlmmqpbotkxv.supabase.co/storage/v1/object/public/travel-app-images/ChIJYTyhI2FUzpQRhOvmuktshR8/ChIJYTyhI2FUzpQRhOvmuktshR8_1751984190543_1.jpg","","unknown","","","Edge function error: 500 Internal Server Error - {"error":"Failed to extract website image","details":"HTTP 403: Forbidden"}"
"28f5fb12-98e2-4712-8625-12e6220c96a1","Iglesia de San Agustín","http://ravalcultural.bcn.cat/ca/content/parroquia-de-sant-agusti","true","https://tysnkzmljlmmqpbotkxv.supabase.co/storage/v1/object/public/travel-app-images/ChIJu63UGveipBIRjqpdJRlj3Bw/ChIJu63UGveipBIRjqpdJRlj3Bw_1751568667214_1.jpg","https://tysnkzmljlmmqpbotkxv.supabase.co/storage/v1/object/public/travel-app-images/website-28f5fb12/iglesia-de-san-agustn-website-image-1757535468141-1.jpg","unknown","website","20",""
"45c2374f-3437-4749-ab46-05d80860d109","St. John the Evangelist and Our Lady of Guadalupe","https://www.facebook.com/ParroquiaSanJuanMixcoac?locale=es_LA","true","https://tysnkzmljlmmqpbotkxv.supabase.co/storage/v1/object/public/travel-app-images/ChIJvRdReIT_0YURzPTc8xRvKlI/ChIJvRdReIT_0YURzPTc8xRvKlI_1757333394772_1.jpg","https://tysnkzmljlmmqpbotkxv.supabase.co/storage/v1/object/public/travel-app-images/website-45c2374f/st-john-the-evangelist-and-our-lady-of-guadalupe-background-image-1757535467216-1.jpg","unknown","website","1",""
"104803ee-c21f-444e-9c29-86f602f28cda","Mercado Central de Belo Horizonte","http://mercadocentral.com.br/","true","https://tysnkzmljlmmqpbotkxv.supabase.co/storage/v1/object/public/travel-app-images/ChIJAz0eA-KZpgARYAFkjcWmbI4/ChIJAz0eA-KZpgARYAFkjcWmbI4_1751579093758_1.jpg","https://tysnkzmljlmmqpbotkxv.supabase.co/storage/v1/object/public/travel-app-images/website-104803ee/mercado-central-de-belo-horizonte-website-image-1757535475792-1.jpg","unknown","website","19",""
"65af9919-1bc2-43bb-a0ec-d018d7c85d8e","PARQUE GUARA","http://casasparqueguara.com.br/","false","https://tysnkzmljlmmqpbotkxv.supabase.co/storage/v1/object/public/travel-app-images/ChIJoenWgS3umwARUzfxT4B_t7M/ChIJoenWgS3umwARUzfxT4B_t7M_1754501060697_1.jpg","","unknown","","","Edge function error: 500 Internal Server Error - {"error":"Failed to extract website image","details":"HTTP 404: Not Found"}"
"844cfa73-455c-4b34-bd03-64b9e68a8d94","Estádio Sebastião Romão Sampere","http://www.sitioromao.com.br/","true","https://tysnkzmljlmmqpbotkxv.supabase.co/storage/v1/object/public/travel-app-images/ChIJ05LxEJ7HzpQRI_gMlpRGbrk/ChIJ05LxEJ7HzpQRI_gMlpRGbrk_1752861170326_1.jpg","https://tysnkzmljlmmqpbotkxv.supabase.co/storage/v1/object/public/travel-app-images/website-844cfa73/estdio-sebastio-romo-sampere-esquerda-1757535480237-1.jpg","unknown","website","33",""
"4b64d437-9a03-40ee-ae39-d0ec01e5e264","Estadio Municipal Hermínio Espósito","http://cidadeembudasartes.sp.gov.br/secretarias/esportes-e-lazer/","false","https://tysnkzmljlmmqpbotkxv.supabase.co/storage/v1/object/public/travel-app-images/ChIJAeCkgHCrz5QRTKwPVB8lbvs/ChIJAeCkgHCrz5QRTKwPVB8lbvs_1751983051698_1.jpg","","unknown","","","Edge function error: 500 Internal Server Error - {"error":"Failed to extract website image","details":"error sending request for url (https://cidadeembudasartes.sp.gov.br/wp-content/uploads/2025/09/capa-bike.jpeg): client error (Connect): invalid peer certificate: UnknownIssuer"}"
"5d919e3a-5102-4e7f-beb5-4c43bcc91b17","Terreiro Obá Labí - Ponto de cultura","https://instagram.com/terreiroobalabi","false","https://tysnkzmljlmmqpbotkxv.supabase.co/storage/v1/object/public/travel-app-images/ChIJR1EGUVvxmwARIL8yP_zDPwM/ChIJR1EGUVvxmwARIL8yP_zDPwM_1754501260577_1.jpg","","unknown","","","Edge function error: 500 Internal Server Error - {"error":"Failed to extract website image","details":"HTTP 429: Too Many Requests"}"
"c71a488d-417c-4965-a67a-b3e800436146","Presentation Brothers Commemorative Plaque","http://www.presentationbrothers.org/","false","https://tysnkzmljlmmqpbotkxv.supabase.co/storage/v1/object/public/travel-app-images/ChIJYalAENKDREgRHmcTX32Q6ZE/ChIJYalAENKDREgRHmcTX32Q6ZE_1753986621039_1.jpg","","unknown","","","Edge function error: 500 Internal Server Error - {"error":"Failed to extract website image","details":"error sending request for url (http://www.presentationbrothers.org/): client error (Connect): dns error: failed to lookup address information: Name or service not known: failed to lookup address information: Name or service not known"}"
"2cbd4b47-420f-47f4-ba39-7d193125a340","Franca","http://www.franca.sp.gov.br/","false","https://tysnkzmljlmmqpbotkxv.supabase.co/storage/v1/object/public/travel-app-images/ChIJMQjGXbOpsJQRYhRoaYpVuGg/ChIJMQjGXbOpsJQRYhRoaYpVuGg_1757333284076_1.jpg","","unknown","","","Edge function error: 500 Internal Server Error - {"error":"Failed to extract website image","details":"error sending request for url (https://www.franca.sp.gov.br/): client error (Connect): invalid peer certificate: NotValidForName"}"
"83b5cffc-38b0-4747-b872-c744c18c1513","Museu da História da Inquisição","http://museudainquisicao.org.br/","true","https://tysnkzmljlmmqpbotkxv.supabase.co/storage/v1/object/public/travel-app-images/ChIJUxloQB2RpgAR7byweHR9UUY/ChIJUxloQB2RpgAR7byweHR9UUY_1751578710691_1.jpg","https://tysnkzmljlmmqpbotkxv.supabase.co/storage/v1/object/public/travel-app-images/website-83b5cffc/museu-da-histria-da-inquisio-background-image-1757535493640-1.jpg","unknown","website","2",""
"d0028456-d50f-4d81-8d9f-8e5002edd00a","Convento de Santa María de Jerusalén (Clarisas)","https://www.monestirjerusalem.com/","true","https://tysnkzmljlmmqpbotkxv.supabase.co/storage/v1/object/public/travel-app-images/ChIJWcnheTqYpBIRvBQvAUaqtmc/ChIJWcnheTqYpBIRvBQvAUaqtmc_1751574913349_1.jpg","https://tysnkzmljlmmqpbotkxv.supabase.co/storage/v1/object/public/travel-app-images/website-d0028456/convento-de-santa-mara-de-jerusaln-clarisas-roscas-blancas-1757535500733-1.jpg","unknown","website","13",""
"c176fbe6-f284-4954-9d16-9a2b42bfb754","Parque Tietê Ecológico Barueri","http://portal.barueri.sp.gov.br/","false","https://tysnkzmljlmmqpbotkxv.supabase.co/storage/v1/object/public/travel-app-images/ChIJq-jwELUDz5QRwyFRAIZm_8k/ChIJq-jwELUDz5QRwyFRAIZm_8k_1751974550465_1.jpg","","unknown","","","Edge function error: 500 Internal Server Error - {"error":"Failed to extract website image","details":"Failed to download image: 400 Bad Request"}"
"a0644653-b1aa-4f7d-a94b-5f06d1afca85","Paróquia Nossa Senhora da Ajuda","https://www.facebook.com/paroquianossasenhoradajudaoficial","true","https://tysnkzmljlmmqpbotkxv.supabase.co/storage/v1/object/public/travel-app-images/ChIJi8FUt2CdmQARQ4xAkxyDoxs/ChIJi8FUt2CdmQARQ4xAkxyDoxs_1754581524781_1.jpg","https://tysnkzmljlmmqpbotkxv.supabase.co/storage/v1/object/public/travel-app-images/website-a0644653/parquia-nossa-senhora-da-ajuda-background-image-1757535505468-1.jpg","unknown","website","1",""
"c88c1676-ac56-4671-b594-853c8dafd951","Paróquia Coração Imaculado de Maria","http://www.diocesedebraganca.com.br/paroquias/59/paroquia-coracao-imaculado-de-maria","true","https://tysnkzmljlmmqpbotkxv.supabase.co/storage/v1/object/public/travel-app-images/ChIJOejHDC_KzpQR6RKely6CNK8/ChIJOejHDC_KzpQR6RKely6CNK8_1751414642270_1.jpg","https://tysnkzmljlmmqpbotkxv.supabase.co/storage/v1/object/public/travel-app-images/website-c88c1676/parquia-corao-imaculado-de-maria-website-image-1757535505314-1.jpg","unknown","website","3",""
"51bf83cf-7fef-4f30-8838-d1eed7774f72","Parque Municipal Orestes Lorencini","http://www.jarinu.sp.gov.br/","true","https://tysnkzmljlmmqpbotkxv.supabase.co/storage/v1/object/public/travel-app-images/ChIJl-Bv-hfbzpQRV5ZTjGOxzww/ChIJl-Bv-hfbzpQRV5ZTjGOxzww_1754419526047_1.jpg","https://tysnkzmljlmmqpbotkxv.supabase.co/storage/v1/object/public/travel-app-images/website-51bf83cf/parque-municipal-orestes-lorencini-braso-da-prefeitura-de-jarinu--1757535509616-1.jpg","unknown","website","21",""
"426f7bf2-aa14-4bc3-baf1-a1df1bf2fc6c","Parque Municipal Américo Renné Giannetti","https://prefeitura.pbh.gov.br/fundacao-de-parques-e-zoobotanica","false","https://tysnkzmljlmmqpbotkxv.supabase.co/storage/v1/object/public/travel-app-images/ChIJ1VS5qu-ZpgARF8B4SNBoDQc/ChIJ1VS5qu-ZpgARF8B4SNBoDQc_1751579113028_1.jpg","","unknown","","","No suitable images found on website"
"0eaa8f28-10f5-48c8-884b-ad824061c03d","Spike Island Cork","http://www.spikeislandcork.ie/","true","https://tysnkzmljlmmqpbotkxv.supabase.co/storage/v1/object/public/travel-app-images/ChIJs9X5O6SDREgR3pTOkx6LHQ8/ChIJs9X5O6SDREgR3pTOkx6LHQ8_1753986553846_1.jpg","https://tysnkzmljlmmqpbotkxv.supabase.co/storage/v1/object/public/travel-app-images/website-0eaa8f28/spike-island-cork-website-image-1757535515485-1.jpg","unknown","website","23",""
"ef185491-dd1a-43a8-bc63-4ab0bfa34126","Santuário Arquidiocesano São Francisco de Assis","https://santuariosaofranciscodeassis.arquidiocesebh.org.br/","true","https://tysnkzmljlmmqpbotkxv.supabase.co/storage/v1/object/public/travel-app-images/ChIJy8jGrlWQpgARNFdAKqO_ehY/ChIJy8jGrlWQpgARNFdAKqO_ehY_1751578662235_1.jpg","https://tysnkzmljlmmqpbotkxv.supabase.co/storage/v1/object/public/travel-app-images/website-ef185491/santurio-arquidiocesano-so-francisco-de-assis-festa-de-so-francisco-de-assis-1757535520129-1.jpg","unknown","website","27",""
"ba7866d2-e4ab-4ad1-a242-8566383a3958","Plaza Shopping Carapicuíba","http://www.plazashoppingcarapicuiba.com.br/","true","https://tysnkzmljlmmqpbotkxv.supabase.co/storage/v1/object/public/travel-app-images/ChIJ0abWEsQBz5QR5toG30xIPBA/ChIJ0abWEsQBz5QR5toG30xIPBA_1751980942441_1.jpg","https://tysnkzmljlmmqpbotkxv.supabase.co/storage/v1/object/public/travel-app-images/website-ba7866d2/plaza-shopping-carapicuba-background-image-1757535525705-1.jpg","unknown","website","1",""
"8d7a909a-54f2-451c-ae54-e1c35b5c4018","Jardines de Can Sentmenat","http://w110.bcn.cat/portal/site/MediAmbient/menuitem.0d4d06202ea41e13e9c5e9c5a2ef8a0c/?vgnextoid=4e32be675e56a210VgnVCM10000074fea8c0RCRD&lang=en_GB","true","https://tysnkzmljlmmqpbotkxv.supabase.co/storage/v1/object/public/travel-app-images/ChIJO0U37zeYpBIRjQO1rGJXWRc/ChIJO0U37zeYpBIRjQO1rGJXWRc_1751569901504_1.jpg","https://tysnkzmljlmmqpbotkxv.supabase.co/storage/v1/object/public/travel-app-images/website-8d7a909a/jardines-de-can-sentmenat-website-image-1757535529579-1.jpg","unknown","website","3",""
"d3f71dcc-a7ca-4316-8c57-b7337b610331","Barça Immersive Tour","https://www.fcbarcelona.com/en/tickets/barca-immersive-tour","true","https://tysnkzmljlmmqpbotkxv.supabase.co/storage/v1/object/public/travel-app-images/ChIJ0XAdyTOZpBIRzqixzH4GG9I/ChIJ0XAdyTOZpBIRzqixzH4GG9I_1751571129928_1.jpg","https://tysnkzmljlmmqpbotkxv.supabase.co/storage/v1/object/public/travel-app-images/website-d3f71dcc/bara-immersive-tour-bara-immersive-tour-1757535534281-1.jpg","unknown","website","30",""
"897b7141-8317-432c-bf90-068e043ccd40","Museo de la Iglesia de la Sagrada Familia","https://sagradafamilia.org/en/home","true","https://tysnkzmljlmmqpbotkxv.supabase.co/storage/v1/object/public/travel-app-images/ChIJX24N7zyjpBIR8UsPv-N41eY/ChIJX24N7zyjpBIR8UsPv-N41eY_1751566309215_1.jpg","https://tysnkzmljlmmqpbotkxv.supabase.co/storage/v1/object/public/travel-app-images/website-897b7141/museo-de-la-iglesia-de-la-sagrada-familia-sagrada-familia-1757535535937-1.jpg","unknown","website","34",""
"a9ed85a5-12cf-4bec-87c6-46c538ba4c1c","Biblioteca Pública Infantil e Juvenil de Belo Horizonte","http://portalbelohorizonte.com.br/o-que-fazer/arte-e-cultura/bibliotecas/biblioteca-publica-infantil-e-juvenil-de-belo-horizonte","true","https://tysnkzmljlmmqpbotkxv.supabase.co/storage/v1/object/public/travel-app-images/ChIJ67P1TveZpgARl9HWpEerAYA/ChIJ67P1TveZpgARl9HWpEerAYA_1751579472598_1.jpg","https://tysnkzmljlmmqpbotkxv.supabase.co/storage/v1/object/public/travel-app-images/website-a9ed85a5/biblioteca-pblica-infantil-e-juvenil-de-belo-horiz-minimizar-1757535540161-1.jpg","unknown","website","2",""
"4febe4f8-d8c7-42de-9e87-7864b50cb0f4","Green Plaza Shopping","https://www.greenplazashopping.com.br/","true","https://tysnkzmljlmmqpbotkxv.supabase.co/storage/v1/object/public/travel-app-images/ChIJeVE8j-yRpgARNPonqq4c67c/ChIJeVE8j-yRpgARNPonqq4c67c_1751578456776_1.jpg","https://tysnkzmljlmmqpbotkxv.supabase.co/storage/v1/object/public/travel-app-images/website-4febe4f8/green-plaza-shopping-background-image-1757535540412-1.jpg","unknown","website","1",""
"7a4ba7b9-8f29-4a93-b00a-8507ff566599","Marco Zero da Pampulha","https://www.lagoadapampulha.com.br/marco-zero-da-lagoa-da-pampulha/","true","https://tysnkzmljlmmqpbotkxv.supabase.co/storage/v1/object/public/travel-app-images/ChIJFRBnbKaRpgARxCsgQZ7IoA0/ChIJFRBnbKaRpgARxCsgQZ7IoA0_1751578719065_1.jpg","https://tysnkzmljlmmqpbotkxv.supabase.co/storage/v1/object/public/travel-app-images/website-7a4ba7b9/marco-zero-da-pampulha-lagoa-da-pampulha-1757535544436-1.jpg","unknown","website","19",""
"93623f94-1803-4da7-a97a-a68703447a6a","Museu de Arte da Pampulha (MAP)","https://www.facebook.com/map.fmc/","true","https://tysnkzmljlmmqpbotkxv.supabase.co/storage/v1/object/public/travel-app-images/ChIJkylaKkmQpgARkvuMRuH9zMg/ChIJkylaKkmQpgARkvuMRuH9zMg_1751578677665_1.jpg","https://tysnkzmljlmmqpbotkxv.supabase.co/storage/v1/object/public/travel-app-images/website-93623f94/museu-de-arte-da-pampulha-map-background-image-1757535544695-1.jpg","unknown","website","1",""
"7b28e1b0-571d-462c-8380-74e7e6a90bb9","Parque Ecológico Roberto Burle Marx (Parque das Águas)","https://prefeitura.pbh.gov.br/fundacao-de-parques-e-zoobotanica/parques","false","https://tysnkzmljlmmqpbotkxv.supabase.co/storage/v1/object/public/travel-app-images/ChIJ0Rthdba9pgAR06yOhGstdLY/ChIJ0Rthdba9pgAR06yOhGstdLY_1751565330717_1.jpg","","unknown","","","No suitable images found on website"
"bad6e199-9ccd-44b6-bf89-ad3a49fb21ec","Museu dos Militares Mineiros","http://www.circuitoliberdade.mg.gov.br/pt-br/espacos/museu-dos-militares-mineiros","false","https://tysnkzmljlmmqpbotkxv.supabase.co/storage/v1/object/public/travel-app-images/ChIJn5H1vOmZpgAR6oeFq_t6tMA/ChIJn5H1vOmZpgAR6oeFq_t6tMA_1751579393336_1.jpg","","unknown","","","Edge function error: 500 Internal Server Error - {"error":"Failed to extract website image","details":"HTTP 404: Not Found"}"
"fabb4f39-be17-4bcd-99d9-b3cd27ee607b","Museu Giramundo","https://www.giramundo.org/","true","https://tysnkzmljlmmqpbotkxv.supabase.co/storage/v1/object/public/travel-app-images/ChIJCaaWgFPQogAR1ijwW3Jwaew/ChIJCaaWgFPQogAR1ijwW3Jwaew_1751579374747_1.jpg","https://tysnkzmljlmmqpbotkxv.supabase.co/storage/v1/object/public/travel-app-images/website-fabb4f39/museu-giramundo-website-image-1757535552831-1.jpg","unknown","website","15",""
"dcd5c963-229a-4084-8160-81b517421a42","Igreja Nossa Senhora da Penna","https://www.instagram.com/igrejanossasenhoradapenna?igsh=dGV1emNrbDFhNDE3","false","https://tysnkzmljlmmqpbotkxv.supabase.co/storage/v1/object/public/travel-app-images/ChIJHc9VnjXYmwARi-Gz-178Oe0/ChIJHc9VnjXYmwARi-Gz-178Oe0_1754505651441_1.jpg","","unknown","","","Edge function error: 500 Internal Server Error - {"error":"Failed to extract website image","details":"HTTP 429: Too Many Requests"}"
"c3354196-f2a6-4f16-b306-e81f72092ac7","No Mundo das Águas","http://www.nomundodasaguas.com.br/","true","https://tysnkzmljlmmqpbotkxv.supabase.co/storage/v1/object/public/travel-app-images/ChIJ7aXqQ86ZpgARY2eyS4o55HY/ChIJ7aXqQ86ZpgARY2eyS4o55HY_1751579781477_1.jpg","https://tysnkzmljlmmqpbotkxv.supabase.co/storage/v1/object/public/travel-app-images/website-c3354196/no-mundo-das-guas-no-mundo-das-guas-1757535557300-1.jpg","unknown","website","15",""
"06a8f700-ac90-457f-97f1-04d46747169e","Paróquia Santa Maria Mãe de Misericórdia","https://www.facebook.com/santamariamaedemisericordia/","true","https://tysnkzmljlmmqpbotkxv.supabase.co/storage/v1/object/public/travel-app-images/ChIJY712YI6WpgARtSr-sbnb7dU/ChIJY712YI6WpgARtSr-sbnb7dU_1751579446703_1.jpg","https://tysnkzmljlmmqpbotkxv.supabase.co/storage/v1/object/public/travel-app-images/website-06a8f700/parquia-santa-maria-me-de-misericrdia-background-image-1757535557806-1.jpg","unknown","website","1",""
"d4a4a05a-7abb-4099-99c0-4cfea0e1d2ec","Franco da Rocha","http://www.francodarocha.sp.gov.br/","true","https://tysnkzmljlmmqpbotkxv.supabase.co/storage/v1/object/public/travel-app-images/ChIJ62Fvy6fmzpQRpvhbeZ7WIaM/ChIJ62Fvy6fmzpQRpvhbeZ7WIaM_1752868004189_1.jpg","https://tysnkzmljlmmqpbotkxv.supabase.co/storage/v1/object/public/travel-app-images/website-d4a4a05a/franco-da-rocha-website-image-1757535561957-1.jpg","unknown","website","8",""
"54413e19-8131-4ba2-9653-2af963071cd8","Auditorio Nacional","http://www.auditorio.com.mx/","false","https://tysnkzmljlmmqpbotkxv.supabase.co/storage/v1/object/public/travel-app-images/ChIJ-R6gAvwB0oURb42WS821FF4/ChIJ-R6gAvwB0oURb42WS821FF4_1757333442346_1.jpg","","unknown","","","No suitable images found on website"
"3e413dde-7688-48af-824d-2c30091a07b8","Parque Central BH","http://www.parquecentralbh.com/","true","https://tysnkzmljlmmqpbotkxv.supabase.co/storage/v1/object/public/travel-app-images/ChIJmX6ZT8yZpgARpx58asXTm6I/ChIJmX6ZT8yZpgARpx58asXTm6I_1751579490045_1.jpg","https://tysnkzmljlmmqpbotkxv.supabase.co/storage/v1/object/public/travel-app-images/website-3e413dde/parque-central-bh-website-image-1757535568125-1.jpg","unknown","website","1",""
"9c256096-af7c-46bb-8513-28d4ea6252fa","Parque Ecológico Francisco Lins do Rêgo (Parque Ecológico da Pampulha)","http://www.pbh.gov.br/parquesezoobotanica","false","https://tysnkzmljlmmqpbotkxv.supabase.co/storage/v1/object/public/travel-app-images/ChIJeS2gRKaRpgARoVgTuil0f4w/ChIJeS2gRKaRpgARoVgTuil0f4w_1751578727909_1.jpg","","unknown","","","No suitable images found on website"
"23a5f111-6ecb-452c-ab28-1e082e9ed789","Projeto Mirante Baleia","https://www.behance.net/gallery/207533465/MIRANTE-BALEIA","true","https://tysnkzmljlmmqpbotkxv.supabase.co/storage/v1/object/public/travel-app-images/ChIJKQe0BgCRpgAR9anNQdnfeP8/ChIJKQe0BgCRpgAR9anNQdnfeP8_1751578806183_1.jpg","https://tysnkzmljlmmqpbotkxv.supabase.co/storage/v1/object/public/travel-app-images/website-23a5f111/projeto-mirante-baleia-arquitetura-architecture-arqui-1757535573521-1.jpg","unknown","website","9",""
"14fdc746-840e-4465-8af5-3bce26519be6","Shopping Pampulha Mall","http://www.pampulhamall.com.br/","true","https://tysnkzmljlmmqpbotkxv.supabase.co/storage/v1/object/public/travel-app-images/ChIJw7MFkkGQpgARzOZJB85Sa_c/ChIJw7MFkkGQpgARzOZJB85Sa_c_1751578817693_1.jpg","https://tysnkzmljlmmqpbotkxv.supabase.co/storage/v1/object/public/travel-app-images/website-14fdc746/shopping-pampulha-mall-pampulhamall06-1757535573658-1.jpg","unknown","website","7",""
"92fb7ce6-8712-4512-99a9-d568c043b22a","Museu Nacional d'Art de Catalunya","https://www.museunacional.cat/","true","https://tysnkzmljlmmqpbotkxv.supabase.co/storage/v1/object/public/travel-app-images/ChIJMU59xHGipBIRkdwlcgUWAYY/ChIJMU59xHGipBIRkdwlcgUWAYY_1751569136641_1.jpg","https://tysnkzmljlmmqpbotkxv.supabase.co/storage/v1/object/public/travel-app-images/website-92fb7ce6/museu-nacional-dart-de-catalunya-vine-al-museu-mapa-1757535583797-1.jpg","unknown","website","7",""
"85a8ff42-758a-4962-b8f5-2280563345f2","ARES Casa do Marinheiro","https://www.arescasadomarinheiro.com.br/","true","https://tysnkzmljlmmqpbotkxv.supabase.co/storage/v1/object/public/travel-app-images/ChIJESQYpNx7mQARAkdN2Xs_CEQ/ChIJESQYpNx7mQARAkdN2Xs_CEQ_1754505489383_1.jpg","https://tysnkzmljlmmqpbotkxv.supabase.co/storage/v1/object/public/travel-app-images/website-85a8ff42/ares-casa-do-marinheiro-imagem-de-fundo-ares-cmn-1757535579450-1.jpg","unknown","website","11",""
"9e336120-526b-4f19-a95c-db7e185adf0f","Plaza De Las Madres De Mayo","http://www.barcelona.cat/","true","https://tysnkzmljlmmqpbotkxv.supabase.co/storage/v1/object/public/travel-app-images/ChIJPZH4eTu9pBIR1UrfCBwGoFM/ChIJPZH4eTu9pBIR1UrfCBwGoFM_1751574355719_1.jpg","https://tysnkzmljlmmqpbotkxv.supabase.co/storage/v1/object/public/travel-app-images/website-9e336120/plaza-de-las-madres-de-mayo-website-image-1757535589365-1.jpg","unknown","website","12",""
"9ec50b84-ebca-4e57-8c18-cb0f84c3fe76","Bosque de San Juan de Aragón","https://mexicocity.cdmx.gob.mx/venues/san-juan-de-aragon-forest/?lang=es","true","https://tysnkzmljlmmqpbotkxv.supabase.co/storage/v1/object/public/travel-app-images/ChIJg-cGfJX70YURlx_cPSebmLM/ChIJg-cGfJX70YURlx_cPSebmLM_1757334958328_1.jpg","https://tysnkzmljlmmqpbotkxv.supabase.co/storage/v1/object/public/travel-app-images/website-9ec50b84/bosque-de-san-juan-de-aragn-website-image-1757535590989-1.jpg","unknown","website","19",""
"b0e746e2-b7ff-4669-9bb7-c6107b1545ad","Museo Arqueológico de Xochimilco","https://mexicocity.cdmx.gob.mx/venues/xochimilco-archaeological-museum/?lang=es","true","https://tysnkzmljlmmqpbotkxv.supabase.co/storage/v1/object/public/travel-app-images/ChIJxUpYS3UEzoURnTs95_pyS3I/ChIJxUpYS3UEzoURnTs95_pyS3I_1757334970297_1.jpg","https://tysnkzmljlmmqpbotkxv.supabase.co/storage/v1/object/public/travel-app-images/website-b0e746e2/museo-arqueolgico-de-xochimilco-xochimilco-archaeological-muse-1757535600121-1.jpg","unknown","website","17",""
"4e232009-b37c-489d-a8f4-9e1849c1e7f2","Biblioteca do Museu Nacional da UFRJ","http://museunacional.ufrj.br/","false","https://tysnkzmljlmmqpbotkxv.supabase.co/storage/v1/object/public/travel-app-images/ChIJB-eIMPZ-mQAR_c0fjMGQaY4/ChIJB-eIMPZ-mQAR_c0fjMGQaY4_1754578697680_1.jpg","","unknown","","","Edge function error: 500 Internal Server Error - {"error":"Failed to extract website image","details":"error sending request for url (https://museunacional.ufrj.br/): client error (Connect): invalid peer certificate: UnknownIssuer"}"
"efdccea0-10b5-43f6-b9f0-50e1b7a949e0","Museo de Arte Moderno","https://mam.inba.gob.mx/home.html","false","https://tysnkzmljlmmqpbotkxv.supabase.co/storage/v1/object/public/travel-app-images/ChIJTQGqdSv50YURJKLN5Eu1o3U/ChIJTQGqdSv50YURJKLN5Eu1o3U_1757334987588_1.jpg","","unknown","","","Edge function error: 500 Internal Server Error - {"error":"Failed to extract website image","details":"Failed to download image: 404 Not Found"}"
"5c96e56e-c7b4-4351-98c4-986e099bb156","Auditorium Theater Labor Congress","http://sic.conaculta.gob.mx/ficha.php?table=teatro&table_id=255","false","https://tysnkzmljlmmqpbotkxv.supabase.co/storage/v1/object/public/travel-app-images/ChIJZyMrSiH50YURr1J_6YixPTk/ChIJZyMrSiH50YURr1J_6YixPTk_1757333465607_1.jpg","","unknown","","","Edge function error: 500 Internal Server Error - {"error":"Failed to extract website image","details":"error sending request for url (http://sic.conaculta.gob.mx/ficha.php?table=teatro&table_id=255): client error (Connect): dns error: failed to lookup address information: Temporary failure in name resolution: failed to lookup address information: Temporary failure in name resolution"}"
"2ec5c722-7461-4d23-b4d9-87d7ebc74e4e","France-Rio","https://www.france-rio.com/","false","https://tysnkzmljlmmqpbotkxv.supabase.co/storage/v1/object/public/travel-app-images/ChIJx49T9yHdmwAROehm_6HrQB0/ChIJx49T9yHdmwAROehm_6HrQB0_1754503486839_1.jpg","","unknown","","","Edge function error: 500 Internal Server Error - {"error":"Failed to extract website image","details":"error sending request for url (https://www.france-rio.com/): client error (Connect): Connection reset by peer (os error 104)"}"
"4affc7e5-a8c6-4dc1-bd8d-6c5ba5d0c286","Musal","https://www2.fab.mil.br/musal/","false","https://tysnkzmljlmmqpbotkxv.supabase.co/storage/v1/object/public/travel-app-images/ChIJQ7jRJBljmQARHytCXp50wB0/ChIJQ7jRJBljmQARHytCXp50wB0_1754503253603_1.jpg","","unknown","","","Edge function error: 500 Internal Server Error - {"error":"Failed to extract website image","details":"HTTP 403: Forbidden"}"
"2d824af0-a8af-4829-8dd2-8eca940870b2","Parque Lira","https://mexicocity.cdmx.gob.mx/venues/parque-lira/?lang=es","true","https://tysnkzmljlmmqpbotkxv.supabase.co/storage/v1/object/public/travel-app-images/ChIJJ7kjIGD_0YUReCkUcGrE3R8/ChIJJ7kjIGD_0YUReCkUcGrE3R8_1757335038302_1.jpg","https://tysnkzmljlmmqpbotkxv.supabase.co/storage/v1/object/public/travel-app-images/website-2d824af0/parque-lira-parque-lira-entrance-arch-1757535619544-1.jpg","unknown","website","17",""
"fd6449af-4dca-4ba6-b36e-29dad1d3767a","Morro do Rosário","https://www.ferias.tur.br/fotogr/83740/jordanesiaeomorrodorosario-fotosplendore/jordanesia/","true","https://tysnkzmljlmmqpbotkxv.supabase.co/storage/v1/object/public/travel-app-images/ChIJhf5tpqIdz5QRvsBV4o2EU2Q/ChIJhf5tpqIdz5QRvsBV4o2EU2Q_1752870436731_1.jpg","https://tysnkzmljlmmqpbotkxv.supabase.co/storage/v1/object/public/travel-app-images/website-fd6449af/morro-do-rosrio-jordansia-e-o-morro-do-rosriof-1757535617714-1.jpg","unknown","website","1",""
"7349d796-a5a7-4a3f-af69-43bc532b47eb","West Shopping","http://www.westshopping.com.br/","false","https://tysnkzmljlmmqpbotkxv.supabase.co/storage/v1/object/public/travel-app-images/ChIJfQUMCtLjmwARz_VW5-kkrzc/ChIJfQUMCtLjmwARz_VW5-kkrzc_1754502081328_1.jpg","","unknown","","","Edge function error: 500 Internal Server Error - {"error":"Failed to extract website image","details":"error sending request for url (http://www.westshopping.com.br/): client error (Connect): tcp connect error: Connection timed out (os error 110): Connection timed out (os error 110)"}"
"68212f08-521b-44d4-9653-724768bdc0ae","ParkShoppingCampoGrande","http://www.parkshoppingcampogrande.com.br/","false","https://tysnkzmljlmmqpbotkxv.supabase.co/storage/v1/object/public/travel-app-images/ChIJI74QFTzkmwARv_2bhcMvtLo/ChIJI74QFTzkmwARv_2bhcMvtLo_1754502106908_1.jpg","","unknown","","","No suitable images found on website"
"a1f797df-7366-4eba-8e92-1d0ddbd2e91a","Prefeitura Municipal de Franca","http://www.franca.sp.gov.br/","false","https://tysnkzmljlmmqpbotkxv.supabase.co/storage/v1/object/public/travel-app-images/ChIJ2Zgg4T6msJQRcAqw1z9hJko/ChIJ2Zgg4T6msJQRcAqw1z9hJko_1757335082549_1.jpg","","unknown","","","Edge function error: 500 Internal Server Error - {"error":"Failed to extract website image","details":"error sending request for url (https://www.franca.sp.gov.br/): client error (Connect): invalid peer certificate: NotValidForName"}"
"55e1b14b-4076-4e7e-94a3-36dbb362074a","Igreja Metodista em Campo Grande","http://www.metodista.org.br/","false","https://tysnkzmljlmmqpbotkxv.supabase.co/storage/v1/object/public/travel-app-images/ChIJN71VQf_jmwARwl7U18WyAbo/ChIJN71VQf_jmwARwl7U18WyAbo_1754501866501_1.jpg","","unknown","","","No suitable images found on website"
"c0f61171-b28d-456c-bbf8-7dba9dcaa7da","Museo Salón Deporte","https://www.facebook.com/SalonDeporteFCS/","true","https://tysnkzmljlmmqpbotkxv.supabase.co/storage/v1/object/public/travel-app-images/ChIJ_cjrdUEC0oURrzNuSExiBNg/ChIJ_cjrdUEC0oURrzNuSExiBNg_1757335099881_1.jpg","https://tysnkzmljlmmqpbotkxv.supabase.co/storage/v1/object/public/travel-app-images/website-c0f61171/museo-saln-deporte-background-image-1757535761402-1.jpg","unknown","website","1",""
"b572a69e-10d6-420b-b663-0ac1e9fcb5ae","Jarinu","http://www.jarinu.sp.gov.br/","true","https://tysnkzmljlmmqpbotkxv.supabase.co/storage/v1/object/public/travel-app-images/ChIJV82jRRLazpQRHWhbiTHqalA/ChIJV82jRRLazpQRHWhbiTHqalA_1754423014517_1.jpg","https://tysnkzmljlmmqpbotkxv.supabase.co/storage/v1/object/public/travel-app-images/website-b572a69e/jarinu-braso-da-prefeitura-de-jarinu--1757535761035-1.jpg","unknown","website","21",""
"e040662d-cb35-47b4-8fc8-0064cf394af6","Paróquia e Santuário Nossa Senhora de Loreto","http://www.loreto.org.br/","true","https://tysnkzmljlmmqpbotkxv.supabase.co/storage/v1/object/public/travel-app-images/ChIJLWMduzbYmwAR6HS9H1mTVFk/ChIJLWMduzbYmwAR6HS9H1mTVFk_1754506231038_1.jpg","https://tysnkzmljlmmqpbotkxv.supabase.co/storage/v1/object/public/travel-app-images/website-e040662d/parquia-e-santurio-nossa-senhora-de-loreto-parquia-e-santurio-nossa-senho-1757535767227-1.jpg","unknown","website","68",""
"eb7584f9-a283-4a5e-b9f2-4fd8424a63ab","Parque Recreativo Taddeo Cananeia","https://portal.barueri.sp.gov.br/","false","https://tysnkzmljlmmqpbotkxv.supabase.co/storage/v1/object/public/travel-app-images/ChIJnQrJa579zpQRA5NYW2W6uzY/ChIJnQrJa579zpQRA5NYW2W6uzY_1751975433650_1.jpg","","unknown","","","Edge function error: 500 Internal Server Error - {"error":"Failed to extract website image","details":"Failed to download image: 400 Bad Request"}"
"84866d6a-6a84-4960-997c-28bbd2c07150","Locomotiva Bragança 4","https://www.google.com/url?sa=t&source=web&rct=j&url=https://www.braganca.sp.gov.br/noticias/prefeitura-instala-locomotiva-braganca-4-da-estrada-de-ferro-bragantina-na-praca-coronel-jacinto-osorio&ved=2ahUKEwjU2sT9if3-AhXNrJUCHQPgAVEQFnoECBYQAQ&usg=AOvVaw2-JUKDeFZr_jZb9W4aFu83","false","https://tysnkzmljlmmqpbotkxv.supabase.co/storage/v1/object/public/travel-app-images/ChIJ7fAqfxbLzpQRDE_4ZbHnlvQ/ChIJ7fAqfxbLzpQRDE_4ZbHnlvQ_1751413955380_1.jpg","","unknown","","","No suitable images found on website"
"684128a0-ae91-4b3d-8b73-f2f7dcb168cd","Shopping Cidade das Artes","https://www.shoppingcidadedasartes.com.br/","true","https://tysnkzmljlmmqpbotkxv.supabase.co/storage/v1/object/public/travel-app-images/ChIJ0YrjEGRTzpQR-V8NQ7iLuMw/ChIJ0YrjEGRTzpQR-V8NQ7iLuMw_1751983061215_1.jpg","https://tysnkzmljlmmqpbotkxv.supabase.co/storage/v1/object/public/travel-app-images/website-684128a0/shopping-cidade-das-artes-website-image-1757535771772-1.jpg","unknown","website","39",""
"df1be4a5-da2d-40a5-acf5-28130ba4b897","Shopping Franco da Rocha","http://www.shoppingfrancodarocha.com.br/","false","https://tysnkzmljlmmqpbotkxv.supabase.co/storage/v1/object/public/travel-app-images/ChIJEUBSPj7kzpQRIP7GUEfKXxs/ChIJEUBSPj7kzpQRIP7GUEfKXxs_1752868022247_1.jpg","","unknown","","","Edge function error: 500 Internal Server Error - {"error":"Failed to extract website image","details":"HTTP 500: Internal Server Error"}"
"92f141d4-5cf0-4241-ad71-aa0cffc7cc82","United Dioceses of Cork, Cloyne and Ross","http://www.cork.anglican.org/","true","https://tysnkzmljlmmqpbotkxv.supabase.co/storage/v1/object/public/travel-app-images/ChIJ34QLRhqQREgRvHWt_7PPw3k/ChIJ34QLRhqQREgRvHWt_7PPw3k_1753986161089_1.jpg","https://tysnkzmljlmmqpbotkxv.supabase.co/storage/v1/object/public/travel-app-images/website-92f141d4/united-dioceses-of-cork-cloyne-and-ross-website-image-1757535780196-1.jpg","unknown","website","13",""
"1ec3af71-736a-48d4-bb4b-0a8444d9c064","Museu de Ciências","https://cienciafranca.my.canva.site/","false","https://tysnkzmljlmmqpbotkxv.supabase.co/storage/v1/object/public/travel-app-images/ChIJZwSpKZ-nsJQRA8eeRhmD0mM/ChIJZwSpKZ-nsJQRA8eeRhmD0mM_1757334012799_1.jpg","","unknown","","","No suitable images found on website"
"bb4f56c8-862a-426a-8ca4-7e3ca60d6e9e","Former College of San Ildefonso","http://www.sanildefonso.org.mx/","true","https://tysnkzmljlmmqpbotkxv.supabase.co/storage/v1/object/public/travel-app-images/ChIJL7EfCzP50YURNvzmA7gabIU/ChIJL7EfCzP50YURNvzmA7gabIU_1757333488130_1.jpg","https://tysnkzmljlmmqpbotkxv.supabase.co/storage/v1/object/public/travel-app-images/website-bb4f56c8/former-college-of-san-ildefonso-transporte-y-estacionamiento-1757535786320-1.jpg","unknown","website","24",""
"7b3c9b82-6117-4c22-8253-1938f5d328ab","Paróquia Nossa Senhora das Graças - Diocese de Franca","http://paroquiansdasgracasfranca.org.br/","false","https://tysnkzmljlmmqpbotkxv.supabase.co/storage/v1/object/public/travel-app-images/ChIJcUANhzumsJQRZAHC6kk-8v4/ChIJcUANhzumsJQRZAHC6kk-8v4_1757334077398_1.jpg","","unknown","","","No suitable images found on website"
"050d8725-42fa-43e1-943e-bbbd14ce7039","Playa de Levante","http://www.barcelona.cat/resources/hu/platges/w110.bcn.cat/portal/site/MediAmbient/menuitem.37ea1e76b6660e13e9c5e9c5a2ef8a0c/MediAmbient/menuitem.37ea1e76b6660e13e9c5e9c5a2ef8a0c/LlevantCA.html","true","https://tysnkzmljlmmqpbotkxv.supabase.co/storage/v1/object/public/travel-app-images/ChIJh5YZBFyjpBIRvhV10cLQdlc/ChIJh5YZBFyjpBIRvhV10cLQdlc_1751566724693_1.jpg","https://tysnkzmljlmmqpbotkxv.supabase.co/storage/v1/object/public/travel-app-images/website-050d8725/playa-de-levante-sense-informaci-1757535792848-1.jpg","unknown","website","1",""
"6489fb8b-0f6f-4aec-82e5-d19ed3b8b3cb","Cattedrale di Santa Maria e Sant'Anna","https://www.corkcathedralfop.ie/","false","https://tysnkzmljlmmqpbotkxv.supabase.co/storage/v1/object/public/travel-app-images/ChIJW6P6RRKQREgRzRwa0_-W9qs/ChIJW6P6RRKQREgRzRwa0_-W9qs_1753985892946_1.jpg","","unknown","","","Edge function error: 500 Internal Server Error - {"error":"Failed to extract website image","details":"error sending request for url (https://www.corkcathedralfop.ie/): client error (Connect): invalid peer certificate: NotValidForName"}"
"dbb3652c-b288-4a22-ac69-275b6e834405","Espacio Memorial Democrático de Cataluña","http://memoria.gencat.cat/","true","https://tysnkzmljlmmqpbotkxv.supabase.co/storage/v1/object/public/travel-app-images/ChIJQ5fw9PCipBIRc2njACGTyAs/ChIJQ5fw9PCipBIRc2njACGTyAs_1751569633527_1.jpg","https://tysnkzmljlmmqpbotkxv.supabase.co/storage/v1/object/public/travel-app-images/website-dbb3652c/espacio-memorial-democrtico-de-catalua-memorialdemocraticgencatcat-1757535798319-1.cat","unknown","website","32",""
"7514e829-b0bb-4542-9ee5-223eb4ae948a","Paróquia Sant'Ana e Nossa Senhora Menina - ICAB","http://www.igrejabrasileira.com.br/","true","https://tysnkzmljlmmqpbotkxv.supabase.co/storage/v1/object/public/travel-app-images/ChIJdezYC5R7mQARYT2FiVsLFMQ/ChIJdezYC5R7mQARYT2FiVsLFMQ_1754505479517_1.jpg","https://tysnkzmljlmmqpbotkxv.supabase.co/storage/v1/object/public/travel-app-images/website-7514e829/parquia-santana-e-nossa-senhora-menina-icab-background-image-1757535803430-1.jpg","unknown","website","1",""
"92b146af-ffe2-4c96-8fea-3e4fb53e8307","Relogio do Sol","http://www.franca.sp.gov.br/","false","https://tysnkzmljlmmqpbotkxv.supabase.co/storage/v1/object/public/travel-app-images/ChIJSfzi3S-msJQRR_BDqMfaGFE/ChIJSfzi3S-msJQRR_BDqMfaGFE_1757333512662_1.jpg","","unknown","","","Edge function error: 500 Internal Server Error - {"error":"Failed to extract website image","details":"error sending request for url (https://www.franca.sp.gov.br/): client error (Connect): invalid peer certificate: NotValidForName"}"
"5c6be652-8402-460a-9eee-f391c144c50c","Biblioteca Unesp - Campus de Franca","https://www.franca.unesp.br/#!/sobre2108/biblioteca/","false","https://tysnkzmljlmmqpbotkxv.supabase.co/storage/v1/object/public/travel-app-images/ChIJk-9BOGmnsJQRbkF6fLSy51I/ChIJk-9BOGmnsJQRbkF6fLSy51I_1757333932371_1.jpg","","unknown","","","No suitable images found on website"
"46256b7c-b4c8-4e0f-a8dc-d60e9fc804ef","Pinacoteca Municipal "Miguel Ângelo Pucci"","https://www.facebook.com/pages/category/Art-Gallery/Pinacoteca-Municipal-de-Franca-1520792714820694/","false","https://tysnkzmljlmmqpbotkxv.supabase.co/storage/v1/object/public/travel-app-images/ChIJpxOTZjqmsJQRHDPYGGoMHKI/ChIJpxOTZjqmsJQRHDPYGGoMHKI_1757333864941_1.jpg","","unknown","","","No suitable images found on website"
"8c884fd0-ced8-40aa-9466-30716a8d6256","Franca Shopping","http://www.francashopping.com.br/","true","https://tysnkzmljlmmqpbotkxv.supabase.co/storage/v1/object/public/travel-app-images/ChIJkd6UlNWnsJQRf3xDwT4X1iY/ChIJkd6UlNWnsJQRf3xDwT4X1iY_1757333858500_1.jpg","https://tysnkzmljlmmqpbotkxv.supabase.co/storage/v1/object/public/travel-app-images/website-8c884fd0/franca-shopping-website-image-1757535812214-1.jpg","unknown","website","27",""
"cd9cbade-42e0-43b5-bd90-83e9de8b8582","Sé Catedral da Imaculada Conceição- Diocese de Franca","https://www.diocesefranca.org.br/?menu=noticia_detalhe&id=2080","true","https://tysnkzmljlmmqpbotkxv.supabase.co/storage/v1/object/public/travel-app-images/ChIJs5vNvS-msJQRzxNEYIkEjNU/ChIJs5vNvS-msJQRzxNEYIkEjNU_1757333952947_1.jpg","https://tysnkzmljlmmqpbotkxv.supabase.co/storage/v1/object/public/travel-app-images/website-cd9cbade/s-catedral-da-imaculada-conceio-diocese-de-franca-website-image-1757535814023-1.jpg","unknown","website","10",""
"bab983e0-a01c-4249-b5d7-d300895cca52","Iglesia de Santa Isabel de Aragón","https://esglesia.barcelona/parroquies/santa-isabel-darago-i-sant-joaquim/","true","https://tysnkzmljlmmqpbotkxv.supabase.co/storage/v1/object/public/travel-app-images/ChIJRTqMRtOipBIReZFB6PnDodE/ChIJRTqMRtOipBIReZFB6PnDodE_1751571865930_1.jpg","https://tysnkzmljlmmqpbotkxv.supabase.co/storage/v1/object/public/travel-app-images/website-bab983e0/iglesia-de-santa-isabel-de-aragn-website-image-1757535820712-1.jpg","unknown","website","6",""
"6d3ef40b-5470-4331-b614-fc74491b5a7d","Parroquia de la Virgen del Coll","http://www.misas.org/p/parroquia-de-la-mare-de-deu-del-coll-barcelona","false","https://tysnkzmljlmmqpbotkxv.supabase.co/storage/v1/object/public/travel-app-images/ChIJUVeBwayipBIRa5GYOAkh3zU/ChIJUVeBwayipBIRa5GYOAkh3zU_1751574903794_1.jpg","","unknown","","","No suitable images found on website"
"713e3088-96f4-416e-974d-b9a14c2ef09d","Parroquia Sant Àngel Custodi","https://parroquiasantadorotea.org/","true","https://tysnkzmljlmmqpbotkxv.supabase.co/storage/v1/object/public/travel-app-images/ChIJsUQCcYKYpBIRCBxddw5CaPQ/ChIJsUQCcYKYpBIRCBxddw5CaPQ_1751571137991_1.jpg","https://tysnkzmljlmmqpbotkxv.supabase.co/storage/v1/object/public/travel-app-images/website-713e3088/parroquia-sant-ngel-custodi-sant-ngel-custodisanta-dorotea-1757535827045-1.jpg","unknown","website","34",""
"93a313aa-55cf-4ab6-90a9-cdc6e2cb557e","Parque Municipal Benedito Bueno de Morais","http://www.francodarocha.sp.gov.br/","true","https://tysnkzmljlmmqpbotkxv.supabase.co/storage/v1/object/public/travel-app-images/ChIJv4CdpEHkzpQRkQ1h4yCIEmE/ChIJv4CdpEHkzpQRkQ1h4yCIEmE_1752867995486_1.jpg","https://tysnkzmljlmmqpbotkxv.supabase.co/storage/v1/object/public/travel-app-images/website-93a313aa/parque-municipal-benedito-bueno-de-morais-website-image-1757535825251-1.jpg","unknown","website","8",""
"9318d970-6273-48b4-9f6e-57ba1a6bdaf4","Paróquia Nossa Senhora Aparecida","https://facebook.com/ParoquiaMatrizNossaSenhoraAparecida/","true","https://tysnkzmljlmmqpbotkxv.supabase.co/storage/v1/object/public/travel-app-images/ChIJ1XdGqsQBz5QR5lhFeSBwjU8/ChIJ1XdGqsQBz5QR5lhFeSBwjU8_1751980627641_1.jpg","https://tysnkzmljlmmqpbotkxv.supabase.co/storage/v1/object/public/travel-app-images/website-9318d970/parquia-nossa-senhora-aparecida-background-image-1757535831440-1.jpg","unknown","website","1",""
"908832f6-22ba-40b1-97a0-92eb26539c5e","Paróquia Nossa Senhora Fátima","https://paroquiansf.com/","false","https://tysnkzmljlmmqpbotkxv.supabase.co/storage/v1/object/public/travel-app-images/ChIJTxuY2LLlzpQRthDBXUXOBtE/ChIJTxuY2LLlzpQRthDBXUXOBtE_1752866731153_1.jpg","","unknown","","","Edge function error: 500 Internal Server Error - {"error":"Failed to extract website image","details":"error sending request for url (https://paroquiansf.com/): client error (Connect): dns error: failed to lookup address information: Name or service not known: failed to lookup address information: Name or service not known"}"
"7439b5c7-cc65-4593-a926-67b559a58067","Parque Estadual Gabriel Chucre","https://www.ambiente.sp.gov.br/","true","https://tysnkzmljlmmqpbotkxv.supabase.co/storage/v1/object/public/travel-app-images/ChIJ16BOo8z_zpQR_cGXZIG3vIU/ChIJ16BOo8z_zpQR_cGXZIG3vIU_1751980541197_1.jpg","https://tysnkzmljlmmqpbotkxv.supabase.co/storage/v1/object/public/travel-app-images/website-7439b5c7/parque-estadual-gabriel-chucre-whatsapp-governo-do-estado-de--1757535837090-1.jpg","unknown","website","9",""
"1d9eacbe-e3a5-4a91-b5c3-5e3226aefcb7","Museu Municipal de Barueri "Oswaldo Abat"","https://portal.barueri.sp.gov.br/secretarias/secretaria-cultura-turismo/museu-municipal","true","https://tysnkzmljlmmqpbotkxv.supabase.co/storage/v1/object/public/travel-app-images/ChIJrTfAr-8Dz5QR5jGWqPgzSWc/ChIJrTfAr-8Dz5QR5jGWqPgzSWc_1751974899741_1.jpg","https://tysnkzmljlmmqpbotkxv.supabase.co/storage/v1/object/public/travel-app-images/website-1d9eacbe/museu-municipal-de-barueri-oswaldo-abat-temp-1757535837111-1.jpg","unknown","website","18",""
"aef189bc-cd8e-4c91-af64-de21621db495","Paróquia Santíssima Trindade","http://www.sstrindade.com/","true","https://tysnkzmljlmmqpbotkxv.supabase.co/storage/v1/object/public/travel-app-images/ChIJnajKOYh_mQARPINrd7W1EJw/ChIJnajKOYh_mQARPINrd7W1EJw_1754580054033_1.jpg","https://tysnkzmljlmmqpbotkxv.supabase.co/storage/v1/object/public/travel-app-images/website-aef189bc/parquia-santssima-trindade-parquia-da-santssima-trindade--1757535842867-1.jpg","unknown","website","4",""
"f09953fd-7c3c-4dec-97b0-c7013c8ded26","Shopping Central Park","https://www.shoppingcentralpark.net.br/","false","https://tysnkzmljlmmqpbotkxv.supabase.co/storage/v1/object/public/travel-app-images/ChIJAR3jagqnz5QROYqeBTBxaYc/ChIJAR3jagqnz5QROYqeBTBxaYc_1751984370279_1.jpg","","unknown","","","Edge function error: 500 Internal Server Error - {"error":"Failed to extract website image","details":"Failed to download image: 400 Bad Request"}"
"e2feeda6-cc7f-41d9-a22e-e0e56a065021","Paróquia São Crispim - Diocese de Franca","http://facebook.com/paroquiasaocrispim","true","https://tysnkzmljlmmqpbotkxv.supabase.co/storage/v1/object/public/travel-app-images/ChIJWef1Kc-msJQRievE-U3kTEE/ChIJWef1Kc-msJQRievE-U3kTEE_1757333540593_1.jpg","https://tysnkzmljlmmqpbotkxv.supabase.co/storage/v1/object/public/travel-app-images/website-e2feeda6/parquia-so-crispim-diocese-de-franca-background-image-1757535847599-1.jpg","unknown","website","1",""
"e4c0627f-9e5e-48d4-8da5-a12c8deba260","Museu Dr Renato Cordeiro","https://www.instagram.com/museu.birigui/","false","https://tysnkzmljlmmqpbotkxv.supabase.co/storage/v1/object/public/travel-app-images/ChIJ3z92i70VlpQRKVLzEu0WqiE/ChIJ3z92i70VlpQRKVLzEu0WqiE_1757334549126_1.jpg","","unknown","","","Edge function error: 500 Internal Server Error - {"error":"Failed to extract website image","details":"HTTP 429: Too Many Requests"}"
"cd4e80fc-941e-4ce0-9078-c5f9ff4c5f2e","SALA DE ARTE PÚBLICO SIQUEIROS","https://saps-latallera.org/","true","https://tysnkzmljlmmqpbotkxv.supabase.co/storage/v1/object/public/travel-app-images/ChIJj1MJHVX_0YURor06_ZVMflI/ChIJj1MJHVX_0YURor06_ZVMflI_1757333546397_1.jpg","https://tysnkzmljlmmqpbotkxv.supabase.co/storage/v1/object/public/travel-app-images/website-cd4e80fc/sala-de-arte-pblico-siqueiros-website-image-1757535853086-1.jpg","unknown","website","4",""
"4c2a2671-a68c-40f9-a3b6-fd48131fb4c5","Biblioteca Municipal","http://www.birigui.sp.gov.br/birigui/noticias/noticias_detalhes.php?id_noticia=2949","true","https://tysnkzmljlmmqpbotkxv.supabase.co/storage/v1/object/public/travel-app-images/ChIJo5nvydcUlpQRmZ5izRGNPQ0/ChIJo5nvydcUlpQRmZ5izRGNPQ0_1757335185212_1.jpg","https://tysnkzmljlmmqpbotkxv.supabase.co/storage/v1/object/public/travel-app-images/website-4c2a2671/biblioteca-municipal-website-image-1757535852036-1.jpg","unknown","website","9",""
"8430022a-5615-4e5c-9e8b-13ed7ddd5804","Igreja Bairro Taquari","http://www.birigui.sp.gov.br/birigui/noticias/noticias_detalhes.php?id_noticia=2351","true","https://tysnkzmljlmmqpbotkxv.supabase.co/storage/v1/object/public/travel-app-images/ChIJ34223cptlpQR3pnp1Q5Qj8g/ChIJ34223cptlpQR3pnp1Q5Qj8g_1757335187716_1.jpg","https://tysnkzmljlmmqpbotkxv.supabase.co/storage/v1/object/public/travel-app-images/website-8430022a/igreja-bairro-taquari-website-image-1757535857004-1.jpg","unknown","website","15",""
"96de2229-cdbe-4f42-bddc-ea797c59d1b5","Helipark","http://www.helipark.com.br/","true","https://tysnkzmljlmmqpbotkxv.supabase.co/storage/v1/object/public/travel-app-images/ChIJdWncUBkAz5QRjBLNFhWb1Ro/ChIJdWncUBkAz5QRjBLNFhWb1Ro_1751980924827_1.jpg","https://tysnkzmljlmmqpbotkxv.supabase.co/storage/v1/object/public/travel-app-images/website-96de2229/helipark-helipark-1757535857980-1.jpg","unknown","website","6",""
"88af1168-d1c9-4904-8113-c02a25d5022f","Paróquia São Pedro do Mar","http://www.pedrodomar.com/","true","https://tysnkzmljlmmqpbotkxv.supabase.co/storage/v1/object/public/travel-app-images/ChIJLxLmLRromwARUD22GYpLnbs/ChIJLxLmLRromwARUD22GYpLnbs_1754502810059_1.jpg","https://tysnkzmljlmmqpbotkxv.supabase.co/storage/v1/object/public/travel-app-images/website-88af1168/parquia-so-pedro-do-mar-website-image-1757535864012-1.jpg","unknown","website","560",""
"9368621b-4b3a-4f44-829f-b897255c4a8c","Parque Bicentenario","https://www.parquebicentenario.com.mx/","false","https://tysnkzmljlmmqpbotkxv.supabase.co/storage/v1/object/public/travel-app-images/ChIJAZuvG3kC0oURZpwgpzgYgp4/ChIJAZuvG3kC0oURZpwgpzgYgp4_1757333034538_1.jpg","","unknown","","","No suitable images found on website"
"94e704ce-e3e1-4195-838e-49db800b9f0a","Parque Pinheirinho d'Água","http://www.prefeitura.sp.gov.br/cidade/secretarias/meio_ambiente/parques/programacao/index.php?p=5760","false","https://tysnkzmljlmmqpbotkxv.supabase.co/storage/v1/object/public/travel-app-images/ChIJxyXdcaL7zpQRLKyNSYLCrbo/ChIJxyXdcaL7zpQRLKyNSYLCrbo_1752000082110_1.jpg","","unknown","","","Edge function error: 500 Internal Server Error - {"error":"Failed to extract website image","details":"HTTP 404: Not Found"}"
"11574fb7-86e4-41fb-9fe5-005c68a90c49","Catedral de Santo Antônio","http://www.catedraldeosasco.com.br/","true","https://tysnkzmljlmmqpbotkxv.supabase.co/storage/v1/object/public/travel-app-images/ChIJw0LSLmVVzpQRPu10UOPXlVE/ChIJw0LSLmVVzpQRPu10UOPXlVE_1751983406248_1.jpg","https://tysnkzmljlmmqpbotkxv.supabase.co/storage/v1/object/public/travel-app-images/website-11574fb7/catedral-de-santo-antnio-velavirtual-1757535871397-1.jpg","unknown","website","11",""
"ae450d4f-5948-4a6b-9c76-edd59d7bd296","Biblioteca Oriol Bohigas ETSAB-UPC","http://bibliotecnica.upc.edu/etsab","true","https://tysnkzmljlmmqpbotkxv.supabase.co/storage/v1/object/public/travel-app-images/ChIJuSZToVeYpBIR3wGPT5uDnjI/ChIJuSZToVeYpBIR3wGPT5uDnjI_1751570338479_1.jpg","https://tysnkzmljlmmqpbotkxv.supabase.co/storage/v1/object/public/travel-app-images/website-ae450d4f/biblioteca-oriol-bohigas-etsabupc-arroba-1757535879385-1.jpg","unknown","website","5",""
"7b672176-0b28-4698-a451-37c910f779d3","Santuario del Perpetuo Socorro","http://www.perpetuosocorro.org/","true","https://tysnkzmljlmmqpbotkxv.supabase.co/storage/v1/object/public/travel-app-images/ChIJGeh38pGipBIRlWqgP8Wt2V8/ChIJGeh38pGipBIRlWqgP8Wt2V8_1751570916101_1.jpg","https://tysnkzmljlmmqpbotkxv.supabase.co/storage/v1/object/public/travel-app-images/website-7b672176/santuario-del-perpetuo-socorro-website-image-1757535879868-1.jpg","unknown","website","2",""
"04974105-fc47-4223-8041-ba6cd939d8c7","Mirante do Cristo de Caieiras","https://www.caieiras.sp.gov.br/","true","https://tysnkzmljlmmqpbotkxv.supabase.co/storage/v1/object/public/travel-app-images/ChIJdTv7ZlzjzpQRiIJhmyChFQc/ChIJdTv7ZlzjzpQRiIJhmyChFQc_1752869183191_1.jpg","https://tysnkzmljlmmqpbotkxv.supabase.co/storage/v1/object/public/travel-app-images/website-04974105/mirante-do-cristo-de-caieiras-website-image-1757535883707-1.jpg","unknown","website","27",""
"bfee800e-ff27-4e14-afc2-ed75e851e301","Parish of the Immaculate Conception","https://www.facebook.com/Parroquia-Inmaculada-Concepci%C3%B3n-Zapotitl%C3%A1n-101734081771202","false","https://tysnkzmljlmmqpbotkxv.supabase.co/storage/v1/object/public/travel-app-images/ChIJr0mn0DgbzoURV7DqCu0JQyo/ChIJr0mn0DgbzoURV7DqCu0JQyo_1757333042518_1.jpg","","unknown","","","No suitable images found on website"
"a5fc32d8-7ad5-4c1f-a8e9-352bdaba7f26","Hacienda de San Nicolás Tolentino","https://mexicocity.cdmx.gob.mx/venues/hacienda-de-san-nicolas-tolentino/?lang=es","true","https://tysnkzmljlmmqpbotkxv.supabase.co/storage/v1/object/public/travel-app-images/ChIJp0NxSnYDzoUR23lFIqhpqfk/ChIJp0NxSnYDzoUR23lFIqhpqfk_1757333602190_1.jpg","https://tysnkzmljlmmqpbotkxv.supabase.co/storage/v1/object/public/travel-app-images/website-a5fc32d8/hacienda-de-san-nicols-tolentino-website-image-1757535898139-1.jpg","unknown","website","21",""
"d9ce31dd-09ef-4fb1-bb3b-2a9ea8947fe0","Biserica Ortodoxa Româna " Sfântul Gheorghe" Barcelona","https://www.bisericabarcelona.es/","true","https://tysnkzmljlmmqpbotkxv.supabase.co/storage/v1/object/public/travel-app-images/ChIJh9rOOdSipBIRZYln1VeIC5o/ChIJh9rOOdSipBIRZYln1VeIC5o_1751571873532_1.jpg","https://tysnkzmljlmmqpbotkxv.supabase.co/storage/v1/object/public/travel-app-images/website-d9ce31dd/biserica-ortodoxa-romna-sfntul-gheorghe-barcelona-parohia-ortodoxa-romna-sf-gheo-1757535889585-1.jpg","unknown","website","20",""
"eae5c8d5-90da-4b4b-be26-0d84099cba45","Parroquia de Santa María Magdalena","https://www.facebook.com/ParroquiaSantaMariaMagdalenaDeLasSalinas","true","https://tysnkzmljlmmqpbotkxv.supabase.co/storage/v1/object/public/travel-app-images/ChIJ-xhK7__40YURwzyu5h3FESU/ChIJ-xhK7__40YURwzyu5h3FESU_1757333608931_1.jpg","https://tysnkzmljlmmqpbotkxv.supabase.co/storage/v1/object/public/travel-app-images/website-eae5c8d5/parroquia-de-santa-mara-magdalena-background-image-1757535902787-1.jpg","unknown","website","1",""
"cc65f202-1dc7-41e7-b591-1954d6a42ac9","Capilla del Cerrito","https://mexicocity.cdmx.gob.mx/venues/capilla-del-cerrito/?lang=es","true","https://tysnkzmljlmmqpbotkxv.supabase.co/storage/v1/object/public/travel-app-images/ChIJK6cqaZz50YURziuvZ5wHZPg/ChIJK6cqaZz50YURziuvZ5wHZPg_1757333084646_1.jpg","https://tysnkzmljlmmqpbotkxv.supabase.co/storage/v1/object/public/travel-app-images/website-cc65f202/capilla-del-cerrito-cerrito-de-los-angeles-1757535904873-1.jpg","unknown","website","15",""
"aa2b5f66-15c2-4af6-8531-4e4469638499","Parque Natural Municipal Dois Irmãos - Dois Cariocas - Sérgio Bernardes e Alfredo Sirkis","https://instagram.com/parquedoisirmaosrj","false","https://tysnkzmljlmmqpbotkxv.supabase.co/storage/v1/object/public/travel-app-images/ChIJzR2y9UnUmwARUCCF9sV5zT0/ChIJzR2y9UnUmwARUCCF9sV5zT0_1754579310007_1.jpg","","unknown","","","Edge function error: 500 Internal Server Error - {"error":"Failed to extract website image","details":"HTTP 429: Too Many Requests"}"
"54b3d510-ca04-4c25-bef3-3ca5ca524a79","Parque do Martelo","http://www.facebook.com/parquedomartelo/","true","https://tysnkzmljlmmqpbotkxv.supabase.co/storage/v1/object/public/travel-app-images/ChIJmb_oUGLVmwAR5FrStOexp9U/ChIJmb_oUGLVmwAR5FrStOexp9U_1754579521984_1.jpg","https://tysnkzmljlmmqpbotkxv.supabase.co/storage/v1/object/public/travel-app-images/website-54b3d510/parque-do-martelo-background-image-1757535909846-1.jpg","unknown","website","1",""
"2b83bf3e-b1b8-4dee-aad2-7bb8e2352a68","Biblioteca Municipal “Veneranda Freitas Pinto”","https://cajamar.sp.gov.br/esportes/","true","https://tysnkzmljlmmqpbotkxv.supabase.co/storage/v1/object/public/travel-app-images/ChIJ07sjZxQez5QRZ3VMATzBWMo/ChIJ07sjZxQez5QRZ3VMATzBWMo_1752870488039_1.jpg","https://tysnkzmljlmmqpbotkxv.supabase.co/storage/v1/object/public/travel-app-images/website-2b83bf3e/biblioteca-municipal-veneranda-freitas-pinto-braso-de-cajamar-1757535914012-1.jpg","unknown","website","2",""
"5ad75d59-1c40-4305-9176-bc9991d1fd81","Acuario Michin CDMX","http://www.acuariomichin.com/","false","https://tysnkzmljlmmqpbotkxv.supabase.co/storage/v1/object/public/travel-app-images/ChIJtUgSI3T70YURNMBnzBuMeHM/ChIJtUgSI3T70YURNMBnzBuMeHM_1757333053149_1.jpg","","unknown","","","No suitable images found on website"
"189711a3-ddd0-469d-8106-956ff8744fb2","Cinderella Fountain","https://disneyworld.disney.go.com/destinations/magic-kingdom/?CMP=OKC-wdw_gmap_189//","false","https://tysnkzmljlmmqpbotkxv.supabase.co/storage/v1/object/public/travel-app-images/ChIJkWj8oJiA54gRfYssZI2qW7g/ChIJkWj8oJiA54gRfYssZI2qW7g_1757339308442_1.jpg","","unknown","","","No suitable images found on website"
"b5559eba-b81f-4a93-afce-b58244dfb9fd","Biblioteca Municipal “Pref. Juvenal Ferreira dos Santos”","http://www.cajamar.sp.gov.br/esportes","true","https://tysnkzmljlmmqpbotkxv.supabase.co/storage/v1/object/public/travel-app-images/ChIJ42PZgZsez5QR3kM35mQzWdk/ChIJ42PZgZsez5QR3kM35mQzWdk_1752870482767_1.jpg","https://tysnkzmljlmmqpbotkxv.supabase.co/storage/v1/object/public/travel-app-images/website-b5559eba/biblioteca-municipal-pref-juvenal-ferreira-dos-san-braso-de-cajamar-1757535918658-1.jpg","unknown","website","2",""
"97a88063-69f5-4153-997f-a3424f785b9a","University Museum of Contemporary Art","https://muac.unam.mx/","true","https://tysnkzmljlmmqpbotkxv.supabase.co/storage/v1/object/public/travel-app-images/ChIJvUeFagsAzoURBMV2ubEDduI/ChIJvUeFagsAzoURBMV2ubEDduI_1757333059437_1.jpg","https://tysnkzmljlmmqpbotkxv.supabase.co/storage/v1/object/public/travel-app-images/website-97a88063/university-museum-of-contemporary-art-website-image-1757535927279-1.jpg","unknown","website","7",""
"2193d2f5-5d1a-4b4a-bd17-0a75412e5940","Biblioteca - Unifieo","https://www.unifieo.br/biblioteca-unifieo","false","https://tysnkzmljlmmqpbotkxv.supabase.co/storage/v1/object/public/travel-app-images/ChIJ9VZmDkT_zpQRY1sgo2BysCc/ChIJ9VZmDkT_zpQRY1sgo2BysCc_1751983478114_1.jpg","","unknown","","","No suitable images found on website"
"820e220f-5ccb-468a-8a2b-28c66e08d38f","Bragança Shopping Center","https://bragancashoppingcenter.com.br/","true","https://tysnkzmljlmmqpbotkxv.supabase.co/storage/v1/object/public/travel-app-images/ChIJGzB8cGzJzpQRvL70p9IHbJE/ChIJGzB8cGzJzpQRvL70p9IHbJE_1751414780708_1.jpg","https://tysnkzmljlmmqpbotkxv.supabase.co/storage/v1/object/public/travel-app-images/website-820e220f/bragana-shopping-center-bragana-shopping-center-1757535932635-1.jpg","unknown","website","2",""
"b3c8ba21-342a-4115-867d-de89b54f7e11","Shopping Taboão","http://www.shoppingtaboao.com.br/","true","https://tysnkzmljlmmqpbotkxv.supabase.co/storage/v1/object/public/travel-app-images/ChIJy8DFAyJUzpQRu2ipbaob6Zo/ChIJy8DFAyJUzpQRu2ipbaob6Zo_1751984182875_1.jpg","https://tysnkzmljlmmqpbotkxv.supabase.co/storage/v1/object/public/travel-app-images/website-b3c8ba21/shopping-taboo-stb48816rotativomobile-750x422-1757535932273-1.jpg","unknown","website","22",""
"7d620afc-b305-4630-a9f5-9973206c0f23","Alcaldía La Magdalena Contreras","https://mcontreras.gob.mx/","true","https://tysnkzmljlmmqpbotkxv.supabase.co/storage/v1/object/public/travel-app-images/ChIJsfDx2gv_zYUR_GMyN65ZXe0/ChIJsfDx2gv_zYUR_GMyN65ZXe0_1757333128405_1.jpg","https://tysnkzmljlmmqpbotkxv.supabase.co/storage/v1/object/public/travel-app-images/website-7d620afc/alcalda-la-magdalena-contreras-website-image-1757535938567-1.jpg","unknown","website","19",""
"0f091785-316c-480f-8488-0e13f705fe6e","Igreja Matriz Santa Terezinha - Bragança Paulista","http://www.diocesedebraganca.com.br/paroquias/51/paroquia-santa-terezinha","true","https://tysnkzmljlmmqpbotkxv.supabase.co/storage/v1/object/public/travel-app-images/ChIJDR5zc5LJzpQREwHCu937OuM/ChIJDR5zc5LJzpQREwHCu937OuM_1754648592292_1.jpg","https://tysnkzmljlmmqpbotkxv.supabase.co/storage/v1/object/public/travel-app-images/website-0f091785/igreja-matriz-santa-terezinha-bragana-paulista-website-image-1757535936979-1.jpg","unknown","website","4",""
"c50957ce-d46c-4612-b732-ae61485d2edb","Museu da Imagem e do Som de Belo Horizonte","https://prefeitura.pbh.gov.br/fundacao-municipal-de-cultura/museus/imagemesom","false","https://tysnkzmljlmmqpbotkxv.supabase.co/storage/v1/object/public/travel-app-images/ChIJMdyd5-CZpgARS5zJx92BSdQ/ChIJMdyd5-CZpgARS5zJx92BSdQ_1751579102153_1.jpg","","unknown","","","No suitable images found on website"
"6b5334bb-4f59-44b9-8d7a-bb672130ad9b","Basílica Nossa Senhora de Lourdes","http://www.nsl.org.br/","true","https://tysnkzmljlmmqpbotkxv.supabase.co/storage/v1/object/public/travel-app-images/ChIJcfLAw29-mQARLI3zODa6aDw/ChIJcfLAw29-mQARLI3zODa6aDw_1754578885562_1.jpg","https://tysnkzmljlmmqpbotkxv.supabase.co/storage/v1/object/public/travel-app-images/website-6b5334bb/baslica-nossa-senhora-de-lourdes-website-image-1757535947563-1.jpg","unknown","website","11",""
"147e6e2b-b28b-495f-a552-8f6f32bb72ff","El Laberinto de Tim Burton CDMX","https://cdmx.timburtonexhibition.com/","true","https://tysnkzmljlmmqpbotkxv.supabase.co/storage/v1/object/public/travel-app-images/ChIJPQHvJAAB0oURKtFhrT1ocKM/ChIJPQHvJAAB0oURKtFhrT1ocKM_1757333181112_1.jpg","https://tysnkzmljlmmqpbotkxv.supabase.co/storage/v1/object/public/travel-app-images/website-147e6e2b/el-laberinto-de-tim-burton-cdmx-website-image-1757535952450-1.jpg","unknown","website","21",""
"0ef5c858-ce66-431d-828f-356f85f354ad","Biblioteca Municipal de Caieiras","https://www.caieiras.sp.gov.br/hotsite/prestandoContas/?id=formPassado&obraNome=CEU_das_artes","true","https://tysnkzmljlmmqpbotkxv.supabase.co/storage/v1/object/public/travel-app-images/ChIJv29NmD7lzpQRQ3xKBfGkRyQ/ChIJv29NmD7lzpQRQ3xKBfGkRyQ_1752869261476_1.jpg","https://tysnkzmljlmmqpbotkxv.supabase.co/storage/v1/object/public/travel-app-images/website-0ef5c858/biblioteca-municipal-de-caieiras-website-image-1757535951984-1.jpg","unknown","website","2",""
"6f6e5ebe-ca5f-486e-9480-b15f444e93a1","Jardim Japonês","https://www.braganca.sp.gov.br/noticias/transformacoes-no-lago-do-taboao-inauguracao-da-ponte-japonesa-e-jardim-oriental-encanta-braganca-paulista","true","https://tysnkzmljlmmqpbotkxv.supabase.co/storage/v1/object/public/travel-app-images/ChIJN0oDUwDJzpQRgigUyP7xjno/ChIJN0oDUwDJzpQRgigUyP7xjno_1751414985160_1.jpg","https://tysnkzmljlmmqpbotkxv.supabase.co/storage/v1/object/public/travel-app-images/website-6f6e5ebe/jardim-japons-prefeitura-de-bragan231a-pauli-1757535957181-1.jpg","unknown","website","11",""
"fb70d779-d388-42aa-93de-574dc3845def","Sitiolândia","http://www.sitiolandia.com.br/","false","https://tysnkzmljlmmqpbotkxv.supabase.co/storage/v1/object/public/travel-app-images/ChIJhV0GB3_wzpQRydt9mvnXkBo/ChIJhV0GB3_wzpQRydt9mvnXkBo_1752869649757_1.jpg","","unknown","","","No suitable images found on website"
"cd7bc4f0-fb05-465e-bfe2-99ee3db1f8f3","Iglesia Metropolitana de Barcelona Betania","http://iglesiabetania.es/","true","https://tysnkzmljlmmqpbotkxv.supabase.co/storage/v1/object/public/travel-app-images/ChIJ0RvV2xOjpBIRMNoI-4DibkM/ChIJ0RvV2xOjpBIRMNoI-4DibkM_1751567386281_1.jpg","https://tysnkzmljlmmqpbotkxv.supabase.co/storage/v1/object/public/travel-app-images/website-cd7bc4f0/iglesia-metropolitana-de-barcelona-betania-background-image-1757535963227-1.jpg","unknown","website","1",""
"e222966b-1fa4-44b7-9570-7493ab5f6a8b","Área de Proteção Ambiental (APA) das Tabebuias","https://www.instagram.com/apatabebuias?igsh=NmNkbjFlY3hyOGlk","false","https://tysnkzmljlmmqpbotkxv.supabase.co/storage/v1/object/public/travel-app-images/ChIJM6Ygc2zdmwARkoG_6xg-PJU/ChIJM6Ygc2zdmwARkoG_6xg-PJU_1754503699356_1.jpg","","unknown","","","Edge function error: 500 Internal Server Error - {"error":"Failed to extract website image","details":"HTTP 429: Too Many Requests"}"
"14deca02-3baf-41a9-8138-cf192ff7a89d","Anhanguera Parque Shopping","http://www.anhanguerashopping.com.br/","true","https://tysnkzmljlmmqpbotkxv.supabase.co/storage/v1/object/public/travel-app-images/ChIJMxuS7TUdz5QRvZzXP1ev7FI/ChIJMxuS7TUdz5QRvZzXP1ev7FI_1752870505733_1.jpg","https://tysnkzmljlmmqpbotkxv.supabase.co/storage/v1/object/public/travel-app-images/website-14deca02/anhanguera-parque-shopping-rosario-1757535968488-1.jpg","unknown","website","17",""
"5c522734-0615-4a81-82a4-f879b06936d2","Huayamilpas Ecological Park","https://goo.gl/dSVEOj","true","https://tysnkzmljlmmqpbotkxv.supabase.co/storage/v1/object/public/travel-app-images/ChIJBQCsOjIAzoURSod0xTE-q0g/ChIJBQCsOjIAzoURSod0xTE-q0g_1757333674181_1.jpg","https://tysnkzmljlmmqpbotkxv.supabase.co/storage/v1/object/public/travel-app-images/website-5c522734/huayamilpas-ecological-park-buscar-1757535969387-1.jpg","unknown","website","2",""
"55beb0eb-b285-4596-b6a9-ac93137eeb94","Capela da Santa Casa de Bragança Paulista","https://catedralbragancapaulista.com.br/","true","https://tysnkzmljlmmqpbotkxv.supabase.co/storage/v1/object/public/travel-app-images/ChIJCcRcQKDJzpQRUX1mlNWqMGw/ChIJCcRcQKDJzpQRUX1mlNWqMGw_1754647537011_1.jpg","https://tysnkzmljlmmqpbotkxv.supabase.co/storage/v1/object/public/travel-app-images/website-55beb0eb/capela-da-santa-casa-de-bragana-paulista-catedral-1757535975363-1.jpg","unknown","website","31",""
"946d52ff-e2d5-4b8b-81f1-ad57c9e8d967","Capela Nossa Senhora Do Bom Parto","http://paroquiasaojosebp.com/","true","https://tysnkzmljlmmqpbotkxv.supabase.co/storage/v1/object/public/travel-app-images/ChIJG3_TA7zJzpQRFqKDzsI2Y6A/ChIJG3_TA7zJzpQRFqKDzsI2Y6A_1751415012213_1.jpg","https://tysnkzmljlmmqpbotkxv.supabase.co/storage/v1/object/public/travel-app-images/website-946d52ff/capela-nossa-senhora-do-bom-parto-website-image-1757535973649-1.jpg","unknown","website","44",""
"ba4a28f3-f5d4-4003-8f8d-7192b84fb281","Museu Histórico do Banco Bradesco","http://www.fundacaobradesco.org.br/museu/museu.asp","false","https://tysnkzmljlmmqpbotkxv.supabase.co/storage/v1/object/public/travel-app-images/ChIJcWH032f_zpQRZdYBmBmRpCc/ChIJcWH032f_zpQRZdYBmBmRpCc_1751983415542_1.jpg","","unknown","","","Edge function error: 500 Internal Server Error - {"error":"Failed to extract website image","details":"error sending request for url (http://www.fundacaobradesco.org.br/museu/museu.asp): client error (Connect): dns error: failed to lookup address information: Name or service not known: failed to lookup address information: Name or service not known"}"
"b85ddebe-f109-4b47-a87a-01848cfc0d85","Capilla San Lorenzo Mártir","https://mexicocity.cdmx.gob.mx/venues/capilla-san-lorenzo-xochimanca/?lang=es","true","https://tysnkzmljlmmqpbotkxv.supabase.co/storage/v1/object/public/travel-app-images/ChIJY_ZYEpv_0YURbLn3_EfbBOs/ChIJY_ZYEpv_0YURbLn3_EfbBOs_1757333157255_1.jpg","https://tysnkzmljlmmqpbotkxv.supabase.co/storage/v1/object/public/travel-app-images/website-b85ddebe/capilla-san-lorenzo-mrtir-sanlorenzoxochimanca-1757535990821-1.jpg","unknown","website","15",""
"0cb4175c-0cb0-426a-b41b-3f24f53bb7b7","Biblioteca Infanto Juvenil José Mauro de Vasconcelos","http://www.prefeitura.sp.gov.br/cidade/secretarias/cultura/bibliotecas/bibliotecas_bairro/bibliotecas_a_l/josemaurodevasconcelos/","true","https://tysnkzmljlmmqpbotkxv.supabase.co/storage/v1/object/public/travel-app-images/ChIJG9Er4o_1zpQRk5QvvHi-IBg/ChIJG9Er4o_1zpQRk5QvvHi-IBg_1755007516895_1.jpg","https://tysnkzmljlmmqpbotkxv.supabase.co/storage/v1/object/public/travel-app-images/website-0cb4175c/biblioteca-infanto-juvenil-jos-mauro-de-vasconcelo-gif-animado-com-fotos-de-pesso-1757535995588-1.jpg","unknown","website","5",""
"d079039f-03d0-4820-b31c-b21d8317227f","Pina Contemporânea","https://pinacoteca.org.br/","true","https://tysnkzmljlmmqpbotkxv.supabase.co/storage/v1/object/public/travel-app-images/ChIJQxRKyrZZzpQRX2wbqhZm060/ChIJQxRKyrZZzpQRX2wbqhZm060_1755015467186_1.jpg","https://tysnkzmljlmmqpbotkxv.supabase.co/storage/v1/object/public/travel-app-images/website-d079039f/pina-contempornea-flickr-governo-de-so-paulo-1757535996420-1.jpg","unknown","website","73",""
"4ed02ded-8456-4790-b34d-fd4ea3f4b07a","Camino de Ronda","https://www.tarragonaturisme.cat/ca/camins-de-tarragona","false","https://tysnkzmljlmmqpbotkxv.supabase.co/storage/v1/object/public/travel-app-images/ChIJEZRLDcT6oxIR37gcctdnwow/ChIJEZRLDcT6oxIR37gcctdnwow_1752613477238_1.jpg","","unknown","","","Edge function error: 500 Internal Server Error - {"error":"Failed to extract website image","details":"HTTP 403: Forbidden"}"
"307b7625-1037-49d5-8c81-b45b724de100","Santuário Diocesano Santo Antônio - Diocese de Franca","http://www.diocesefranca.org.br/?page_id=179","true","https://tysnkzmljlmmqpbotkxv.supabase.co/storage/v1/object/public/travel-app-images/ChIJUY42aj-msJQRQvpmgVO8Jvk/ChIJUY42aj-msJQRQvpmgVO8Jvk_1757333694240_1.jpg","https://tysnkzmljlmmqpbotkxv.supabase.co/storage/v1/object/public/travel-app-images/website-307b7625/santurio-diocesano-santo-antnio-diocese-de-franca-website-image-1757536002764-1.jpg","unknown","website","68",""
"077f8314-7670-43cf-8536-dc999d74d10f","Epcot","https://disneyworld.disney.go.com/destinations/epcot/?CMP=OKC-80007838_GM_WDW_destination_epcot_NA","false","https://tysnkzmljlmmqpbotkxv.supabase.co/storage/v1/object/public/travel-app-images/ChIJGzFs3q9_3YgRvZd1y2NSJOo/ChIJGzFs3q9_3YgRvZd1y2NSJOo_1757339753392_1.jpg","","unknown","","","No suitable images found on website"
"087d24e4-ba17-4388-96e2-10a4fde4421f","Paróquia Nossa Senhora Aparecida - Capelinha (diocese de Franca)","https://www.diocesefranca.org.br/compartilhar.php?id_conteudo=2045","true","https://tysnkzmljlmmqpbotkxv.supabase.co/storage/v1/object/public/travel-app-images/ChIJy79VchGmsJQRKRXkOE6W1k4/ChIJy79VchGmsJQRKRXkOE6W1k4_1757333705713_1.jpg","https://tysnkzmljlmmqpbotkxv.supabase.co/storage/v1/object/public/travel-app-images/website-087d24e4/parquia-nossa-senhora-aparecida-capelinha-diocese--website-image-1757536006816-1.jpg","unknown","website","1",""
"70dfb8da-0080-4022-8fd7-174f757555cf","Biblioteca Paulo Setúbal","http://www.prefeitura.sp.gov.br/cidade/secretarias/cultura/bibliotecas/bibliotecas_bairro/bibliotecas_m_z/paulosetubal/index.php?p=199","false","https://tysnkzmljlmmqpbotkxv.supabase.co/storage/v1/object/public/travel-app-images/ChIJvfitS8ddzpQRxbjeibJEiYc/ChIJvfitS8ddzpQRxbjeibJEiYc_1755012519902_1.jpg","","unknown","","","Edge function error: 500 Internal Server Error - {"error":"Failed to extract website image","details":"HTTP 404: Not Found"}"
"e9acae27-fd64-4f66-9785-cfcb494cff34","Casa de Cultura de Jacarepaguá","http://www.casadeculturajpa.com.br/","true","https://tysnkzmljlmmqpbotkxv.supabase.co/storage/v1/object/public/travel-app-images/ChIJN8NHNEnZmwARhak3HodPLUs/ChIJN8NHNEnZmwARhak3HodPLUs_1754503275498_1.jpg","https://tysnkzmljlmmqpbotkxv.supabase.co/storage/v1/object/public/travel-app-images/website-e9acae27/casa-de-cultura-de-jacarepagu-website-image-1757536012673-1.jpg","unknown","website","9",""
"6a29c369-3d6d-4a13-952a-f52d9b11f0ef","Paróquia Nossa Senhora Aparecida - Santa Margarida","https://www.facebook.com/pnsaparecidacg/","true","https://tysnkzmljlmmqpbotkxv.supabase.co/storage/v1/object/public/travel-app-images/ChIJZ9l-KX3jmwARNw4L8R_i5OA/ChIJZ9l-KX3jmwARNw4L8R_i5OA_1754500667872_1.jpg","https://tysnkzmljlmmqpbotkxv.supabase.co/storage/v1/object/public/travel-app-images/website-6a29c369/parquia-nossa-senhora-aparecida-santa-margarida-background-image-1757536017820-1.jpg","unknown","website","1",""
"97bf12aa-45ae-4862-8935-0e5e1a4e8da1","Germany Pavilion","https://disneyworld.disney.go.com/destinations/epcot/?CMP=OKC-80007905_gm_wdw_land_germanypavilion_na","false","https://tysnkzmljlmmqpbotkxv.supabase.co/storage/v1/object/public/travel-app-images/ChIJ4fIPRKZ_3YgR1_lHus8rkpU/ChIJ4fIPRKZ_3YgR1_lHus8rkpU_1757339722944_1.jpg","","unknown","","","No suitable images found on website"
"cd1cc008-04e5-4ffd-99a9-4c700e8ab9c5","Biblioteca Pública Prof . Arnaldo Magalhães Giácomo","https://www.prefeitura.sp.gov.br/cidade/secretarias/cultura/bibliotecas/bibliotecas_bairro/bibliotecas_m_z/arnaldogiacomo/","true","https://tysnkzmljlmmqpbotkxv.supabase.co/storage/v1/object/public/travel-app-images/ChIJK_eow8RezpQRQEtmI_JIH20/ChIJK_eow8RezpQRQEtmI_JIH20_1755010204135_1.jpg","https://tysnkzmljlmmqpbotkxv.supabase.co/storage/v1/object/public/travel-app-images/website-cd1cc008/biblioteca-pblica-prof-arnaldo-magalhes-gicomo-gif-animado-com-fotos-de-pesso-1757536022050-1.jpg","unknown","website","5",""
"0e171653-8248-431e-8e92-6df53112c553","Disney's Blizzard Beach Water Park","https://disneyworld.disney.go.com/parks/blizzard-beach/?CMP=OKC-80007834_GM_WDW_destination_disneysblizzardbeachwaterpark_NA","false","https://tysnkzmljlmmqpbotkxv.supabase.co/storage/v1/object/public/travel-app-images/ChIJ0Q0aNe5-3YgRcLCOHwV45FQ/ChIJ0Q0aNe5-3YgRcLCOHwV45FQ_1757339783422_1.jpg","","unknown","","","No suitable images found on website"
"7ca3d0ad-08de-47d1-9b2b-be401f29e2cf","Biblioteca Mário Schenberg","http://www.prefeitura.sp.gov.br/cidade/secretarias/cultura/bibliotecas/bibliotecas_bairro/bibliotecas_m_z/marioschenberg/","true","https://tysnkzmljlmmqpbotkxv.supabase.co/storage/v1/object/public/travel-app-images/ChIJjdneZ3r4zpQRds1q8pJwRW4/ChIJjdneZ3r4zpQRds1q8pJwRW4_1752001997565_1.jpg","https://tysnkzmljlmmqpbotkxv.supabase.co/storage/v1/object/public/travel-app-images/website-7ca3d0ad/biblioteca-mrio-schenberg-gif-animado-com-fotos-de-pesso-1757536026703-1.jpg","unknown","website","5",""
"5cedce94-b16b-45fc-a2a9-e2d48cc93d59","Disney's Animal Kingdom Theme Park","https://disneyworld.disney.go.com/destinations/animal-kingdom/?CMP=OKC-80007823_GM_WDW_destination_disneysanimalkingdomthemepark_NA","false","https://tysnkzmljlmmqpbotkxv.supabase.co/storage/v1/object/public/travel-app-images/ChIJ_eH9PaOB3YgRuz8jIkYEODQ/ChIJ_eH9PaOB3YgRuz8jIkYEODQ_1757339726514_1.jpg","","unknown","","","No suitable images found on website"
"3bda4c79-70db-4dd9-9ca4-0e889c962aea","Biblioteca Municipal Belmonte","http://www.prefeitura.sp.gov.br/cidade/secretarias/cultura/bibliotecas/biblioteca_belmonte/","true","https://tysnkzmljlmmqpbotkxv.supabase.co/storage/v1/object/public/travel-app-images/ChIJP2C4QlVQzpQRLSgen52QV-E/ChIJP2C4QlVQzpQRLSgen52QV-E_1755014500023_1.jpg","https://tysnkzmljlmmqpbotkxv.supabase.co/storage/v1/object/public/travel-app-images/website-3bda4c79/biblioteca-municipal-belmonte-gif-animado-com-fotos-de-pesso-1757536031546-1.jpg","unknown","website","5",""
"cf9d9988-5241-4595-9d10-79c01e86cc2b","Más Que Rompecabezas","http://www.masquerompecabezas.com.mx/","true","https://tysnkzmljlmmqpbotkxv.supabase.co/storage/v1/object/public/travel-app-images/ChIJFx-OATT50YURpfPs09QmsTU/ChIJFx-OATT50YURpfPs09QmsTU_1757333730771_1.jpg","https://tysnkzmljlmmqpbotkxv.supabase.co/storage/v1/object/public/travel-app-images/website-cf9d9988/ms-que-rompecabezas-panormico-snoopy-peanuts-1000p-1757536035712-1.jpg","unknown","website","2",""
"4a4fdfd9-bdfc-44d0-a6de-c5264af8ddf4","Parque Nacional Bosque de Tlalpan","https://mexicocity.cdmx.gob.mx/venues/bosque-tlalpan/?lang=es","true","https://tysnkzmljlmmqpbotkxv.supabase.co/storage/v1/object/public/travel-app-images/ChIJxb_Xhiz-zYUR545UAVU4fKs/ChIJxb_Xhiz-zYUR545UAVU4fKs_1757333195053_1.jpg","https://tysnkzmljlmmqpbotkxv.supabase.co/storage/v1/object/public/travel-app-images/website-4a4fdfd9/parque-nacional-bosque-de-tlalpan-bosquedetlalpan-1757536041898-1.jpg","unknown","website","15",""
"0057b249-2499-4f6d-aac5-e9b67a7d9a57","Castelo Mourisco - Museu da Vida Fiocruz","http://www.museudavida.fiocruz.br/","true","https://tysnkzmljlmmqpbotkxv.supabase.co/storage/v1/object/public/travel-app-images/ChIJoaaal6V-mQARN2GhWM0H4A0/ChIJoaaal6V-mQARN2GhWM0H4A0_1754505166761_1.jpg","https://tysnkzmljlmmqpbotkxv.supabase.co/storage/v1/object/public/travel-app-images/website-0057b249/castelo-mourisco-museu-da-vida-fiocruz-website-image-1757536040044-1.jpg","unknown","website","11",""
"fff141a9-0b65-43d9-a600-f4bfa05176cd","Acuario Inbursa","https://www.acuarioinbursa.com.mx/","true","https://tysnkzmljlmmqpbotkxv.supabase.co/storage/v1/object/public/travel-app-images/ChIJM_mRahoC0oURmt8R_M3udzw/ChIJM_mRahoC0oURmt8R_M3udzw_1757333740637_1.jpg","https://tysnkzmljlmmqpbotkxv.supabase.co/storage/v1/object/public/travel-app-images/website-fff141a9/acuario-inbursa-website-image-1757536047043-1.jpg","unknown","website","35",""
"9a1abe64-5c88-4147-a6b9-5408c96d4f1a","Zoo San Juan De Aragon","https://mexicocity.cdmx.gob.mx/venues/san-juan-de-aragon-zoo/?lang=es","true","https://tysnkzmljlmmqpbotkxv.supabase.co/storage/v1/object/public/travel-app-images/ChIJG_ytk8H70YUR_gOGciXfVZQ/ChIJG_ytk8H70YUR_gOGciXfVZQ_1757333211943_1.jpg","https://tysnkzmljlmmqpbotkxv.supabase.co/storage/v1/object/public/travel-app-images/website-9a1abe64/zoo-san-juan-de-aragon-zoo-san-juan-de-aragon-1757536049250-1.jpg","unknown","website","17",""
"2aa01dbc-6aa5-423b-a120-75380d32730a","Disney's Hollywood Studios","https://disneyworld.disney.go.com/destinations/hollywood-studios/?CMP=OKC-80007998_GM_WDW_destination_disneyshollywoodstudios_NA","false","https://tysnkzmljlmmqpbotkxv.supabase.co/storage/v1/object/public/travel-app-images/ChIJRx6CYyd83YgRD_HjNqPO_7s/ChIJRx6CYyd83YgRD_HjNqPO_7s_1757339756614_1.jpg","","unknown","","","No suitable images found on website"
"def23ae1-e598-454f-98e9-da2c879ebcf4","Planeta Inseto","http://www.planetainseto.com.br/","true","https://tysnkzmljlmmqpbotkxv.supabase.co/storage/v1/object/public/travel-app-images/ChIJcWlkc4xZzpQRjOPt0eOW8bg/ChIJcWlkc4xZzpQRjOPt0eOW8bg_1752002582056_1.jpg","https://tysnkzmljlmmqpbotkxv.supabase.co/storage/v1/object/public/travel-app-images/website-def23ae1/planeta-inseto-planeta-inseto-1757536057651-1.jpg","unknown","website","10",""
"c9657c0e-a6b7-4ed0-8b0b-d15a4f3d7a0f","Parroquia de Santa Teresa del Niño Jesús","http://santateresina.org/","true","https://tysnkzmljlmmqpbotkxv.supabase.co/storage/v1/object/public/travel-app-images/ChIJA-_ajpiipBIRrYKRoWu20c8/ChIJA-_ajpiipBIRrYKRoWu20c8_1751570900328_1.jpg","https://tysnkzmljlmmqpbotkxv.supabase.co/storage/v1/object/public/travel-app-images/website-c9657c0e/parroquia-de-santa-teresa-del-nio-jess-website-image-1757536067254-1.jpg","unknown","website","8",""
"5f26fa8d-c822-4dff-baf6-9426f167e53e","Prefeitura Municipal de Birigui","http://www.birigui.sp.gov.br/","false","","","unknown","","","No suitable images found on website"
"53e95578-4e6b-428c-85ab-1ee48402be81","Centre d’Art Contemporani de Barcelona - Fabra i Coats","http://www.barcelona.cat/fabraicoats/centredart/ca","false","https://tysnkzmljlmmqpbotkxv.supabase.co/storage/v1/object/public/travel-app-images/ChIJrwOBqfy9pBIRebB6JVyJ0J8/ChIJrwOBqfy9pBIRebB6JVyJ0J8_1751572642101_1.jpg","","unknown","","","No suitable images found on website"
"0ebedc46-09d6-4f9f-a63b-65d8173552d8","Museu de Santo Amaro - CETRASA","https://m.facebook.com/jcbruno1970","false","https://tysnkzmljlmmqpbotkxv.supabase.co/storage/v1/object/public/travel-app-images/ChIJ6XBkFR5RzpQRxf9SNL-tpn8/ChIJ6XBkFR5RzpQRxf9SNL-tpn8_1755014320599_1.jpg","","unknown","","","No suitable images found on website"
"8702a54c-8a76-49d6-a58d-2e1c4c49fab9","Biblioteca Pública Amadeu Amaral","http://www.prefeitura.sp.gov.br/cidade/secretarias/cultura/bibliotecas/bibliotecas_bairro/bibliotecas_a_l/amadeuamaral/","true","https://tysnkzmljlmmqpbotkxv.supabase.co/storage/v1/object/public/travel-app-images/ChIJR6maCaRbzpQRDNy8fQJMHcM/ChIJR6maCaRbzpQRDNy8fQJMHcM_1755013702420_1.jpg","https://tysnkzmljlmmqpbotkxv.supabase.co/storage/v1/object/public/travel-app-images/website-8702a54c/biblioteca-pblica-amadeu-amaral-gif-animado-com-fotos-de-pesso-1757536077337-1.jpg","unknown","website","5",""
"7df45711-d7a7-4874-a66d-8d33dd7ea16e","Disney's Typhoon Lagoon Water Park","https://disneyworld.disney.go.com/parks/typhoon-lagoon/?CMP=OKC-80007981_GM_WDW_destination_disneystyphoonlagoonwaterpark_NA","false","https://tysnkzmljlmmqpbotkxv.supabase.co/storage/v1/object/public/travel-app-images/ChIJ-cylLpl_3YgRLc_XNEh9I2I/ChIJ-cylLpl_3YgRLc_XNEh9I2I_1757339765835_1.jpg","","unknown","","","No suitable images found on website"
"c7fbdce0-fc5b-4656-b497-8bddb65a0933","Platja de la Roca Plana","https://www.tarragona.cat/mediambient/platges-tarragona/platges/platja-roca-plana","true","https://tysnkzmljlmmqpbotkxv.supabase.co/storage/v1/object/public/travel-app-images/ChIJZXdIjdz6oxIRuVqeuFXMXeo/ChIJZXdIjdz6oxIRuVqeuFXMXeo_1752613433582_1.jpg","https://tysnkzmljlmmqpbotkxv.supabase.co/storage/v1/object/public/travel-app-images/website-c7fbdce0/platja-de-la-roca-plana-platja-de-la-roca-plana-1757536084262-1.jpg","unknown","website","2",""
"ee0227ae-2d8f-4be2-afe9-2f2a74ea4baf","Centro Cultural Vila Fátima","http://portalbelohorizonte.com.br/o-que-fazer/arte-e-cultura/centros-culturais/centro-cultural-vila-fatima","true","https://tysnkzmljlmmqpbotkxv.supabase.co/storage/v1/object/public/travel-app-images/ChIJJUyEnXeZpgARir2zlpTblHA/ChIJJUyEnXeZpgARir2zlpTblHA_1751579773638_1.jpg","https://tysnkzmljlmmqpbotkxv.supabase.co/storage/v1/object/public/travel-app-images/website-ee0227ae/centro-cultural-vila-ftima-minimizar-1757536083138-1.jpg","unknown","website","2",""
"a742783b-d8bd-42bc-bbbe-443a1156f18e","Museo de Historia Natural","http://data.sedema.cdmx.gob.mx/museodehistorianatural/?view=featured","true","https://tysnkzmljlmmqpbotkxv.supabase.co/storage/v1/object/public/travel-app-images/ChIJAQAAMLMB0oURD_4FLwX5JUs/ChIJAQAAMLMB0oURD_4FLwX5JUs_1757333787497_1.jpg","https://tysnkzmljlmmqpbotkxv.supabase.co/storage/v1/object/public/travel-app-images/website-a742783b/museo-de-historia-natural-x-1757536090175-1.jpg","unknown","website","60",""
"63ce95e9-3a9c-4d4e-b3e3-230a1db74cfb","Magic Kingdom Park","https://disneyworld.disney.go.com/destinations/magic-kingdom/?CMP=OKC-80007944_GM_WDW_destination_magickingdompark_NA","false","https://tysnkzmljlmmqpbotkxv.supabase.co/storage/v1/object/public/travel-app-images/ChIJgUulalN-3YgRGoTaWM2LawY/ChIJgUulalN-3YgRGoTaWM2LawY_1757339780013_1.jpg","","unknown","","","No suitable images found on website"
"6ba39177-a126-4581-b8d5-b371891f1678","Biblioteca Pública Municipal Menotti Del Picchia","http://www.prefeitura.sp.gov.br/cidade/secretarias/cultura/bibliotecas/bibliotecas_bairro/bibliotecas_m_z/menottidelpicchia/","true","https://tysnkzmljlmmqpbotkxv.supabase.co/storage/v1/object/public/travel-app-images/ChIJ_95IACf4zpQRlY0K0xsb3AM/ChIJ_95IACf4zpQRlY0K0xsb3AM_1752002005493_1.jpg","https://tysnkzmljlmmqpbotkxv.supabase.co/storage/v1/object/public/travel-app-images/website-6ba39177/biblioteca-pblica-municipal-menotti-del-picchia-gif-animado-com-fotos-de-pesso-1757536094286-1.jpg","unknown","website","5",""
"57d18d4e-b3ed-47e4-b5e4-cb84f2a71cbc","Parroquia de Nuestra Señora de las Nieves","http://sanpablo.oratorio.mx/nieves","true","https://tysnkzmljlmmqpbotkxv.supabase.co/storage/v1/object/public/travel-app-images/ChIJ4cEQpUkAzoURnxKN0P3JLIw/ChIJ4cEQpUkAzoURnxKN0P3JLIw_1757333798174_1.jpg","https://tysnkzmljlmmqpbotkxv.supabase.co/storage/v1/object/public/travel-app-images/website-57d18d4e/parroquia-de-nuestra-seora-de-las-nieves-website-image-1757536097868-1.jpg","unknown","website","1",""
"e93bdcf7-04e0-4525-9dcb-8a6170346800","Pete's Silly Sideshow","https://disneyworld.disney.go.com/entertainment/magic-kingdom/character-meet-goofy-donald/","false","https://tysnkzmljlmmqpbotkxv.supabase.co/storage/v1/object/public/travel-app-images/ChIJj7lPVJiA54gRVXkkaGYUApw/ChIJj7lPVJiA54gRVXkkaGYUApw_1757339786388_1.jpg","","unknown","","","No suitable images found on website"
"8ffe0455-6470-43c8-8d20-443edcb747f1","Santuário Nossa Senhora do Rosário de Fátima","http://www.fatima.com.br/","true","https://tysnkzmljlmmqpbotkxv.supabase.co/storage/v1/object/public/travel-app-images/ChIJc6xfwJJXzpQRxV7b0kiBAHk/ChIJc6xfwJJXzpQRxV7b0kiBAHk_1752002483314_1.jpg","https://tysnkzmljlmmqpbotkxv.supabase.co/storage/v1/object/public/travel-app-images/website-8ffe0455/santurio-nossa-senhora-do-rosrio-de-ftima-histria-1757536102304-1.jpg","unknown","website","9",""
"3026d657-7cc0-4310-bd24-fc57c810e7e5","Borboletário","https://www.museucatavento.org.br/borboletario","true","https://tysnkzmljlmmqpbotkxv.supabase.co/storage/v1/object/public/travel-app-images/ChIJeZ6r4j5ZzpQRqCwBsUhP7Qo/ChIJeZ6r4j5ZzpQRqCwBsUhP7Qo_1755010207093_1.jpg","https://tysnkzmljlmmqpbotkxv.supabase.co/storage/v1/object/public/travel-app-images/website-3026d657/borboletrio-website-image-1757536106499-1.jpg","unknown","website","13",""
"cb875aa8-a9e8-4d5b-8cf9-82a1038b11da","Fundació Ramon Pla Armengol","http://www.fundacion-rpa.org/","true","https://tysnkzmljlmmqpbotkxv.supabase.co/storage/v1/object/public/travel-app-images/ChIJmVMAAsyipBIRX1VpzA4GgGQ/ChIJmVMAAsyipBIRX1VpzA4GgGQ_1751571851786_1.jpg","https://tysnkzmljlmmqpbotkxv.supabase.co/storage/v1/object/public/travel-app-images/website-cb875aa8/fundaci-ramon-pla-armengol-fundacio-ramon-pla-1757536111816-1.jpg","unknown","website","8",""
"cce8ae82-e83b-4dc8-9e74-e1c78f4e6e5c","St Anne's Church Shandon Bells & Tower","http://www.shandonbells.ie/","true","https://tysnkzmljlmmqpbotkxv.supabase.co/storage/v1/object/public/travel-app-images/ChIJa-Q4yROQREgRItI8gT19Zd4/ChIJa-Q4yROQREgRItI8gT19Zd4_1753985831413_1.jpg","https://tysnkzmljlmmqpbotkxv.supabase.co/storage/v1/object/public/travel-app-images/website-cce8ae82/st-annes-church-shandon-bells-tower-introimg1-1757536120364-1.jpg","unknown","website","33",""
"2ae88908-8096-4f37-bd52-64261d5952ba","Enchanted Tales with Belle","https://disneyworld.disney.go.com/?CMP=OKC-16767276_GM_WDW_attraction_enchantedtaleswithbelle_NA","false","https://tysnkzmljlmmqpbotkxv.supabase.co/storage/v1/object/public/travel-app-images/ChIJZ7MGh5iA54gRhuLYyb1122g/ChIJZ7MGh5iA54gRhuLYyb1122g_1757339791365_1.jpg","","unknown","","","No suitable images found on website"
"ba3aad9a-fef0-4781-bf24-cd8745919d42","Cantareira Norte Shopping","https://cantareiranorteshopping.com.br/","true","https://tysnkzmljlmmqpbotkxv.supabase.co/storage/v1/object/public/travel-app-images/ChIJhVVeQsf7zpQRUZMEo2SRa5E/ChIJhVVeQsf7zpQRUZMEo2SRa5E_1752000201240_1.jpg","https://tysnkzmljlmmqpbotkxv.supabase.co/storage/v1/object/public/travel-app-images/website-ba3aad9a/cantareira-norte-shopping-website-image-1757536125278-1.jpg","unknown","website","2",""
"bd8dfabf-3265-42d3-82a2-a12742dc3c3d","Parque Cemucam","http://www.prefeitura.sp.gov.br/cidade/secretarias/meio_ambiente/parques/regiao_centrooeste/index.php?p=5735","true","https://tysnkzmljlmmqpbotkxv.supabase.co/storage/v1/object/public/travel-app-images/ChIJ39qnNeiqz5QRuYl1NOU5wKo/ChIJ39qnNeiqz5QRuYl1NOU5wKo_1751979068528_1.jpg","https://tysnkzmljlmmqpbotkxv.supabase.co/storage/v1/object/public/travel-app-images/website-bd8dfabf/parque-cemucam-gif-animado-com-fotos-de-pesso-1757536124953-1.jpg","unknown","website","7",""
"bef3b2e8-f936-4c96-b4bc-dc3fa8c9d537","Plaza Ermita Iztapalapa","https://plazaermitaiztapalapa.com/","true","https://tysnkzmljlmmqpbotkxv.supabase.co/storage/v1/object/public/travel-app-images/ChIJo5tEeVb90YURXv5k-EN-iQ8/ChIJo5tEeVb90YURXv5k-EN-iQ8_1757333825034_1.jpg","https://tysnkzmljlmmqpbotkxv.supabase.co/storage/v1/object/public/travel-app-images/website-bef3b2e8/plaza-ermita-iztapalapa-website-image-1757536133327-1.jpg","unknown","website","46",""
"38c5498d-a869-4a5e-b335-c7b99f47fa94","Museu Nacional - UFRJ","https://www.museunacional.ufrj.br/","false","https://tysnkzmljlmmqpbotkxv.supabase.co/storage/v1/object/public/travel-app-images/ChIJr7eFoFh-mQAR44zTM6npEU0/ChIJr7eFoFh-mQAR44zTM6npEU0_1754578584563_1.jpg","","unknown","","","Edge function error: 500 Internal Server Error - {"error":"Failed to extract website image","details":"error sending request for url (https://www.museunacional.ufrj.br/): client error (Connect): invalid peer certificate: UnknownIssuer"}"
"190f2eae-d81d-466c-9fc2-92ea1eb9461b","Americas Park","https://mexicocity.cdmx.gob.mx/venues/american-park/?lang=es","true","https://tysnkzmljlmmqpbotkxv.supabase.co/storage/v1/object/public/travel-app-images/ChIJD36OyAMC0oURyOoKOgrd20Q/ChIJD36OyAMC0oURyOoKOgrd20Q_1757333827837_1.jpg","https://tysnkzmljlmmqpbotkxv.supabase.co/storage/v1/object/public/travel-app-images/website-190f2eae/americas-park-parque-america-1757536139888-1.jpg","unknown","website","15",""
"40d7d7b6-6b12-4b48-b185-94b900fcb559","Museu da Bíblia (MuBi)","https://sbb.org.br/museu-da-biblia/","true","https://tysnkzmljlmmqpbotkxv.supabase.co/storage/v1/object/public/travel-app-images/ChIJ-ynAA8oDz5QRBFAnrV0sGLU/ChIJ-ynAA8oDz5QRBFAnrV0sGLU_1751974574968_1.jpg","https://tysnkzmljlmmqpbotkxv.supabase.co/storage/v1/object/public/travel-app-images/website-40d7d7b6/museu-da-bblia-mubi-website-image-1757536138339-1.jpg","unknown","website","14",""
"46f130c2-97ce-4492-aa53-bdd32e264dd9","Italy Pavilion","https://disneyworld.disney.go.com/destinations/epcot/?CMP=OKC-80007891_YX_WDW_land_ItalyPavilion_NA","false","https://tysnkzmljlmmqpbotkxv.supabase.co/storage/v1/object/public/travel-app-images/ChIJ3TFuL6Z_3YgRK9u67-BaoUU/ChIJ3TFuL6Z_3YgRK9u67-BaoUU_1757339794602_1.jpg","","unknown","","","No suitable images found on website"
"22f76b54-8d6e-4a40-869a-66e9b5596eef","Jedi Training: Trials of the Temple - Temporarily Unavailable","https://disneyworld.disney.go.com/entertainment/hollywood-studios/star-wars-jedi-training/","false","https://tysnkzmljlmmqpbotkxv.supabase.co/storage/v1/object/public/travel-app-images/ChIJa8WXjgJ_3YgR5-7hIZlVBfg/ChIJa8WXjgJ_3YgR5-7hIZlVBfg_1757339797967_1.jpg","","unknown","","","No suitable images found on website"
"01e4cb9d-9b07-4010-854b-14eef2f25b6c","Museo Grífols","https://www.grifols.com/es/grifols-museum","false","https://tysnkzmljlmmqpbotkxv.supabase.co/storage/v1/object/public/travel-app-images/ChIJtYhhTxCYpBIRPo50dfK-qWM/ChIJtYhhTxCYpBIRPo50dfK-qWM_1751574594131_1.jpg","","unknown","","","Edge function error: 500 Internal Server Error - {"error":"Failed to extract website image","details":"error reading a body from connection"}"
"676bd25b-0a10-4207-b2d9-468c14d2a1f1","Casa del Agua de Trinitat Nova","https://meet.barcelona.cat/ca/descobreix-barcelona/districtes/nou-barris/casa-de-laigua","false","https://tysnkzmljlmmqpbotkxv.supabase.co/storage/v1/object/public/travel-app-images/ChIJ143CWvy8pBIRGPEdRNZMSjo/ChIJ143CWvy8pBIRGPEdRNZMSjo_1751573061181_1.jpg","","unknown","","","No suitable images found on website"
"c1e32b54-5855-4d1d-86ff-a9587cd5634a","The American Adventure","https://disneyworld.disney.go.com/attractions/epcot/american-adventure/?CMP=OKC-80010200_GM_wdw_attraction_americanadventure_NA","false","https://tysnkzmljlmmqpbotkxv.supabase.co/storage/v1/object/public/travel-app-images/ChIJ9yUGh6h_3YgRIAoc7kLnXl4/ChIJ9yUGh6h_3YgRIAoc7kLnXl4_1757339800936_1.jpg","","unknown","","","No suitable images found on website"
"0d94a6db-5c34-4cbf-8afe-3740f2e92ef2","USF - Campus Bragança Paulista","http://www.usf.edu.br/","true","https://tysnkzmljlmmqpbotkxv.supabase.co/storage/v1/object/public/travel-app-images/ChIJvYQyJFNYzpQRvFayVWk1p7E/ChIJvYQyJFNYzpQRvFayVWk1p7E_1751415056301_1.jpg","https://tysnkzmljlmmqpbotkxv.supabase.co/storage/v1/object/public/travel-app-images/website-0d94a6db/usf-campus-bragana-paulista-handtalk-1757536154467-1.jpg","unknown","website","21",""
"66638dce-d2e0-40f0-8c1c-c9901644a792","Bourbon Shopping São Paulo","https://www.bourbonshopping.com.br/","false","https://tysnkzmljlmmqpbotkxv.supabase.co/storage/v1/object/public/travel-app-images/ChIJcwFkvOJXzpQRHtSx5FGIHXg/ChIJcwFkvOJXzpQRHtSx5FGIHXg_1752002023374_1.jpg","","unknown","","","No suitable images found on website"
"6deed306-2273-4fb5-a1aa-2b3d234798d5","Tibet-Butler Nature Preserve","http://www.ocfl.net/CultureParks/Parks.aspx?m=dtlvw&d=39#.V98YyZMrKHo","true","https://tysnkzmljlmmqpbotkxv.supabase.co/storage/v1/object/public/travel-app-images/ChIJURXbZf1654gR-X1CGPuo0kI/ChIJURXbZf1654gR-X1CGPuo0kI_1757339804414_1.jpg","https://tysnkzmljlmmqpbotkxv.supabase.co/storage/v1/object/public/travel-app-images/website-6deed306/tibetbutler-nature-preserve-tibetbutler-preserve-1757536160101-1.jpg","unknown","website","6",""
"5bb1bdb0-f310-44fb-9198-434de3632d39","Cala Fonda","https://www.tarragonaturisme.cat/ca/platja/platja-de-larbocar","false","https://tysnkzmljlmmqpbotkxv.supabase.co/storage/v1/object/public/travel-app-images/ChIJIaeM5Lz6oxIRMd9TIHQV56E/ChIJIaeM5Lz6oxIRMd9TIHQV56E_1752613497212_1.jpg","","unknown","","","Edge function error: 500 Internal Server Error - {"error":"Failed to extract website image","details":"HTTP 403: Forbidden"}"
"6af72a4c-e5eb-4387-a1d2-a6feecfa6cea","Buzz Lightyear's Space Ranger Spin","https://disneyworld.disney.go.com/parks/magic-kingdom/attractions/buzz-lightyears-space-ranger-spin/?CMP=OKC-80010114_GM_WDW_attraction_buzzlightyearsspacerangerspin_NA","false","https://tysnkzmljlmmqpbotkxv.supabase.co/storage/v1/object/public/travel-app-images/ChIJZUpWLZ-A54gRSXZE8ElEfHk/ChIJZUpWLZ-A54gRSXZE8ElEfHk_1757339821173_1.jpg","","unknown","","","No suitable images found on website"
"914d6bc8-4ce8-4164-a8a8-2147ad3a1759","Under the Sea - Journey of The Little Mermaid","https://disneyworld.disney.go.com/attractions/magic-kingdom/under-the-sea-journey-of-the-little-mermaid/?CMP=OKC-16767263_GM_WDW_attraction_undertheseajourneyofthelittlemermaid_NA","false","https://tysnkzmljlmmqpbotkxv.supabase.co/storage/v1/object/public/travel-app-images/ChIJQyte9piA54gRpAA8j7Qe2pk/ChIJQyte9piA54gRpAA8j7Qe2pk_1757339814834_1.jpg","","unknown","","","No suitable images found on website"
"d66ba582-5565-4a89-afaa-a900208fd58d","Orla Rio","http://www.orlario.com.br/","true","https://tysnkzmljlmmqpbotkxv.supabase.co/storage/v1/object/public/travel-app-images/ChIJeTCOSNbQmwARG-WVEzRM-g0/ChIJeTCOSNbQmwARG-WVEzRM-g0_1754506557928_1.jpg","https://tysnkzmljlmmqpbotkxv.supabase.co/storage/v1/object/public/travel-app-images/website-d66ba582/orla-rio-website-image-1757536168926-1.jpg","unknown","website","69",""
"545d4ea7-afbf-4ce1-aa47-a166e01ae4cf","IPN library Zacatenco","http://www.ipn.mx/bibliotecas-publicaciones/","true","https://tysnkzmljlmmqpbotkxv.supabase.co/storage/v1/object/public/travel-app-images/ChIJDUg6ZLr50YURJOl2o1iwLOY/ChIJDUg6ZLr50YURJOl2o1iwLOY_1757333861919_1.jpg","https://tysnkzmljlmmqpbotkxv.supabase.co/storage/v1/object/public/travel-app-images/website-545d4ea7/ipn-library-zacatenco-website-image-1757536175622-1.jpg","unknown","website","33",""
"84c378e8-63b8-47d4-9286-596b85befce9","Cablebús Linea 2","https://www.ste.cdmx.gob.mx/cablebus/cb-l2","false","https://tysnkzmljlmmqpbotkxv.supabase.co/storage/v1/object/public/travel-app-images/ChIJl7hG81_90YURGwsyVHNhno4/ChIJl7hG81_90YURGwsyVHNhno4_1757333867658_1.jpg","","unknown","","","Edge function error: 500 Internal Server Error - {"error":"Failed to extract website image","details":"error sending request for url (https://www.ste.cdmx.gob.mx/cablebus/cb-l2): client error (Connect): tcp connect error: Connection timed out (os error 110): Connection timed out (os error 110)"}"
"aa0f2ae1-c00c-4b0c-8e2e-5f66f265e86e","Italian Cultural Institute","https://iicmessico.esteri.it/es/","true","https://tysnkzmljlmmqpbotkxv.supabase.co/storage/v1/object/public/travel-app-images/ChIJA5mctML_0YURw3xoEYq41Y8/ChIJA5mctML_0YURw3xoEYq41Y8_1757333874630_1.jpg","https://tysnkzmljlmmqpbotkxv.supabase.co/storage/v1/object/public/travel-app-images/website-aa0f2ae1/italian-cultural-institute-premio-de-traduccin-8211-003-1757536313990-1.jpg","unknown","website","7",""
"e55be412-43ce-4ceb-9ae0-5b35b69cb802","Prince Charming Regal Carrousel","https://disneyworld.disney.go.com/attractions/magic-kingdom/prince-charming-regal-carrousel/?CMP=OKC-80010117_GM_WDW_attraction_princecharmingregalcarrousel_NA","false","https://tysnkzmljlmmqpbotkxv.supabase.co/storage/v1/object/public/travel-app-images/ChIJBcNOmZiA54gRDgYiCCi748U/ChIJBcNOmZiA54gRDgYiCCi748U_1757339818214_1.jpg","","unknown","","","No suitable images found on website"
"dcc1ee74-dd08-49af-ba6f-88fd23061fb2","Morocco Gallery of Arts and History","https://disneyworld.disney.go.com/attractions/epcot/gallery-arts-and-history/","false","https://tysnkzmljlmmqpbotkxv.supabase.co/storage/v1/object/public/travel-app-images/ChIJ62TcKBp_3YgRhpAu45TSPY4/ChIJ62TcKBp_3YgRhpAu45TSPY4_1757340220166_1.jpg","","unknown","","","No suitable images found on website"
"4f2cece6-c478-400e-af2e-c5ca75add2dc","Gods of the Vikings","https://disneyparks.disney.go.com/blog/2011/05/one-of-the-few-life-size-sculptures-at-walt-disney-world-pays-tribute-to-famed-marathoner/","true","https://tysnkzmljlmmqpbotkxv.supabase.co/storage/v1/object/public/travel-app-images/ChIJh81mUXt_3YgRzmlq5PdpgRo/ChIJh81mUXt_3YgRzmlq5PdpgRo_1757340230716_1.jpg","https://tysnkzmljlmmqpbotkxv.supabase.co/storage/v1/object/public/travel-app-images/website-4f2cece6/gods-of-the-vikings-website-image-1757536320046-1.jpg","unknown","website","51",""
"097593d3-ea6e-49db-a12b-843b8bd8fa57","Stave Church","https://disneyworld.disney.go.com/attractions/epcot/stave-church-gallery/","false","https://tysnkzmljlmmqpbotkxv.supabase.co/storage/v1/object/public/travel-app-images/ChIJgzx7mJt_3YgRzuLfZiIjTtw/ChIJgzx7mJt_3YgRzuLfZiIjTtw_1757340227063_1.jpg","","unknown","","","No suitable images found on website"
"478f8287-e640-4376-b305-6dddba57f907","Museo de los Ferrocarrileros","https://cultura.cdmx.gob.mx/recintos/mf","false","https://tysnkzmljlmmqpbotkxv.supabase.co/storage/v1/object/public/travel-app-images/ChIJ5xY48Z350YURhLTdU3_KgJs/ChIJ5xY48Z350YURhLTdU3_KgJs_1757333890118_1.jpg","","unknown","","","Edge function error: 500 Internal Server Error - {"error":"Failed to extract website image","details":"error sending request for url (https://cultura.cdmx.gob.mx/recintos/mf): client error (Connect): tcp connect error: Connection timed out (os error 110): Connection timed out (os error 110)"}"
"2c23e475-b4de-4e1e-8e15-a33e7d14bd98","Ever Tape Plaza La Aguilita","https://mexicocity.cdmx.gob.mx/venues/plaza-la-aguilita/?lang=es","true","https://tysnkzmljlmmqpbotkxv.supabase.co/storage/v1/object/public/travel-app-images/ChIJAWEeXcn-0YURT9zbe9cSLn0/ChIJAWEeXcn-0YURT9zbe9cSLn0_1757333901786_1.jpg","https://tysnkzmljlmmqpbotkxv.supabase.co/storage/v1/object/public/travel-app-images/website-2c23e475/ever-tape-plaza-la-aguilita-website-image-1757536461494-1.jpg","unknown","website","15",""
"9e220084-e548-4dba-b403-5ecdc2dbdde1","Plaza Manuel Tolsá","https://mexicocity.cdmx.gob.mx/venues/manuel-tolsa-square/?lang=es","true","https://tysnkzmljlmmqpbotkxv.supabase.co/storage/v1/object/public/travel-app-images/ChIJ_eNHfSz50YUR_PeSZhaiYF0/ChIJ_eNHfSz50YUR_PeSZhaiYF0_1757333922497_1.jpg","https://tysnkzmljlmmqpbotkxv.supabase.co/storage/v1/object/public/travel-app-images/website-9e220084/plaza-manuel-tols-manue-tolsa-square-1757536461469-1.jpg","unknown","website","15",""
"8025acde-f2f0-47f1-9a3f-a2b18fd29ab8","Iglesia Ortodoxa Rusa","https://www.orthodoxbarcelona.com/raspisanie-bogosluzhenij-2/","true","https://tysnkzmljlmmqpbotkxv.supabase.co/storage/v1/object/public/travel-app-images/ChIJ12kKJaiipBIRur65wk1vbTg/ChIJ12kKJaiipBIRur65wk1vbTg_1751574969222_1.jpg","https://tysnkzmljlmmqpbotkxv.supabase.co/storage/v1/object/public/travel-app-images/website-8025acde/iglesia-ortodoxa-rusa-website-image-1757536467769-1.jpg","unknown","website","2",""
"45260712-3c69-4fdc-8d91-d7937b83a7c2","Museo del Caracol","http://www.caracol.inah.gob.mx/","true","https://tysnkzmljlmmqpbotkxv.supabase.co/storage/v1/object/public/travel-app-images/ChIJmVP0CVr_0YURmK4FtqQ4H58/ChIJmVP0CVr_0YURmK4FtqQ4H58_1757333928761_1.jpg","https://tysnkzmljlmmqpbotkxv.supabase.co/storage/v1/object/public/travel-app-images/website-45260712/museo-del-caracol-indexphpcomponentcontentarticl-1757536471808-1.jpg","unknown","website","8",""
"38832f0d-ffa0-452c-b2d9-9e98eb30a8fd","American Heritage Gallery","https://disneyworld.disney.go.com/attractions/epcot/american-heritage-gallery/","false","https://tysnkzmljlmmqpbotkxv.supabase.co/storage/v1/object/public/travel-app-images/ChIJbYLSiKh_3YgRKz7BYlO-Ioc/ChIJbYLSiKh_3YgRKz7BYlO-Ioc_1757340238188_1.jpg","","unknown","","","No suitable images found on website"
"55eaa8d1-22e2-405d-ae4b-9741f6e1389e","Paróquia Santa Teresa de Jesus","https://paroquiasantateresa.com.br/a","true","https://tysnkzmljlmmqpbotkxv.supabase.co/storage/v1/object/public/travel-app-images/ChIJ8ansMl1XzpQRXYSldw4Q-0k/ChIJ8ansMl1XzpQRXYSldw4Q-0k_1755016835146_1.jpg","https://tysnkzmljlmmqpbotkxv.supabase.co/storage/v1/object/public/travel-app-images/website-55eaa8d1/parquia-santa-teresa-de-jesus-francoisgerardsttheresadetail-1757536478049-1.jpg","unknown","website","9",""
"4a7d8de8-e6ef-4a65-a79b-f99449221616","The Campsites at Disney's Fort Wilderness Resort","https://disneyworld.disney.go.com/resorts/campsites-at-fort-wilderness-resort/?CMP=OKC-80010392_GM_WDW_resort_thecampsitesatdisneysfortwildernessresort_NA","true","https://tysnkzmljlmmqpbotkxv.supabase.co/storage/v1/object/public/travel-app-images/ChIJbzICDpZ_3YgRzTeBUOLFXio/ChIJbzICDpZ_3YgRzTeBUOLFXio_1757340244940_1.jpg","https://tysnkzmljlmmqpbotkxv.supabase.co/storage/v1/object/public/travel-app-images/website-4a7d8de8/the-campsites-at-disneys-fort-wilderness-resort-nibus-e-carrinho-eltrico-no-di-1757536484958-1.jpg","unknown","website","4",""
"da8ff9b8-4871-4fc7-8839-edbb45b10efa","Paróquia Nossa Senhora Aparecida de Moema","https://www.instagram.com/aparecidamoema","false","https://tysnkzmljlmmqpbotkxv.supabase.co/storage/v1/object/public/travel-app-images/ChIJNTabMgVazpQRQnDg-NLPlEg/ChIJNTabMgVazpQRQnDg-NLPlEg_1755016802429_1.jpg","","unknown","","","Edge function error: 500 Internal Server Error - {"error":"Failed to extract website image","details":"HTTP 429: Too Many Requests"}"
"21112970-58e0-46b8-8dd6-70f6e8efefdb","Paróquia Nossa Senhora De Guadalupe","https://dcl.org.br/paroquias/paroquia-nossa-senhora-de-guadalupe-2","false","https://tysnkzmljlmmqpbotkxv.supabase.co/storage/v1/object/public/travel-app-images/ChIJqZjgEJ5NzpQRjpL_3l5ad48/ChIJqZjgEJ5NzpQRjpL_3l5ad48_1755017909540_1.jpg","","unknown","","","Edge function error: 500 Internal Server Error - {"error":"Failed to extract website image","details":"Failed to download image: 400 Bad Request"}"
"8e0c7982-04a3-4df6-b8b8-88262d67dfdd","Templo del Sagrado Corazón de Jesús","https://tibidabo.salesianos.edu/","true","https://tysnkzmljlmmqpbotkxv.supabase.co/storage/v1/object/public/travel-app-images/ChIJ49HRYSeYpBIRx9Wy6bIuJQE/ChIJ49HRYSeYpBIRx9Wy6bIuJQE_1751574550780_1.jpg","https://tysnkzmljlmmqpbotkxv.supabase.co/storage/v1/object/public/travel-app-images/website-8e0c7982/templo-del-sagrado-corazn-de-jess-catal-1757536492771-1.jpg","unknown","website","22",""
"cb5640d1-2f20-4727-957e-a7927ae13305","Parque La Mexicana","https://parquelamexicana.mx/","true","https://tysnkzmljlmmqpbotkxv.supabase.co/storage/v1/object/public/travel-app-images/ChIJGZFPH7YA0oUR0s5BIBOhGus/ChIJGZFPH7YA0oUR0s5BIBOhGus_1757333218058_1.jpg","https://tysnkzmljlmmqpbotkxv.supabase.co/storage/v1/object/public/travel-app-images/website-cb5640d1/parque-la-mexicana-cmo-funciona-la-fotosntesis-1757536498069-1.jpg","unknown","website","119",""
"ed8b19ff-2402-4d80-9fa7-6fa3ba08fb2d","Paróquia Nossa Senhora da Conceição do Engenho Novo","https://www.instagram.com/pns__conceicao/","false","https://tysnkzmljlmmqpbotkxv.supabase.co/storage/v1/object/public/travel-app-images/ChIJKXs6uM59mQARxAOLJ_-oCLw/ChIJKXs6uM59mQARxAOLJ_-oCLw_1754578889209_1.jpg","","unknown","","","Edge function error: 500 Internal Server Error - {"error":"Failed to extract website image","details":"HTTP 429: Too Many Requests"}"
"3f150625-ba90-41dd-96d2-b0da088ec649","Jardim de Lineu","http://www.ibot.sp.gov.br/","true","https://tysnkzmljlmmqpbotkxv.supabase.co/storage/v1/object/public/travel-app-images/ChIJp9IvFBhbzpQRZh6woi7H9FE/ChIJp9IvFBhbzpQRZh6woi7H9FE_1755013928326_1.jpg","https://tysnkzmljlmmqpbotkxv.supabase.co/storage/v1/object/public/travel-app-images/website-3f150625/jardim-de-lineu-website-image-1757536501797-1.jpg","unknown","website","1",""
"0b7463e5-dc31-4203-b7b6-18d994d74e15","Walt Disney World Dolphin Resort","http://www.swandolphin.com/","true","https://tysnkzmljlmmqpbotkxv.supabase.co/storage/v1/object/public/travel-app-images/ChIJgUulalN-3YgREwn9nH_kADI/ChIJgUulalN-3YgREwn9nH_kADI_1757340256651_1.jpg","https://tysnkzmljlmmqpbotkxv.supabase.co/storage/v1/object/public/travel-app-images/website-0b7463e5/walt-disney-world-dolphin-resort-website-image-1757536503433-1.jpg","unknown","website","27",""
"0648584c-92a9-4cef-83ed-a37497b41fd8","Zoológico Los Coyotes","https://mexicocity.cdmx.gob.mx/venues/los-coyotes-zoo/?lang=es","true","https://tysnkzmljlmmqpbotkxv.supabase.co/storage/v1/object/public/travel-app-images/ChIJQ8Am9uoBzoURbb9JdFtzXxc/ChIJQ8Am9uoBzoURbb9JdFtzXxc_1757333224348_1.jpg","https://tysnkzmljlmmqpbotkxv.supabase.co/storage/v1/object/public/travel-app-images/website-0648584c/zoolgico-los-coyotes-website-image-1757536510242-1.jpg","unknown","website","15",""
"d962ee18-21d1-4413-95a7-0b347a42381c","Paróquia Nossa Senhora de Fátima","http://www.arquisp.org.br/regiaoipiranga/paroquias/paroquia-nossa-senhora-de-fatima/matriz-paroquial-nossa-senhora-de-fatima","false","https://tysnkzmljlmmqpbotkxv.supabase.co/storage/v1/object/public/travel-app-images/ChIJS82rFFxbzpQRvsZ7TIsKAgc/ChIJS82rFFxbzpQRvsZ7TIsKAgc_1755013936571_1.jpg","","unknown","","","Edge function error: 500 Internal Server Error - {"error":"Failed to extract website image","details":"HTTP 404: Not Found"}"
"84c0d2c8-c76b-4c93-8768-cf93b2d3465f","Kilimanjaro Safaris","https://disneyworld.disney.go.com/attractions/animal-kingdom/kilimanjaro-safaris/?CMP=OKC-80010157_GM_WDW_attraction_kilimanjarosafaris_NA","false","https://tysnkzmljlmmqpbotkxv.supabase.co/storage/v1/object/public/travel-app-images/ChIJtQUfHTZ-3YgRv9J7_vqwuHY/ChIJtQUfHTZ-3YgRv9J7_vqwuHY_1757340250707_1.jpg","","unknown","","","No suitable images found on website"
"a8d60380-2182-4d88-92b8-352c153194bf","Centro Cultural Elena Garro","https://www.educal.com.mx/elenagarro/","false","https://tysnkzmljlmmqpbotkxv.supabase.co/storage/v1/object/public/travel-app-images/ChIJuX1Hxtr_0YUR-vXtj7o8QiU/ChIJuX1Hxtr_0YUR-vXtj7o8QiU_1757333227579_1.jpg","","unknown","","","Edge function error: 500 Internal Server Error - {"error":"Failed to extract website image","details":"error sending request for url (https://www.educal.com.mx/elenagarro/): client error (Connect): dns error: failed to lookup address information: Temporary failure in name resolution: failed to lookup address information: Temporary failure in name resolution"}"
"ae2a523b-749e-43bc-9cc4-ed84733ab1af","Paróquia Nossa Senhora de Fátima (Veleiros)","http://diocesedesantoamaro.org.br/paroquias-da-diocese-de-santo-amaro/paroquia-nossa-senhora-de-fatima-2/","true","https://tysnkzmljlmmqpbotkxv.supabase.co/storage/v1/object/public/travel-app-images/ChIJ-75VMi1QzpQRTWRfx4hjNbs/ChIJ-75VMi1QzpQRTWRfx4hjNbs_1755017770593_1.jpg","https://tysnkzmljlmmqpbotkxv.supabase.co/storage/v1/object/public/travel-app-images/website-ae2a523b/parquia-nossa-senhora-de-ftima-veleiros-diocese-de-santo-amaro-1757536529012-1.jpg","unknown","website","5",""
"8010f9c9-56dc-40b2-9f45-f98a4a8b5845","Capilla de la Tercera Orden, Xochimilco","https://mexicocity.cdmx.gob.mx/venues/chapel-of-the-third-order-xochimilco/?lang=es","true","https://tysnkzmljlmmqpbotkxv.supabase.co/storage/v1/object/public/travel-app-images/ChIJL63MW7wBzoURBh2gFSA_cho/ChIJL63MW7wBzoURBh2gFSA_cho_1757333976744_1.jpg","https://tysnkzmljlmmqpbotkxv.supabase.co/storage/v1/object/public/travel-app-images/website-8010f9c9/capilla-de-la-tercera-orden-xochimilco-capilladelaterceraorden-xochim-1757536530387-1.jpg","unknown","website","17",""
"bf3f8d0d-13d2-47a6-be1d-f28fb0632592","West Beach Park","http://www.ocfl.net/CultureParks/Parks.aspx?m=dtlvw&d=56","true","https://tysnkzmljlmmqpbotkxv.supabase.co/storage/v1/object/public/travel-app-images/ChIJiZ9hPhaA54gRljBaWokEW5c/ChIJiZ9hPhaA54gRljBaWokEW5c_1757340253466_1.jpg","https://tysnkzmljlmmqpbotkxv.supabase.co/storage/v1/object/public/travel-app-images/website-bf3f8d0d/west-beach-park-west-beach-park-1757536536550-1.jpg","unknown","website","8",""
"63bd5941-c6b0-43a1-a4b1-492707602dce","Estação Gourmet Jarinu: Restaurante e Pizzaria","http://www.estacaogourmet.com.br/","true","https://tysnkzmljlmmqpbotkxv.supabase.co/storage/v1/object/public/travel-app-images/ChIJbWPT1mrazpQRpgREPVCODbg/ChIJbWPT1mrazpQRpgREPVCODbg_1754419543814_1.jpg","https://tysnkzmljlmmqpbotkxv.supabase.co/storage/v1/object/public/travel-app-images/website-63bd5941/estao-gourmet-jarinu-restaurante-e-pizzaria-barratitulojpg-1757536535105-1.jpg","unknown","website","21",""
"a23327f0-2b58-4507-ac54-a61023d7e53f","Soorp Haroutiun Armenian Church","http://www.armenianchurchorlando.org/","true","https://tysnkzmljlmmqpbotkxv.supabase.co/storage/v1/object/public/travel-app-images/ChIJ-wJmwhWA54gRHevTRMKW-L8/ChIJ-wJmwhWA54gRHevTRMKW-L8_1757340259976_1.jpg","https://tysnkzmljlmmqpbotkxv.supabase.co/storage/v1/object/public/travel-app-images/website-a23327f0/soorp-haroutiun-armenian-church-website-image-1757536543911-1.jpg","unknown","website","1",""
"501c00b9-86b1-4c25-81dd-853525bf52f2","Parque Tezontle","http://www.parquetezontle.com.mx/","true","https://tysnkzmljlmmqpbotkxv.supabase.co/storage/v1/object/public/travel-app-images/ChIJdx51RQb90YURhxsNfVjNCxI/ChIJdx51RQb90YURhxsNfVjNCxI_1757333274124_1.jpg","https://tysnkzmljlmmqpbotkxv.supabase.co/storage/v1/object/public/travel-app-images/website-501c00b9/parque-tezontle-website-image-1757536543844-1.jpg","unknown","website","13",""
"5be86262-e5ce-4742-a15e-511c17787d6d","Paróquia Santo Antônio","https://www.instagram.com/paroquiadolimao/","false","https://tysnkzmljlmmqpbotkxv.supabase.co/storage/v1/object/public/travel-app-images/ChIJyaG74x74zpQReR9Itlb4RyA/ChIJyaG74x74zpQReR9Itlb4RyA_1755015277992_1.jpg","","unknown","","","Edge function error: 500 Internal Server Error - {"error":"Failed to extract website image","details":"HTTP 429: Too Many Requests"}"
"b361cf95-9618-4509-a98a-3e8b9713bf5e","Chemistry Library","http://bibliotecaquimica.cinvestav.mx/","true","https://tysnkzmljlmmqpbotkxv.supabase.co/storage/v1/object/public/travel-app-images/ChIJayP0PMT50YURuCFBiy7Efmk/ChIJayP0PMT50YURuCFBiy7Efmk_1757333287612_1.jpg","https://tysnkzmljlmmqpbotkxv.supabase.co/storage/v1/object/public/travel-app-images/website-b361cf95/chemistry-library-website-image-1757536552066-1.jpg","unknown","website","5",""
"d8f36604-eb85-403b-97b2-048f4888091f","Walt Disney World® Resort","https://disneyworld.disney.go.com/?CMP=OKC-80007798_GM_WDW_destination_waltdisneyworldresort_NA","false","https://tysnkzmljlmmqpbotkxv.supabase.co/storage/v1/object/public/travel-app-images/ChIJ96XKNOZ-3YgRoPEc0B85Hqc/ChIJ96XKNOZ-3YgRoPEc0B85Hqc_1757340267062_1.jpg","","unknown","","","No suitable images found on website"
"ccd7fde4-34f4-43a3-8afc-fda183f3ce94","Kartódromo Granja Viana","https://kartodromogranjaviana.com.br/","true","https://tysnkzmljlmmqpbotkxv.supabase.co/storage/v1/object/public/travel-app-images/ChIJR11cfMWqz5QRDR6cN0LGNrk/ChIJR11cfMWqz5QRDR6cN0LGNrk_1751979372744_1.jpg","https://tysnkzmljlmmqpbotkxv.supabase.co/storage/v1/object/public/travel-app-images/website-ccd7fde4/kartdromo-granja-viana-novo-kgvpositivo-1757536558706-1.jpg","unknown","website","18",""
"cb72fcbf-9ecd-47c8-814e-eb901fa508be","Stage 7","https://www.instagram.com/reel/CuSrWipJPWD/?igsh=MWo3enc4YzM2b25hag==","false","https://tysnkzmljlmmqpbotkxv.supabase.co/storage/v1/object/public/travel-app-images/ChIJGe7GAGHjzpQRKjQsmW90guE/ChIJGe7GAGHjzpQRKjQsmW90guE_1752869199732_1.jpg","","unknown","","","No suitable images found on website"
"1773caac-9327-4afc-bf16-8ea44d4c17e9","Paróquia São Benedito - Matriz - Diocese de Franca","https://diocesefranca.org.br/?menu=noticia_detalhe&id=2580","true","https://tysnkzmljlmmqpbotkxv.supabase.co/storage/v1/object/public/travel-app-images/ChIJ5_8321mmsJQRHZyCRKFhqsQ/ChIJ5_8321mmsJQRHZyCRKFhqsQ_1757334009632_1.jpg","https://tysnkzmljlmmqpbotkxv.supabase.co/storage/v1/object/public/travel-app-images/website-1773caac/parquia-so-benedito-matriz-diocese-de-franca-website-image-1757536564693-1.jpg","unknown","website","10",""
"f0e72151-d1b5-4a3f-bc05-82dd396fae64","Lesser Flamingo Exhibit","https://disneyworld.disney.go.com/destinations/animal-kingdom/","false","https://tysnkzmljlmmqpbotkxv.supabase.co/storage/v1/object/public/travel-app-images/ChIJFV8mvY9-3YgRMUcaJVy0QRY/ChIJFV8mvY9-3YgRMUcaJVy0QRY_1757340263624_1.jpg","","unknown","","","No suitable images found on website"
"f5fa0b32-7bef-4cae-999c-f8067b351564","Pirates of the Caribbean","https://disneyworld.disney.go.com/attractions/magic-kingdom/pirates-of-the-caribbean/?CMP=OKC-80010177_GM_WDW_attraction_piratesofthecaribbean_NA","false","https://tysnkzmljlmmqpbotkxv.supabase.co/storage/v1/object/public/travel-app-images/ChIJAeGceKGA54gRqIsR7JQ9o74/ChIJAeGceKGA54gRqIsR7JQ9o74_1757340270467_1.jpg","","unknown","","","No suitable images found on website"
"d30b11f0-ac98-4ccb-afad-93498a4f0670","Parroquia Coronación de Santa María de Guadalupe","https://www.facebook.com/parroquiacoronacion/","true","https://tysnkzmljlmmqpbotkxv.supabase.co/storage/v1/object/public/travel-app-images/ChIJxeiytUb_0YUR9nRw9nklv7c/ChIJxeiytUb_0YUR9nRw9nklv7c_1757333323673_1.jpg","https://tysnkzmljlmmqpbotkxv.supabase.co/storage/v1/object/public/travel-app-images/website-d30b11f0/parroquia-coronacin-de-santa-mara-de-guadalupe-background-image-1757536572950-1.jpg","unknown","website","1",""
"6c12e6fa-bb7c-42a2-b614-98821350444d","Tomorrowland Speedway","https://disneyworld.disney.go.com/attractions/magic-kingdom/tomorrowland-speedway/?CMP=OKC-80010222_GM_WDW_attraction_tomorrowlandspeedway_NA","false","https://tysnkzmljlmmqpbotkxv.supabase.co/storage/v1/object/public/travel-app-images/ChIJVcSF3JiA54gRNoBKKEeG8Xs/ChIJVcSF3JiA54gRNoBKKEeG8Xs_1757340273669_1.jpg","","unknown","","","No suitable images found on website"
"09fd7e32-2774-45b6-b07c-4dcd95306c5d","Pabellón Polanco","http://www.pabellonpolanco.com.mx/","false","https://tysnkzmljlmmqpbotkxv.supabase.co/storage/v1/object/public/travel-app-images/ChIJf3YDMx8C0oURT6rZNsM-6tU/ChIJf3YDMx8C0oURT6rZNsM-6tU_1757333352476_1.jpg","","unknown","","","Edge function error: 500 Internal Server Error - {"error":"Failed to extract website image","details":"error sending request for url (https://www.pabellonpolanco.com.mx/): client error (Connect): invalid peer certificate: NotValidForName"}"
"971d4f23-440d-4394-ac09-13694111909c","Cultural Centre Indianilla Station","https://sic.cultura.gob.mx/ficha.php?table=centro_cultural&table_id=1677","true","https://tysnkzmljlmmqpbotkxv.supabase.co/storage/v1/object/public/travel-app-images/ChIJGSj6zij_0YURSNMoHOLYQgE/ChIJGSj6zij_0YURSNMoHOLYQgE_1757333338403_1.jpg","https://tysnkzmljlmmqpbotkxv.supabase.co/storage/v1/object/public/travel-app-images/website-971d4f23/cultural-centre-indianilla-station-imagen0-1757536578710-1.jpg","unknown","website","2",""
"f6c93ff5-b998-4774-8af6-2a21d1a4d725","Dumbo the Flying Elephant","https://disneyworld.disney.go.com/attractions/magic-kingdom/dumbo-the-flying-elephant/?CMP=OKC-80010129_GM_WDW_attraction_dumbotheflyingelephant_NA","false","https://tysnkzmljlmmqpbotkxv.supabase.co/storage/v1/object/public/travel-app-images/ChIJ5_yC4piA54gRrWHqMU7NZ4E/ChIJ5_yC4piA54gRrWHqMU7NZ4E_1757340277515_1.jpg","","unknown","","","No suitable images found on website"
"b8513f25-0b8c-4e54-8841-cb1096d8f80e","Capilla de la Inmaculada Concepción, Salto del Agua","https://www.facebook.com/FSSP.CDMX","true","https://tysnkzmljlmmqpbotkxv.supabase.co/storage/v1/object/public/travel-app-images/ChIJcwZWmdb-0YUR0uDsmRyxSew/ChIJcwZWmdb-0YUR0uDsmRyxSew_1757334055914_1.jpg","https://tysnkzmljlmmqpbotkxv.supabase.co/storage/v1/object/public/travel-app-images/website-b8513f25/capilla-de-la-inmaculada-concepcin-salto-del-agua-background-image-1757536583493-1.jpg","unknown","website","1",""
"d2656ee6-d7dd-4e5e-a858-b50f58ab6f17","Diego Rivera Mural Museum","https://inba.gob.mx/recinto/46/museo-mural-diego-rivera","true","https://tysnkzmljlmmqpbotkxv.supabase.co/storage/v1/object/public/travel-app-images/ChIJY2WVmNX40YUReN3PtV1PvGQ/ChIJY2WVmNX40YUReN3PtV1PvGQ_1757333375206_1.jpg","https://tysnkzmljlmmqpbotkxv.supabase.co/storage/v1/object/public/travel-app-images/website-d2656ee6/diego-rivera-mural-museum-museo-mural-diego-rivera-1757536590062-1.jpg","unknown","website","3",""
"bacde052-527d-4ea0-a5a5-a3c2c63df7c9","Territorio Capitán","https://capitanes.mx/","true","https://tysnkzmljlmmqpbotkxv.supabase.co/storage/v1/object/public/travel-app-images/ChIJEfcjamz50YURsZ3PrLnaBok/ChIJEfcjamz50YURsZ3PrLnaBok_1757334080769_1.jpg","https://tysnkzmljlmmqpbotkxv.supabase.co/storage/v1/object/public/travel-app-images/website-bacde052/territorio-capitn-header-nota-webcalendario-1757536590647-1.jpg","unknown","website","24",""
"6fd4bdda-3ba5-431d-b448-69188b689547","Santana Parque Shopping","http://www.partagesantana.com.br/","true","https://tysnkzmljlmmqpbotkxv.supabase.co/storage/v1/object/public/travel-app-images/ChIJzYBViaT3zpQR4qdH7YZnkNk/ChIJzYBViaT3zpQR4qdH7YZnkNk_1752000210508_1.jpg","https://tysnkzmljlmmqpbotkxv.supabase.co/storage/v1/object/public/travel-app-images/website-6fd4bdda/santana-parque-shopping-website-image-1757536596390-1.jpg","unknown","website","2",""
"1d90cbf6-db63-4b0b-82a3-35f7e1502583","Mirante da Pedra Grande","https://florestacantareira.urbiapass.com.br/","false","https://tysnkzmljlmmqpbotkxv.supabase.co/storage/v1/object/public/travel-app-images/ChIJi56yCyv3zpQRAS0WBcLS2B4/ChIJi56yCyv3zpQRAS0WBcLS2B4_1755007188268_1.jpg","","unknown","","","No suitable images found on website"
"b31d68f3-ecf7-4085-b25a-67e3ca281477","Tomorrowland Transit Authority PeopleMover","https://disneyworld.disney.go.com/attractions/magic-kingdom/tomorrowland-transit-authority-peoplemover/?CMP=OKC-80010224_GM_WDW_attraction_tomorrowlandtransitauthoritypeoplemover_NA","false","https://tysnkzmljlmmqpbotkxv.supabase.co/storage/v1/object/public/travel-app-images/ChIJ29ec1JiA54gROAzuCa5tUNc/ChIJ29ec1JiA54gROAzuCa5tUNc_1757340284767_1.jpg","","unknown","","","No suitable images found on website"
"15807e7f-b538-4041-a16b-9ec4cffb0b86","Óscar Roman Gallery, Art & Design","https://www.galeriaoscarroman.mx/","true","https://tysnkzmljlmmqpbotkxv.supabase.co/storage/v1/object/public/travel-app-images/ChIJj_Ym4_gB0oURSnSZumlmScE/ChIJj_Ym4_gB0oURSnSZumlmScE_1757333348789_1.jpg","https://tysnkzmljlmmqpbotkxv.supabase.co/storage/v1/object/public/travel-app-images/website-15807e7f/scar-roman-gallery-art-design-background-image-1757536601062-1.jpg","unknown","website","1",""
"947abaff-8ddb-459d-91d3-010cfdce5b9f","MUNAVI (Museo Nacional de la Vivienda","http://munavi.mx/","false","https://tysnkzmljlmmqpbotkxv.supabase.co/storage/v1/object/public/travel-app-images/ChIJPZ0pMG7_0YURtIMZk1CrgAc/ChIJPZ0pMG7_0YURtIMZk1CrgAc_1757333355828_1.jpg","","unknown","","","Edge function error: 500 Internal Server Error - {"error":"Failed to extract website image","details":"HTTP 403: Forbidden"}"
"fc336a22-1e1a-4e73-9676-e7c1024d6051","Astro Orbiter","https://disneyworld.disney.go.com/attractions/magic-kingdom/astro-orbiter/?CMP=OKC-80010107_GM_WDW_attraction_astroorbiter_NA","false","https://tysnkzmljlmmqpbotkxv.supabase.co/storage/v1/object/public/travel-app-images/ChIJPaSvyJiA54gRbNp1Q1aG0A8/ChIJPaSvyJiA54gRbNp1Q1aG0A8_1757340281207_1.jpg","","unknown","","","No suitable images found on website"
"ab24fb81-f761-4a26-b5c5-06b9b59b32cc","Seminario Ana Sanders","http://www.annasanders.org/","true","https://tysnkzmljlmmqpbotkxv.supabase.co/storage/v1/object/public/travel-app-images/ChIJG_h6tbT-0YURGth18VRsKbU/ChIJG_h6tbT-0YURGth18VRsKbU_1757334096560_1.jpg","https://tysnkzmljlmmqpbotkxv.supabase.co/storage/v1/object/public/travel-app-images/website-ab24fb81/seminario-ana-sanders-proceso300x600-1757536610694-1.jpg","unknown","website","1",""
"17a2fe35-6d7b-401e-980c-d328eaddd76e","Pablo Goebel Fine Arts","http://pgfinearts.com/","true","https://tysnkzmljlmmqpbotkxv.supabase.co/storage/v1/object/public/travel-app-images/ChIJefGejqv40YURMBGYLvi12p0/ChIJefGejqv40YURMBGYLvi12p0_1757333362391_1.jpg","https://tysnkzmljlmmqpbotkxv.supabase.co/storage/v1/object/public/travel-app-images/website-17a2fe35/pablo-goebel-fine-arts-pgfinearts-toledo-1757536609342-1.jpg","unknown","website","1",""
"f1702aa2-4890-4eb3-9508-8316761d39fa","Santuário Jesus Misericordioso (Forania Varginha - Diocese de Santo Amaro)","https://diocesedesantoamaro.org.br/paroquias-da-diocese-de-santo-amaro/santuario-jesus-misericordioso/","true","https://tysnkzmljlmmqpbotkxv.supabase.co/storage/v1/object/public/travel-app-images/ChIJL0gVrNBOzpQRCUeq09BM8mk/ChIJL0gVrNBOzpQRCUeq09BM8mk_1755019228337_1.jpg","https://tysnkzmljlmmqpbotkxv.supabase.co/storage/v1/object/public/travel-app-images/website-f1702aa2/santurio-jesus-misericordioso-forania-varginha-dio-diocese-de-santo-amaro-1757536615641-1.jpg","unknown","website","4",""
"46f22aab-a4a5-44be-ac69-d4ec8233e652","Santuário São Judas Tadeu","http://saojudas.org.br/","true","https://tysnkzmljlmmqpbotkxv.supabase.co/storage/v1/object/public/travel-app-images/ChIJ5a8IEFhazpQR0zX3Lw9h3b0/ChIJ5a8IEFhazpQR0zX3Lw9h3b0_1755014157258_1.jpg","https://tysnkzmljlmmqpbotkxv.supabase.co/storage/v1/object/public/travel-app-images/website-46f22aab/santurio-so-judas-tadeu-whatsapp-image-20250818-at-100-1757536615823-1.06","unknown","website","32",""
"f0512309-4d0c-4ba3-ab60-ecd91b83cc96","Museu Biológico","https://butantan.gov.br/atracoes/museu-biologico","false","https://tysnkzmljlmmqpbotkxv.supabase.co/storage/v1/object/public/travel-app-images/ChIJ___Pi09WzpQRZ5Kr4tU9lDQ/ChIJ___Pi09WzpQRZ5Kr4tU9lDQ_1752000658338_1.jpg","","unknown","","","Edge function error: 500 Internal Server Error - {"error":"Failed to extract website image","details":"HTTP 403: Forbidden"}"
"f7aaae98-8156-4b2d-b60b-f8d0d3cef691","Senhor do Vale Park","https://www.prefeitura.sp.gov.br/cidade/secretarias/meio_ambiente/parques/regiao_norte/index.php?p=47104","true","https://tysnkzmljlmmqpbotkxv.supabase.co/storage/v1/object/public/travel-app-images/ChIJ2_1C65H7zpQRBMeO-akfG8M/ChIJ2_1C65H7zpQRBMeO-akfG8M_1752000090775_1.jpg","https://tysnkzmljlmmqpbotkxv.supabase.co/storage/v1/object/public/travel-app-images/website-f7aaae98/senhor-do-vale-park-gif-animado-com-fotos-de-pesso-1757536620045-1.jpg","unknown","website","7",""
"d505e231-565f-431d-a0eb-0b31127c10a7","Federal Real Estate Heritage Center","http://www.gob.mx/indaabin","true","https://tysnkzmljlmmqpbotkxv.supabase.co/storage/v1/object/public/travel-app-images/ChIJOzE2ru__0YURBNssIvn6KbQ/ChIJOzE2ru__0YURBNssIvn6KbQ_1757333452628_1.jpg","https://tysnkzmljlmmqpbotkxv.supabase.co/storage/v1/object/public/travel-app-images/website-d505e231/federal-real-estate-heritage-center-buscar-1757536626176-1.jpg","unknown","website","1",""
"79f3400a-9748-45d7-b968-82d9235816a7","Regina Coeli parish","https://www.facebook.com/ParroquiaReginaCoeliDF/","true","https://tysnkzmljlmmqpbotkxv.supabase.co/storage/v1/object/public/travel-app-images/ChIJQdMft97-0YURTo_Mz8uU4jM/ChIJQdMft97-0YURTo_Mz8uU4jM_1757334106596_1.jpg","https://tysnkzmljlmmqpbotkxv.supabase.co/storage/v1/object/public/travel-app-images/website-79f3400a/regina-coeli-parish-background-image-1757536624370-1.jpg","unknown","website","1",""
"ad23f17e-1dba-4c18-94de-996a76dfecc4","Flamingo Crossings Town Center","http://www.flamingocrossings.com/","true","https://tysnkzmljlmmqpbotkxv.supabase.co/storage/v1/object/public/travel-app-images/ChIJnZpWvDd93YgRgFVYdo4lZ0o/ChIJnZpWvDd93YgRgFVYdo4lZ0o_1757340300881_1.jpg","https://tysnkzmljlmmqpbotkxv.supabase.co/storage/v1/object/public/travel-app-images/website-ad23f17e/flamingo-crossings-town-center-showcase-of-different-dishes-i-1757536631573-1.jpg","unknown","website","22",""
"c84af27b-3026-422b-ad62-854360b191d5","Parroquia de Nuestra Señora de Guadalupe","https://www.facebook.com/Gpetizapan/","true","https://tysnkzmljlmmqpbotkxv.supabase.co/storage/v1/object/public/travel-app-images/ChIJBa9gawgA0oURcT7TZhvJB-k/ChIJBa9gawgA0oURcT7TZhvJB-k_1757333384536_1.jpg","https://tysnkzmljlmmqpbotkxv.supabase.co/storage/v1/object/public/travel-app-images/website-c84af27b/parroquia-de-nuestra-seora-de-guadalupe-background-image-1757536630582-1.jpg","unknown","website","1",""
"f6807ec4-2ac8-49f0-9e06-c71ae2cf2f84","Museu do Relógio Prof. Dimas de Melo Pimenta.","https://www.dimep.com.br/cms/museu-do-relogio","false","https://tysnkzmljlmmqpbotkxv.supabase.co/storage/v1/object/public/travel-app-images/ChIJGasc6LX4zpQRYVe7YvtWqTs/ChIJGasc6LX4zpQRYVe7YvtWqTs_1752000711076_1.jpg","","unknown","","","Edge function error: 500 Internal Server Error - {"error":"Failed to extract website image","details":"Failed to download image: 400 Bad Request"}"
"554748bc-785a-4b4e-8852-f26e9854f7f1","Discovery Cove","https://discoverycove.com/orlando?utm_source=google&utm_medium=organic&utm_campaign=gbp_listing","true","https://tysnkzmljlmmqpbotkxv.supabase.co/storage/v1/object/public/travel-app-images/ChIJM3CugoKA3YgRV1x2KktePi0/ChIJM3CugoKA3YgRV1x2KktePi0_1757342767049_1.jpg","https://tysnkzmljlmmqpbotkxv.supabase.co/storage/v1/object/public/travel-app-images/website-554748bc/discovery-cove-discovery-cove-included-during-1757536637675-1.jpg","unknown","website","32",""
"85f4b73d-1418-4947-8746-a978ac39ce2d","Christ Church","http://christchurch.mx/","false","https://tysnkzmljlmmqpbotkxv.supabase.co/storage/v1/object/public/travel-app-images/ChIJe3BA-fMB0oURtztNE3Ba7Eo/ChIJe3BA-fMB0oURtztNE3Ba7Eo_1757334125579_1.jpg","","unknown","","","No suitable images found on website"
"1fbfd552-f1ef-401c-9da7-8a98e4ab0dd9","SeaWorld Orlando","https://seaworld.com/orlando/?utm_source=google&utm_medium=organic&utm_campaign=gbp_listing","true","https://tysnkzmljlmmqpbotkxv.supabase.co/storage/v1/object/public/travel-app-images/ChIJfyPWjCh-54gR1SvWozmef5k/ChIJfyPWjCh-54gR1SvWozmef5k_1757342758287_1.jpg","https://tysnkzmljlmmqpbotkxv.supabase.co/storage/v1/object/public/travel-app-images/website-1fbfd552/seaworld-orlando-flash-sale-1757536643544-1.jpg","unknown","website","26",""
"5d30df06-2d9b-4e05-89dc-b2fd7ba945ef","Disney Springs","https://www.disneysprings.com/?CMP=OKC-10460_GM_WDW_destination_disneysprings_NA","false","https://tysnkzmljlmmqpbotkxv.supabase.co/storage/v1/object/public/travel-app-images/ChIJ-0qgNoF_3YgRg3Lh7xHDooU/ChIJ-0qgNoF_3YgRg3Lh7xHDooU_1757342764536_1.jpg","","unknown","","","No suitable images found on website"
"dc6f1923-9d37-48f7-ba07-737912ea8a64","Estadio Ciudad de los Deportes","https://estadiocdd.com/","true","https://tysnkzmljlmmqpbotkxv.supabase.co/storage/v1/object/public/travel-app-images/ChIJu_WbZ53_0YURJKUxXtIlvOk/ChIJu_WbZ53_0YURJKUxXtIlvOk_1757333422137_1.jpg","https://tysnkzmljlmmqpbotkxv.supabase.co/storage/v1/object/public/travel-app-images/website-dc6f1923/estadio-ciudad-de-los-deportes-website-image-1757536651609-1.jpg","unknown","website","17",""
"3b24946c-0a41-4e26-b364-e957f5b3b318","Paróquia Sagrado Coração de Jesus","http://www.paroquiascj.com.br/","false","https://tysnkzmljlmmqpbotkxv.supabase.co/storage/v1/object/public/travel-app-images/ChIJn8OGGb5QzpQRt0z7RFwE1r0/ChIJn8OGGb5QzpQRt0z7RFwE1r0_1755014166669_1.jpg","","unknown","","","No suitable images found on website"
"38c2a3f4-bdca-402c-a773-392897a2ac77","Papalote Museo del Niño","https://www.papalote.org.mx/","true","https://tysnkzmljlmmqpbotkxv.supabase.co/storage/v1/object/public/travel-app-images/ChIJAW6mReEB0oURfai5Fj_zJO8/ChIJAW6mReEB0oURfai5Fj_zJO8_1757333439392_1.jpg","https://tysnkzmljlmmqpbotkxv.supabase.co/storage/v1/object/public/travel-app-images/website-38c2a3f4/papalote-museo-del-nio-website-image-1757536658176-1.jpg","unknown","website","43",""
"1f040990-db63-40e7-9c5e-4062355b88d9","Paróquia São Francisco de Assis","http://www.paroquiavila.com.br/","true","https://tysnkzmljlmmqpbotkxv.supabase.co/storage/v1/object/public/travel-app-images/ChIJEzYOzyNazpQRBarAT3hmZPk/ChIJEzYOzyNazpQRBarAT3hmZPk_1755016630018_1.jpg","https://tysnkzmljlmmqpbotkxv.supabase.co/storage/v1/object/public/travel-app-images/website-1f040990/parquia-so-francisco-de-assis-horario-missas-01-junho-2025-1757536662459-1.jpg","unknown","website","61",""
"3be273d1-03a8-4782-8048-654559492968","Universal Islands of Adventure","https://www.universalorlando.com/web/en/us/theme-parks/islands-of-adventure","false","https://tysnkzmljlmmqpbotkxv.supabase.co/storage/v1/object/public/travel-app-images/ChIJvRBCrN9-54gR84ltVW4FZBM/ChIJvRBCrN9-54gR84ltVW4FZBM_1757342761497_1.jpg","","unknown","","","No suitable images found on website"
"8943f3c8-6279-4db4-a692-bb765dc1ad7a","Parroquia de San Agustín de las Cuevas","https://www.facebook.com/profile.php?id=100088267585154","true","https://tysnkzmljlmmqpbotkxv.supabase.co/storage/v1/object/public/travel-app-images/ChIJb1SUPvUAzoURLclZ-xGSdXg/ChIJb1SUPvUAzoURLclZ-xGSdXg_1757333445828_1.jpg","https://tysnkzmljlmmqpbotkxv.supabase.co/storage/v1/object/public/travel-app-images/website-8943f3c8/parroquia-de-san-agustn-de-las-cuevas-background-image-1757536668145-1.jpg","unknown","website","1",""
"59d6972b-5a5c-43ba-b6ce-723e0b58bb5f","Parroquia Maria Reina","http://www.facebook.com/PARROQUIAMR/","false","https://tysnkzmljlmmqpbotkxv.supabase.co/storage/v1/object/public/travel-app-images/ChIJ_____3P_zYURIIIFagetRis/ChIJ_____3P_zYURIIIFagetRis_1757334168118_1.jpg","","unknown","","","No suitable images found on website"
"96efb784-906b-41fb-be01-2cb76169c6b8","Parroquia Francesa - Cristo Resucitado y Nuestra Señora de Lourdes","https://pfrmex.org/","true","https://tysnkzmljlmmqpbotkxv.supabase.co/storage/v1/object/public/travel-app-images/ChIJ5_a8Nh8C0oURiYrDI5rn5sM/ChIJ5_a8Nh8C0oURiYrDI5rn5sM_1757333462213_1.jpg","https://tysnkzmljlmmqpbotkxv.supabase.co/storage/v1/object/public/travel-app-images/website-96efb784/parroquia-francesa-cristo-resucitado-y-nuestra-seo-website-image-1757536674673-1.jpg","unknown","website","6",""
"73021a27-b95c-4b5a-ab1a-c96022365f1f","Pietra gallery","http://www.pietragallery.com/","true","https://tysnkzmljlmmqpbotkxv.supabase.co/storage/v1/object/public/travel-app-images/ChIJMV85P1X_0YURAIGjsPWtaDE/ChIJMV85P1X_0YURAIGjsPWtaDE_1757333485146_1.jpg","https://tysnkzmljlmmqpbotkxv.supabase.co/storage/v1/object/public/travel-app-images/website-73021a27/pietra-gallery-website-image-1757536680057-1.jpg","unknown","website","2",""
"635bf8d0-7ccd-4149-b980-23e3b4f343bd","Parroquia de la Preciosa Sangre de Cuautepec","https://www.facebook.com/parroquiapreciosangrecuautepec/?locale=es_LA","true","https://tysnkzmljlmmqpbotkxv.supabase.co/storage/v1/object/public/travel-app-images/ChIJ5eeVDQ730YURj_m0_8pdWKk/ChIJ5eeVDQ730YURj_m0_8pdWKk_1757334177371_1.jpg","https://tysnkzmljlmmqpbotkxv.supabase.co/storage/v1/object/public/travel-app-images/website-635bf8d0/parroquia-de-la-preciosa-sangre-de-cuautepec-background-image-1757536684844-1.jpg","unknown","website","1",""
"89d6b11d-3b05-4ead-a917-6bc71345ca8b","Parque Frida Kahlo","https://mexicocity.cdmx.gob.mx/venues/frida-kahlo-park/?lang=es","true","https://tysnkzmljlmmqpbotkxv.supabase.co/storage/v1/object/public/travel-app-images/ChIJJeV299r_0YURAWwYCP9ev60/ChIJJeV299r_0YURAWwYCP9ev60_1757333491677_1.jpg","https://tysnkzmljlmmqpbotkxv.supabase.co/storage/v1/object/public/travel-app-images/website-89d6b11d/parque-frida-kahlo-parquefridakahlo-1757536686501-1.jpg","unknown","website","15",""
"12294d3f-1c80-4997-90b0-ae3de76e5907","Parroquia de San José de los Obreros","https://www.facebook.com/SanJoseDeLosObrerosMJ/#","true","https://tysnkzmljlmmqpbotkxv.supabase.co/storage/v1/object/public/travel-app-images/ChIJh-KVKdz-0YUR0B98L86KKQ0/ChIJh-KVKdz-0YUR0B98L86KKQ0_1757333533991_1.jpg","https://tysnkzmljlmmqpbotkxv.supabase.co/storage/v1/object/public/travel-app-images/website-12294d3f/parroquia-de-san-jos-de-los-obreros-background-image-1757536691577-1.jpg","unknown","website","1",""
"4caa8819-f22f-45e7-a3b7-c436b68864cb","Aztlán Parque Urbano","https://www.aztlanparqueurbano.com/","false","https://tysnkzmljlmmqpbotkxv.supabase.co/storage/v1/object/public/travel-app-images/ChIJdxYOXbwB0oURtaD4wBVxcT0/ChIJdxYOXbwB0oURtaD4wBVxcT0_1757333501895_1.jpg","","unknown","","","No suitable images found on website"
"f7e5f3a3-94e9-4632-b8c2-8194cde4a066","Parroquia de San Sebastián Mártir de Tecoloxtitlán","https://www.facebook.com/SanSebastianTecoloxtitlanOficial","true","https://tysnkzmljlmmqpbotkxv.supabase.co/storage/v1/object/public/travel-app-images/ChIJHZ_Hqk790YURP8VlVjZA6hY/ChIJHZ_Hqk790YURP8VlVjZA6hY_1757333590955_1.jpg","https://tysnkzmljlmmqpbotkxv.supabase.co/storage/v1/object/public/travel-app-images/website-f7e5f3a3/parroquia-de-san-sebastin-mrtir-de-tecoloxtitln-background-image-1757536695974-1.jpg","unknown","website","1",""
"9d217cd3-9618-4898-a5e7-d217932ce432","Parroquia San Judas Tadeo Apóstol","https://www.facebook.com/SanJudasOficial/","true","https://tysnkzmljlmmqpbotkxv.supabase.co/storage/v1/object/public/travel-app-images/ChIJ8cgPSwb50YURR5D7bn-KIsQ/ChIJ8cgPSwb50YURR5D7bn-KIsQ_1757333625612_1.jpg","https://tysnkzmljlmmqpbotkxv.supabase.co/storage/v1/object/public/travel-app-images/website-9d217cd3/parroquia-san-judas-tadeo-apstol-background-image-1757536696173-1.jpg","unknown","website","1",""
"8a7052ef-29d0-434c-b3aa-5667cad6c62d","Gatorland","https://www.gatorland.com/","true","https://tysnkzmljlmmqpbotkxv.supabase.co/storage/v1/object/public/travel-app-images/ChIJ9RHZGx6H3YgRnWVYIWsHNPM/ChIJ9RHZGx6H3YgRnWVYIWsHNPM_1757342769568_1.jpg","https://tysnkzmljlmmqpbotkxv.supabase.co/storage/v1/object/public/travel-app-images/website-8a7052ef/gatorland-buy-tickets-1757536702406-1.jpg","unknown","website","23",""
"ff31b5db-71ff-43b9-8cbb-98d14fcf55d4","Titanic: The Artifact Exhibition","http://titanicorlando.com/","true","https://tysnkzmljlmmqpbotkxv.supabase.co/storage/v1/object/public/travel-app-images/ChIJccEtMv5-54gR8KdmGMChKtk/ChIJccEtMv5-54gR8KdmGMChKtk_1757342774794_1.jpg","https://tysnkzmljlmmqpbotkxv.supabase.co/storage/v1/object/public/travel-app-images/website-ff31b5db/titanic-the-artifact-exhibition-flourish800-2-1757536701182-1.jpg","unknown","website","44",""
"6dfe3050-1cb1-4afb-b620-d8993dd602b9","Espacio Escultórico UNAM","http://www.cultura.unam.mx/?tp=articulo&id=1989&ac=mostrar&Itemid=103&ct=0","true","https://tysnkzmljlmmqpbotkxv.supabase.co/storage/v1/object/public/travel-app-images/ChIJrcalMQwAzoURyXCMkV9Xjk8/ChIJrcalMQwAzoURyXCMkV9Xjk8_1757333530349_1.jpg","https://tysnkzmljlmmqpbotkxv.supabase.co/storage/v1/object/public/travel-app-images/website-6dfe3050/espacio-escultrico-unam-tiktok-1757536709391-1.jpg","unknown","website","15",""
"43589808-cf6e-46fc-883f-66af73622cee","Museo del Tiempo Tlalpan, A.C.","http://museodeltiempo.com.mx/","true","https://tysnkzmljlmmqpbotkxv.supabase.co/storage/v1/object/public/travel-app-images/ChIJ6SVzyvQAzoUR5ZgcjlTdWtA/ChIJ6SVzyvQAzoUR5ZgcjlTdWtA_1757334218235_1.jpg","https://tysnkzmljlmmqpbotkxv.supabase.co/storage/v1/object/public/travel-app-images/website-43589808/museo-del-tiempo-tlalpan-ac-website-image-1757536708639-1.jpg","unknown","website","26",""
"4019dba4-764f-4e38-a318-8047bcd94fc3","Fun Spot America","http://www.fun-spot.com/","true","https://tysnkzmljlmmqpbotkxv.supabase.co/storage/v1/object/public/travel-app-images/ChIJeXiG4e1-54gRvdcuVhbdizo/ChIJeXiG4e1-54gRvdcuVhbdizo_1757342772095_1.jpg","https://tysnkzmljlmmqpbotkxv.supabase.co/storage/v1/object/public/travel-app-images/website-4019dba4/fun-spot-america-limitedtime-florida-resident-d-1757536714078-1.jpg","unknown","website","59",""
"d66c31b6-2500-459b-89a2-007df23bb6d3","Biblioteca de México "Jose Vasconcelos"","http://www.bibliotecademexico.gob.mx","true","https://tysnkzmljlmmqpbotkxv.supabase.co/storage/v1/object/public/travel-app-images/ChIJh0vPvSv_0YURNmTSRtOAOLA/ChIJh0vPvSv_0YURNmTSRtOAOLA_1757334224392_1.jpg","https://tysnkzmljlmmqpbotkxv.supabase.co/storage/v1/object/public/travel-app-images/website-d66c31b6/biblioteca-de-mxico-jose-vasconcelos-website-image-1757536716311-1.jpg","unknown","website","7",""
"6ca4d123-93c6-4c32-b88d-0417a659bfc6","Collins Barracks Military Museum","https://www.military.ie/en/public-information/defence-forces-museums/collins-barracks-museum/","true","https://tysnkzmljlmmqpbotkxv.supabase.co/storage/v1/object/public/travel-app-images/ChIJG9s65gqQREgRuAvVIM0ftM8/ChIJG9s65gqQREgRuAvVIM0ftM8_1753985851500_1.jpg","https://tysnkzmljlmmqpbotkxv.supabase.co/storage/v1/object/public/travel-app-images/website-6ca4d123/collins-barracks-military-museum-summaryimagealttag-1757536723173-1.jpg","unknown","website","6",""
"a7d17b19-4592-4a2e-b8e1-9ac9b5f1123a","Paróquia São João Batista - Diocese de Franca","http://diocesefranca.org.br/sist_integrado/hotsite/paroquias/paroquia-sao-joao-batista-franca/","false","https://tysnkzmljlmmqpbotkxv.supabase.co/storage/v1/object/public/travel-app-images/ChIJqWHYsrWosJQRMDCNIiohGNg/ChIJqWHYsrWosJQRMDCNIiohGNg_1757333543399_1.jpg","","unknown","","","Edge function error: 500 Internal Server Error - {"error":"Failed to extract website image","details":"HTTP 404: Not Found"}"
"3d626d63-c382-406f-a8bf-e9948b0cff39","Paróquia Nossa Senhora do Brasil","http://www.nossasenhoradobrasil.com.br/","true","https://tysnkzmljlmmqpbotkxv.supabase.co/storage/v1/object/public/travel-app-images/ChIJ4ZziF31XzpQRmJ1WD7_T-OI/ChIJ4ZziF31XzpQRmJ1WD7_T-OI_1752002431258_1.jpg","https://tysnkzmljlmmqpbotkxv.supabase.co/storage/v1/object/public/travel-app-images/website-3d626d63/parquia-nossa-senhora-do-brasil-site-oficial-da-parquia-nossa--1757536730420-1.jpg","unknown","website","24",""
"3b7a99f4-2ee0-40cc-a32c-beab32eb68f7","Banorte Stadium","https://estadiobanorte.com.mx/","true","https://tysnkzmljlmmqpbotkxv.supabase.co/storage/v1/object/public/travel-app-images/ChIJGQkBCFIAzoURlLaQUWnuYZc/ChIJGQkBCFIAzoURlLaQUWnuYZc_1757333565671_1.jpg","https://tysnkzmljlmmqpbotkxv.supabase.co/storage/v1/object/public/travel-app-images/website-3b7a99f4/banorte-stadium-estadio-banorte-1757536728062-1.jpg","unknown","website","37",""
"7378b6ac-c9a1-42a1-8c52-3a3f9474ed30","Parroquia de San Lorenzo Mártir de Huipulco","https://parroquiasanlorenzohuipulco.com/","true","https://tysnkzmljlmmqpbotkxv.supabase.co/storage/v1/object/public/travel-app-images/ChIJO53Pj1MAzoURxVuB2edOq0o/ChIJO53Pj1MAzoURxVuB2edOq0o_1757333572691_1.jpg","https://tysnkzmljlmmqpbotkxv.supabase.co/storage/v1/object/public/travel-app-images/website-7378b6ac/parroquia-de-san-lorenzo-mrtir-de-huipulco-website-image-1757536737103-1.jpg","unknown","website","11",""
"2e83c8aa-260b-4a91-93b4-c2c265f33f81","Barco Utopía","https://www.culturaiztapalapa.com/barcoutopia","false","https://tysnkzmljlmmqpbotkxv.supabase.co/storage/v1/object/public/travel-app-images/ChIJMTvb02P90YUR5QDHc13LDiA/ChIJMTvb02P90YUR5QDHc13LDiA_1757333611872_1.jpg","","unknown","","","Edge function error: 500 Internal Server Error - {"error":"Failed to extract website image","details":"HTTP 404: Not Found"}"
"58cf5b49-423d-4d10-8f54-9f0507c99ee3","Museo Casa de Carranza","https://sic.cultura.gob.mx/ficha.php?table=museo&table_id=965","true","https://tysnkzmljlmmqpbotkxv.supabase.co/storage/v1/object/public/travel-app-images/ChIJzw7RuTT_0YURE2EXNI7CeCc/ChIJzw7RuTT_0YURE2EXNI7CeCc_1757333629036_1.jpg","https://tysnkzmljlmmqpbotkxv.supabase.co/storage/v1/object/public/travel-app-images/website-58cf5b49/museo-casa-de-carranza-imagen0-1757536743607-1.jpg","unknown","website","5",""
"4c3e66f6-e257-4ad4-a970-d1c422ceb1f9","Estadio Alfredo Harp Helú","https://estadioahh.com/","true","https://tysnkzmljlmmqpbotkxv.supabase.co/storage/v1/object/public/travel-app-images/ChIJi3mnaTn80YURx9zrrX9yv6M/ChIJi3mnaTn80YURx9zrrX9yv6M_1757333619423_1.jpg","https://tysnkzmljlmmqpbotkxv.supabase.co/storage/v1/object/public/travel-app-images/website-4c3e66f6/estadio-alfredo-harp-hel-httpsivimeocdncomvideo10185316-1757536742376-1.jpg","unknown","website","52",""
"afa63358-540f-40a3-8853-ee6779e14317","Hipódromo de Las Américas","https://www.codere.mx/","false","https://tysnkzmljlmmqpbotkxv.supabase.co/storage/v1/object/public/travel-app-images/ChIJZwGHQSUC0oURtaIlVaCYiGk/ChIJZwGHQSUC0oURtaIlVaCYiGk_1757333636051_1.jpg","","unknown","","","No suitable images found on website"
"bc0affe2-fa8a-4542-9ff3-cda4466738b1","Paróquia Nossa Senhora do Rosário de Pompeia","https://igrejadapompeia.org.br/","true","https://tysnkzmljlmmqpbotkxv.supabase.co/storage/v1/object/public/travel-app-images/ChIJYSvvSN1XzpQROK1Jg18cOQY/ChIJYSvvSN1XzpQROK1Jg18cOQY_1752002695787_1.jpg","https://tysnkzmljlmmqpbotkxv.supabase.co/storage/v1/object/public/travel-app-images/website-bc0affe2/parquia-nossa-senhora-do-rosrio-de-pompeia-confission-1757536751609-1.jpg","unknown","website","3",""
"ed13bcc7-d6a7-44c2-8813-bf6c3308905c","Hollywood Drive-In Golf","http://www.hollywooddriveingolf.com/","true","https://tysnkzmljlmmqpbotkxv.supabase.co/storage/v1/object/public/travel-app-images/ChIJ-RXlbud-54gRRkvi80bPSss/ChIJ-RXlbud-54gRRkvi80bPSss_1757342776958_1.jpg","https://tysnkzmljlmmqpbotkxv.supabase.co/storage/v1/object/public/travel-app-images/website-ed13bcc7/hollywood-drivein-golf-golfon201-1757536757663-1.jpg","unknown","website","11",""
"a5dab2fd-ed2c-4b50-8a95-3c64627c498a","Fundación Nacional Ámbar","http://www.ambarcentrointeractivo.org/","true","https://tysnkzmljlmmqpbotkxv.supabase.co/storage/v1/object/public/travel-app-images/ChIJWfhDN_H_zYURwboZvd4bL2I/ChIJWfhDN_H_zYURwboZvd4bL2I_1757333615677_1.jpg","https://tysnkzmljlmmqpbotkxv.supabase.co/storage/v1/object/public/travel-app-images/website-a5dab2fd/fundacin-nacional-mbar-website-image-1757536756797-1.jpg","unknown","website","15",""
"3e3b1bed-fbdd-4ad4-9b43-bf59a7497cb9","Biblioteca Central Silvestre Moreno Cora","http://www.scjn.gob.mx/","true","https://tysnkzmljlmmqpbotkxv.supabase.co/storage/v1/object/public/travel-app-images/ChIJhecrx9L-0YURxRiCA22N2cs/ChIJhecrx9L-0YURxRiCA22N2cs_1757333632596_1.jpg","https://tysnkzmljlmmqpbotkxv.supabase.co/storage/v1/object/public/travel-app-images/website-3e3b1bed/biblioteca-central-silvestre-moreno-cora-website-image-1757536780635-1.jpg","unknown","website","5",""
"5df8693c-ecd7-47ae-8d0b-90b54feb9f60","Paróquia Sant'Ana - Diocese de Santo Amaro","http://www.instagram.com/santanadiocesedesantoamaro/","false","https://tysnkzmljlmmqpbotkxv.supabase.co/storage/v1/object/public/travel-app-images/ChIJdxjnuIpQzpQRqqmIHa7x-_E/ChIJdxjnuIpQzpQRqqmIHa7x-_E_1755014163841_1.jpg","","unknown","","","Edge function error: 500 Internal Server Error - {"error":"Failed to extract website image","details":"HTTP 429: Too Many Requests"}"
"10f567a1-22c9-4cea-b574-0a60986263bb","Parroquia San Sebastián Mártir","https://mexicocity.cdmx.gob.mx/venues/san-sebastian-tecoloxtitla/?lang=es","true","https://tysnkzmljlmmqpbotkxv.supabase.co/storage/v1/object/public/travel-app-images/ChIJwzRfIfr_0YURuRv_tM52_RM/ChIJwzRfIfr_0YURuRv_tM52_RM_1757333666860_1.jpg","https://tysnkzmljlmmqpbotkxv.supabase.co/storage/v1/object/public/travel-app-images/website-10f567a1/parroquia-san-sebastin-mrtir-san-sebastin-tecoloxtitla-1757536787740-1.jpg","unknown","website","15",""
"64832a74-fee3-4cce-a0c1-6e2aa00a2231","Teatro Martini Orlando","https://teatromartinifl.com/?utm_source=Teatro+GMB&utm_medium=Google+Business+Profile&utm_campaign=Teatro_GMB","true","https://tysnkzmljlmmqpbotkxv.supabase.co/storage/v1/object/public/travel-app-images/ChIJCRTw9f5-54gRv4jD4SUHV44/ChIJCRTw9f5-54gRv4jD4SUHV44_1757342783714_1.jpg","https://tysnkzmljlmmqpbotkxv.supabase.co/storage/v1/object/public/travel-app-images/website-64832a74/teatro-martini-orlando-curtain-1757536785850-1.jpg","unknown","website","5",""
"7d9c25a3-ba52-4875-b12d-9d5308b7a0ea","Biblioteca Nacional de Ciencia y Tecnología "Víctor Bravo Ahuja" - IPN","https://www.ipn.mx/biblioteca/","true","https://tysnkzmljlmmqpbotkxv.supabase.co/storage/v1/object/public/travel-app-images/ChIJcwSwaLr50YURs404DzKn3Ig/ChIJcwSwaLr50YURs404DzKn3Ig_1757333671008_1.jpg","https://tysnkzmljlmmqpbotkxv.supabase.co/storage/v1/object/public/travel-app-images/website-7d9c25a3/biblioteca-nacional-de-ciencia-y-tecnologa-vctor-b-website-image-1757536794724-1.jpg","unknown","website","33",""
"c358ba05-b694-4b0d-ae4c-79e78c471d19","HUMAN MUSEO","https://humanjapan.us/","true","https://tysnkzmljlmmqpbotkxv.supabase.co/storage/v1/object/public/travel-app-images/ChIJ44jhxioD0oURtg7KCvhevB4/ChIJ44jhxioD0oURtg7KCvhevB4_1757333688381_1.jpg","https://tysnkzmljlmmqpbotkxv.supabase.co/storage/v1/object/public/travel-app-images/website-c358ba05/human-museo-website-image-1757536793498-1.jpg","unknown","website","69",""
"2abaad73-21e5-48ef-b5f1-f33c4fbf04a9","Paróquia Santa Maria Goretti","https://stamariagoretti.org.br/","false","https://tysnkzmljlmmqpbotkxv.supabase.co/storage/v1/object/public/travel-app-images/ChIJfZXdCGFWzpQRa_UtpNqUtXo/ChIJfZXdCGFWzpQRa_UtpNqUtXo_1755015798169_1.jpg","","unknown","","","Edge function error: 500 Internal Server Error - {"error":"Failed to extract website image","details":"error sending request for url (https://stamariagoretti.org.br/): client error (Connect): invalid peer certificate: NotValidForName"}"
"e5033877-4870-4953-bc7d-a8d3c30edf94","Plaza Comercial ''La Estrella''","https://m.facebook.com/portallomasestrella/?locale2=es_LA","false","https://tysnkzmljlmmqpbotkxv.supabase.co/storage/v1/object/public/travel-app-images/ChIJpTm0KhQCzoURqFXD_YGn414/ChIJpTm0KhQCzoURqFXD_YGn414_1757333677810_1.jpg","","unknown","","","No suitable images found on website"
"9fa3d6b5-d84a-428f-b319-4f9f7db49874","Planetario Luis Enrique Erro","https://www.ipn.mx/ddicyt/planetario/","false","https://tysnkzmljlmmqpbotkxv.supabase.co/storage/v1/object/public/travel-app-images/ChIJ3YQA-6X50YUR8DUYbslwXj8/ChIJ3YQA-6X50YUR8DUYbslwXj8_1757333717365_1.jpg","","unknown","","","No suitable images found on website"
"0156a77c-3fce-46c1-bd32-794af20a6fda","Biblioteca Social Reconstruir","https://bibliotecasocialreconstruir.wordpress.com/about/","true","https://tysnkzmljlmmqpbotkxv.supabase.co/storage/v1/object/public/travel-app-images/ChIJV2RQYQP50YUR8_ervOijJfU/ChIJV2RQYQP50YUR8_ervOijJfU_1757333734520_1.jpg","https://tysnkzmljlmmqpbotkxv.supabase.co/storage/v1/object/public/travel-app-images/website-0156a77c/biblioteca-social-reconstruir-108571199856476647964569149890-1757536802916-1.jpg","unknown","website","3",""
"cc5425f5-6873-4382-85ac-ad4a7d819dff","Cuicuilco Pyramid","https://es.m.wikipedia.org/wiki/Cuicuilco","true","https://tysnkzmljlmmqpbotkxv.supabase.co/storage/v1/object/public/travel-app-images/ChIJHSAhfnAAzoURSQyJUPspwX0/ChIJHSAhfnAAzoURSQyJUPspwX0_1757334278508_1.jpg","https://tysnkzmljlmmqpbotkxv.supabase.co/storage/v1/object/public/travel-app-images/website-cc5425f5/cuicuilco-pyramid-website-image-1757536808159-1.jpg","unknown","website","18",""
"c62385f4-34b6-4b54-ae62-ec7822fe1cd6","Aquatica Orlando","https://aquatica.com/orlando?utm_source=google&utm_medium=organic&utm_campaign=gbp_listing","true","https://tysnkzmljlmmqpbotkxv.supabase.co/storage/v1/object/public/travel-app-images/ChIJcR49vyR-54gREbUPNUjImmY/ChIJcR49vyR-54gREbUPNUjImmY_1757342779072_1.jpg","https://tysnkzmljlmmqpbotkxv.supabase.co/storage/v1/object/public/travel-app-images/website-c62385f4/aquatica-orlando-flash-sale-1757536809799-1.jpg","unknown","website","21",""
"5cf7cea0-208c-47d7-b257-6e4e2902c88a","Seminário Diocesano N. Sra. do Patrocínio - Diocese de Franca","http://www.facebook.com/seminariofranca","true","https://tysnkzmljlmmqpbotkxv.supabase.co/storage/v1/object/public/travel-app-images/ChIJiTPUmGKnsJQRGEUhOjVlZuE/ChIJiTPUmGKnsJQRGEUhOjVlZuE_1757333709361_1.jpg","https://tysnkzmljlmmqpbotkxv.supabase.co/storage/v1/object/public/travel-app-images/website-5cf7cea0/seminrio-diocesano-n-sra-do-patrocnio-diocese-de-f-background-image-1757536814633-1.jpg","unknown","website","1",""
"612c7de5-c932-4e20-95ba-8b6706ffc1f3","Plaza Cívica Emilio Carranza","https://www.vcarranza.cdmx.gob.mx/","false","https://tysnkzmljlmmqpbotkxv.supabase.co/storage/v1/object/public/travel-app-images/ChIJzb3BWan-0YUR76T9-COqMaw/ChIJzb3BWan-0YUR76T9-COqMaw_1757334290551_1.jpg","","unknown","","","Edge function error: 500 Internal Server Error - {"error":"Failed to extract website image","details":"error sending request for url (https://www.vcarranza.cdmx.gob.mx/): client error (Connect): tcp connect error: Connection timed out (os error 110): Connection timed out (os error 110)"}"
"6a33a5df-7b5f-45a9-b11a-ea4a3e0e83db","Library Jerzy Plebanski","http://www.bfm.cinvestav.mx/","false","https://tysnkzmljlmmqpbotkxv.supabase.co/storage/v1/object/public/travel-app-images/ChIJfUCg7sP50YURxmtzbZ84za8/ChIJfUCg7sP50YURxmtzbZ84za8_1757333691479_1.jpg","","unknown","","","Edge function error: 500 Internal Server Error - {"error":"Failed to extract website image","details":"error sending request for url (http://www.bfm.cinvestav.mx/): client error (Connect): dns error: failed to lookup address information: Temporary failure in name resolution: failed to lookup address information: Temporary failure in name resolution"}"
"43ab6e60-f61f-4f17-8fc6-b25e6791d988","Dr. P. Phillips Community Park","https://www.orangecountyfl.net/cultureparks/parks.aspx?m=dtlvw&d=66#.X6DQ_-Q8IlQ","true","https://tysnkzmljlmmqpbotkxv.supabase.co/storage/v1/object/public/travel-app-images/ChIJDXSzHd9_54gR-Ew2hxNuy-w/ChIJDXSzHd9_54gR-Ew2hxNuy-w_1757342781164_1.jpg","https://tysnkzmljlmmqpbotkxv.supabase.co/storage/v1/object/public/travel-app-images/website-43ab6e60/dr-p-phillips-community-park-dr-p-phillips-community-park-1757536950357-1.jpg","unknown","website","13",""
"307de47e-fb1e-481f-bef9-4020f3dbded9","Sala Nezahualcóyotl","https://musica.unam.mx/","true","https://tysnkzmljlmmqpbotkxv.supabase.co/storage/v1/object/public/travel-app-images/ChIJ87DcQgsAzoURRsZT4nszLTM/ChIJ87DcQgsAzoURRsZT4nszLTM_1757334304618_1.jpg","https://tysnkzmljlmmqpbotkxv.supabase.co/storage/v1/object/public/travel-app-images/website-307de47e/sala-nezahualcyotl-website-image-1757536965622-1.jpg","unknown","website","35",""
"820b0656-7243-4455-bc02-7b88bed77ad2","Salon of Mexican Fine Art","https://salondelaplasticamexicana.inba.gob.mx/?","false","https://tysnkzmljlmmqpbotkxv.supabase.co/storage/v1/object/public/travel-app-images/ChIJ0y36DTr_0YURgx_L8uCEw_E/ChIJ0y36DTr_0YURgx_L8uCEw_E_1757334315419_1.jpg","","unknown","","","Edge function error: 500 Internal Server Error - {"error":"Failed to extract website image","details":"HTTP 403: Forbidden"}"
"048b358c-074b-4fdb-9643-8af234642d22","Madame Tussauds Orlando","https://www.madametussauds.com/orlando/?utm_source=local-listing&utm_medium=organic&utm_campaign=tickets","true","https://tysnkzmljlmmqpbotkxv.supabase.co/storage/v1/object/public/travel-app-images/ChIJm-1TQ1N-54gRtKSCx6hQ8SU/ChIJm-1TQ1N-54gRtKSCx6hQ8SU_1757342786160_1.jpg","https://tysnkzmljlmmqpbotkxv.supabase.co/storage/v1/object/public/travel-app-images/website-048b358c/madame-tussauds-orlando-7daf19f4e0702e1b0efa08838e379d-1757536970556-1.jpg","unknown","website","47",""
"b7e13942-b8d0-4e1d-bede-114647a83906","House Arts and Contemporary Circus","https://www.artesycirco.com/","true","https://tysnkzmljlmmqpbotkxv.supabase.co/storage/v1/object/public/travel-app-images/ChIJ97MNJND_0YURJkukQhKVle8/ChIJ97MNJND_0YURJkukQhKVle8_1757334322551_1.jpg","https://tysnkzmljlmmqpbotkxv.supabase.co/storage/v1/object/public/travel-app-images/website-b7e13942/house-arts-and-contemporary-circus-background-image-1757536972331-1.jpg","unknown","website","3",""
"4c41a3f3-6060-45ae-b350-ef97658338ab","Dolores Cárcamo Museum","http://sic.gob.mx/ficha.php?table=museo&table_id=914","true","https://tysnkzmljlmmqpbotkxv.supabase.co/storage/v1/object/public/travel-app-images/ChIJz8dbfeYB0oURF7jfsmSa6D8/ChIJz8dbfeYB0oURF7jfsmSa6D8_1757333720770_1.jpg","https://tysnkzmljlmmqpbotkxv.supabase.co/storage/v1/object/public/travel-app-images/website-4c41a3f3/dolores-crcamo-museum-website-image-1757536979418-1.jpg","unknown","website","5",""
"ce8df9b3-df2e-41e6-935a-2dcf2a9ef18d","Los Puentes de Chimalistac","https://mexicocity.cdmx.gob.mx/venues/los-puentes-de-chimalistac/?lang=es","true","https://tysnkzmljlmmqpbotkxv.supabase.co/storage/v1/object/public/travel-app-images/ChIJIVT80P7_0YURy2Aj5XIDxEQ/ChIJIVT80P7_0YURy2Aj5XIDxEQ_1757334336112_1.jpg","https://tysnkzmljlmmqpbotkxv.supabase.co/storage/v1/object/public/travel-app-images/website-ce8df9b3/los-puentes-de-chimalistac-website-image-1757536979503-1.jpg","unknown","website","14",""
"53cc46da-b1b4-437f-9404-6c11f3f387d9","The Orlando Auto Museum","http://www.orlandoautomuseum.com/","true","https://tysnkzmljlmmqpbotkxv.supabase.co/storage/v1/object/public/travel-app-images/ChIJGfZRzkl_54gRaLJbZ-3Yf_Q/ChIJGfZRzkl_54gRaLJbZ-3Yf_Q_1757342792595_1.jpg","https://tysnkzmljlmmqpbotkxv.supabase.co/storage/v1/object/public/travel-app-images/website-53cc46da/the-orlando-auto-museum-cars-and-octane-2021-1757536985677-1.jpg","unknown","website","5",""
"6f13d13d-0a29-4cd8-b7c7-1edcdbf24d88","Parque Miraflores","https://mexicocity.cdmx.gob.mx/venues/miraflores-park/?lang=es","true","https://tysnkzmljlmmqpbotkxv.supabase.co/storage/v1/object/public/travel-app-images/ChIJRXx3TXn_0YUR7aLyChzPp8M/ChIJRXx3TXn_0YUR7aLyChzPp8M_1757334347620_1.jpg","https://tysnkzmljlmmqpbotkxv.supabase.co/storage/v1/object/public/travel-app-images/website-6f13d13d/parque-miraflores-parque-miraflores-san-pedro-de-1757536986637-1.jpg","unknown","website","15",""
"6b4a5f29-94a4-463d-b328-89c82c1aa7ab","Paróquia Santo Expedito e Nossa Senhora Aparecida","https://diocesedesantoamaro.org.br/paroquias-da-diocese-de-santo-amaro/paroquia-santo-expedito-e-nossa-senhora-aparecida/","true","https://tysnkzmljlmmqpbotkxv.supabase.co/storage/v1/object/public/travel-app-images/ChIJ6QNmEMQ3zpQRuQMq_858exg/ChIJ6QNmEMQ3zpQRuQMq_858exg_1755019888784_1.jpg","https://tysnkzmljlmmqpbotkxv.supabase.co/storage/v1/object/public/travel-app-images/website-6b4a5f29/parquia-santo-expedito-e-nossa-senhora-aparecida-diocese-de-santo-amaro-1757536992160-1.jpg","unknown","website","4",""
"e527ce70-5bb1-47fc-9b2f-0f6c5c34a22e","Museum of Illusions Orlando","https://moiorlando.com/","true","https://tysnkzmljlmmqpbotkxv.supabase.co/storage/v1/object/public/travel-app-images/ChIJc1x01Xl_54gR3yyWFYterI4/ChIJc1x01Xl_54gR3yyWFYterI4_1757342788110_1.jpg","https://tysnkzmljlmmqpbotkxv.supabase.co/storage/v1/object/public/travel-app-images/website-e527ce70/museum-of-illusions-orlando-vector-1757536992025-1.jpg","unknown","website","6",""
"9d9fbcf5-8e44-4359-b329-9f11708932d7","San Carlos National Museum","https://mnsancarlos.inba.gob.mx/","false","https://tysnkzmljlmmqpbotkxv.supabase.co/storage/v1/object/public/travel-app-images/ChIJ-wBzWNH40YURTUqnO6pJWOM/ChIJ-wBzWNH40YURTUqnO6pJWOM_1757334354355_1.jpg","","unknown","","","No suitable images found on website"
"49216fa3-5fa6-4ed7-bc92-ea1ba62c84e3","007 Bond at Dezerland Park Orlando","https://dezerlandpark.com/eat","true","https://tysnkzmljlmmqpbotkxv.supabase.co/storage/v1/object/public/travel-app-images/ChIJT1jTubt_54gRMW7lFiKU6-8/ChIJT1jTubt_54gRMW7lFiKU6-8_1757342790297_1.jpg","https://tysnkzmljlmmqpbotkxv.supabase.co/storage/v1/object/public/travel-app-images/website-49216fa3/007-bond-at-dezerland-park-orlando-website-image-1757536998656-1.jpg","unknown","website","6",""
"199fad91-66f1-4f6e-86a6-9b0904ee2529","Museo de Geologia del IPN","http://cdmxtravel.com/es/lugares/museo-de-geologia-y-paleontologia.html","false","https://tysnkzmljlmmqpbotkxv.supabase.co/storage/v1/object/public/travel-app-images/ChIJpTd7X8b50YURCUXlhZyNa3o/ChIJpTd7X8b50YURCUXlhZyNa3o_1757333750401_1.jpg","","unknown","","","Edge function error: 500 Internal Server Error - {"error":"Failed to extract website image","details":"HTTP 404: Not Found"}"
"4d6aab74-8eb5-415a-a493-acfab064b813","Iglesia de Fátima","https://diegoespinosade.wixsite.com/parroquiadefatima","false","https://tysnkzmljlmmqpbotkxv.supabase.co/storage/v1/object/public/travel-app-images/ChIJr82ZuhcC0oUR42JqEUE3cZw/ChIJr82ZuhcC0oUR42JqEUE3cZw_1757334357977_1.jpg","","unknown","","","No suitable images found on website"
"7507f338-0418-4d88-b3f7-bd398a320f50","Museo de la Basílica de Santa María de Guadalupe","https://virgendeguadalupe.org.mx/museo-de-la-basilica-de-guadalupe/","true","https://tysnkzmljlmmqpbotkxv.supabase.co/storage/v1/object/public/travel-app-images/ChIJzyWm13n50YURvis-A6vgIkw/ChIJzyWm13n50YURvis-A6vgIkw_1757333814970_1.jpg","https://tysnkzmljlmmqpbotkxv.supabase.co/storage/v1/object/public/travel-app-images/website-7507f338/museo-de-la-baslica-de-santa-mara-de-guadalupe-website-image-1757537010359-1.jpg","unknown","website","17",""
"65f6b597-140d-4ef4-b773-c0c95579bbc1","Bat Cave at Dezerland Park Orlando","http://www.dezerlandpark.com/","true","https://tysnkzmljlmmqpbotkxv.supabase.co/storage/v1/object/public/travel-app-images/ChIJGTRu91R_54gRL-z4VDMRNhI/ChIJGTRu91R_54gRL-z4VDMRNhI_1757342794537_1.jpg","https://tysnkzmljlmmqpbotkxv.supabase.co/storage/v1/object/public/travel-app-images/website-65f6b597/bat-cave-at-dezerland-park-orlando-abstract-shapes-1757537009204-1.jpg","unknown","website","18",""
"546dad81-26ae-4795-93ce-7c72a3d23ae6","Plaza del Marqués","https://mexicocity.cdmx.gob.mx/venues/plazuela-del-marques/?lang=es","true","https://tysnkzmljlmmqpbotkxv.supabase.co/storage/v1/object/public/travel-app-images/ChIJLRSTujL50YURhsGFU9NtLVk/ChIJLRSTujL50YURhsGFU9NtLVk_1757333764778_1.jpg","https://tysnkzmljlmmqpbotkxv.supabase.co/storage/v1/object/public/travel-app-images/website-546dad81/plaza-del-marqus-plazuela-del-marqus-1757537016986-1.jpg","unknown","website","15",""
"3586b1dc-aa3c-46c1-bb2f-7e5f4f37722f","St. Nicholas Catholic Church","http://orlandobyzantine.com/","true","https://tysnkzmljlmmqpbotkxv.supabase.co/storage/v1/object/public/travel-app-images/ChIJ72q7BTJj54gR9Rdvw6kvaes/ChIJ72q7BTJj54gR9Rdvw6kvaes_1757342805685_1.jpg","https://tysnkzmljlmmqpbotkxv.supabase.co/storage/v1/object/public/travel-app-images/website-3586b1dc/st-nicholas-catholic-church-website-image-1757537015619-1.jpg","unknown","website","3",""
"1a29b0bb-e863-4ca8-8f71-63f494d83de7","Mexico City Mexico Temple","https://www.churchofjesuschrist.org/temples/details/mexico-city-mexico-temple?utm_source=gmb&utm_medium=yext&y_source=1_MTAwMjQxNDQ1Ny03MTUtbG9jYXRpb24ud2Vic2l0ZQ%3D%3D","false","https://tysnkzmljlmmqpbotkxv.supabase.co/storage/v1/object/public/travel-app-images/ChIJ5w6LZMT70YURaYNh6TQrOGE/ChIJ5w6LZMT70YURaYNh6TQrOGE_1757333790436_1.jpg","","unknown","","","No suitable images found on website"
"0c4a4f24-6a2c-4cea-bdb3-1a382e05efe1","Biblioteca Vasconcelos","https://bibliotecavasconcelos.gob.mx/","true","https://tysnkzmljlmmqpbotkxv.supabase.co/storage/v1/object/public/travel-app-images/ChIJ6d9af9n40YURPUNrUN4aOKs/ChIJ6d9af9n40YURPUNrUN4aOKs_1757333807916_1.jpg","https://tysnkzmljlmmqpbotkxv.supabase.co/storage/v1/object/public/travel-app-images/website-0c4a4f24/biblioteca-vasconcelos-moodle-dgb-1757537024239-1.jpg","unknown","website","4",""
"bcd400c0-1a56-4994-8025-457ec67189ff","Parque Cuitláhuac","https://mexicocity.cdmx.gob.mx/venues/parque-cuitlahuac/?lang=es","true","https://tysnkzmljlmmqpbotkxv.supabase.co/storage/v1/object/public/travel-app-images/ChIJefo0bW390YUR2mQ_K4BfLhc/ChIJefo0bW390YUR2mQ_K4BfLhc_1757334390770_1.jpg","https://tysnkzmljlmmqpbotkxv.supabase.co/storage/v1/object/public/travel-app-images/website-bcd400c0/parque-cuitlhuac-parque-cuitlahuac-1757537060849-1.jpg","unknown","website","15",""
"be28fe9d-3125-44e9-928e-f90c90c4b41b","Instituto Nacional de Antropología e Historia","https://www.inah.gob.mx/","false","https://tysnkzmljlmmqpbotkxv.supabase.co/storage/v1/object/public/travel-app-images/ChIJS0qsrmr_0YURCvyA1iTlkz0/ChIJS0qsrmr_0YURCvyA1iTlkz0_1757333801303_1.jpg","","unknown","","","Edge function error: 500 Internal Server Error - {"error":"Failed to extract website image","details":"error sending request for url (https://www.inah.gob.mx/): client error (Connect): invalid peer certificate: UnknownIssuer"}"
"3ad73c6b-c08f-4f8b-ade7-5c5da8bf8b2e","MUSEO DE LOS SUEÑOS CDMX.","https://fantasylab.mx/dreams-details/","true","https://tysnkzmljlmmqpbotkxv.supabase.co/storage/v1/object/public/travel-app-images/ChIJFX0mEwD_0YURDXb2TwlA1dw/ChIJFX0mEwD_0YURDXb2TwlA1dw_1757333912030_1.jpg","https://tysnkzmljlmmqpbotkxv.supabase.co/storage/v1/object/public/travel-app-images/website-3ad73c6b/museo-de-los-sueos-cdmx-website-image-1757537066736-1.jpg","unknown","website","9",""
"09818a42-4b20-429d-8ab9-66045aae0941","Interactive Museum of Economics","https://www.mide.org.mx/","true","https://tysnkzmljlmmqpbotkxv.supabase.co/storage/v1/object/public/travel-app-images/ChIJg6EO8iz50YUR_zGPSn9s8Cw/ChIJg6EO8iz50YUR_zGPSn9s8Cw_1757334401527_1.jpg","https://tysnkzmljlmmqpbotkxv.supabase.co/storage/v1/object/public/travel-app-images/website-09818a42/interactive-museum-of-economics-website-image-1757537067168-1.jpg","unknown","website","26",""
"5a0b025f-f117-4a9a-9f3e-209d7470e593","San Miguel Teotongo Community Museum","https://www.facebook.com/MuseoComunitarioDeSanMiguelTeotongo","true","https://tysnkzmljlmmqpbotkxv.supabase.co/storage/v1/object/public/travel-app-images/ChIJy7l-qWEdzoURxEApXI86g8A/ChIJy7l-qWEdzoURxEApXI86g8A_1757334408406_1.jpg","https://tysnkzmljlmmqpbotkxv.supabase.co/storage/v1/object/public/travel-app-images/website-5a0b025f/san-miguel-teotongo-community-museum-background-image-1757537071614-1.jpg","unknown","website","1",""
"f0fd57c5-2965-47b0-968b-826912bf120a","Museo Porfiriano","https://www.airbnb.com/h/casonaporfirianaencentrocdmx","true","https://tysnkzmljlmmqpbotkxv.supabase.co/storage/v1/object/public/travel-app-images/ChIJ0eqGJo3_0YURXZDsitGr0qo/ChIJ0eqGJo3_0YURXZDsitGr0qo_1757334412291_1.jpg","https://tysnkzmljlmmqpbotkxv.supabase.co/storage/v1/object/public/travel-app-images/website-f0fd57c5/museo-porfiriano-website-image-1757537074506-1.jpg","unknown","website","38",""
"8ecfcbaa-891f-464a-9ff9-0eeddbb2b6fc","Estanquillo Museum","http://www.museodelestanquillo.cdmx.gob.mx/","false","https://tysnkzmljlmmqpbotkxv.supabase.co/storage/v1/object/public/travel-app-images/ChIJKRwOy9L-0YURRykspU-RWlg/ChIJKRwOy9L-0YURRykspU-RWlg_1757333870804_1.jpg","","unknown","","","Edge function error: 500 Internal Server Error - {"error":"Failed to extract website image","details":"error sending request for url (http://www.museodelestanquillo.cdmx.gob.mx/): client error (Connect): tcp connect error: Connection timed out (os error 110): Connection timed out (os error 110)"}"
"3cf0072b-ce3a-40c6-bea4-3daa038210fe","Museo Casa Estudio Diego Rivera y Frida Kahlo","https://www.estudiodiegorivera.bellasartes.gob.mx/","false","https://tysnkzmljlmmqpbotkxv.supabase.co/storage/v1/object/public/travel-app-images/ChIJ1_utKhsA0oURhrVIAvCWWBM/ChIJ1_utKhsA0oURhrVIAvCWWBM_1757334418759_1.jpg","","unknown","","","Edge function error: 500 Internal Server Error - {"error":"Failed to extract website image","details":"HTTP 403: Forbidden"}"
"ca035302-1e5b-4272-8df9-09b952c5e2d4","Shopping do Agricultor","https://www.lojadoagricultor.ind.br/","false","https://tysnkzmljlmmqpbotkxv.supabase.co/storage/v1/object/public/travel-app-images/ChIJN74EikqnsJQRq4vedTcdgmo/ChIJN74EikqnsJQRq4vedTcdgmo_1757333821652_1.jpg","","unknown","","","Edge function error: 500 Internal Server Error - {"error":"Failed to extract website image","details":"error sending request for url (https://www.lojadoagricultor.ind.br/): client error (Connect): dns error: failed to lookup address information: Name or service not known: failed to lookup address information: Name or service not known"}"
"8391d4d8-98b1-4771-8e91-bd35b6aa96e2","Estadio Olímpico Universitario","https://www.instagram.com/eou.unam?igsh=MW51MnF1YnFhbDFkZw==","false","https://tysnkzmljlmmqpbotkxv.supabase.co/storage/v1/object/public/travel-app-images/ChIJz9X9XP7_zYUR4gSAZe8hcrg/ChIJz9X9XP7_zYUR4gSAZe8hcrg_1757333831373_1.jpg","","unknown","","","Edge function error: 500 Internal Server Error - {"error":"Failed to extract website image","details":"HTTP 429: Too Many Requests"}"
"1028997c-d350-4b79-8620-86e5ca2995b8","Centro Cultural Universitario Tlatelolco","https://www.mexicoescultura.com/","true","https://tysnkzmljlmmqpbotkxv.supabase.co/storage/v1/object/public/travel-app-images/ChIJW4iMiST50YURCfHJBjK_4tE/ChIJW4iMiST50YURCfHJBjK_4tE_1757334425224_1.jpg","https://tysnkzmljlmmqpbotkxv.supabase.co/storage/v1/object/public/travel-app-images/website-1028997c/centro-cultural-universitario-tlatelolco-siempre-tendremos-acapulco-1757537219303-1.jpg","unknown","website","32",""
"8fdb6861-b7cb-4cf2-a142-72e68f8ecf35","Museo de la Secretaría de Hacienda y Crédito Público","https://sic.cultura.gob.mx/ficha.php?table=museo&table_id=968","true","https://tysnkzmljlmmqpbotkxv.supabase.co/storage/v1/object/public/travel-app-images/ChIJRWueLTP50YURlCgtSyiZm14/ChIJRWueLTP50YURlCgtSyiZm14_1757333849319_1.jpg","https://tysnkzmljlmmqpbotkxv.supabase.co/storage/v1/object/public/travel-app-images/website-8fdb6861/museo-de-la-secretara-de-hacienda-y-crdito-pblico-imagen0-1757537218725-1.jpg","unknown","website","5",""
"14da85ac-2986-4494-9695-849d06315201","Parroquia de Nuestra Señora de Lourdes","https://mexicocity.cdmx.gob.mx/venues/nuestra-senora-de-lourdes-lomas-reforma/?lang=es","true","https://tysnkzmljlmmqpbotkxv.supabase.co/storage/v1/object/public/travel-app-images/ChIJP6kkewoB0oUR8iR-BBsuwFI/ChIJP6kkewoB0oUR8iR-BBsuwFI_1757333881151_1.jpg","https://tysnkzmljlmmqpbotkxv.supabase.co/storage/v1/object/public/travel-app-images/website-14da85ac/parroquia-de-nuestra-seora-de-lourdes-lourdes-lomas-reforma-1757537226599-1.jpg","unknown","website","15",""
"e4f5ccfd-acdb-486e-a371-b3f421401768","San Pedro Apostol Church","https://sanpedrotlalpan.wixsite.com/1111","false","https://tysnkzmljlmmqpbotkxv.supabase.co/storage/v1/object/public/travel-app-images/ChIJsSb9fmMAzoURad-Ouzy1694/ChIJsSb9fmMAzoURad-Ouzy1694_1757334440601_1.jpg","","unknown","","","No suitable images found on website"
"57dc2791-3b5e-4a4a-99ee-d26cdec2f677","Paróquia Sagrado Coração De Jesus - Diocese de Franca","https://www.facebook.com/pscj4068","true","https://tysnkzmljlmmqpbotkxv.supabase.co/storage/v1/object/public/travel-app-images/ChIJzxV8Bu-lsJQR86AnknMac_Y/ChIJzxV8Bu-lsJQR86AnknMac_Y_1757334450929_1.jpg","https://tysnkzmljlmmqpbotkxv.supabase.co/storage/v1/object/public/travel-app-images/website-57dc2791/parquia-sagrado-corao-de-jesus-diocese-de-franca-background-image-1757537232082-1.jpg","unknown","website","1",""
"1b297e9d-f47b-4804-a27b-1693c4a46f5c","Museo del Centenario del Ejército Mexicano","https://www.gob.mx/defensa/acciones-y-programas/museos-y-bibliotecas-9853","true","https://tysnkzmljlmmqpbotkxv.supabase.co/storage/v1/object/public/travel-app-images/ChIJndV3ewAD0oURHLbzpioAvPI/ChIJndV3ewAD0oURHLbzpioAvPI_1757333939251_1.jpg","https://tysnkzmljlmmqpbotkxv.supabase.co/storage/v1/object/public/travel-app-images/website-1b297e9d/museo-del-centenario-del-ejrcito-mexicano-buscar-1757537232946-1.jpg","unknown","website","3",""
"8b964ea4-7ac6-4b56-90d8-3b39cfd181da","Parque dos Trabalhadores - Parque Ecológico Dr. João Roberto Corrêa","https://www.instagram.com/parquedostrabalhadoresfranca/","false","https://tysnkzmljlmmqpbotkxv.supabase.co/storage/v1/object/public/travel-app-images/ChIJoyqkXP-msJQRSMQszhbf6dw/ChIJoyqkXP-msJQRSMQszhbf6dw_1757333877929_1.jpg","","unknown","","","Edge function error: 500 Internal Server Error - {"error":"Failed to extract website image","details":"HTTP 429: Too Many Requests"}"
"0c01eacb-40f3-4624-8648-1f3858366974","Former Convent of San Juan Evangelista Culhuacán","https://mexicocity.cdmx.gob.mx/venues/san-juan-evangelista-monastery/?lang=es","true","https://tysnkzmljlmmqpbotkxv.supabase.co/storage/v1/object/public/travel-app-images/ChIJQ16Y7f0BzoUR1qDtZh01mUE/ChIJQ16Y7f0BzoUR1qDtZh01mUE_1757333957201_1.jpg","https://tysnkzmljlmmqpbotkxv.supabase.co/storage/v1/object/public/travel-app-images/website-0c01eacb/former-convent-of-san-juan-evangelista-culhuacn-website-image-1757537239126-1.jpg","unknown","website","15",""
"0a1d57ba-1e75-49cc-867e-b2f27df2ba31","Biblioteca Nacional de Antropología e Historia","http://www.bnah.inah.gob.mx/","true","https://tysnkzmljlmmqpbotkxv.supabase.co/storage/v1/object/public/travel-app-images/ChIJw_ksQZD_0YURU0Hedh6RNJ0/ChIJw_ksQZD_0YURU0Hedh6RNJ0_1757333893606_1.jpg","https://tysnkzmljlmmqpbotkxv.supabase.co/storage/v1/object/public/travel-app-images/website-0a1d57ba/biblioteca-nacional-de-antropologa-e-historia-memoria-del-mundo-1757537248139-1.jpg","unknown","website","41",""
"aa2465af-f48e-447d-93de-2cb06f0292ff","Paroquia Santa Luzia - Diocese de Franca","http://www.paroquiasantaluziafranca.org.br/","false","https://tysnkzmljlmmqpbotkxv.supabase.co/storage/v1/object/public/travel-app-images/ChIJ4QU0psGnsJQRPwhMGlup19Y/ChIJ4QU0psGnsJQRPwhMGlup19Y_1757334463972_1.jpg","","unknown","","","No suitable images found on website"
"3bf72112-3f9b-41a3-b2bd-ed4f5a76dc45","Cerro de Xochitepec","https://mexicocity.cdmx.gob.mx/venues/cerro-de-xochitepec/?lang=es","true","https://tysnkzmljlmmqpbotkxv.supabase.co/storage/v1/object/public/travel-app-images/ChIJszlWlTABzoURT-aFjOWPjBI/ChIJszlWlTABzoURT-aFjOWPjBI_1757334460842_1.jpg","https://tysnkzmljlmmqpbotkxv.supabase.co/storage/v1/object/public/travel-app-images/website-3bf72112/cerro-de-xochitepec-cerro-de-xochitepec-xochimilco-1757537254510-1.jpg","unknown","website","16",""
"06d1e13a-33ae-4ec9-83a7-cf56319ce795","Experiencia HYBE","http://experienciahybe.com/","true","https://tysnkzmljlmmqpbotkxv.supabase.co/storage/v1/object/public/travel-app-images/ChIJh4FVJwAD0oURhiCIRl5LB18/ChIJh4FVJwAD0oURhiCIRl5LB18_1757333905579_1.jpg","https://tysnkzmljlmmqpbotkxv.supabase.co/storage/v1/object/public/travel-app-images/website-06d1e13a/experiencia-hybe-experiencia-hybe-1757537256565-1.jpg","unknown","website","13",""
"40bf5189-1e81-4ca2-bdd2-e1d9846c67a6","Frida Kahlo Museum","https://www.museofridakahlo.org.mx/","true","https://tysnkzmljlmmqpbotkxv.supabase.co/storage/v1/object/public/travel-app-images/ChIJOz-6AMT_0YURofTM9_ekAWI/ChIJOz-6AMT_0YURofTM9_ekAWI_1757333979857_1.jpg","https://tysnkzmljlmmqpbotkxv.supabase.co/storage/v1/object/public/travel-app-images/website-40bf5189/frida-kahlo-museum-website-image-1757537265338-1.jpg","unknown","website","22",""
"c43b2cbb-ee4e-4c23-999b-d2e4b5b7f7da","Jardín del Arte Allende","http://www.facebook.com/jardindelarteallende","true","https://tysnkzmljlmmqpbotkxv.supabase.co/storage/v1/object/public/travel-app-images/ChIJ7671gcP_0YUR_b0kPhpt9K8/ChIJ7671gcP_0YUR_b0kPhpt9K8_1757334030630_1.jpg","https://tysnkzmljlmmqpbotkxv.supabase.co/storage/v1/object/public/travel-app-images/website-c43b2cbb/jardn-del-arte-allende-background-image-1757537262072-1.jpg","unknown","website","1",""
"b9244637-5ebd-47b4-956e-540207a0171e","Plaza Mariana y Museo Guadalupano","https://mexicocity.cdmx.gob.mx/venues/plaza-mariana-museo-guadalupana/?lang=es","true","https://tysnkzmljlmmqpbotkxv.supabase.co/storage/v1/object/public/travel-app-images/ChIJrdytaEr50YURwmGHhRPvvXs/ChIJrdytaEr50YURwmGHhRPvvXs_1757333946238_1.jpg","https://tysnkzmljlmmqpbotkxv.supabase.co/storage/v1/object/public/travel-app-images/website-b9244637/plaza-mariana-y-museo-guadalupano-plaza-mariana-amp-museo-guadal-1757537278610-1.jpg","unknown","website","15",""
"1dc2097b-9887-49b8-b2f5-9d08cd0e6d78","Templo Hare Krishna Mexico D.F","https://www.facebook.com/HareKrishnaMx","false","https://tysnkzmljlmmqpbotkxv.supabase.co/storage/v1/object/public/travel-app-images/ChIJJ-ADy17_0YURpgb_zJ-uobM/ChIJJ-ADy17_0YURpgb_zJ-uobM_1757334474058_1.jpg","","unknown","","","No suitable images found on website"
"99e61480-dc98-4f76-92f0-0734b4fb3d1b","Parroquia San Juan Bautista","https://mexicocity.cdmx.gob.mx/venues/san-juan-bautista-church-monastery/?lang=es","true","https://tysnkzmljlmmqpbotkxv.supabase.co/storage/v1/object/public/travel-app-images/ChIJVXmuMcP_0YURBRTMHESl2zo/ChIJVXmuMcP_0YURBRTMHESl2zo_1757334480524_1.jpg","https://tysnkzmljlmmqpbotkxv.supabase.co/storage/v1/object/public/travel-app-images/website-99e61480/parroquia-san-juan-bautista-san-juan-bautista-coyoacan--1757537286681-1.jpg","unknown","website","19",""
"580fba08-3702-4785-b268-64163dd7ed98","Freedom Arena México","http://www.freedom.com.mx/","true","https://tysnkzmljlmmqpbotkxv.supabase.co/storage/v1/object/public/travel-app-images/ChIJ1VApGPz_0YURU14Y2Bp9rgs/ChIJ1VApGPz_0YURU14Y2Bp9rgs_1757333968657_1.jpg","https://tysnkzmljlmmqpbotkxv.supabase.co/storage/v1/object/public/travel-app-images/website-580fba08/freedom-arena-mxico-website-image-1757537287092-1.jpg","unknown","website","3",""
"2dd65d2d-4444-400f-9791-7e731d9a177c","Templo del Carmen de San Ángel","https://www.facebook.com/Sanangelocd/","true","https://tysnkzmljlmmqpbotkxv.supabase.co/storage/v1/object/public/travel-app-images/ChIJF0jKePj_0YURlo7msjSArPI/ChIJF0jKePj_0YURlo7msjSArPI_1757334505096_1.jpg","https://tysnkzmljlmmqpbotkxv.supabase.co/storage/v1/object/public/travel-app-images/website-2dd65d2d/templo-del-carmen-de-san-ngel-background-image-1757537292865-1.jpg","unknown","website","1",""
"32c0a788-0fed-46bb-b85b-aa8e1bfa1864","Chapultepec Castle","https://mnh.inah.gob.mx/","false","https://tysnkzmljlmmqpbotkxv.supabase.co/storage/v1/object/public/travel-app-images/ChIJI4_tR83-0YURMouBJIUA4KY/ChIJI4_tR83-0YURMouBJIUA4KY_1757334512932_1.jpg","","unknown","","","No suitable images found on website"
"610742b4-3bc8-49ee-9eeb-f1e9eb466264","Fuego Nuevo","https://www.facebook.com/museofuegonuevo","true","https://tysnkzmljlmmqpbotkxv.supabase.co/storage/v1/object/public/travel-app-images/ChIJXa5Vx_n90YURs_lMS6srvdQ/ChIJXa5Vx_n90YURs_lMS6srvdQ_1757333998420_1.jpg","https://tysnkzmljlmmqpbotkxv.supabase.co/storage/v1/object/public/travel-app-images/website-610742b4/fuego-nuevo-background-image-1757537297751-1.jpg","unknown","website","1",""
"505cceff-4c2f-4ef8-bd22-a9565eaf2b04","KidZania Cuicuilco","https://mexico.kidzania.com/mx-es","false","https://tysnkzmljlmmqpbotkxv.supabase.co/storage/v1/object/public/travel-app-images/ChIJrytwDXsAzoURdPOX5AOA3nw/ChIJrytwDXsAzoURdPOX5AOA3nw_1757334524718_1.jpg","","unknown","","","No suitable images found on website"
"0018b605-7354-45b7-a2b3-10d15e6aa9aa","Plaza de la Conchita","https://mexicocity.cdmx.gob.mx/venues/plaza-de-la-conchita/?lang=es","true","https://tysnkzmljlmmqpbotkxv.supabase.co/storage/v1/object/public/travel-app-images/ChIJ8eQa2dr_0YURkr4bhpPw1VU/ChIJ8eQa2dr_0YURkr4bhpPw1VU_1757334531863_1.jpg","https://tysnkzmljlmmqpbotkxv.supabase.co/storage/v1/object/public/travel-app-images/website-0018b605/plaza-de-la-conchita-plaza-de-la-conchita-1757537304309-1.jpg","unknown","website","17",""
"bfe35f3e-6299-4f3a-a070-bc2af00967db","Parque España","https://mexicocity.cdmx.gob.mx/venues/parque-espana/?lang=es","true","https://tysnkzmljlmmqpbotkxv.supabase.co/storage/v1/object/public/travel-app-images/ChIJbcYN3Eb_0YURVSjT7eaVnu0/ChIJbcYN3Eb_0YURVSjT7eaVnu0_1757334542467_1.jpg","https://tysnkzmljlmmqpbotkxv.supabase.co/storage/v1/object/public/travel-app-images/website-bfe35f3e/parque-espaa-website-image-1757537304629-1.jpg","unknown","website","15",""
"6428df94-9a81-4f3e-a8c8-5c46381499f3","Museo del Instituto de Geología de la UNAM","https://museo.geologia.unam.mx/","true","https://tysnkzmljlmmqpbotkxv.supabase.co/storage/v1/object/public/travel-app-images/ChIJrQvKHwcAzoURvVdwzj9PUs8/ChIJrQvKHwcAzoURvVdwzj9PUs8_1757334048811_1.jpg","https://tysnkzmljlmmqpbotkxv.supabase.co/storage/v1/object/public/travel-app-images/website-6428df94/museo-del-instituto-de-geologa-de-la-unam-website-image-1757537311736-1.jpg","unknown","website","1",""
"3efb3ced-bbfd-41dc-b93d-4789bb1a3f02","The Sabatina","http://sabatina.com.mx/","true","https://tysnkzmljlmmqpbotkxv.supabase.co/storage/v1/object/public/travel-app-images/ChIJ9WPrGlv_0YUR-TgyEcQNxDU/ChIJ9WPrGlv_0YUR-TgyEcQNxDU_1757334552107_1.jpg","https://tysnkzmljlmmqpbotkxv.supabase.co/storage/v1/object/public/travel-app-images/website-3efb3ced/the-sabatina-happy-kids-holding-notebooks-1757537312862-1.jpg","unknown","website","21",""
"d74e02fb-2309-416a-9ff4-f9d076277634","Kurimanzutto","http://www.kurimanzutto.com/","true","https://tysnkzmljlmmqpbotkxv.supabase.co/storage/v1/object/public/travel-app-images/ChIJAw6NOEX_0YURAWGp5-IvJXk/ChIJAw6NOEX_0YURAWGp5-IvJXk_1757334556406_1.jpg","https://tysnkzmljlmmqpbotkxv.supabase.co/storage/v1/object/public/travel-app-images/website-d74e02fb/kurimanzutto-kurimanzutto-1757537319237-1.jpg","unknown","website","64",""
"4962b619-e948-48ae-8c07-52c072469b4a","Radar Meteorológico - Mexico D.F.","https://aplicaciones.sacmex.cdmx.gob.mx/radar-meteorologico/","false","https://tysnkzmljlmmqpbotkxv.supabase.co/storage/v1/object/public/travel-app-images/ChIJ0VTcy0X90YURSMGHOit8Xs0/ChIJ0VTcy0X90YURSMGHOit8Xs0_1757334062586_1.jpg","","unknown","","","Edge function error: 500 Internal Server Error - {"error":"Failed to extract website image","details":"error sending request for url (https://aplicaciones.sacmex.cdmx.gob.mx/radar-meteorologico/): client error (Connect): invalid peer certificate: UnknownIssuer"}"
"6ab1091b-b36d-4ea7-ba99-8020bc42c0d0","Fuente de Tlaloc","https://www.atlasobscura.com/places/aztec-rain-god-tlaloc-diago-rivera-fountain","true","https://tysnkzmljlmmqpbotkxv.supabase.co/storage/v1/object/public/travel-app-images/ChIJH_xt0eUB0oURYF0R_ObMZkE/ChIJH_xt0eUB0oURYF0R_ObMZkE_1757334103108_1.jpg","https://tysnkzmljlmmqpbotkxv.supabase.co/storage/v1/object/public/travel-app-images/website-6ab1091b/fuente-de-tlaloc-website-image-1757537325195-1.jpg","unknown","website","52",""
"3f2d92c9-f406-4669-8c87-f898161d3c06","Museo del Policía","http://sic.gob.mx/ficha.php?table=museo&table_id=759","true","https://tysnkzmljlmmqpbotkxv.supabase.co/storage/v1/object/public/travel-app-images/ChIJncV3uir_0YURbye532FXQ5s/ChIJncV3uir_0YURbye532FXQ5s_1757334151398_1.jpg","https://tysnkzmljlmmqpbotkxv.supabase.co/storage/v1/object/public/travel-app-images/website-3f2d92c9/museo-del-polica-imagen0-1757537325346-1.jpg","unknown","website","4",""
"0a01af1c-ffb1-462c-83ae-cc7ea5ca46a2","Museo Tezozómoc","https://www.ipn.mx/ddicyt/museo-tezozomoc.html","false","https://tysnkzmljlmmqpbotkxv.supabase.co/storage/v1/object/public/travel-app-images/ChIJ0YaRcJUC0oURKvnNWeFgedQ/ChIJ0YaRcJUC0oURKvnNWeFgedQ_1757334566353_1.jpg","","unknown","","","Edge function error: 500 Internal Server Error - {"error":"Failed to extract website image","details":"HTTP 404: Not Found"}"
"6c1d185e-3a28-4498-bafc-d764b0ec32bd","Museo del Manga de Mexico","https://www.amj.mx/museo-manga","false","https://tysnkzmljlmmqpbotkxv.supabase.co/storage/v1/object/public/travel-app-images/ChIJFYJj0jwA0oURWZQ_Rkhu-FE/ChIJFYJj0jwA0oURWZQ_Rkhu-FE_1757334110574_1.jpg","","unknown","","","Edge function error: 500 Internal Server Error - {"error":"Failed to extract website image","details":"HTTP 404: Not Found"}"
"f7757bb0-90d4-4bb4-b787-3943acfe66ae","Chapultepec Zoo","http://data.sedema.cdmx.gob.mx/zoo_chapultepec/","true","https://tysnkzmljlmmqpbotkxv.supabase.co/storage/v1/object/public/travel-app-images/ChIJwXColAIC0oURBKBWFzsqhkI/ChIJwXColAIC0oURBKBWFzsqhkI_1757334099254_1.jpg","https://tysnkzmljlmmqpbotkxv.supabase.co/storage/v1/object/public/travel-app-images/website-f7757bb0/chapultepec-zoo-website-image-1757537336612-1.jpg","unknown","website","54",""
"2e5ee316-8749-4080-b670-df9f8ec9a14d","Palacio de Bellas Artes","https://palacio.inba.gob.mx/","true","https://tysnkzmljlmmqpbotkxv.supabase.co/storage/v1/object/public/travel-app-images/ChIJTQGqdSv50YURz-imDdIQ2Bc/ChIJTQGqdSv50YURz-imDdIQ2Bc_1757334129000_1.jpg","https://tysnkzmljlmmqpbotkxv.supabase.co/storage/v1/object/public/travel-app-images/website-2e5ee316/palacio-de-bellas-artes-website-image-1757537340940-1.jpg","unknown","website","27",""
"5d25568d-c088-4c1f-aa53-4e31ed583a2e","Estação ferroviária Matadouro -NOVA, E.F.Central do Brasil.","http://www.estacoesferroviarias.com.br/efcb_rj_mangaratiba/matadouro-nova.htm","true","https://tysnkzmljlmmqpbotkxv.supabase.co/storage/v1/object/public/travel-app-images/ChIJMSkeJIv7mwARkTY1sCKr9zo/ChIJMSkeJIv7mwARkTY1sCKr9zo_1754499672586_1.jpg","https://tysnkzmljlmmqpbotkxv.supabase.co/storage/v1/object/public/travel-app-images/website-5d25568d/estao-ferroviria-matadouro-nova-efcentral-do-brasi-website-image-1757537345709-1.jpg","unknown","website","37",""
"05ff9277-1056-4fbe-9bbb-155972d00306","Saint Anthony of padua","https://sanpablo.oratorio.mx/centros-oratorianos/#toggle-id-6-closed","false","https://tysnkzmljlmmqpbotkxv.supabase.co/storage/v1/object/public/travel-app-images/ChIJZRjYEtIBzoURK-cmNc1RB1w/ChIJZRjYEtIBzoURK-cmNc1RB1w_1757334198598_1.jpg","","unknown","","","No suitable images found on website"
"bff39245-a32d-4911-840b-5f239886c1c1","Seminario de Xochimilco","https://www.facebook.com/SeminarioXochimilco","true","https://tysnkzmljlmmqpbotkxv.supabase.co/storage/v1/object/public/travel-app-images/ChIJ8eAj9egBzoUR5ifQ-_AQ6eA/ChIJ8eAj9egBzoUR5ifQ-_AQ6eA_1757334613225_1.jpg","https://tysnkzmljlmmqpbotkxv.supabase.co/storage/v1/object/public/travel-app-images/website-bff39245/seminario-de-xochimilco-background-image-1757537351341-1.jpg","unknown","website","1",""
"7ba64678-bb4c-44ec-8eef-e28e0b2284c9","Laboratorio Arte Alameda","https://inba.gob.mx/recinto/32","true","https://tysnkzmljlmmqpbotkxv.supabase.co/storage/v1/object/public/travel-app-images/ChIJd0_AmtX40YURWtzx7Y7wS0Q/ChIJd0_AmtX40YURWtzx7Y7wS0Q_1757334619355_1.jpg","https://tysnkzmljlmmqpbotkxv.supabase.co/storage/v1/object/public/travel-app-images/website-7ba64678/laboratorio-arte-alameda-laboratorio-arte-alameda-1757537352880-1.jpg","unknown","website","3",""
"df7bcc57-181b-4e8b-887c-9504ce02b2c9","Jardín del Arte","http://www.jardindelarte.mx/","true","https://tysnkzmljlmmqpbotkxv.supabase.co/storage/v1/object/public/travel-app-images/ChIJE_QqW8v40YURP0jCk-Lf7DA/ChIJE_QqW8v40YURP0jCk-Lf7DA_1757334157657_1.jpg","https://tysnkzmljlmmqpbotkxv.supabase.co/storage/v1/object/public/travel-app-images/website-df7bcc57/jardn-del-arte-website-image-1757537359633-1.jpg","unknown","website","72",""
"9b0c44bf-ca0f-4141-82bd-d09b2262cd0f","Sitio arqueológico "El Santuario o La Pasión"","https://www.mediateca.inah.gob.mx/repositorio/islandora/object/articulo%3A15686","false","https://tysnkzmljlmmqpbotkxv.supabase.co/storage/v1/object/public/travel-app-images/ChIJ__IJfdX90YURCOU8dBpz_u8/ChIJ__IJfdX90YURCOU8dBpz_u8_1757334636318_1.jpg","","unknown","","","Edge function error: 500 Internal Server Error - {"error":"Failed to extract website image","details":"Failed to download image: 403 Forbidden"}"
"98d5473c-6d92-46d1-808b-80bd0ba73924","Complejo Cultural de Los Pinos","http://www.lospinos.cultura.gob.mx/","false","https://tysnkzmljlmmqpbotkxv.supabase.co/storage/v1/object/public/travel-app-images/ChIJUZZ6YOIB0oURLwOyV_btseg/ChIJUZZ6YOIB0oURLwOyV_btseg_1757334646844_1.jpg","","unknown","","","Edge function error: 500 Internal Server Error - {"error":"Failed to extract website image","details":"error sending request for url (http://www.lospinos.cultura.gob.mx/): client error (Connect): dns error: failed to lookup address information: Name or service not known: failed to lookup address information: Name or service not known"}"
"a6cd19d8-a576-42e0-9c38-33d1b10e85f1","Paseo de las Esculturas (Reserva Ecológica del Pedregal de San Ángel)","http://www.repsa.unam.mx/","true","https://tysnkzmljlmmqpbotkxv.supabase.co/storage/v1/object/public/travel-app-images/ChIJ1Z3rbwwAzoUR-Kkgk9K9Qf8/ChIJ1Z3rbwwAzoUR-Kkgk9K9Qf8_1757334653354_1.jpg","https://tysnkzmljlmmqpbotkxv.supabase.co/storage/v1/object/public/travel-app-images/website-a6cd19d8/paseo-de-las-esculturas-reserva-ecolgica-del-pedre-website-image-1757537369888-1.jpg","unknown","website","11",""
"71faa52e-9158-4b0f-a1a9-544220aa9bf8","St. Augustine Parish","https://www.sanaguspolanco.org/","false","https://tysnkzmljlmmqpbotkxv.supabase.co/storage/v1/object/public/travel-app-images/ChIJC1iKBgEC0oURc6gSScA8Cd8/ChIJC1iKBgEC0oURc6gSScA8Cd8_1757334656255_1.jpg","","unknown","","","No suitable images found on website"
"d0832cc9-62db-4d6c-90be-9c4870857306","Galería Arte XXI","https://www.galeriaartexxi.shop/","false","https://tysnkzmljlmmqpbotkxv.supabase.co/storage/v1/object/public/travel-app-images/ChIJrXp93AMC0oURAkLJa8Swwak/ChIJrXp93AMC0oURAkLJa8Swwak_1757334191900_1.jpg","","unknown","","","No suitable images found on website"
"9e2870a2-a22d-4536-ae61-75c90cb64a42","Library Banco de Mexico","http://www.banxico.org.mx/servicios/informacion-general/biblioteca/pagina-biblioteca-del-banco-m.html","true","https://tysnkzmljlmmqpbotkxv.supabase.co/storage/v1/object/public/travel-app-images/ChIJCyHk-dL-0YURNyMDDUoEDL4/ChIJCyHk-dL-0YURNyMDDUoEDL4_1757334240179_1.jpg","https://tysnkzmljlmmqpbotkxv.supabase.co/storage/v1/object/public/travel-app-images/website-9e2870a2/library-banco-de-mexico-ayuda-1757537383057-1.jpg","unknown","website","6",""
"48096711-768a-4bfa-ab77-a110828f2a25","Capilla y Estancia SD María Amada","http://www.mariaamada.com/","false","https://tysnkzmljlmmqpbotkxv.supabase.co/storage/v1/object/public/travel-app-images/ChIJr-f2P_H40YURqy60mYZElFU/ChIJr-f2P_H40YURqy60mYZElFU_1757334205918_1.jpg","","unknown","","","No suitable images found on website"
"a65a2c37-8ad2-4061-8b61-31dc09b471b1","GNP Seguros Stadium","https://www.estadiognpseguros.com/","true","https://tysnkzmljlmmqpbotkxv.supabase.co/storage/v1/object/public/travel-app-images/ChIJYczSHCT80YURcAFpPX1ZlNk/ChIJYczSHCT80YURcAFpPX1ZlNk_1757334215181_1.jpg","https://tysnkzmljlmmqpbotkxv.supabase.co/storage/v1/object/public/travel-app-images/website-a65a2c37/gnp-seguros-stadium-website-image-1757537389089-1.jpg","unknown","website","42",""
"1c4dd76b-de0a-4e32-a991-d239acd8bc1d","Museum of Tequila and Mezcal","http://www.mutemgaribaldi.mx/","true","https://tysnkzmljlmmqpbotkxv.supabase.co/storage/v1/object/public/travel-app-images/ChIJ7YaCsy750YURNFYYJ2_ZwtA/ChIJ7YaCsy750YURNFYYJ2_ZwtA_1757334230666_1.jpg","https://tysnkzmljlmmqpbotkxv.supabase.co/storage/v1/object/public/travel-app-images/website-1c4dd76b/museum-of-tequila-and-mezcal-website-image-1757537387841-1.jpg","unknown","website","6",""
"71b08e6d-ea7c-4fae-8cf6-a0879260c870","Casa del Poeta","http://www.casapoetalopezvelarde.blogspot.com/","true","https://tysnkzmljlmmqpbotkxv.supabase.co/storage/v1/object/public/travel-app-images/ChIJSSFclTr_0YUR4uD-2w2b-NA/ChIJSSFclTr_0YUR4uD-2w2b-NA_1757334246861_1.jpg","https://tysnkzmljlmmqpbotkxv.supabase.co/storage/v1/object/public/travel-app-images/website-71b08e6d/casa-del-poeta-background-image-1757537394228-1.jpg","unknown","website","1",""
"66067104-f826-413c-9614-e38937de0e16","Museo Diablos","http://estadioahh.com/","true","https://tysnkzmljlmmqpbotkxv.supabase.co/storage/v1/object/public/travel-app-images/ChIJu2O_-Rn90YURG_1ryqyTXq8/ChIJu2O_-Rn90YURG_1ryqyTXq8_1757334233530_1.jpg","https://tysnkzmljlmmqpbotkxv.supabase.co/storage/v1/object/public/travel-app-images/website-66067104/museo-diablos-httpsivimeocdncomvideo10185316-1757537394072-1.jpg","unknown","website","52",""
"be37d415-9e8f-4c77-bb83-736259493062","Mirador Torre Latino","https://www.miradorlatino.com/","false","https://tysnkzmljlmmqpbotkxv.supabase.co/storage/v1/object/public/travel-app-images/ChIJMc6vWiv50YURY1rtNDuRw2E/ChIJMc6vWiv50YURY1rtNDuRw2E_1757334689278_1.jpg","","unknown","","","No suitable images found on website"
"081da9e6-1e90-433b-8e29-90581b43dc14","Casa del Lago Juan José Arreola","http://www.casadellago.unam.mx/","true","https://tysnkzmljlmmqpbotkxv.supabase.co/storage/v1/object/public/travel-app-images/ChIJFXjQ5uEB0oURq_9OSpyeMoo/ChIJFXjQ5uEB0oURq_9OSpyeMoo_1757334243384_1.jpg","https://tysnkzmljlmmqpbotkxv.supabase.co/storage/v1/object/public/travel-app-images/website-081da9e6/casa-del-lago-juan-jos-arreola-website-image-1757537400452-1.jpg","unknown","website","1",""
"7fc74d67-ef89-4e07-a586-2a39ea151c7b","Museum of El Carmen","https://lugares.inah.gob.mx/es/museos-inah/museo/404-museo-de-el-carmen.html?lugar_id=404&lugar_tipo=museos","false","https://tysnkzmljlmmqpbotkxv.supabase.co/storage/v1/object/public/travel-app-images/ChIJRVkChvj_0YURriMSF4QlBf0/ChIJRVkChvj_0YURriMSF4QlBf0_1757334704578_1.jpg","","unknown","","","Edge function error: 500 Internal Server Error - {"error":"Failed to extract website image","details":"HTTP 404: Not Found"}"
"e3071c4f-903b-4f50-b1a5-0d684064ec2e","Metro Museum","https://www.metro.cdmx.gob.mx/museo-del-metro","false","https://tysnkzmljlmmqpbotkxv.supabase.co/storage/v1/object/public/travel-app-images/ChIJhZtL4Yb_0YURtR8RljTZ4n4/ChIJhZtL4Yb_0YURtR8RljTZ4n4_1757334257198_1.jpg","","unknown","","","Edge function error: 500 Internal Server Error - {"error":"Failed to extract website image","details":"error sending request for url (https://www.metro.cdmx.gob.mx/museo-del-metro): client error (Connect): tcp connect error: Connection timed out (os error 110): Connection timed out (os error 110)"}"
"62061779-8938-4119-b593-ab78c5361f47","Cultural Center Casa Lamm","https://www.casalamm.com.mx/","true","https://tysnkzmljlmmqpbotkxv.supabase.co/storage/v1/object/public/travel-app-images/ChIJ5Rk_Xzr_0YURXvh_UF9PrLU/ChIJ5Rk_Xzr_0YURXvh_UF9PrLU_1757334720715_1.jpg","https://tysnkzmljlmmqpbotkxv.supabase.co/storage/v1/object/public/travel-app-images/website-62061779/cultural-center-casa-lamm-licenciaturas-en-elamm-1757537543465-1.jpg","unknown","website","30",""
"198ba657-6141-448e-81bd-fab5df4323dc","Hemeroteca Nacional de México","https://hnm.iib.unam.mx/","true","https://tysnkzmljlmmqpbotkxv.supabase.co/storage/v1/object/public/travel-app-images/ChIJUz3tgwsAzoURVfBVNA0kuZc/ChIJUz3tgwsAzoURVfBVNA0kuZc_1757334263184_1.jpg","https://tysnkzmljlmmqpbotkxv.supabase.co/storage/v1/object/public/travel-app-images/website-198ba657/hemeroteca-nacional-de-mxico-universidad-nacional-autnoma-d-1757537542420-1.jpg","unknown","website","61",""
"37ca9a68-00c0-40b7-bede-26f7afff2433","The Angel of Independence","https://mexicocity.cdmx.gob.mx/venues/el-angel-independencia/?lang=es","true","https://tysnkzmljlmmqpbotkxv.supabase.co/storage/v1/object/public/travel-app-images/ChIJYxW99TX_0YUR9y_gLQ5vNmw/ChIJYxW99TX_0YUR9y_gLQ5vNmw_1757334266063_1.jpg","https://tysnkzmljlmmqpbotkxv.supabase.co/storage/v1/object/public/travel-app-images/website-37ca9a68/the-angel-of-independence-website-image-1757537550195-1.jpg","unknown","website","17",""
"f16760a9-8be7-4d91-ae4d-378b92e92847","TecnoParque","http://www.tecnoparque.com/","false","https://tysnkzmljlmmqpbotkxv.supabase.co/storage/v1/object/public/travel-app-images/ChIJlTDEYA340YUROCqKPBFMuKM/ChIJlTDEYA340YUROCqKPBFMuKM_1757334736778_1.jpg","","unknown","","","Edge function error: 500 Internal Server Error - {"error":"Failed to extract website image","details":"error sending request for url (https://www.tecnoparque.com/): client error (Connect): invalid peer certificate: Expired"}"
"fd789cb9-ddef-477b-9a70-b885be5ee251","Casa Jaime Sabines","http://casajaimesabines.blogspot.mx/?m=1","false","https://tysnkzmljlmmqpbotkxv.supabase.co/storage/v1/object/public/travel-app-images/ChIJO5rmewIA0oURu43xzImvhBI/ChIJO5rmewIA0oURu43xzImvhBI_1757334275306_1.jpg","","unknown","","","Edge function error: 500 Internal Server Error - {"error":"Failed to extract website image","details":"HTTP 429: Too Many Requests"}"
"647630ef-d7d5-4d91-9b10-449e76476f34","Museum Padre Pro","https://www.facebook.com/PadrePro","true","https://tysnkzmljlmmqpbotkxv.supabase.co/storage/v1/object/public/travel-app-images/ChIJvfgLcDr_0YUR-HRX9JQ4MyM/ChIJvfgLcDr_0YUR-HRX9JQ4MyM_1757334743351_1.jpg","https://tysnkzmljlmmqpbotkxv.supabase.co/storage/v1/object/public/travel-app-images/website-647630ef/museum-padre-pro-background-image-1757537555194-1.jpg","unknown","website","1",""
"a5871e0e-fa0d-4dac-8331-c101f14b775f","Hernan Cortés' House","https://mexicocity.cdmx.gob.mx/venues/casa-de-hernan-cortes/?lang=es","true","https://tysnkzmljlmmqpbotkxv.supabase.co/storage/v1/object/public/travel-app-images/ChIJbQr9V8P_0YURJlbXKk4P8sc/ChIJbQr9V8P_0YURJlbXKk4P8sc_1757334287143_1.jpg","https://tysnkzmljlmmqpbotkxv.supabase.co/storage/v1/object/public/travel-app-images/website-a5871e0e/hernan-corts-house-casa-de-hernn-corts-1757537562538-1.jpg","unknown","website","15",""
"44514a3b-e013-426e-b12c-e42207fc6fa7","Iglesia de San Ignacio de Loyola","https://m.facebook.com/IglesiaSanIgnacioPolanco/","false","https://tysnkzmljlmmqpbotkxv.supabase.co/storage/v1/object/public/travel-app-images/ChIJB3auXnP_0YURTC04vBs0uJM/ChIJB3auXnP_0YURTC04vBs0uJM_1757334757143_1.jpg","","unknown","","","No suitable images found on website"
"c89a5d14-7e37-4673-8b75-1f388de57a27","Reserva Ecológica del Pedregal de San Ángel: Núcleo Poniente","http://www.repsa.unam.mx/","true","https://tysnkzmljlmmqpbotkxv.supabase.co/storage/v1/object/public/travel-app-images/ChIJUdlV-OD_zYURvF1tR6vo8SI/ChIJUdlV-OD_zYURvF1tR6vo8SI_1757334293878_1.jpg","https://tysnkzmljlmmqpbotkxv.supabase.co/storage/v1/object/public/travel-app-images/website-c89a5d14/reserva-ecolgica-del-pedregal-de-san-ngel-ncleo-po-website-image-1757537568428-1.jpg","unknown","website","11",""
"df6f22c5-44bb-4414-9257-90caba4eeec4","House of Culture Tlalpan","http://sic.conaculta.gob.mx/ficha.php?table=centro_cultural&table_id=967","false","https://tysnkzmljlmmqpbotkxv.supabase.co/storage/v1/object/public/travel-app-images/ChIJH3mhZNb_zYUR7qOdXK-3PHs/ChIJH3mhZNb_zYUR7qOdXK-3PHs_1757334325802_1.jpg","","unknown","","","Edge function error: 500 Internal Server Error - {"error":"Failed to extract website image","details":"error sending request for url (http://sic.conaculta.gob.mx/ficha.php?table=centro_cultural&table_id=967): client error (Connect): dns error: failed to lookup address information: Temporary failure in name resolution: failed to lookup address information: Temporary failure in name resolution"}"
"9f430a15-53de-490d-b30d-cd0f9d818909","LIBRARY OF REVOLUTIONS MEXICO","http://www.inehrm.gob.mx/es/inehrm/Biblioteca","false","https://tysnkzmljlmmqpbotkxv.supabase.co/storage/v1/object/public/travel-app-images/ChIJyQZaiQIA0oURc25qLI-_Gf4/ChIJyQZaiQIA0oURc25qLI-_Gf4_1757334332691_1.jpg","","unknown","","","Edge function error: 500 Internal Server Error - {"error":"Failed to extract website image","details":"error sending request for url (http://sep.gob.mx/work/models/sep1/images/privacy.gif): client error (Connect): tcp connect error: Connection timed out (os error 110): Connection timed out (os error 110)"}"
"7131ec40-4c1d-4a82-884a-43e03a9acd12","National Art Museum","http://www.munal.mx/es","true","https://tysnkzmljlmmqpbotkxv.supabase.co/storage/v1/object/public/travel-app-images/ChIJ0fhThCQA0oURALaHxBtFZ14/ChIJ0fhThCQA0oURALaHxBtFZ14_1757334800774_1.jpg","https://tysnkzmljlmmqpbotkxv.supabase.co/storage/v1/object/public/travel-app-images/website-7131ec40/national-art-museum-website-image-1757537583222-1.jpg","unknown","website","21",""
"04e10f37-a807-4803-b141-4f14215aba42","National Institute of Genomic Medicine","http://www.inmegen.gob.mx/","true","https://tysnkzmljlmmqpbotkxv.supabase.co/storage/v1/object/public/travel-app-images/ChIJra9it8T_zYURDNO38Ppe2VI/ChIJra9it8T_zYURDNO38Ppe2VI_1757334811970_1.jpg","https://tysnkzmljlmmqpbotkxv.supabase.co/storage/v1/object/public/travel-app-images/website-04e10f37/national-institute-of-genomic-medicine-evento-presencial-1757537718703-1.jpg","unknown","website","22",""
"a84dbfb2-5256-41b6-8df2-7efa4ce73e1e","Apoyo al Desarrollo de Archivos y Bibliotecas de Mexico","https://adabi.pages.fahho.mx/","true","https://tysnkzmljlmmqpbotkxv.supabase.co/storage/v1/object/public/travel-app-images/ChIJKz8LGib-0YURkFdw-mrFR_E/ChIJKz8LGib-0YURkFdw-mrFR_E_1757334815070_1.jpg","https://tysnkzmljlmmqpbotkxv.supabase.co/storage/v1/object/public/travel-app-images/website-a84dbfb2/apoyo-al-desarrollo-de-archivos-y-bibliotecas-de-m-20231204buzonfahho-1757537718700-1.jpg","unknown","website","16",""
"0c19c8d9-67e2-4f4d-84ea-7d5c4a431278","SEA LIFE Orlando Aquarium","https://www.visitsealife.com/orlando/?utm_source=local-listing&utm_medium=organic&utm_campaign=tickets","true","https://tysnkzmljlmmqpbotkxv.supabase.co/storage/v1/object/public/travel-app-images/ChIJmy7U4VJ-54gRi1LoS6wwFj0/ChIJmy7U4VJ-54gRi1LoS6wwFj0_1757342823359_1.jpg","https://tysnkzmljlmmqpbotkxv.supabase.co/storage/v1/object/public/travel-app-images/website-0c19c8d9/sea-life-orlando-aquarium-justice-league-madame-tussauds-1757537725074-1.jpg","unknown","website","46",""
"48961ace-c59d-4749-819d-64088dc452ff","Catedral del Señor del Santo Sepulcro de Iztapalapa","https://m.facebook.com/Santuario.SenorCuevita/?locale2=es_LA","false","https://tysnkzmljlmmqpbotkxv.supabase.co/storage/v1/object/public/travel-app-images/ChIJPwblveX90YURrP3oTL7bNIk/ChIJPwblveX90YURrP3oTL7bNIk_1757334393893_1.jpg","","unknown","","","No suitable images found on website"
"04d076ef-ef04-43f8-b90c-93d70f0aefea","Catedral de Xochimilco (San Bernardino de Siena)","https://www.facebook.com/catedraldiocesisdexochimilco/","true","https://tysnkzmljlmmqpbotkxv.supabase.co/storage/v1/object/public/travel-app-images/ChIJSedkuVgBzoURMuJUlWyu898/ChIJSedkuVgBzoURMuJUlWyu898_1757334387517_1.jpg","https://tysnkzmljlmmqpbotkxv.supabase.co/storage/v1/object/public/travel-app-images/website-04d076ef/catedral-de-xochimilco-san-bernardino-de-siena-background-image-1757537730105-1.jpg","unknown","website","1",""
"0d9787f0-e9f4-4b32-9b74-1b40bb0d9ab7","National Museum of Cartography","http://sic.gob.mx/ficha.php?table=museo&table_id=977","true","https://tysnkzmljlmmqpbotkxv.supabase.co/storage/v1/object/public/travel-app-images/ChIJjQmjut8B0oUR5nxEUZGk94c/ChIJjQmjut8B0oUR5nxEUZGk94c_1757334828797_1.jpg","https://tysnkzmljlmmqpbotkxv.supabase.co/storage/v1/object/public/travel-app-images/website-0d9787f0/national-museum-of-cartography-website-image-1757537731180-1.jpg","unknown","website","5",""
"e1a04ea2-9e58-4927-888f-efe8b63212a3","Central Library Delegacional Jesus Silva Herzog","http://sic.gob.mx/ficha.php?table=biblioteca&table_id=6787&estado_id=9&municipio_id=15#","true","https://tysnkzmljlmmqpbotkxv.supabase.co/storage/v1/object/public/travel-app-images/ChIJ7V66ejT50YUR68ul5g06dY0/ChIJ7V66ejT50YUR68ul5g06dY0_1757334404959_1.jpg","https://tysnkzmljlmmqpbotkxv.supabase.co/storage/v1/object/public/travel-app-images/website-e1a04ea2/central-library-delegacional-jesus-silva-herzog-website-image-1757537738040-1.jpg","unknown","website","2",""
"f80c2438-5a19-4645-94bf-647e8256cd68","Palacio de Mineria","https://www.palaciomineria.unam.mx/","false","https://tysnkzmljlmmqpbotkxv.supabase.co/storage/v1/object/public/travel-app-images/ChIJcTXc1sf40YURLVbKU3SF7jM/ChIJcTXc1sf40YURLVbKU3SF7jM_1757334840164_1.jpg","","unknown","","","Edge function error: 500 Internal Server Error - {"error":"Failed to extract website image","details":"error sending request for url (https://www.palaciomineria.unam.mx/): client error (Connect): Connection reset by peer (os error 104)"}"
"460f6e39-1091-4e61-8ced-11af48bfda6d","Southwest Branch Library","https://ocls.org/locations-hours/southwest-branch/","true","https://tysnkzmljlmmqpbotkxv.supabase.co/storage/v1/object/public/travel-app-images/ChIJ1Z89tQt_54gR5KL4tWq2aUI/ChIJ1Z89tQt_54gR5KL4tWq2aUI_1757342810130_1.jpg","https://tysnkzmljlmmqpbotkxv.supabase.co/storage/v1/object/public/travel-app-images/website-460f6e39/southwest-branch-library-website-image-1757537744850-1.jpg","unknown","website","6",""
"c32231dd-98da-4d84-9947-4de405d6574e","CRAI UPF Biblioteca de la Ciudadela","https://www.upf.edu/web/biblioteca-informatica","true","https://tysnkzmljlmmqpbotkxv.supabase.co/storage/v1/object/public/travel-app-images/ChIJS4euVAOjpBIRSWhvKmto0SM/ChIJS4euVAOjpBIRSWhvKmto0SM_1751567435676_1.jpg","https://tysnkzmljlmmqpbotkxv.supabase.co/storage/v1/object/public/travel-app-images/website-c32231dd/crai-upf-biblioteca-de-la-ciudadela-background-image-1757537743494-1.jpg","unknown","website","10",""
"37f41853-fe91-45c9-b761-64c258858ad3","Basilica of the National Shrine of Mary, Queen of the Universe","https://maryqueenoftheuniverse.org/","true","https://tysnkzmljlmmqpbotkxv.supabase.co/storage/v1/object/public/travel-app-images/ChIJT1AHehWA3YgRkYNkOPfOHJw/ChIJT1AHehWA3YgRkYNkOPfOHJw_1757342803714_1.jpg","https://tysnkzmljlmmqpbotkxv.supabase.co/storage/v1/object/public/travel-app-images/website-37f41853/basilica-of-the-national-shrine-of-mary-queen-of-t-september-13-2025-1757537750587-1.jpg","unknown","website","8",""
"33451d7d-ea91-49fd-aea1-b22ab736041f","National Museum of the Revolution","https://www.cultura.cdmx.gob.mx/recintos/mnr","false","https://tysnkzmljlmmqpbotkxv.supabase.co/storage/v1/object/public/travel-app-images/ChIJTR59T9L40YURq47GFMiDfFw/ChIJTR59T9L40YURq47GFMiDfFw_1757334871479_1.jpg","","unknown","","","Edge function error: 500 Internal Server Error - {"error":"Failed to extract website image","details":"error sending request for url (https://www.cultura.cdmx.gob.mx/recintos/mnr): client error (Connect): tcp connect error: Connection timed out (os error 110): Connection timed out (os error 110)"}"
"b41f1d50-1444-4b39-9f8c-085256436dea","Orca Encounter","https://seaworld.com/orlando/shows/orca-encounter/","true","https://tysnkzmljlmmqpbotkxv.supabase.co/storage/v1/object/public/travel-app-images/ChIJDbjoIcV_54gRHKMDWYh2TQs/ChIJDbjoIcV_54gRHKMDWYh2TQs_1757342807777_1.jpg","https://tysnkzmljlmmqpbotkxv.supabase.co/storage/v1/object/public/travel-app-images/website-b41f1d50/orca-encounter-reserved-seating-1757537887302-1.jpg","unknown","website","12",""
"8dce4baf-a061-45bf-aec1-9161818b2e44","South Creek Branch Library","https://ocls.org/locations-hours/south-creek-branch/","true","https://tysnkzmljlmmqpbotkxv.supabase.co/storage/v1/object/public/travel-app-images/ChIJx0K5sxSH3YgRLEwLh88SEQM/ChIJx0K5sxSH3YgRLEwLh88SEQM_1757342813449_1.jpg","https://tysnkzmljlmmqpbotkxv.supabase.co/storage/v1/object/public/travel-app-images/website-8dce4baf/south-creek-branch-library-website-image-1757537887305-1.jpg","unknown","website","6",""
"41a4cf97-8903-4cc4-97a5-dad38d7aa7bc","Dolphin Nursery","https://seaworld.com/orlando/animal-experiences/dolphin-nursery/","true","https://tysnkzmljlmmqpbotkxv.supabase.co/storage/v1/object/public/travel-app-images/ChIJ85erSS9-54gRGvgsrxHscSM/ChIJ85erSS9-54gRGvgsrxHscSM_1757342818737_1.jpg","https://tysnkzmljlmmqpbotkxv.supabase.co/storage/v1/object/public/travel-app-images/website-41a4cf97/dolphin-nursery-see-young-dolphins-play-at-the-1757537893572-1.jpg","unknown","website","14",""
"be6236db-2cbf-489f-8396-dc7e4c5d5c2b","Santa Casa De Franca","http://www.santacasadefranca.com.br/","true","https://tysnkzmljlmmqpbotkxv.supabase.co/storage/v1/object/public/travel-app-images/ChIJAfJyRyWmsJQRM2tFukr4oJU/ChIJAfJyRyWmsJQRM2tFukr4oJU_1757334888465_1.jpg","https://tysnkzmljlmmqpbotkxv.supabase.co/storage/v1/object/public/travel-app-images/website-be6236db/santa-casa-de-franca-alerta-1757537895435-1.jpg","unknown","website","51",""
"44a40f93-4729-499d-b260-4fcb1beb0d6e","National Palace","https://www.gob.mx/palacionacional/articulos/patrimonio-edificado?idiom=es","true","https://tysnkzmljlmmqpbotkxv.supabase.co/storage/v1/object/public/travel-app-images/ChIJ8ZWV2cz-0YUR_dZtPvUaOPc/ChIJ8ZWV2cz-0YUR_dZtPvUaOPc_1757334891036_1.jpg","https://tysnkzmljlmmqpbotkxv.supabase.co/storage/v1/object/public/travel-app-images/website-44a40f93/national-palace-buscar-1757537901630-1.jpg","unknown","website","8",""
"0dda4c08-a3fd-4505-a16e-fc937847f2d2","St. Mary's Waterloo","http://cloynediocese.ie/parish-blarney/","false","https://tysnkzmljlmmqpbotkxv.supabase.co/storage/v1/object/public/travel-app-images/ChIJB7g3Q1CRREgRZ9Z5Qi-JOSk/ChIJB7g3Q1CRREgRZ9Z5Qi-JOSk_1753984882585_1.jpg","","unknown","","","No suitable images found on website"
"de97c36d-57fd-4fdd-8fe6-a4b550cec27b","Museu Can Framis","http://www.fundaciovilacasas.com/","true","https://tysnkzmljlmmqpbotkxv.supabase.co/storage/v1/object/public/travel-app-images/ChIJD14Qe2NUuhIR6_sQ49_Z9N8/ChIJD14Qe2NUuhIR6_sQ49_Z9N8_1751567332673_1.jpg","https://tysnkzmljlmmqpbotkxv.supabase.co/storage/v1/object/public/travel-app-images/website-de97c36d/museu-can-framis-whatsapp-1757537908804-1.jpg","unknown","website","50",""
"af7f3b0f-8520-42a9-b7eb-d3fa6c8b5e16","Tranvía Coyoacán","https://www.tranviaturistico.com.mx/","true","https://tysnkzmljlmmqpbotkxv.supabase.co/storage/v1/object/public/travel-app-images/ChIJIRoUsdz_0YURX84VhI3hHVs/ChIJIRoUsdz_0YURX84VhI3hHVs_1757334903807_1.jpg","https://tysnkzmljlmmqpbotkxv.supabase.co/storage/v1/object/public/travel-app-images/website-af7f3b0f/tranva-coyoacn-website-image-1757537913858-1.jpg","unknown","website","7",""
"c334dc09-806c-41e9-8d87-5ab15f987cc0","Plaça del Nen de la Rutlla","http://www.bcn.cat/","false","https://tysnkzmljlmmqpbotkxv.supabase.co/storage/v1/object/public/travel-app-images/ChIJ71pz-8yipBIRMfh1jj2jcOE/ChIJ71pz-8yipBIRMfh1jj2jcOE_1751571842393_1.jpg","","unknown","","","Edge function error: 500 Internal Server Error - {"error":"Failed to extract website image","details":"Failed to download image: 404 Not Found"}"
"959b7291-7768-48e3-882a-186fabfc242f","Fundació Vila Casas","https://www.fundaciovilacasas.com/ca","true","https://tysnkzmljlmmqpbotkxv.supabase.co/storage/v1/object/public/travel-app-images/ChIJaWS8UuWipBIR7I9tOMslimA/ChIJaWS8UuWipBIR7I9tOMslimA_1751568107859_1.jpg","https://tysnkzmljlmmqpbotkxv.supabase.co/storage/v1/object/public/travel-app-images/website-959b7291/fundaci-vila-casas-whatsapp-1757537919613-1.jpg","unknown","website","50",""
"f8a19c39-8ad2-4567-965b-ed36df2b9eb8","Nuestra Señora de Loreto Church","https://mexicocity.cdmx.gob.mx/venues/church-of-nuestra-senora-de-loreto/?lang=es","true","https://tysnkzmljlmmqpbotkxv.supabase.co/storage/v1/object/public/travel-app-images/ChIJB5dc8zT50YURk6bRklo1oPI/ChIJB5dc8zT50YURk6bRklo1oPI_1757334907959_1.jpg","https://tysnkzmljlmmqpbotkxv.supabase.co/storage/v1/object/public/travel-app-images/website-f8a19c39/nuestra-seora-de-loreto-church-website-image-1757537926306-1.jpg","unknown","website","17",""
"2ae0c71b-e97c-426f-8b8f-c1c3dfcc4150","Biblioteca Pública Arús","http://www.bpa.es/","true","https://tysnkzmljlmmqpbotkxv.supabase.co/storage/v1/object/public/travel-app-images/ChIJcfgDieSipBIRtx9Xco5BcHw/ChIJcfgDieSipBIRtx9Xco5BcHw_1751568871930_1.jpg","https://tysnkzmljlmmqpbotkxv.supabase.co/storage/v1/object/public/travel-app-images/website-2ae0c71b/biblioteca-pblica-ars-website-image-1757537930402-1.jpg","unknown","website","12",""
"94213539-ff22-40f5-91f2-4c9c7c96fdee","Biblioteca Sant Antoni - Joan Oliver","http://www.barcelona.cat/bibjoanoliver","true","https://tysnkzmljlmmqpbotkxv.supabase.co/storage/v1/object/public/travel-app-images/ChIJ7cTD52CipBIRU7t3XBDxM7I/ChIJ7cTD52CipBIRU7t3XBDxM7I_1751568833945_1.jpg","https://tysnkzmljlmmqpbotkxv.supabase.co/storage/v1/object/public/travel-app-images/website-94213539/biblioteca-sant-antoni-joan-oliver-website-image-1757537938780-1.jpg","unknown","website","5",""
"9f89ceb0-71fb-4b72-bf05-0435a4a23ee4","UNAM Central Library","http://bibliotecacentral.unam.mx/","false","https://tysnkzmljlmmqpbotkxv.supabase.co/storage/v1/object/public/travel-app-images/ChIJl_nuXwAAzoURiYzIzBxaews/ChIJl_nuXwAAzoURiYzIzBxaews_1757334930086_1.jpg","","unknown","","","Edge function error: 500 Internal Server Error - {"error":"Failed to extract website image","details":"Failed to download image: 404 Not Found"}"
"c402c93a-b523-4fa5-aadb-368bd0d5b0bf","Orange County Library System","https://ocls.info/locations-hours/southwest-branch/","true","https://tysnkzmljlmmqpbotkxv.supabase.co/storage/v1/object/public/travel-app-images/ChIJ0xsUSgp_54gRLriJDwhdR2o/ChIJ0xsUSgp_54gRLriJDwhdR2o_1757342816273_1.jpg","https://tysnkzmljlmmqpbotkxv.supabase.co/storage/v1/object/public/travel-app-images/website-c402c93a/orange-county-library-system-website-image-1757537946049-1.jpg","unknown","website","6",""
"9a837bb7-0635-4af7-8bf1-085b7268e635","Wild Arctic","https://seaworld.com/orlando/animal-experiences/wild-arctic/","true","https://tysnkzmljlmmqpbotkxv.supabase.co/storage/v1/object/public/travel-app-images/ChIJK3WmoFR_54gRXlnub---aFA/ChIJK3WmoFR_54gRXlnub---aFA_1757342820697_1.jpg","https://tysnkzmljlmmqpbotkxv.supabase.co/storage/v1/object/public/travel-app-images/website-9a837bb7/wild-arctic-wild-arctic-1-1757537946585-1.jpg","unknown","website","10",""
"5418a608-7824-4bab-a7f2-1807a72d0694","Christmas Celebration at SeaWorld Orlando","https://seaworld.com/orlando/events/christmas-celebration/?utm_source=google_knowledgePanel&utm_medium=organic&utm_campaign=gbp_listing.christmas/","true","https://tysnkzmljlmmqpbotkxv.supabase.co/storage/v1/object/public/travel-app-images/ChIJ8zgpvLl_54gRKHZuKy-iM88/ChIJ8zgpvLl_54gRKHZuKy-iM88_1757342830466_1.jpg","https://tysnkzmljlmmqpbotkxv.supabase.co/storage/v1/object/public/travel-app-images/website-5418a608/christmas-celebration-at-seaworld-orlando-sea-of-trees-during-seaworld-c-1757537953711-1.jpg","unknown","website","10",""
"4aa6d694-bb97-45aa-a84e-510f61f167ba","Santa Mónica","https://www.santamonica.cat/ca/","true","https://tysnkzmljlmmqpbotkxv.supabase.co/storage/v1/object/public/travel-app-images/ChIJZTiFwleipBIRj8RWjPOrnLk/ChIJZTiFwleipBIRj8RWjPOrnLk_1751568020295_1.jpg","https://tysnkzmljlmmqpbotkxv.supabase.co/storage/v1/object/public/travel-app-images/website-4aa6d694/santa-mnica-website-image-1757537953673-1.jpg","unknown","website","12",""
"fe1eaddb-3f9b-40aa-806d-39ebcc84ca71","Monumento Cabeza de Juárez","http://www.sic.gob.mx/ficha.php?table=museo&table_id=547","true","https://tysnkzmljlmmqpbotkxv.supabase.co/storage/v1/object/public/travel-app-images/ChIJQYhQEhn90YURWVngv2UZPuY/ChIJQYhQEhn90YURWVngv2UZPuY_1757334939614_1.jpg","https://tysnkzmljlmmqpbotkxv.supabase.co/storage/v1/object/public/travel-app-images/website-fe1eaddb/monumento-cabeza-de-jurez-imagen0-1757537962309-1.jpg","unknown","website","5",""
"f2f3ece4-8b29-45c6-9984-8780d06fd263","Biblioteca Pública José María Morelos y Pavón","http://www.sic.gob.mx/ficha.php?table=biblioteca&table_id=6755","false","https://tysnkzmljlmmqpbotkxv.supabase.co/storage/v1/object/public/travel-app-images/ChIJxUrwo3740YURi8IvZIdIQCU/ChIJxUrwo3740YURi8IvZIdIQCU_1757334942642_1.jpg","","unknown","","","Edge function error: 500 Internal Server Error - {"error":"Failed to extract website image","details":"error sending request from 10.31.9.60:59680 for http://sic.gob.mx/img/destacados/psc.jpeg (189.206.56.100:80): client error (SendRequest): connection closed before message completed"}"
"d90efb3e-34cc-45a1-be68-b988dcc62a9d","Museo Anahuacalli","http://www.museoanahuacalli.org.mx/","true","https://tysnkzmljlmmqpbotkxv.supabase.co/storage/v1/object/public/travel-app-images/ChIJE-z088wBzoURBQC1jpv8UXc/ChIJE-z088wBzoURBQC1jpv8UXc_1757334962557_1.jpg","https://tysnkzmljlmmqpbotkxv.supabase.co/storage/v1/object/public/travel-app-images/website-d90efb3e/museo-anahuacalli-fondo-web100-1757537972020-1.jpg","unknown","website","3",""
"d7b08863-4cfd-4be9-b82b-511c01b4b921","Panteón Español","https://www.hespanol.com/panteon_espanol","false","https://tysnkzmljlmmqpbotkxv.supabase.co/storage/v1/object/public/travel-app-images/ChIJ36GM224C0oURwg6OH8kjXfs/ChIJ36GM224C0oURwg6OH8kjXfs_1757334966632_1.jpg","","unknown","","","No suitable images found on website"
"f057902e-ca59-498b-886a-8e8bd72ad2b8","Museo de Azcapotzalco","https://zez.am/museoazcapotzalco","true","https://tysnkzmljlmmqpbotkxv.supabase.co/storage/v1/object/public/travel-app-images/ChIJVz3wFQ8D0oURyfa-VgrJ0bg/ChIJVz3wFQ8D0oURyfa-VgrJ0bg_1757334980593_1.jpg","https://tysnkzmljlmmqpbotkxv.supabase.co/storage/v1/object/public/travel-app-images/website-f057902e/museo-de-azcapotzalco-website-image-1757537981680-1.jpg","unknown","website","4",""
"d7ecce3b-e885-421f-98b3-f93d3df7c764","Museo Casa del Risco","https://www.museocasadelrisco.org.mx/","true","https://tysnkzmljlmmqpbotkxv.supabase.co/storage/v1/object/public/travel-app-images/ChIJ6XzRWQIA0oURzNHWnQB_ERs/ChIJ6XzRWQIA0oURzNHWnQB_ERs_1757334983924_1.jpg","https://tysnkzmljlmmqpbotkxv.supabase.co/storage/v1/object/public/travel-app-images/website-d7ecce3b/museo-casa-del-risco--1757537980069-1.jpg","unknown","website","28",""
"dd1508b4-77ae-4af8-afcf-038380269a0e","Museo de Cera","http://www.museodecera.com.mx/","true","https://tysnkzmljlmmqpbotkxv.supabase.co/storage/v1/object/public/travel-app-images/ChIJHUMfYOcc0oURQnCEd9UDaNY/ChIJHUMfYOcc0oURQnCEd9UDaNY_1757334998522_1.jpg","https://tysnkzmljlmmqpbotkxv.supabase.co/storage/v1/object/public/travel-app-images/website-dd1508b4/museo-de-cera-cuva-1757537989676-1.jpg","unknown","website","15",""
"99bfc4ee-e83d-4076-98f9-11c6dfd28f53","Capilla Alfonsina","https://inba.gob.mx/recinto/53","true","https://tysnkzmljlmmqpbotkxv.supabase.co/storage/v1/object/public/travel-app-images/ChIJB3FwrEL_0YURven2ede2AcM/ChIJB3FwrEL_0YURven2ede2AcM_1757335001957_1.jpg","https://tysnkzmljlmmqpbotkxv.supabase.co/storage/v1/object/public/travel-app-images/website-99bfc4ee/capilla-alfonsina-capilla-alfonsina-casa-museo-a-1757537988646-1.jpg","unknown","website","1",""
"d2e9602f-635f-4e9f-8433-04f134cb81f9","Parque Madureira","http://www.rio.rj.gov.br/","true","https://tysnkzmljlmmqpbotkxv.supabase.co/storage/v1/object/public/travel-app-images/ChIJf2iVsyZjmQARDE45CoNciMs/ChIJf2iVsyZjmQARDE45CoNciMs_1754504131108_1.jpg","https://tysnkzmljlmmqpbotkxv.supabase.co/storage/v1/object/public/travel-app-images/website-d2e9602f/parque-madureira-website-image-1757537994276-1.jpg","unknown","website","5",""
"68afb5d0-2d76-4bed-965c-8fc781eaad65","Dolphin Theater","https://seaworld.com/orlando/shows/dolphin-adventures/","true","https://tysnkzmljlmmqpbotkxv.supabase.co/storage/v1/object/public/travel-app-images/ChIJ87HbhCV-54gRjkLgHC9XPs4/ChIJ87HbhCV-54gRjkLgHC9XPs4_1757342828069_1.jpg","https://tysnkzmljlmmqpbotkxv.supabase.co/storage/v1/object/public/travel-app-images/website-68afb5d0/dolphin-theater-dolphin-adventures-at-seaworld-1757537995703-1.jpg","unknown","website","12",""
"c42eda15-8d7c-4148-b2ea-48969be76c61","Museo Dolores Olmedo","http://www.museodoloresolmedo.org.mx/","true","https://tysnkzmljlmmqpbotkxv.supabase.co/storage/v1/object/public/travel-app-images/ChIJoXG9Uz4BzoURUh6XkUqgPmw/ChIJoXG9Uz4BzoURUh6XkUqgPmw_1757335028552_1.jpg","https://tysnkzmljlmmqpbotkxv.supabase.co/storage/v1/object/public/travel-app-images/website-c42eda15/museo-dolores-olmedo-website-image-1757538003547-1.jpg","unknown","website","9",""
"7630f54a-057e-478e-bc2f-371a7cdc460f","Santa Cruz Shopping","http://www.santacruzshopping-rio.com.br/","false","https://tysnkzmljlmmqpbotkxv.supabase.co/storage/v1/object/public/travel-app-images/ChIJUSFMfFn6mwARXIkffmvQ67o/ChIJUSFMfFn6mwARXIkffmvQ67o_1754500099255_1.jpg","","unknown","","","Edge function error: 500 Internal Server Error - {"error":"Failed to extract website image","details":"Failed to download image: 400 Bad Request"}"
"4e11305b-8256-4751-9c1e-16d206d5f8cf","Manta Aquarium","https://seaworld.com/orlando/animal-experiences/manta-aquarium/","true","https://tysnkzmljlmmqpbotkxv.supabase.co/storage/v1/object/public/travel-app-images/ChIJV3c_XS9-54gR1HqX10VCj68/ChIJV3c_XS9-54gR1HqX10VCj68_1757342832828_1.jpg","https://tysnkzmljlmmqpbotkxv.supabase.co/storage/v1/object/public/travel-app-images/website-4e11305b/manta-aquarium-manta-1-1757538009045-1.jpg","unknown","website","15",""
"981f4609-f539-4566-923b-c10b1b87fb08","Museo del Chocolate","http://www.mucho.org.mx/","true","https://tysnkzmljlmmqpbotkxv.supabase.co/storage/v1/object/public/travel-app-images/ChIJfbxVhjL_0YURCiDlh4xnSpM/ChIJfbxVhjL_0YURCiDlh4xnSpM_1757335032019_1.jpg","https://tysnkzmljlmmqpbotkxv.supabase.co/storage/v1/object/public/travel-app-images/website-981f4609/museo-del-chocolate-website-image-1757538009089-1.jpg","unknown","website","5",""
"f62f7c64-2ff3-4d51-bce8-ce692c6126f2","WonderWorks Orlando","http://www.wonderworksorlando.com/","true","https://tysnkzmljlmmqpbotkxv.supabase.co/storage/v1/object/public/travel-app-images/ChIJRdxzRk1-54gRJvqlZQbtpE4/ChIJRdxzRk1-54gRJvqlZQbtpE4_1757342835166_1.jpg","https://tysnkzmljlmmqpbotkxv.supabase.co/storage/v1/object/public/travel-app-images/website-f62f7c64/wonderworks-orlando-wonderworks-orlando-1757538014693-1.jpg","unknown","website","50",""
"b9d0923b-d542-4209-8943-47473439efd5","Museo del Servicio de Transportes Eléctricos","https://sic.cultura.gob.mx/ficha.php?table=museo&table_id=1877","true","https://tysnkzmljlmmqpbotkxv.supabase.co/storage/v1/object/public/travel-app-images/ChIJcyHgF0b-0YURNvIjEXzHFHQ/ChIJcyHgF0b-0YURNvIjEXzHFHQ_1757335041374_1.jpg","https://tysnkzmljlmmqpbotkxv.supabase.co/storage/v1/object/public/travel-app-images/website-b9d0923b/museo-del-servicio-de-transportes-elctricos-imagen0-1757538014693-1.jpg","unknown","website","2",""
"4f0b2c97-642d-4ea1-84f5-72f9cde7be3c","Parque Masayoshi Ohira","https://mexicocity.cdmx.gob.mx/venues/masayoshi-ohira-park/","true","https://tysnkzmljlmmqpbotkxv.supabase.co/storage/v1/object/public/travel-app-images/ChIJGfSjXjL-0YURp14nFKJ3zCM/ChIJGfSjXjL-0YURp14nFKJ3zCM_1757335047672_1.jpg","https://tysnkzmljlmmqpbotkxv.supabase.co/storage/v1/object/public/travel-app-images/website-4f0b2c97/parque-masayoshi-ohira-website-image-1757538022771-1.jpg","unknown","website","15",""
"3fc9e732-0bbc-4ae1-b29c-f366f909c197","Parque Nacional El Tepeyac","https://mexicocity.cdmx.gob.mx/venues/tepeyac-national-park/?lang=es","true","https://tysnkzmljlmmqpbotkxv.supabase.co/storage/v1/object/public/travel-app-images/ChIJx2AAXI350YURu7_XQi2cc3M/ChIJx2AAXI350YURu7_XQi2cc3M_1757335050925_1.jpg","https://tysnkzmljlmmqpbotkxv.supabase.co/storage/v1/object/public/travel-app-images/website-3fc9e732/parque-nacional-el-tepeyac-website-image-1757538021208-1.jpg","unknown","website","15",""
"f2a21f5b-fd2e-44c4-8f24-642b1570ee49","Museo Franz Mayer","https://franzmayer.org.mx/","false","https://tysnkzmljlmmqpbotkxv.supabase.co/storage/v1/object/public/travel-app-images/ChIJ9dC2SSr50YURbY8j7GyISTc/ChIJ9dC2SSr50YURbY8j7GyISTc_1757335054520_1.jpg","","unknown","","","Edge function error: 500 Internal Server Error - {"error":"Failed to extract website image","details":"HTTP 403: Forbidden"}"
"7fb1b8a2-2e1f-45ed-bdfd-64b956b91b8c","Parroquia de la Sagrada Familia","https://padrepro.com.mx/sagrada-familia/","true","https://tysnkzmljlmmqpbotkxv.supabase.co/storage/v1/object/public/travel-app-images/ChIJ99vJwjD_0YURCImM-UydYCQ/ChIJ99vJwjD_0YURCImM-UydYCQ_1757335057992_1.jpg","https://tysnkzmljlmmqpbotkxv.supabase.co/storage/v1/object/public/travel-app-images/website-7fb1b8a2/parroquia-de-la-sagrada-familia-website-image-1757538029096-1.jpg","unknown","website","1",""
"e4ba1486-c1ce-4774-b9d4-5857e38cf74c","Museo Misionero Intercontinental","https://www.facebook.com/museomisionero","true","https://tysnkzmljlmmqpbotkxv.supabase.co/storage/v1/object/public/travel-app-images/ChIJWy3Q74wBzoURVFeF9w8mIfQ/ChIJWy3Q74wBzoURVFeF9w8mIfQ_1757335061460_1.jpg","https://tysnkzmljlmmqpbotkxv.supabase.co/storage/v1/object/public/travel-app-images/website-e4ba1486/museo-misionero-intercontinental-background-image-1757538033772-1.jpg","unknown","website","1",""
"e43fc904-667d-4000-a101-c68ea1ec5b3a","Museo Galería Nuestra Cocina Duque De Herdez","https://fundacionherdez.com/","true","https://tysnkzmljlmmqpbotkxv.supabase.co/storage/v1/object/public/travel-app-images/ChIJt6361TL50YUReoAxC8jRs5o/ChIJt6361TL50YUReoAxC8jRs5o_1757335069191_1.jpg","https://tysnkzmljlmmqpbotkxv.supabase.co/storage/v1/object/public/travel-app-images/website-e43fc904/museo-galera-nuestra-cocina-duque-de-herdez-fundacin-herdez-1757538037038-1.jpg","unknown","website","37",""
"759e0318-4968-440d-803f-712d09e787f1","Orlando Vineland Premium Outlets","https://www.premiumoutlets.com/outlet/orlando-vineland","true","https://tysnkzmljlmmqpbotkxv.supabase.co/storage/v1/object/public/travel-app-images/ChIJfUTGO2uA3YgR8t5QlAd-jTY/ChIJfUTGO2uA3YgR8t5QlAd-jTY_1757342837116_1.jpg","https://tysnkzmljlmmqpbotkxv.supabase.co/storage/v1/object/public/travel-app-images/website-759e0318/orlando-vineland-premium-outlets-website-image-1757538042450-1.jpg","unknown","website","24",""
"c02ea301-37f1-4b45-8c59-850d5a89d1b3","Centro Cultural del Born","http://elbornculturaimemoria.barcelona.cat/","true","https://tysnkzmljlmmqpbotkxv.supabase.co/storage/v1/object/public/travel-app-images/ChIJc0WMe_GipBIR_EfbMXL48cY/ChIJc0WMe_GipBIR_EfbMXL48cY_1751568164441_1.jpg","https://tysnkzmljlmmqpbotkxv.supabase.co/storage/v1/object/public/travel-app-images/website-c02ea301/centro-cultural-del-born-entrades-1757538045943-1.jpg","unknown","website","11",""
"d2d63b82-9454-49c7-9093-659c8f704598","Centro Parroquial Sant Martí del Clot","https://esglesia.barcelona/es/parroquies/sant-marti-del-clot/","true","https://tysnkzmljlmmqpbotkxv.supabase.co/storage/v1/object/public/travel-app-images/ChIJMzleqbiSpBIRib9-6dSrfjQ/ChIJMzleqbiSpBIRib9-6dSrfjQ_1751571881948_1.jpg","https://tysnkzmljlmmqpbotkxv.supabase.co/storage/v1/object/public/travel-app-images/website-d2d63b82/centro-parroquial-sant-mart-del-clot-website-image-1757538052496-1.jpg","unknown","website","5",""
"44a8efe7-08b6-41d6-84d1-846c7f97b6a6","Depósito de las Aguas","https://www.upf.edu/web/biblioteca-informatica","true","https://tysnkzmljlmmqpbotkxv.supabase.co/storage/v1/object/public/travel-app-images/ChIJMXHiqhyjpBIRdPovc3Cvbfc/ChIJMXHiqhyjpBIRdPovc3Cvbfc_1751568860738_1.jpg","https://tysnkzmljlmmqpbotkxv.supabase.co/storage/v1/object/public/travel-app-images/website-44a8efe7/depsito-de-las-aguas-background-image-1757538051267-1.jpg","unknown","website","10",""
"4413530e-8664-45e5-98e7-e6dee8f0aa93","Parroquia Ortodoxa Rumana SAN JORGE","https://www.bisericabarcelona.es/ES/index.html","true","https://tysnkzmljlmmqpbotkxv.supabase.co/storage/v1/object/public/travel-app-images/ChIJF5GwS9SipBIRfr4Q-7yrGKs/ChIJF5GwS9SipBIRfr4Q-7yrGKs_1751571892405_1.jpg","https://tysnkzmljlmmqpbotkxv.supabase.co/storage/v1/object/public/travel-app-images/website-4413530e/parroquia-ortodoxa-rumana-san-jorge-parroquia-ortodoxa-rumana-san--1757538058465-1.jpg","unknown","website","19",""
"6d997c62-f9fc-4766-86d4-a22101c75790","Orlando Outlet Marketplace","https://www.premiumoutlets.com/outlet/orlando-outlet-marketplace","true","https://tysnkzmljlmmqpbotkxv.supabase.co/storage/v1/object/public/travel-app-images/ChIJm8R4Q_F-54gR_isZahqI35k/ChIJm8R4Q_F-54gR_isZahqI35k_1757342839180_1.jpg","https://tysnkzmljlmmqpbotkxv.supabase.co/storage/v1/object/public/travel-app-images/website-6d997c62/orlando-outlet-marketplace-website-image-1757538056831-1.jpg","unknown","website","24",""
"98a11a64-c379-4df9-af36-2f331d025e91","Paróquia Nossa Senhora das Graças","https://www.instagram.com/arautos_nossasradasgracas/","false","https://tysnkzmljlmmqpbotkxv.supabase.co/storage/v1/object/public/travel-app-images/ChIJoSAzF4DwzpQRraiZ5Ms5r1c/ChIJoSAzF4DwzpQRraiZ5Ms5r1c_1752869894775_1.jpg","","unknown","","","Edge function error: 500 Internal Server Error - {"error":"Failed to extract website image","details":"HTTP 429: Too Many Requests"}"
"cb653f7b-a94e-4ab0-921b-ee07f2aca53b","Capilla de Santa Lucía","https://catedralbcn.org/13-de-desembre-santa-llucia/","true","https://tysnkzmljlmmqpbotkxv.supabase.co/storage/v1/object/public/travel-app-images/ChIJw-uPuPmipBIRD59rvZ6Jy4M/ChIJw-uPuPmipBIRD59rvZ6Jy4M_1751568658438_1.jpg","https://tysnkzmljlmmqpbotkxv.supabase.co/storage/v1/object/public/travel-app-images/website-cb653f7b/capilla-de-santa-luca-13-de-desembre-santa-llcia-1757538077587-1.jpg","unknown","website","5",""
"e0bd0066-9086-4691-9d36-3feeb2685ec3","El Teatro Griego o Plaza de la Naturaleza","https://parkguell.barcelona/ca/park-historic/espais-emblematics/teatre-grec","false","https://tysnkzmljlmmqpbotkxv.supabase.co/storage/v1/object/public/travel-app-images/ChIJLca6-a6ipBIRzAIGuTmguDI/ChIJLca6-a6ipBIRzAIGuTmguDI_1751574834102_1.jpg","","unknown","","","No suitable images found on website"
"ed4c49db-e4a9-4013-bb9c-9d93c05a820e","Museu Textil I D'Indumentaria","http://ajuntament.barcelona.cat/museudeldisseny/","false","https://tysnkzmljlmmqpbotkxv.supabase.co/storage/v1/object/public/travel-app-images/ChIJX3gbXv6ipBIRyUcX8F8vzWI/ChIJX3gbXv6ipBIRyUcX8F8vzWI_1751567642497_1.jpg","","unknown","","","No suitable images found on website"
"be1de668-dd68-459f-8116-bf848533405d","Catholic Church of the Real Presence, Bishopstown","http://www.curraheenparish.com/","true","https://tysnkzmljlmmqpbotkxv.supabase.co/storage/v1/object/public/travel-app-images/ChIJqQUmgSGOREgRUdiNphd_lyM/ChIJqQUmgSGOREgRUdiNphd_lyM_1753985567541_1.jpg","https://tysnkzmljlmmqpbotkxv.supabase.co/storage/v1/object/public/travel-app-images/website-be1de668/catholic-church-of-the-real-presence-bishopstown-website-image-1757538090287-1.jpg","unknown","website","6",""
"f179052f-94cb-4f8c-b775-67c64389e77f","El Tren de la Oreneta","http://www.trenoreneta.com/","false","https://tysnkzmljlmmqpbotkxv.supabase.co/storage/v1/object/public/travel-app-images/ChIJkUlFc0qYpBIRkvHNAji2mNU/ChIJkUlFc0qYpBIRkvHNAji2mNU_1751570535273_1.jpg","","unknown","","","No suitable images found on website"
"f113a700-43ec-4441-a5f7-d67758a3f11c","Museo Universitario del Chopo","http://www.chopo.unam.mx/","false","https://tysnkzmljlmmqpbotkxv.supabase.co/storage/v1/object/public/travel-app-images/ChIJWbZn1c_40YURM2XEZgPFq54/ChIJWbZn1c_40YURM2XEZgPFq54_1757335102687_1.jpg","","unknown","","","Edge function error: 500 Internal Server Error - {"error":"Failed to extract website image","details":"error sending request for url (https://www.chopo.unam.mx/): client error (Connect): invalid peer certificate: UnknownIssuer"}"
"5ff33bb6-7cfa-4f2e-898d-d5d2eb1bfead","Marketplace","https://www.disneysprings.com/?CMP=OKC-80008045_GM_WDW_land_marketplace_NA","false","https://tysnkzmljlmmqpbotkxv.supabase.co/storage/v1/object/public/travel-app-images/ChIJS-btWIZ_3YgRXvYmI-xIrlw/ChIJS-btWIZ_3YgRXvYmI-xIrlw_1757342841198_1.jpg","","unknown","","","No suitable images found on website"
"88fe1132-0465-4997-bcc4-2f51d191e5bf","National Museum of Interventions","http://www.intervenciones.inah.gob.mx/","true","https://tysnkzmljlmmqpbotkxv.supabase.co/storage/v1/object/public/travel-app-images/ChIJMUgTY8z_0YURQVR0mAgAZYo/ChIJMUgTY8z_0YURQVR0mAgAZYo_1757335118313_1.jpg","https://tysnkzmljlmmqpbotkxv.supabase.co/storage/v1/object/public/travel-app-images/website-88fe1132/national-museum-of-interventions-background-image-1757538102994-1.jpg","unknown","website","4",""
"2b2ad85d-ea7d-4f75-bde8-2e36dab2d617","Hunter's Creek Plaza","https://properties.brixmor.com/p/retail-real-estate/Orlando-FL-32837/hunterscreek?utm_source=gmb&utm_medium=Yext","true","https://tysnkzmljlmmqpbotkxv.supabase.co/storage/v1/object/public/travel-app-images/ChIJA8gxp9SA3YgRiod-SunWVlA/ChIJA8gxp9SA3YgRiod-SunWVlA_1757342846479_1.jpg","https://tysnkzmljlmmqpbotkxv.supabase.co/storage/v1/object/public/travel-app-images/website-2b2ad85d/hunters-creek-plaza-website-image-1757538106049-1.jpg","unknown","website","7",""
"779ad416-149d-4149-80ae-06b4f2c4762c","Lake Cay Commons","http://google.com/url?q=https://business.google.com/website_shared/launch_bw.html?f=https://amzn.to/46fwjll","false","https://tysnkzmljlmmqpbotkxv.supabase.co/storage/v1/object/public/travel-app-images/ChIJnXZhVBN-54gRkICbqCXEvUQ/ChIJnXZhVBN-54gRkICbqCXEvUQ_1757342848941_1.jpg","","unknown","","","No suitable images found on website"
"bfb8b671-1479-4950-bb7a-89e0e6169211","Olympic Village Sports Center","http://www.tlalpan.gob.mx/","false","https://tysnkzmljlmmqpbotkxv.supabase.co/storage/v1/object/public/travel-app-images/ChIJCzhUFngAzoURaCxcloFbmFY/ChIJCzhUFngAzoURaCxcloFbmFY_1757335128916_1.jpg","","unknown","","","Edge function error: 500 Internal Server Error - {"error":"Failed to extract website image","details":"error sending request for url (https://www.tlalpan.cdmx.gob.mx/): client error (Connect): tcp connect error: Connection timed out (os error 110): Connection timed out (os error 110)"}"
"4b849422-b07d-47f0-9460-42f9789746a4","Igreja do Glorioso Patriarca São José","https://igrejadesaojose.org.br/","true","https://tysnkzmljlmmqpbotkxv.supabase.co/storage/v1/object/public/travel-app-images/ChIJ4Sr2M-CBmQARq7j8BUdSaEM/ChIJ4Sr2M-CBmQARq7j8BUdSaEM_1754578881619_1.jpg","https://tysnkzmljlmmqpbotkxv.supabase.co/storage/v1/object/public/travel-app-images/website-4b849422/igreja-do-glorioso-patriarca-so-jos-saojosemeninojesusigrejasaojos-1757538249411-1.jpg","unknown","website","27",""
"433816fe-7a85-4d77-9972-a6fd8dc79530","Paróquia Nossa Senhora da Divina Providência","https://paroquiadadivina.com/","true","https://tysnkzmljlmmqpbotkxv.supabase.co/storage/v1/object/public/travel-app-images/ChIJZxhzmZnVmwARNJDpyJ5qUps/ChIJZxhzmZnVmwARNJDpyJ5qUps_1754580959143_1.jpg","https://tysnkzmljlmmqpbotkxv.supabase.co/storage/v1/object/public/travel-app-images/website-433816fe/parquia-nossa-senhora-da-divina-providncia-website-image-1757538247128-1.jpg","unknown","website","4",""
"0352c39a-009b-4302-b73a-466e30d1f6a9","Pabellón Nacional de la Biodiversidad","https://www.ib.unam.mx/ib/pabio/","true","https://tysnkzmljlmmqpbotkxv.supabase.co/storage/v1/object/public/travel-app-images/ChIJQ4_n5ZkBzoUR0UwxOJCjPPw/ChIJQ4_n5ZkBzoUR0UwxOJCjPPw_1757335136023_1.jpg","https://tysnkzmljlmmqpbotkxv.supabase.co/storage/v1/object/public/travel-app-images/website-0352c39a/pabelln-nacional-de-la-biodiversidad-website-image-1757538254897-1.jpg","unknown","website","20",""
"3b7fea7a-d2c1-4eb0-8bbf-25802da83fe9","Dellagio Town Center","https://www.dellagioorlando.com/","false","https://tysnkzmljlmmqpbotkxv.supabase.co/storage/v1/object/public/travel-app-images/ChIJISb8K6B_54gRtOvMSgUadE0/ChIJISb8K6B_54gRtOvMSgUadE0_1757342851633_1.jpg","","unknown","","","No suitable images found on website"
"8d3d3da5-b826-45eb-a455-418fd01255fe","Palácio Negro de Lecumberri, cárcel antigua","https://reservacioneseducativas.agn.gob.mx/","false","https://tysnkzmljlmmqpbotkxv.supabase.co/storage/v1/object/public/travel-app-images/ChIJ18h9gOn50YURECqL-98GT8Y/ChIJ18h9gOn50YURECqL-98GT8Y_1757335142709_1.jpg","","unknown","","","No suitable images found on website"
"5851edfb-f143-4335-a6e7-27dbf8b65ff4","Parroquia de Santiago Apóstol de Tepalcatlalpan","https://www.facebook.com/ParroquiadeSantiagoTepalcatlalpanXochimilcoOficial/","false","https://tysnkzmljlmmqpbotkxv.supabase.co/storage/v1/object/public/travel-app-images/ChIJw4CcgkoBzoURvfwVUzAmk9M/ChIJw4CcgkoBzoURvfwVUzAmk9M_1757335145918_1.jpg","","unknown","","","No suitable images found on website"
"ee248b8d-8edd-4255-a9da-e75947b41e38","Palacio Postal","https://www.gob.mx/correosdemexico","true","https://tysnkzmljlmmqpbotkxv.supabase.co/storage/v1/object/public/travel-app-images/ChIJd0hrfCv50YURp28yMz76fUs/ChIJd0hrfCv50YURp28yMz76fUs_1757335148393_1.jpg","https://tysnkzmljlmmqpbotkxv.supabase.co/storage/v1/object/public/travel-app-images/website-ee248b8d/palacio-postal-buscar-1757538264114-1.jpg","unknown","website","1",""
"fdb86c71-30cc-4efc-9256-0aeb472588e8","Universal™ Cinemark at Universal CityWalk Orlando","https://www.universalorlando.com/web/en/us/things-to-do/entertainment/universal-cinemark","false","https://tysnkzmljlmmqpbotkxv.supabase.co/storage/v1/object/public/travel-app-images/ChIJwZ_GK-d-54gRMRKv0-D_JEw/ChIJwZ_GK-d-54gRMRKv0-D_JEw_1757342854381_1.jpg","","unknown","","","No suitable images found on website"
"0e098da0-c6bf-40a2-b07d-1420c197e371","Five Foot Way (Bealach Cúig Throigh)","https://www.facebook.com/pages/Five-Foot-Way-Cobh/374553729290498","true","https://tysnkzmljlmmqpbotkxv.supabase.co/storage/v1/object/public/travel-app-images/ChIJvzi4mP6DREgRBzYzQzM50ds/ChIJvzi4mP6DREgRBzYzQzM50ds_1753986689528_1.jpg","https://tysnkzmljlmmqpbotkxv.supabase.co/storage/v1/object/public/travel-app-images/website-0e098da0/five-foot-way-bealach-cig-throigh-background-image-1757538268720-1.jpg","unknown","website","1",""
"b026e227-535a-43c5-8e96-08e4589467aa","Dolphin Encounter","https://seaworld.com/orlando/animal-experiences/dolphin-cove/","false","https://tysnkzmljlmmqpbotkxv.supabase.co/storage/v1/object/public/travel-app-images/ChIJ6cvnBMl_54gRbrYEhhTqPWE/ChIJ6cvnBMl_54gRbrYEhhTqPWE_1757343262186_1.jpg","","unknown","","","Edge function error: 500 Internal Server Error - {"error":"Failed to extract website image","details":"Failed to upload image: Unexpected token '<', \"<html>\r\n<h\"... is not valid JSON"}"
"7a191db1-b39a-49b5-8694-7b33eb9df9ba","Cork Folklore Project Outreach Hub","https://corkfolklore.org/","true","https://tysnkzmljlmmqpbotkxv.supabase.co/storage/v1/object/public/travel-app-images/ChIJ5UA8ry-RREgRF-1bR00Rb0U/ChIJ5UA8ry-RREgRF-1bR00Rb0U_1753985861251_1.jpg","https://tysnkzmljlmmqpbotkxv.supabase.co/storage/v1/object/public/travel-app-images/website-7a191db1/cork-folklore-project-outreach-hub-roy-hammond-cork800-1757538275884-1.jpg","unknown","website","11",""
"fd921d9c-2937-449f-b468-9821779559f9","Parroquia San Jacinto","https://m.facebook.com/SanJacintoArqMx/","false","https://tysnkzmljlmmqpbotkxv.supabase.co/storage/v1/object/public/travel-app-images/ChIJj95GZVIezoURIOey7T9gfk0/ChIJj95GZVIezoURIOey7T9gfk0_1757335157871_1.jpg","","unknown","","","No suitable images found on website"
"8c009371-841b-48be-a119-26beb7ab1c76","Parroquia San Miguel Arcangel","https://www.facebook.com/sanmiguelarcangelchapultepec/","true","https://tysnkzmljlmmqpbotkxv.supabase.co/storage/v1/object/public/travel-app-images/ChIJjaPHWl7_0YURGNDZ48Ph6rk/ChIJjaPHWl7_0YURGNDZ48Ph6rk_1757335161449_1.jpg","https://tysnkzmljlmmqpbotkxv.supabase.co/storage/v1/object/public/travel-app-images/website-8c009371/parroquia-san-miguel-arcangel-background-image-1757538280954-1.jpg","unknown","website","1",""
"c9408774-a317-4d11-a71a-139a7cb94675","Radio Museum","https://www.radiomuseum.org/museum/irl/gaol-radio-museum-cork-city/","true","https://tysnkzmljlmmqpbotkxv.supabase.co/storage/v1/object/public/travel-app-images/ChIJ8Q0sdwCRREgR3QVryDSbXRc/ChIJ8Q0sdwCRREgR3QVryDSbXRc_1753985308940_1.jpg","https://tysnkzmljlmmqpbotkxv.supabase.co/storage/v1/object/public/travel-app-images/website-c9408774/radio-museum-please-click-your-language-fla-1757538281803-1.jpg","unknown","website","16",""
"2923e9e2-0952-4e53-9a8c-3899f983e134","iFLY Indoor Skydiving - Orlando","https://www.iflyworld.com/orlando?utm_source=G&utm_medium=local&utm_campaign=google-local","false","https://tysnkzmljlmmqpbotkxv.supabase.co/storage/v1/object/public/travel-app-images/ChIJnZXry-R-54gRsQp3i4c98Mg/ChIJnZXry-R-54gRsQp3i4c98Mg_1757343325337_1.jpg","","unknown","","","Edge function error: 500 Internal Server Error - {"error":"Failed to extract website image","details":"HTTP 403: Forbidden"}"
"1b55317d-c2a8-48e4-b131-17477776b404","CRAI Biblioteca de Ciencias de la Tierra UB CSIC","http://crai.ub.edu/coneix-el-crai/biblioteques/crai-biblioteca-de-ciencies-de-la-terra","true","https://tysnkzmljlmmqpbotkxv.supabase.co/storage/v1/object/public/travel-app-images/ChIJsQdS71iYpBIRDP5XAZHGYV0/ChIJsQdS71iYpBIRDP5XAZHGYV0_1751571169435_1.jpg","https://tysnkzmljlmmqpbotkxv.supabase.co/storage/v1/object/public/travel-app-images/website-1b55317d/crai-biblioteca-de-ciencias-de-la-tierra-ub-csic-faana-del-crai-biblioteca-de-c-1757538291924-1.jpg","unknown","website","1",""
"7443be82-78e3-4bcd-8315-0623665ec493","Gator Golf Adventure Park","http://www.idrivegatorgolf.com/","true","https://tysnkzmljlmmqpbotkxv.supabase.co/storage/v1/object/public/travel-app-images/ChIJ5d-hjvx-54gRaKnnakJFUYs/ChIJ5d-hjvx-54gRaKnnakJFUYs_1757343333848_1.jpg","https://tysnkzmljlmmqpbotkxv.supabase.co/storage/v1/object/public/travel-app-images/website-7443be82/gator-golf-adventure-park-18-holes-mini-golf-1757538299815-1.jpg","unknown","website","5",""
"f65e5d27-6541-4761-82f7-9cc104cd24c0","ICON Park","https://iconparkorlando.com/","false","https://tysnkzmljlmmqpbotkxv.supabase.co/storage/v1/object/public/travel-app-images/ChIJw5jVAVN-54gRScNxiRF16j4/ChIJw5jVAVN-54gRScNxiRF16j4_1757343340307_1.jpg","","unknown","","","No suitable images found on website"
"3fad7cad-6534-419d-a54e-0661966d8d8d","Parque das Hortênsias","http://www.taboaodaserra.sp.gov.br/","false","https://tysnkzmljlmmqpbotkxv.supabase.co/storage/v1/object/public/travel-app-images/ChIJixdQqTdUzpQRqT48l3_VRYA/ChIJixdQqTdUzpQRqT48l3_VRYA_1751984160162_1.jpg","","unknown","","","Edge function error: 500 Internal Server Error - {"error":"Failed to extract website image","details":"HTTP 403: Forbidden"}"
"95ef4f71-d236-4730-8159-abfbc573c002","Crayola Experience Orlando","https://www.crayolaexperience.com/orlando","true","https://tysnkzmljlmmqpbotkxv.supabase.co/storage/v1/object/public/travel-app-images/ChIJ73yw37J954gRDwQad4ih7Wk/ChIJ73yw37J954gRDwQad4ih7Wk_1757343558266_1.jpg","https://tysnkzmljlmmqpbotkxv.supabase.co/storage/v1/object/public/travel-app-images/website-95ef4f71/crayola-experience-orlando-website-image-1757538306034-1.jpg","unknown","website","20",""
"22b3da59-088b-48ed-948c-e3db6a1368e6","Echo Base Collectibles","http://echobasecollectibles.com/","true","https://tysnkzmljlmmqpbotkxv.supabase.co/storage/v1/object/public/travel-app-images/ChIJoQlHgNB654gR8YuNUPvPxSw/ChIJoQlHgNB654gR8YuNUPvPxSw_1757343565129_1.jpg","https://tysnkzmljlmmqpbotkxv.supabase.co/storage/v1/object/public/travel-app-images/website-22b3da59/echo-base-collectibles-echo-base-collectibles-1757538311300-1.jpg","unknown","website","37",""
"4f50107b-7020-4b0c-a5d4-bb0d605d0775","Memorial Histórico e Cultural de Caieiras Maquinaia Orlando Loppes","https://www.caieiras.sp.gov.br/?id=turismo","true","https://tysnkzmljlmmqpbotkxv.supabase.co/storage/v1/object/public/travel-app-images/ChIJTaos1h3jzpQRYVPPpFURNJI/ChIJTaos1h3jzpQRYVPPpFURNJI_1752869224765_1.jpg","https://tysnkzmljlmmqpbotkxv.supabase.co/storage/v1/object/public/travel-app-images/website-4f50107b/memorial-histrico-e-cultural-de-caieiras-maquinaia-website-image-1757538310470-1.jpg","unknown","website","17",""
"9b6e4c21-0a72-4685-8527-bbc39096ec6d","The Soap Story Museum","https://cleantheworldfoundation.org/the-soap-story-museum/","true","https://tysnkzmljlmmqpbotkxv.supabase.co/storage/v1/object/public/travel-app-images/ChIJAVlCe-R954gRb_riWR2lgC0/ChIJAVlCe-R954gRb_riWR2lgC0_1757343570139_1.jpg","https://tysnkzmljlmmqpbotkxv.supabase.co/storage/v1/object/public/travel-app-images/website-9b6e4c21/the-soap-story-museum-website-image-1757538317741-1.jpg","unknown","website","6",""
"8b05b2ee-2fef-4790-b85c-6ad841dfe676","Titanic Experience Cobh","https://www.titanicexperiencecobh.ie/?utm_source=google&utm_medium=organic&utm_campaign=gmb","true","https://tysnkzmljlmmqpbotkxv.supabase.co/storage/v1/object/public/travel-app-images/ChIJuduOEaSDREgROaET1EMpkk4/ChIJuduOEaSDREgROaET1EMpkk4_1753986593732_1.jpg","https://tysnkzmljlmmqpbotkxv.supabase.co/storage/v1/object/public/travel-app-images/website-8b05b2ee/titanic-experience-cobh-titanic-waterball-1757538318002-1.jpg","unknown","website","35",""
"c0207647-cf8a-4ad3-8d5c-523efb14d43b","Jardines de la Maternidad","http://w110.bcn.cat/portal/site/MediAmbient/menuitem.0d4d06202ea41e13e9c5e9c5a2ef8a0c/?vgnextoid=6763d1cd9b97a210VgnVCM10000074fea8c0RCRD&vgnextchannel=6de179583ad1a210VgnVCM10000074fea8c0RCRD&lang=ca_ES","false","https://tysnkzmljlmmqpbotkxv.supabase.co/storage/v1/object/public/travel-app-images/ChIJy8M-21-YpBIRMD5RH-H6AA8/ChIJy8M-21-YpBIRMD5RH-H6AA8_1751569917009_1.jpg","","unknown","","","Edge function error: 500 Internal Server Error - {"error":"Failed to extract website image","details":"Failed to download image: 404 Not Found"}"
"11466e21-a912-447d-9af7-18528f4d1814","Cartoteca de Catalunya","https://www.icgc.cat/cartoteca","true","https://tysnkzmljlmmqpbotkxv.supabase.co/storage/v1/object/public/travel-app-images/ChIJkWYPT2yjpBIRZ9UhgiUYJBU/ChIJkWYPT2yjpBIRZ9UhgiUYJBU_1751569325574_1.jpg","https://tysnkzmljlmmqpbotkxv.supabase.co/storage/v1/object/public/travel-app-images/website-11466e21/cartoteca-de-catalunya-linkedin-1757538324679-1.jpg","unknown","website","4",""
"1de5340c-7c5e-468a-ad7e-09a67c7cad8b","Lake Nona Sculpture Garden","https://www.lakenonawavehotel.com/things-to-do-lake-nona/sculpture-garden","false","","","unknown","","","No suitable images found on website"
"ef93145c-73e3-4d19-b393-6ebe7cf57b0f","Basílica de Nossa Senhora do Rosário - Arautos do Evangelho","https://basilicaarautos.com.br/","true","https://tysnkzmljlmmqpbotkxv.supabase.co/storage/v1/object/public/travel-app-images/ChIJnVa1PIDwzpQRc1j0Q07gs68/ChIJnVa1PIDwzpQRc1j0Q07gs68_1752869658416_1.jpg","https://tysnkzmljlmmqpbotkxv.supabase.co/storage/v1/object/public/travel-app-images/website-ef93145c/baslica-de-nossa-senhora-do-rosrio-arautos-do-evan-abertura-01-1757538334568-1.jpg","unknown","website","28",""
"49bad5f6-62ee-4504-83e5-ee79803582cd","Fuente Mágica de Montjuic","https://www.barcelona.cat/ca/que-pots-fer-a-bcn/font-magica","true","https://tysnkzmljlmmqpbotkxv.supabase.co/storage/v1/object/public/travel-app-images/ChIJN5lVhnCipBIRajHculw3xh4/ChIJN5lVhnCipBIRajHculw3xh4_1751569257033_1.jpg","https://tysnkzmljlmmqpbotkxv.supabase.co/storage/v1/object/public/travel-app-images/website-49bad5f6/fuente-mgica-de-montjuic-open-video-mix-anys-80-1757538340268-1.jpg","unknown","website","3",""
"4f9f69e8-5d82-4db8-8199-bf5bbe037536","The Glucksman","http://www.glucksman.org/","true","https://tysnkzmljlmmqpbotkxv.supabase.co/storage/v1/object/public/travel-app-images/ChIJoSlXRSOQREgRQUZJ39lAiz0/ChIJoSlXRSOQREgRQUZJ39lAiz0_1753985242461_1.jpg","https://tysnkzmljlmmqpbotkxv.supabase.co/storage/v1/object/public/travel-app-images/website-4f9f69e8/the-glucksman-installationx20shotx20ofx20rin-1757538341637-1.jpg","unknown","website","4",""
"5cd51982-0124-427a-8991-e70e06cbddc7","Espacio Bomberos: Parque de la Prevención","http://www.barcelona.cat/espaibombers","true","https://tysnkzmljlmmqpbotkxv.supabase.co/storage/v1/object/public/travel-app-images/ChIJEQ8zKHuipBIRN0rltF02JNo/ChIJEQ8zKHuipBIRN0rltF02JNo_1751569199149_1.jpg","https://tysnkzmljlmmqpbotkxv.supabase.co/storage/v1/object/public/travel-app-images/website-5cd51982/espacio-bomberos-parque-de-la-prevencin-website-image-1757538349387-1.jpg","unknown","website","2",""
"58b58720-98c9-4d03-a03f-ce05b4efe1ca","Parroquia de San Isidro Labrador","http://parroquiasantisidre.org/","true","https://tysnkzmljlmmqpbotkxv.supabase.co/storage/v1/object/public/travel-app-images/ChIJTWAWuJaYpBIRqzMdAh1e9lQ/ChIJTWAWuJaYpBIRqzMdAh1e9lQ_1751571145872_1.jpg","https://tysnkzmljlmmqpbotkxv.supabase.co/storage/v1/object/public/travel-app-images/website-58b58720/parroquia-de-san-isidro-labrador-portadahome-copia-2-1757538351986-1.jpg","unknown","website","9",""
"b1f8f0bf-0a9c-44bb-913d-cd5e3d269de3","Airport Lakes Park Orlando","https://www.orlando.gov/Parks-the-Environment/Directory/Airport-Lakes-Park","true","https://tysnkzmljlmmqpbotkxv.supabase.co/storage/v1/object/public/travel-app-images/ChIJqWf6zxVj54gRULwoDjAvZnQ/ChIJqWf6zxVj54gRULwoDjAvZnQ_1757343985541_1.jpg","https://tysnkzmljlmmqpbotkxv.supabase.co/storage/v1/object/public/travel-app-images/website-b1f8f0bf/airport-lakes-park-orlando-celebrating-150-years-of-the-c-1757538357911-1.jpg","unknown","website","5",""
"fd159f19-cf31-400b-9b89-52c1135a3d62","Village Walk At Lake Nona","https://bestneighborhoodsinorlandofl.com/neighborhood/villagewalk-at-lake-nona/","false","https://tysnkzmljlmmqpbotkxv.supabase.co/storage/v1/object/public/travel-app-images/ChIJVd1UTt6J3YgRezPs6BQQBp8/ChIJVd1UTt6J3YgRezPs6BQQBp8_1757343990386_1.jpg","","unknown","","","Edge function error: 500 Internal Server Error - {"error":"Failed to extract website image","details":"HTTP 404: Not Found"}"
"93018d1b-e818-4d81-9750-5922241dfaf5","Laureate Park Community Garden","https://www.lakenona.com/contact-us/#lake-nona-welcome-center","true","https://tysnkzmljlmmqpbotkxv.supabase.co/storage/v1/object/public/travel-app-images/ChIJwXvxqY2J3YgRadLSe_roCYA/ChIJwXvxqY2J3YgRadLSe_roCYA_1757343995693_1.jpg","https://tysnkzmljlmmqpbotkxv.supabase.co/storage/v1/object/public/travel-app-images/website-93018d1b/laureate-park-community-garden-x-1757538365067-1.jpg","unknown","website","3",""
"06e987e3-d583-48cd-adf3-1b8ca7638bb7","Rock Close","http://www.blarneycastle.ie/pages/rock-close","true","https://tysnkzmljlmmqpbotkxv.supabase.co/storage/v1/object/public/travel-app-images/ChIJdflgyXuRREgRLMhlta4auIU/ChIJdflgyXuRREgRLMhlta4auIU_1753984626916_1.jpg","https://tysnkzmljlmmqpbotkxv.supabase.co/storage/v1/object/public/travel-app-images/website-06e987e3/rock-close-the-gardens-1757538364553-1.jpg","unknown","website","1",""
"b5117e54-a972-4d50-9c21-dc1087d6f23f","Lee Vista Promenade","https://lee-vista-promenade.website/","true","https://tysnkzmljlmmqpbotkxv.supabase.co/storage/v1/object/public/travel-app-images/ChIJs_fRTWxj54gRIMGCAoLdkV4/ChIJs_fRTWxj54gRIMGCAoLdkV4_1757344003204_1.jpg","https://tysnkzmljlmmqpbotkxv.supabase.co/storage/v1/object/public/travel-app-images/website-b5117e54/lee-vista-promenade-photo-1757538370538-1.jpg","unknown","website","15",""
"f12977d7-f3d5-4c3a-ae71-34b5c0f0d38b","The Escape Ventures Winter Garden","https://theescapeventures.com/escape-room-winter-garden/","true","https://tysnkzmljlmmqpbotkxv.supabase.co/storage/v1/object/public/travel-app-images/ChIJVXF7qBmD54gRW7z2-fvHflI/ChIJVXF7qBmD54gRW7z2-fvHflI_1757352227722_1.jpg","https://tysnkzmljlmmqpbotkxv.supabase.co/storage/v1/object/public/travel-app-images/website-f12977d7/the-escape-ventures-winter-garden-website-image-1757538371102-1.jpg","unknown","website","10",""
"78f7ec3a-f64b-4908-84da-c0b628e62de9","Oakland Nature Preserve","http://www.oaklandnaturepreserve.org/","true","https://tysnkzmljlmmqpbotkxv.supabase.co/storage/v1/object/public/travel-app-images/ChIJ9arSO1aE54gRje54vfbY-Tg/ChIJ9arSO1aE54gRje54vfbY-Tg_1757352231618_1.jpg","https://tysnkzmljlmmqpbotkxv.supabase.co/storage/v1/object/public/travel-app-images/website-78f7ec3a/oakland-nature-preserve-photo-pileated-woodpecker-1757538378479-1.jpg","unknown","website","7",""
"24599142-8949-4e48-9021-57eb22fd515a","Central Florida Railroad Museum","https://www.cfrhs.org/","false","https://tysnkzmljlmmqpbotkxv.supabase.co/storage/v1/object/public/travel-app-images/ChIJxef76G2D54gR_M0D5DMNdt8/ChIJxef76G2D54gR_M0D5DMNdt8_1757352235887_1.jpg","","unknown","","","No suitable images found on website"
"5e7d51e2-2fc3-42a2-91c3-585c6af1786e","Encore Winter Garden","https://thousandtrails.com//florida/winter-garden-rv-resort/?utm_source=yext&utm_medium=directory&utm_campaign=Yext%20Directory%20Listing","false","https://tysnkzmljlmmqpbotkxv.supabase.co/storage/v1/object/public/travel-app-images/ChIJ-Y7JUXaD54gRhus8LxG8_Sw/ChIJ-Y7JUXaD54gRhus8LxG8_Sw_1757352259027_1.jpg","","unknown","","","Edge function error: 500 Internal Server Error - {"error":"Failed to extract website image","details":"HTTP 403: Forbidden"}"
"99356fc6-b03b-491f-bd05-e6b5d85ed034","Heritage Museum","https://www.wghf.org/","true","https://tysnkzmljlmmqpbotkxv.supabase.co/storage/v1/object/public/travel-app-images/ChIJLyJGf3WD54gRb2cODxrPDVA/ChIJLyJGf3WD54gRb2cODxrPDVA_1757352255631_1.jpg","https://tysnkzmljlmmqpbotkxv.supabase.co/storage/v1/object/public/travel-app-images/website-99356fc6/heritage-museum-background-image-1757538383577-1.jpg","unknown","website","1",""
"f6ec7f84-1b7d-4e63-8a70-29afede00010","Healthy West Orange Arts and Heritage Center at the Town of Oakland","https://oaklandfl.gov/899/Healthy-West-Orange-Arts-and-Heritage-Ce","true","https://tysnkzmljlmmqpbotkxv.supabase.co/storage/v1/object/public/travel-app-images/ChIJ2fcRD-GF54gRR_iPGc5UZLo/ChIJ2fcRD-GF54gRR_iPGc5UZLo_1757352248120_1.jpg","https://tysnkzmljlmmqpbotkxv.supabase.co/storage/v1/object/public/travel-app-images/website-f6ec7f84/healthy-west-orange-arts-and-heritage-center-at-th-oakland-florida-homepage--1757538389032-1.jpg","unknown","website","7",""
"d80f4cde-6610-4ab7-8e6d-af169e79ab36","Darwin and Wallace: A Nature & Fossil Store","http://www.darwinandwallace.com/","true","https://tysnkzmljlmmqpbotkxv.supabase.co/storage/v1/object/public/travel-app-images/ChIJpYQ6tHBx54gR3siTjHVhiG0/ChIJpYQ6tHBx54gR3siTjHVhiG0_1757352252312_1.jpg","https://tysnkzmljlmmqpbotkxv.supabase.co/storage/v1/object/public/travel-app-images/website-d80f4cde/darwin-and-wallace-a-nature-fossil-store-our-altamonte-springs-fl-locat-1757538388369-1.jpg","unknown","website","17",""
"884d86e8-32f2-42ed-b175-1b0a212746a4","Winter Garden Branch Library","https://ocls.org/locations-hours/winter-garden-branch/","true","https://tysnkzmljlmmqpbotkxv.supabase.co/storage/v1/object/public/travel-app-images/ChIJsVOQkhOD54gRdjdJuMZNoDY/ChIJsVOQkhOD54gRdjdJuMZNoDY_1757352262802_1.jpg","https://tysnkzmljlmmqpbotkxv.supabase.co/storage/v1/object/public/travel-app-images/website-884d86e8/winter-garden-branch-library-website-image-1757538395149-1.jpg","unknown","website","6",""
"ed930417-050d-487b-a2cb-a94d7e52bee0","Winter Garden Village","https://wintergardenvillage.com/","true","https://tysnkzmljlmmqpbotkxv.supabase.co/storage/v1/object/public/travel-app-images/ChIJ5bbbouuD54gR0D6cJLHwC9A/ChIJ5bbbouuD54gR0D6cJLHwC9A_1757352270386_1.jpg","https://tysnkzmljlmmqpbotkxv.supabase.co/storage/v1/object/public/travel-app-images/website-ed930417/winter-garden-village-httpsivimeocdncomvideo16868139-1757538393601-1.jpg","unknown","website","3",""
"a511b5ed-4caf-4b53-816d-ae1fa7c6c9f6","Paróquia São José da Lagoa","https://m.facebook.com/psaojosedalagoa/?locale2=pt_BR","false","https://tysnkzmljlmmqpbotkxv.supabase.co/storage/v1/object/public/travel-app-images/ChIJe0hAgZ7VmwARL9R21EQKn-4/ChIJe0hAgZ7VmwARL9R21EQKn-4_1754580962789_1.jpg","","unknown","","","No suitable images found on website"
"2d82e0e2-59ba-45ef-a34e-d6f9c76a249c","Instituto Cultural Brasil Argentina","http://crioj.cancilleria.gov.ar/","false","https://tysnkzmljlmmqpbotkxv.supabase.co/storage/v1/object/public/travel-app-images/ChIJqc2bxIx_mQARFiDNwyv8Sj0/ChIJqc2bxIx_mQARFiDNwyv8Sj0_1754580037989_1.jpg","","unknown","","","Edge function error: 500 Internal Server Error - {"error":"Failed to extract website image","details":"error sending request for url (https://crioj.cancilleria.gov.ar/): client error (Connect): invalid peer certificate: NotValidForName"}"
"aeb3bb0c-c8db-4d65-ab12-ead6be9c35ca","St Mary's Dominican Priory","http://dominicanscork.ie/","true","https://tysnkzmljlmmqpbotkxv.supabase.co/storage/v1/object/public/travel-app-images/ChIJEV6gjhGQREgRiQR1JPrIZto/ChIJEV6gjhGQREgRiQR1JPrIZto_1753985881183_1.jpg","https://tysnkzmljlmmqpbotkxv.supabase.co/storage/v1/object/public/travel-app-images/website-aeb3bb0c/st-marys-dominican-priory-st-maryamp39s-popeamp39s-quay--1757538405110-1.jpg","unknown","website","26",""
"0cb8d4c3-963c-48b8-9aef-e8582eff40fd","Cobh Library","https://www.corkcoco.ie/library-services/branch-services-mobile-libraries#collapse-9","false","https://tysnkzmljlmmqpbotkxv.supabase.co/storage/v1/object/public/travel-app-images/ChIJF81NEKSDREgRFDFkBdgydZU/ChIJF81NEKSDREgRFDFkBdgydZU_1753986779958_1.jpg","","unknown","","","No suitable images found on website"
"55b9a73d-36f6-44e7-bbb0-e38d11949e3b","The Titanic Trail","http://www.titanic.ie/","true","https://tysnkzmljlmmqpbotkxv.supabase.co/storage/v1/object/public/travel-app-images/ChIJmcNF9aODREgREkcYn6_NAcA/ChIJmcNF9aODREgREkcYn6_NAcA_1753986564402_1.jpg","https://tysnkzmljlmmqpbotkxv.supabase.co/storage/v1/object/public/travel-app-images/website-55b9a73d/the-titanic-trail-titanic-trail-cobh-1757538414767-1.jpg","unknown","website","20",""
"ff9bafcf-59c0-44ca-97f1-5058d245abe8","Cork City Library","http://www.corkcitylibraries.ie/","true","https://tysnkzmljlmmqpbotkxv.supabase.co/storage/v1/object/public/travel-app-images/ChIJp68pkhCQREgRmxEvoe-Bcdk/ChIJp68pkhCQREgRmxEvoe-Bcdk_1753986193518_1.jpg","https://tysnkzmljlmmqpbotkxv.supabase.co/storage/v1/object/public/travel-app-images/website-ff9bafcf/cork-city-library-homeheader-1757538413067-1.jpg","unknown","website","12",""
"c5c6bdad-c44e-42d8-ab66-415b87040c29","Museu Light da Energia","https://www.museulight.com.br/","false","https://tysnkzmljlmmqpbotkxv.supabase.co/storage/v1/object/public/travel-app-images/ChIJ012wuwB_mQAR351ofsyCPfI/ChIJ012wuwB_mQAR351ofsyCPfI_1754578713638_1.jpg","","unknown","","","Edge function error: 500 Internal Server Error - {"error":"Failed to extract website image","details":"error sending request for url (https://www.museulight.com.br/): client error (Connect): Connection reset by peer (os error 104)"}"
"5f51f660-64d2-465b-a768-e6e588108b5e","Paróquia São Domingos","https://saodomingosparoquia.com/","true","https://tysnkzmljlmmqpbotkxv.supabase.co/storage/v1/object/public/travel-app-images/ChIJ4a6XWfVXzpQRmFgG3glBmDU/ChIJ4a6XWfVXzpQRmFgG3glBmDU_1752002687922_1.jpg","https://tysnkzmljlmmqpbotkxv.supabase.co/storage/v1/object/public/travel-app-images/website-5f51f660/parquia-so-domingos-igreja-so-domingos-1757538418882-1.jpg","unknown","website","1",""
"b930e53f-0530-4885-8163-d6e49596eb00","Shopping Nações Unidas","http://www.snu.com.br/","false","https://tysnkzmljlmmqpbotkxv.supabase.co/storage/v1/object/public/travel-app-images/ChIJ79hMGs1QzpQRIbbISgIK45I/ChIJ79hMGs1QzpQRIbbISgIK45I_1755016967263_1.jpg","","unknown","","","No suitable images found on website"
"fc70b0de-82e2-43ee-bdd4-05845a9f847d","Paróquia Santa Joana d'Arc","http://www.paroquiajoanadarc.com.br/","false","https://tysnkzmljlmmqpbotkxv.supabase.co/storage/v1/object/public/travel-app-images/ChIJz6hBYEL2zpQR0_mXeU9VYoI/ChIJz6hBYEL2zpQR0_mXeU9VYoI_1755007504698_1.jpg","","unknown","","","No suitable images found on website"
"a1a6b199-806f-4403-bb5a-6136a8d70f4c","Paróquia São Francisco de Assis","https://franciscanos.org.br/quemsomos/ondestamos/fraternidade-sao-francisco-sao-paulo/#gsc.tab=0","true","https://tysnkzmljlmmqpbotkxv.supabase.co/storage/v1/object/public/travel-app-images/ChIJsWF-paxZzpQRiaG-aiv-juY/ChIJsWF-paxZzpQRiaG-aiv-juY_1755016184726_1.jpg","https://tysnkzmljlmmqpbotkxv.supabase.co/storage/v1/object/public/travel-app-images/website-a1a6b199/parquia-so-francisco-de-assis-largo261018principal-1757538428001-1.jpg","unknown","website","35",""
"d882e9ff-574c-4429-b082-4f9eb4c24d5b","Shopping Penha","http://www.shoppingpenha.com.br/","true","https://tysnkzmljlmmqpbotkxv.supabase.co/storage/v1/object/public/travel-app-images/ChIJ1QlRG1FezpQRffaFu8WTqAg/ChIJ1QlRG1FezpQRffaFu8WTqAg_1754680494011_1.jpg","https://tysnkzmljlmmqpbotkxv.supabase.co/storage/v1/object/public/travel-app-images/website-d882e9ff/shopping-penha-website-image-1757538428279-1.jpg","unknown","website","21",""
"4d1d0049-27e5-44bd-a678-147b7903f4b3","Paróquia São José","http://www.saojosedojardimeuropa.com.br/","true","https://tysnkzmljlmmqpbotkxv.supabase.co/storage/v1/object/public/travel-app-images/ChIJ-y8cZGD7zpQRl6ZufeSZYqk/ChIJ-y8cZGD7zpQRl6ZufeSZYqk_1752002679791_1.jpg","https://tysnkzmljlmmqpbotkxv.supabase.co/storage/v1/object/public/travel-app-images/website-4d1d0049/parquia-so-jos-acesse-agora-mesmo-o-informati-1757538437145-1.jpg","unknown","website","58",""
"42bda446-b52e-4084-8786-14b65a44a570","Museu de Folclore Edison Carneiro","http://www.cnfcp.gov.br/","false","https://tysnkzmljlmmqpbotkxv.supabase.co/storage/v1/object/public/travel-app-images/ChIJdRTCSIB_mQARhswIz7SrrIw/ChIJdRTCSIB_mQARhswIz7SrrIw_1754581134629_1.jpg","","unknown","","","Edge function error: 500 Internal Server Error - {"error":"Failed to extract website image","details":"error sending request for url (http://www.cnfcp.gov.br/): client error (Connect): tcp connect error: Connection timed out (os error 110): Connection timed out (os error 110)"}"
"2aa15a90-6d0a-4b97-b484-e08ec8eab455","Parque Ciência","https://www.prefeitura.sp.gov.br/cidade/secretarias/meio_ambiente/parques/regiao_leste/index.php?p=26018","true","https://tysnkzmljlmmqpbotkxv.supabase.co/storage/v1/object/public/travel-app-images/ChIJK-DWwnlvzpQRNwmiN0fYMs0/ChIJK-DWwnlvzpQRNwmiN0fYMs0_1755013501985_1.jpg","https://tysnkzmljlmmqpbotkxv.supabase.co/storage/v1/object/public/travel-app-images/website-2aa15a90/parque-cincia-gif-animado-com-fotos-de-pesso-1757538569358-1.jpg","unknown","website","7",""
"d78bc321-3ca6-47fc-ae77-70a55aae62e0","Catedral Nossa Senhora da Conceição","https://catedralbragancapaulista.com.br/","true","https://tysnkzmljlmmqpbotkxv.supabase.co/storage/v1/object/public/travel-app-images/ChIJ4R9mr5HJzpQRyu1JtlBzEJA/ChIJ4R9mr5HJzpQRyu1JtlBzEJA_1754647532381_1.jpg","https://tysnkzmljlmmqpbotkxv.supabase.co/storage/v1/object/public/travel-app-images/website-d78bc321/catedral-nossa-senhora-da-conceio-catedral-1757538572189-1.jpg","unknown","website","31",""
"ee42aedb-96b0-41d4-a02a-f70281a0574a","Església dels Sagrats Cors","http://www.misas.org/p/esglesia-dels-sagrats-cors-barcelona","false","https://tysnkzmljlmmqpbotkxv.supabase.co/storage/v1/object/public/travel-app-images/ChIJBVeNCQaYpBIRfIsAeFmhcEI/ChIJBVeNCQaYpBIRfIsAeFmhcEI_1751574948415_1.jpg","","unknown","","","No suitable images found on website"
"ecac8494-f374-4c2f-a3b0-cdb733f7b16d","Biblioteca Font de la Mina","http://bibliotecavirtual.diba.cat/sant-adria-de-besos-biblioteca-font-de-la-mina","true","https://tysnkzmljlmmqpbotkxv.supabase.co/storage/v1/object/public/travel-app-images/ChIJ030hulSjpBIRNldcuyoHg64/ChIJ030hulSjpBIRNldcuyoHg64_1751566078594_1.jpg","https://tysnkzmljlmmqpbotkxv.supabase.co/storage/v1/object/public/travel-app-images/website-ecac8494/biblioteca-font-de-la-mina-website-image-1757538581341-1.jpg","unknown","website","5",""
"fd0e20fd-3e59-4c73-b8c3-01be54d64ee2","Jardins del Mestre Balcells","https://monuments.iec.cat/fitxa.asp?id=711","true","https://tysnkzmljlmmqpbotkxv.supabase.co/storage/v1/object/public/travel-app-images/ChIJI8b0w6SipBIRrgF3jadbCJk/ChIJI8b0w6SipBIRrgF3jadbCJk_1751570831942_1.jpg","https://tysnkzmljlmmqpbotkxv.supabase.co/storage/v1/object/public/travel-app-images/website-fd0e20fd/jardins-del-mestre-balcells-website-image-1757538588655-1.jpg","unknown","website","2",""
"df9eacaf-dd7d-4188-8374-d5484e9a9537","Sítio Morrinhos - Museu da Cidade de São Paulo","https://www.museudacidade.prefeitura.sp.gov.br/sobre-mcsp/sitio-morrinhos/","true","https://tysnkzmljlmmqpbotkxv.supabase.co/storage/v1/object/public/travel-app-images/ChIJBZ_P6KhYzpQRsq9WBoQPTXQ/ChIJBZ_P6KhYzpQRsq9WBoQPTXQ_1755015450855_1.jpg","https://tysnkzmljlmmqpbotkxv.supabase.co/storage/v1/object/public/travel-app-images/website-df9eacaf/stio-morrinhos-museu-da-cidade-de-so-paulo-mcsp-museu-da-cidade-de-so-pau-1757538587074-1.jpg","unknown","website","6",""
"cf8dec3b-1cf8-43fa-8457-ce6258839ae5","Centro Histórico Mackenzie","https://www.mackenzie.br/biblioteca/sobre-a-biblioteca/historico/","false","https://tysnkzmljlmmqpbotkxv.supabase.co/storage/v1/object/public/travel-app-images/ChIJ5dbg7DdYzpQRMogiREHVrRo/ChIJ5dbg7DdYzpQRMogiREHVrRo_1755016209351_1.jpg","","unknown","","","No suitable images found on website"
"96240dcc-55f4-44a2-b3d7-c85bb1bc9fc1","Church of Our Lady of Lourdes, Ballinlough","http://corkandross.org/parishes/ballinlough/","true","https://tysnkzmljlmmqpbotkxv.supabase.co/storage/v1/object/public/travel-app-images/ChIJ74lHA6uaREgR2Tuv2UheqjI/ChIJ74lHA6uaREgR2Tuv2UheqjI_1753986151580_1.jpg","https://tysnkzmljlmmqpbotkxv.supabase.co/storage/v1/object/public/travel-app-images/website-96240dcc/church-of-our-lady-of-lourdes-ballinlough-church-of-our-lady-of-lourdes--1757538595990-1.jpg","unknown","website","2",""
"b1232c1c-d0d2-4e94-b26b-3c79e0c21791","Curraheen Park Greyhound Stadium","https://www.grireland.ie/go-greyhound-racing/our-stadiums/curraheen-park-greyhound-stadium/?utm_source=Google%20My%20Business&utm_medium=Business&utm_campaign=Listing","true","https://tysnkzmljlmmqpbotkxv.supabase.co/storage/v1/object/public/travel-app-images/ChIJwV24aAOOREgR7_YgpRzX55A/ChIJwV24aAOOREgR7_YgpRzX55A_1753985221804_1.jpg","https://tysnkzmljlmmqpbotkxv.supabase.co/storage/v1/object/public/travel-app-images/website-b1232c1c/curraheen-park-greyhound-stadium-bet-now-image-1757538603171-1.jpg","unknown","website","14",""
"a8d24239-2ab2-460c-a052-f4a59ebed381","Cork County Library","https://www.corkcoco.ie/en/resident/libraries","false","https://tysnkzmljlmmqpbotkxv.supabase.co/storage/v1/object/public/travel-app-images/ChIJGRzyi8SRREgRzD1u623uXVo/ChIJGRzyi8SRREgRzD1u623uXVo_1753985596324_1.jpg","","unknown","","","No suitable images found on website"
"f2375ff0-3e8c-4c2f-93c1-4abd4c93e64f","Biblioteca Alceu Amoroso Lima","http://www.prefeitura.sp.gov.br/cidade/secretarias/cultura/bibliotecas/bibliotecas_bairro/bibliotecas_a_l/alceu/","true","https://tysnkzmljlmmqpbotkxv.supabase.co/storage/v1/object/public/travel-app-images/ChIJq40mEJtXzpQRNdzt38R52y8/ChIJq40mEJtXzpQRNdzt38R52y8_1752002739670_1.jpg","https://tysnkzmljlmmqpbotkxv.supabase.co/storage/v1/object/public/travel-app-images/website-f2375ff0/biblioteca-alceu-amoroso-lima-gif-animado-com-fotos-de-pesso-1757538608401-1.jpg","unknown","website","5",""
"40bf03f5-730e-4aaa-adcf-535e506f1cbe","Bishopstown Library","https://www.corkcitylibraries.ie/en/locations/bishopstown-library/","true","https://tysnkzmljlmmqpbotkxv.supabase.co/storage/v1/object/public/travel-app-images/ChIJYZgbIyuOREgR5_k5wYSDO7c/ChIJYZgbIyuOREgR5_k5wYSDO7c_1753985615024_1.jpg","https://tysnkzmljlmmqpbotkxv.supabase.co/storage/v1/object/public/travel-app-images/website-40bf03f5/bishopstown-library-bishopstownheader-1757538609818-1.jpg","unknown","website","1",""
"a31de37e-3498-4e55-ad46-5bcf7236a1ed","Glanmire Public Library","http://corkcitylibraries.ie/","true","https://tysnkzmljlmmqpbotkxv.supabase.co/storage/v1/object/public/travel-app-images/ChIJKRWfHwabREgRHFbwNpH-4xI/ChIJKRWfHwabREgRHFbwNpH-4xI_1753985913562_1.jpg","https://tysnkzmljlmmqpbotkxv.supabase.co/storage/v1/object/public/travel-app-images/website-a31de37e/glanmire-public-library-homeheader-1757538617741-1.jpg","unknown","website","12",""
"289bce15-6f3d-4837-b2b5-6467a73a153a","St Marys On The Hill Church, Hollyhill","http://www.stmarysonthehill.ie/","true","https://tysnkzmljlmmqpbotkxv.supabase.co/storage/v1/object/public/travel-app-images/ChIJH4pm4kmQREgR6gSjhC-ChPU/ChIJH4pm4kmQREgR6gSjhC-ChPU_1753985587052_1.jpg","https://tysnkzmljlmmqpbotkxv.supabase.co/storage/v1/object/public/travel-app-images/website-289bce15/st-marys-on-the-hill-church-hollyhill-crest-1757538620463-1.jpg","unknown","website","28",""
"8e671554-6bfc-499a-b859-ff7c0e456a75","Basílica Menor de Sant'Ana","http://paroquiasantana.org.br/","true","https://tysnkzmljlmmqpbotkxv.supabase.co/storage/v1/object/public/travel-app-images/ChIJeQZLsS72zpQRGUsgJuT9Vmg/ChIJeQZLsS72zpQRGUsgJuT9Vmg_1755007481795_1.jpg","https://tysnkzmljlmmqpbotkxv.supabase.co/storage/v1/object/public/travel-app-images/website-8e671554/baslica-menor-de-santana-arquidiocese-de-so-paulo-1757538625156-1.jpg","unknown","website","42",""
"1b8eb534-4f7e-41f0-9930-51a25891524a","Blarney Library","https://www.corkcitylibraries.ie/en/locations/blarney-library/","true","","https://tysnkzmljlmmqpbotkxv.supabase.co/storage/v1/object/public/travel-app-images/website-1b8eb534/blarney-library-blarney-library-1757538627006-1.jpg","unknown","website","1",""
"53f1bef8-b97a-40f1-a96a-ab063b8db000","Espaço Memória Carandiru","https://etecparquedajuventude.cps.sp.gov.br/espaco-memoria-carandiru/","true","https://tysnkzmljlmmqpbotkxv.supabase.co/storage/v1/object/public/travel-app-images/ChIJD4sDxUxZzpQRGjAgdgnbfzM/ChIJD4sDxUxZzpQRGjAgdgnbfzM_1755007501387_1.jpg","https://tysnkzmljlmmqpbotkxv.supabase.co/storage/v1/object/public/travel-app-images/website-53f1bef8/espao-memria-carandiru-flickr-governo-de-so-paulo-1757538633100-1.jpg","unknown","website","23",""
"7e612e3c-c9ac-46f4-899f-4f179833356a","Tietê Plaza Shopping","https://www.tieteplazashopping.com.br/","true","https://tysnkzmljlmmqpbotkxv.supabase.co/storage/v1/object/public/travel-app-images/ChIJyzfO-7r7zpQRTLJBfQu5zG0/ChIJyzfO-7r7zpQRTLJBfQu5zG0_1752002015619_1.jpg","https://tysnkzmljlmmqpbotkxv.supabase.co/storage/v1/object/public/travel-app-images/website-7e612e3c/tiet-plaza-shopping-website-image-1757538631971-1.jpg","unknown","website","48",""
"2e4afe4b-e8d6-4511-a2da-ed56c958244c","Church of the Immaculate Conception, The Lough","http://corkandross.org/parishes/the-lough/","true","https://tysnkzmljlmmqpbotkxv.supabase.co/storage/v1/object/public/travel-app-images/ChIJP_TqhSGQREgRkEKAnSB-KBk/ChIJP_TqhSGQREgRkEKAnSB-KBk_1753985577006_1.jpg","https://tysnkzmljlmmqpbotkxv.supabase.co/storage/v1/object/public/travel-app-images/website-2e4afe4b/church-of-the-immaculate-conception-the-lough-church-of-the-immaculate-conce-1757538639517-1.jpg","unknown","website","2",""
"75f6a5c3-a238-451f-975a-28e61bb4a2e7","An Cóbh","http://www.cobh.ie/","true","https://tysnkzmljlmmqpbotkxv.supabase.co/storage/v1/object/public/travel-app-images/ChIJB_TrdZ2DREgRIWMlMRd4mDw/ChIJB_TrdZ2DREgRIWMlMRd4mDw_1753986734655_1.jpg","https://tysnkzmljlmmqpbotkxv.supabase.co/storage/v1/object/public/travel-app-images/website-75f6a5c3/an-cbh-website-image-1757538639740-1.jpg","unknown","website","2",""
"229b9c8e-3a75-441b-a0ed-249ab604485b","Blarney Castle & Gardens","https://blarneycastle.ie/","true","https://tysnkzmljlmmqpbotkxv.supabase.co/storage/v1/object/public/travel-app-images/ChIJt0TfOD2QREgRyEeLjGPDt68/ChIJt0TfOD2QREgRyEeLjGPDt68_1753984605963_1.jpg","https://tysnkzmljlmmqpbotkxv.supabase.co/storage/v1/object/public/travel-app-images/website-229b9c8e/blarney-castle-gardens-blarneycastle-1757538645389-1.jpg","unknown","website","58",""
"8ef204b0-5c52-49d4-9af8-452bf038fac0","Templo Joganji Fudô Myô","https://m.facebook.com/pages/Templo-Fud%C3%B4-My%C3%B4-em-Diadema-SP/1383602158574642","false","https://tysnkzmljlmmqpbotkxv.supabase.co/storage/v1/object/public/travel-app-images/ChIJAc7YC_5EzpQRsmwvlc4GKtQ/ChIJAc7YC_5EzpQRsmwvlc4GKtQ_1755018727462_1.jpg","","unknown","","","No suitable images found on website"
"3704c134-946f-41ca-82c8-27db2ebb68af","Estádio Cícero Pompeu de Toledo - Morumbis","https://www.estadiodomorumbi.com.br/","true","https://tysnkzmljlmmqpbotkxv.supabase.co/storage/v1/object/public/travel-app-images/ChIJSeYfG8NWzpQRwhhm_E1PE30/ChIJSeYfG8NWzpQRwhhm_E1PE30_1752001356280_1.jpg","https://tysnkzmljlmmqpbotkxv.supabase.co/storage/v1/object/public/travel-app-images/website-3704c134/estdio-ccero-pompeu-de-toledo-morumbis-website-image-1757538649938-1.jpg","unknown","website","16",""
"136ac7bb-a980-45e2-9328-05096ef47198","Farol Santander","https://www.farolsantander.com.br/?utm_source=[gmb][152-2618]&utm_medium=[website]&utm_campaign=[youmap][digital]","false","https://tysnkzmljlmmqpbotkxv.supabase.co/storage/v1/object/public/travel-app-images/ChIJjZSaAFVYzpQRqbZibyo8INE/ChIJjZSaAFVYzpQRqbZibyo8INE_1755016206350_1.jpg","","unknown","","","Edge function error: 500 Internal Server Error - {"error":"Failed to extract website image","details":"error sending request from [2600:1f1e:229:a901:7026:4102:4a62:c55f]:49594 for https://www.farolsantander.com.br/?utm_source=[gmb][152-2618]&utm_medium=[website]&utm_campaign=[youmap][digital] ([2600:1419:6a00:11::211:2f07]:443): client error (SendRequest): http2 error: stream error received: unexpected internal error encountered"}"
"a0049a17-9e98-4137-aacf-71f2070ae430","Biblioteca de São Paulo","https://bsp.org.br/agenda/","true","https://tysnkzmljlmmqpbotkxv.supabase.co/storage/v1/object/public/travel-app-images/ChIJZedCe4JYzpQR0bYABwmA6jk/ChIJZedCe4JYzpQR0bYABwmA6jk_1757335380915_1.jpg","https://tysnkzmljlmmqpbotkxv.supabase.co/storage/v1/object/public/travel-app-images/website-a0049a17/biblioteca-de-so-paulo-website-image-1757538656347-1.jpg","unknown","website","33",""
"bc0b2cd5-7122-4e17-aede-98d20b36c32c","Museu do Rio Tietê","https://www.infraestruturameioambiente.sp.gov.br/educacaoambiental/evento/museu-do-tiete/","true","https://tysnkzmljlmmqpbotkxv.supabase.co/storage/v1/object/public/travel-app-images/ChIJiVBE7OBfzpQRK8jDg6rvMAg/ChIJiVBE7OBfzpQRK8jDg6rvMAg_1754680472855_1.jpg","https://tysnkzmljlmmqpbotkxv.supabase.co/storage/v1/object/public/travel-app-images/website-bc0b2cd5/museu-do-rio-tiet-whatsapp-governo-do-estado-de--1757538656011-1.jpg","unknown","website","11",""
"8c9e0fe8-fc27-4a89-af0d-c19b9ea5be0e","Obelisco e Monumento Mausoléu ao Soldado Constitucionalista de 32","http://www.policiamilitar.sp.gov.br/","false","https://tysnkzmljlmmqpbotkxv.supabase.co/storage/v1/object/public/travel-app-images/ChIJ5Vpka_JZzpQRHuEB-55haJU/ChIJ5Vpka_JZzpQRHuEB-55haJU_1752002557036_1.jpg","","unknown","","","Edge function error: 500 Internal Server Error - {"error":"Failed to extract website image","details":"error sending request for url (http://www.policiamilitar.sp.gov.br/): client error (Connect): tcp connect error: Connection timed out (os error 110): Connection timed out (os error 110)"}"
"ebad1f8e-51af-4c6f-a0e6-40b2d3f5c6f9","Biblioteca Pref. Prestes Maia","http://www.prefeitura.sp.gov.br/cidade/secretarias/cultura/bibliotecas/bibliotecas_bairro/bibliotecas_m_z/prefeitoprestesmaia/","true","https://tysnkzmljlmmqpbotkxv.supabase.co/storage/v1/object/public/travel-app-images/ChIJ8XRFA_5QzpQRrDy7Gg5Yz4Q/ChIJ8XRFA_5QzpQRrDy7Gg5Yz4Q_1755014496923_1.jpg","https://tysnkzmljlmmqpbotkxv.supabase.co/storage/v1/object/public/travel-app-images/website-ebad1f8e/biblioteca-pref-prestes-maia-gif-animado-com-fotos-de-pesso-1757538661649-1.jpg","unknown","website","7",""
"c1e70466-3e03-4304-a617-ba73d7db2e7c","Fundação Energia e Saneamento","https://www.energiaesaneamento.org.br/","true","https://tysnkzmljlmmqpbotkxv.supabase.co/storage/v1/object/public/travel-app-images/ChIJL5aYRWhYzpQR8ARftAFyJWA/ChIJL5aYRWhYzpQR8ARftAFyJWA_1752001947811_1.jpg","https://tysnkzmljlmmqpbotkxv.supabase.co/storage/v1/object/public/travel-app-images/website-c1e70466/fundao-energia-e-saneamento-website-image-1757538797063-1.jpg","unknown","website","19",""
"c1540893-7f34-4ee3-9dbc-0ad222681c29","A Igreja de Jesus Cristo dos Santos dos Últimos Dias","https://local.churchofjesuschrist.org/pt/br/sao-paulo/sao-paulo/rua-dom-bernardo-nogueira-881?utm_source=gmb&utm_medium=yext&y_source=1_NjcwOTIzNjAtNzE1LWxvY2F0aW9uLndlYnNpdGU%3D","true","https://tysnkzmljlmmqpbotkxv.supabase.co/storage/v1/object/public/travel-app-images/ChIJtftX77pbzpQRaKTrDNZQBDE/ChIJtftX77pbzpQRaKTrDNZQBDE_1755013699814_1.jpg","https://tysnkzmljlmmqpbotkxv.supabase.co/storage/v1/object/public/travel-app-images/website-c1540893/a-igreja-de-jesus-cristo-dos-santos-dos-ltimos-dia-website-image-1757538798196-1.jpg","unknown","website","8",""
"a8deca9d-68f4-467f-ab06-653e1aebc6da","Parque Vila do Rodeio","http://www.prefeitura.sp.gov.br/cidade/secretarias/meio_ambiente/parques/regiao_leste/index.php?p=5775","true","https://tysnkzmljlmmqpbotkxv.supabase.co/storage/v1/object/public/travel-app-images/ChIJmYV5inhlzpQRLrC2g_xeYN8/ChIJmYV5inhlzpQRLrC2g_xeYN8_1754680029988_1.jpg","https://tysnkzmljlmmqpbotkxv.supabase.co/storage/v1/object/public/travel-app-images/website-a8deca9d/parque-vila-do-rodeio-gif-animado-com-fotos-de-pesso-1757538802720-1.jpg","unknown","website","7",""
"b1a68834-b426-4fd6-9a7d-1a0bcdb0d58a","Goethe-Institut São Paulo","https://www.goethe.de/ins/br/pt/sta/sap.html?utm_source=google&utm_medium=gmb&utm_campaign=saopaulo&utm_content=website","true","https://tysnkzmljlmmqpbotkxv.supabase.co/storage/v1/object/public/travel-app-images/ChIJHXdyRTBazpQRzz7sNyEhgp0/ChIJHXdyRTBazpQRzz7sNyEhgp0_1752002748262_1.jpg","https://tysnkzmljlmmqpbotkxv.supabase.co/storage/v1/object/public/travel-app-images/website-b1a68834/goetheinstitut-so-paulo-bild-kursangebot-boko-2025-por-1757538802503-1.jpg","unknown","website","7",""
"b0b86407-dc73-4040-8927-76acfe481637","BibliASPA - Biblioteca Centro de Pesquisa América do Sul Paises Árabes África","http://www.bibliaspa.com.br/","true","https://tysnkzmljlmmqpbotkxv.supabase.co/storage/v1/object/public/travel-app-images/ChIJsTBXbT1YzpQRfUEeyuM_CaM/ChIJsTBXbT1YzpQRfUEeyuM_CaM_1755016234416_1.jpg","https://tysnkzmljlmmqpbotkxv.supabase.co/storage/v1/object/public/travel-app-images/website-b0b86407/bibliaspa-biblioteca-centro-de-pesquisa-amrica-do--home-1757538810612-1.jpg","unknown","website","5",""
"2f9b1cb8-50b3-4282-bc8a-29a8ed6f1cec","Biblioteca da ECA/USP","https://www.eca.usp.br/biblioteca","true","https://tysnkzmljlmmqpbotkxv.supabase.co/storage/v1/object/public/travel-app-images/ChIJVVVVFRJWzpQR2F9g22GIRe8/ChIJVVVVFRJWzpQR2F9g22GIRe8_1752001364593_1.jpg","https://tysnkzmljlmmqpbotkxv.supabase.co/storage/v1/object/public/travel-app-images/website-2f9b1cb8/biblioteca-da-ecausp-incio-1757538807462-1.jpg","unknown","website","1",""
"c77ab233-6747-4779-b7fd-1d8889c037fc","Biblioteca Afonso Schmidt","http://facebook.com.br/BMAfonsoSchmidt","true","https://tysnkzmljlmmqpbotkxv.supabase.co/storage/v1/object/public/travel-app-images/ChIJL3AUnaT5zpQRLYqMcRep0Ow/ChIJL3AUnaT5zpQRLYqMcRep0Ow_1755007084870_1.jpg","https://tysnkzmljlmmqpbotkxv.supabase.co/storage/v1/object/public/travel-app-images/website-c77ab233/biblioteca-afonso-schmidt-background-image-1757538816330-1.jpg","unknown","website","1",""
"b18ac7ef-f762-42f2-b2fc-6dd88044b4e9","Galeria Prestes Maia","http://www.prefeitura.sp.gov.br/cidade/secretarias/regionais/se/noticias/?p=27987","true","https://tysnkzmljlmmqpbotkxv.supabase.co/storage/v1/object/public/travel-app-images/ChIJWYtonlRYzpQRhdsublVWgzM/ChIJWYtonlRYzpQRhdsublVWgzM_1755016187798_1.jpg","https://tysnkzmljlmmqpbotkxv.supabase.co/storage/v1/object/public/travel-app-images/website-b18ac7ef/galeria-prestes-maia-gif-animado-com-fotos-de-pesso-1757538815753-1.jpg","unknown","website","3",""
"aa4c5b8c-146f-4bc0-8cff-e82b9bf88e26","Igreja Evangélica Brasileira","http://www.igrejaevangelicabrasileira.com.br/","true","https://tysnkzmljlmmqpbotkxv.supabase.co/storage/v1/object/public/travel-app-images/ChIJV5d2H9lYzpQRcIovjzZXuJk/ChIJV5d2H9lYzpQRcIovjzZXuJk_1755010194492_1.jpg","https://tysnkzmljlmmqpbotkxv.supabase.co/storage/v1/object/public/travel-app-images/website-aa4c5b8c/igreja-evanglica-brasileira-diacutestico-da-igreja-evangea-1757538820784-1.jpg","unknown","website","2",""
"ec5fb969-da1e-4226-abbf-8432e1131685","Biblioteca Jayme Cortez","http://www.prefeitura.sp.gov.br/cidade/secretarias/cultura/bibliotecas/index.php?p=5635","true","https://tysnkzmljlmmqpbotkxv.supabase.co/storage/v1/object/public/travel-app-images/ChIJ_35gYX33zpQRcz8yxqabJEc/ChIJ_35gYX33zpQRcz8yxqabJEc_1755007087453_1.jpg","https://tysnkzmljlmmqpbotkxv.supabase.co/storage/v1/object/public/travel-app-images/website-ec5fb969/biblioteca-jayme-cortez-gif-animado-com-fotos-de-pesso-1757538820838-1.jpg","unknown","website","6",""
"1f8bfce7-a2ab-412c-8305-3c198ff1305e","Biblioteca Pública Municipal Clarice Lispector","http://www.prefeitura.sp.gov.br/cidade/secretarias/cultura/bibliotecas/bibliotecas_bairro/bibliotecas_a_l/claricelispector/","true","https://tysnkzmljlmmqpbotkxv.supabase.co/storage/v1/object/public/travel-app-images/ChIJZxRHCNdXzpQRkwrnxPmNaYA/ChIJZxRHCNdXzpQRkwrnxPmNaYA_1752001415825_1.jpg","https://tysnkzmljlmmqpbotkxv.supabase.co/storage/v1/object/public/travel-app-images/website-1f8bfce7/biblioteca-pblica-municipal-clarice-lispector-gif-animado-com-fotos-de-pesso-1757538825642-1.jpg","unknown","website","5",""
"47d5255a-9f12-4038-8618-43627cb60cc1","Centro de Memória do Corpo de Bombeiros","http://www.ccb.policiamilitar.sp.gov.br/portalcb/_institucional/museucb.php","false","https://tysnkzmljlmmqpbotkxv.supabase.co/storage/v1/object/public/travel-app-images/ChIJxVPSADJazpQRpcDtooh7bGI/ChIJxVPSADJazpQRpcDtooh7bGI_1755016604195_1.jpg","","unknown","","","Edge function error: 500 Internal Server Error - {"error":"Failed to extract website image","details":"error sending request for url (https://corpodebombeiros.sp.gov.brportalcb/_institucional/museucb.php): client error (Connect): dns error: failed to lookup address information: Name or service not known: failed to lookup address information: Name or service not known"}"
"9074346b-adcd-4e49-a13f-f17dffba161f","Parque da Previdência","https://www.prefeitura.sp.gov.br/cidade/secretarias/meio_ambiente/parques/regiao_centrooeste/index.php?p=5763","true","https://tysnkzmljlmmqpbotkxv.supabase.co/storage/v1/object/public/travel-app-images/ChIJJYwUPvVWzpQRQfciu5KFcb8/ChIJJYwUPvVWzpQRQfciu5KFcb8_1755015785871_1.jpg","https://tysnkzmljlmmqpbotkxv.supabase.co/storage/v1/object/public/travel-app-images/website-9074346b/parque-da-previdncia-gif-animado-com-fotos-de-pesso-1757538830430-1.jpg","unknown","website","7",""
"875d801b-b905-430d-ac87-9b24b55e4b3b","Biblioteca Pública Paulo Duarte","http://www.prefeitura.sp.gov.br/cidade/secretarias/cultura/bibliotecas/bibliotecas_bairro/bibliotecas_m_z/pauloduarte/","true","https://tysnkzmljlmmqpbotkxv.supabase.co/storage/v1/object/public/travel-app-images/ChIJXebujcNazpQRcDzKTz4R_A0/ChIJXebujcNazpQRcDzKTz4R_A0_1755014171522_1.jpg","https://tysnkzmljlmmqpbotkxv.supabase.co/storage/v1/object/public/travel-app-images/website-875d801b/biblioteca-pblica-paulo-duarte-gif-animado-com-fotos-de-pesso-1757538830537-1.jpg","unknown","website","5",""
"aef03506-3a56-4b1a-a234-2faffbf7ca9f","Parque das Águas","http://www.prefeitura.sp.gov.br/cidade/secretarias/meio_ambiente/parques/regiao_leste/index.php?p=47005","true","https://tysnkzmljlmmqpbotkxv.supabase.co/storage/v1/object/public/travel-app-images/ChIJzcBK5LlkzpQRsTgzYY27qyY/ChIJzcBK5LlkzpQRsTgzYY27qyY_1755012709526_1.jpg","https://tysnkzmljlmmqpbotkxv.supabase.co/storage/v1/object/public/travel-app-images/website-aef03506/parque-das-guas-gif-animado-com-fotos-de-pesso-1757538835223-1.jpg","unknown","website","7",""
"fb41945d-7792-4ee5-a2de-80e6670f3960","Bosque dos Passuarés","http://www.ibot.sp.gov.br/","true","https://tysnkzmljlmmqpbotkxv.supabase.co/storage/v1/object/public/travel-app-images/ChIJpYlMYz1bzpQRJ7qQyh2Znlo/ChIJpYlMYz1bzpQRJ7qQyh2Znlo_1755013923069_1.jpg","https://tysnkzmljlmmqpbotkxv.supabase.co/storage/v1/object/public/travel-app-images/website-fb41945d/bosque-dos-passuars-website-image-1757538834734-1.jpg","unknown","website","1",""
"6e238740-992a-476c-8c2b-eb63fa878371","Carolina Maria de Jesus - Statue","http://capital.sp.gov.br/web/parelheiros","true","https://tysnkzmljlmmqpbotkxv.supabase.co/storage/v1/object/public/travel-app-images/ChIJWxFB8mdJzpQREWI8-HEVizs/ChIJWxFB8mdJzpQREWI8-HEVizs_1755019605257_1.jpg","https://tysnkzmljlmmqpbotkxv.supabase.co/storage/v1/object/public/travel-app-images/website-6e238740/carolina-maria-de-jesus-statue-gif-animado-com-fotos-de-pesso-1757538840628-1.jpg","unknown","website","12",""
"614fc6db-3080-4d89-8602-c0a89f983027","Centro de Memória Queixadas - Sebastião Silva de Souza","https://cmqueixadas.com.br/","true","https://tysnkzmljlmmqpbotkxv.supabase.co/storage/v1/object/public/travel-app-images/ChIJ4S1MEaD9zpQRJOxDQwpB8-U/ChIJ4S1MEaD9zpQRJOxDQwpB8-U_1755006853169_1.jpg","https://tysnkzmljlmmqpbotkxv.supabase.co/storage/v1/object/public/travel-app-images/website-614fc6db/centro-de-memria-queixadas-sebastio-silva-de-souza-website-image-1757538843179-1.jpg","unknown","website","3",""
"cfab8d51-8e5b-4ec9-805c-84e79aa57a42","Casa Zalszupin","https://www.casazalszupin.com/pt/","true","https://tysnkzmljlmmqpbotkxv.supabase.co/storage/v1/object/public/travel-app-images/ChIJxXDTwy9XzpQRmwANL2-ZTZ0/ChIJxXDTwy9XzpQRmwANL2-ZTZ0_1755016820597_1.jpg","https://tysnkzmljlmmqpbotkxv.supabase.co/storage/v1/object/public/travel-app-images/website-cfab8d51/casa-zalszupin-a-casa-em-si-mal-pode-ser-vist-1757538850102-1.jpg","unknown","website","18",""
"06fb746b-4a73-4f1c-a8ce-5b8787a12e61","Cidade Viva - Parque do Carmo","https://www.instagram.com/cidadeviva.arteurbana/","false","https://tysnkzmljlmmqpbotkxv.supabase.co/storage/v1/object/public/travel-app-images/ChIJaUc8BNVnzpQRwo-Ld4kQBn0/ChIJaUc8BNVnzpQRwo-Ld4kQBn0_1755012494520_1.jpg","","unknown","","","Edge function error: 500 Internal Server Error - {"error":"Failed to extract website image","details":"HTTP 429: Too Many Requests"}"
"bc57eea3-1928-4edb-9e02-bc528ab6c7c5","CECCO - Parque Ecológico Chico Mendes","http://www.prefeitura.sp.gov.br/cidade/secretarias/meio_ambiente/parques/regiao_leste/index.php?p=5739","true","https://tysnkzmljlmmqpbotkxv.supabase.co/storage/v1/object/public/travel-app-images/ChIJZTqlAfFjzpQRcqjYN9ph9uw/ChIJZTqlAfFjzpQRcqjYN9ph9uw_1755012712983_1.jpg","https://tysnkzmljlmmqpbotkxv.supabase.co/storage/v1/object/public/travel-app-images/website-bc57eea3/cecco-parque-ecolgico-chico-mendes-gif-animado-com-fotos-de-pesso-1757538854414-1.jpg","unknown","website","6",""
"cb7a01e4-cf68-45b1-a007-f0242a475fed","Centro de Memória da Faculdade de Saúde Pública da USP","https://www.fsp.usp.br/centrodememoria/","true","https://tysnkzmljlmmqpbotkxv.supabase.co/storage/v1/object/public/travel-app-images/ChIJlQfhzIlXzpQR9j98WrSR2fk/ChIJlQfhzIlXzpQR9j98WrSR2fk_1755015970268_1.jpg","https://tysnkzmljlmmqpbotkxv.supabase.co/storage/v1/object/public/travel-app-images/website-cb7a01e4/centro-de-memria-da-faculdade-de-sade-pblica-da-us-ss30exposicao-1757538855908-1.jpg","unknown","website","4",""
"445bbc45-3f3a-4c0e-9518-b96b1c930389","EPUSP - Biblioteca da Elétrica","http://www.poli.usp.br/Bibliotecas/Bibliotecas/Eletrica.asp","true","https://tysnkzmljlmmqpbotkxv.supabase.co/storage/v1/object/public/travel-app-images/ChIJkShldxZWzpQRAjxogR4jv8I/ChIJkShldxZWzpQRAjxogR4jv8I_1752001424486_1.jpg","https://tysnkzmljlmmqpbotkxv.supabase.co/storage/v1/object/public/travel-app-images/website-445bbc45/epusp-biblioteca-da-eltrica-website-image-1757538865160-1.jpg","unknown","website","1",""
"4da32517-beb5-4467-821b-8479b107bc66","Sesc Itaquera","https://www.sescsp.org.br/unidades/itaquera/","true","https://tysnkzmljlmmqpbotkxv.supabase.co/storage/v1/object/public/travel-app-images/ChIJIUbdhehnzpQRpuWaSaUSBI8/ChIJIUbdhehnzpQRpuWaSaUSBI8_1754680482094_1.jpg","https://tysnkzmljlmmqpbotkxv.supabase.co/storage/v1/object/public/travel-app-images/website-4da32517/sesc-itaquera-imagem-destacada-sobre-o-post--1757538861520-1.jpg","unknown","website","5",""
"c79f413b-deb2-494f-bae7-dae220918e47","Arquivo da Cúria Metropolitana Dom Duarte e Silva","https://arquisp.org.br/curia/arquivo-metropolitano","true","https://tysnkzmljlmmqpbotkxv.supabase.co/storage/v1/object/public/travel-app-images/ChIJgX-RoutbzpQR3n6NZmD5ANc/ChIJgX-RoutbzpQR3n6NZmD5ANc_1755013704639_1.jpg","https://tysnkzmljlmmqpbotkxv.supabase.co/storage/v1/object/public/travel-app-images/website-c79f413b/arquivo-da-cria-metropolitana-dom-duarte-e-silva-brasao-arquisp-1757538869915-1.jpg","unknown","website","5",""
"506f5918-a7ad-4733-8c8a-6a76dbc75f7b","Museu da Diversidade Sexual do Estado de S. Paulo (MDS)","https://www.museudadiversidadesexual.org.br/","true","https://tysnkzmljlmmqpbotkxv.supabase.co/storage/v1/object/public/travel-app-images/ChIJq5iDSU5YzpQRe5NUPiNJIL0/ChIJq5iDSU5YzpQRe5NUPiNJIL0_1755016193750_1.jpg","https://tysnkzmljlmmqpbotkxv.supabase.co/storage/v1/object/public/travel-app-images/website-506f5918/museu-da-diversidade-sexual-do-estado-de-s-paulo-m-website-image-1757538869822-1.jpg","unknown","website","23",""
"3970900f-c9f8-4168-86db-245bd1365201","Igreja de São Benedito e Nossa Senhora de Fátima","http://www.diocesedesantoamaro.org.br/","true","https://tysnkzmljlmmqpbotkxv.supabase.co/storage/v1/object/public/travel-app-images/ChIJLQBkD5NazpQRLjn73Pt_mA8/ChIJLQBkD5NazpQRLjn73Pt_mA8_1755014168989_1.jpg","https://tysnkzmljlmmqpbotkxv.supabase.co/storage/v1/object/public/travel-app-images/website-3970900f/igreja-de-so-benedito-e-nossa-senhora-de-ftima-diocese-de-santo-amaro-1757538874613-1.jpg","unknown","website","32",""
"df5ebacd-c984-4af4-ac52-4a4deb701c12","Museu de Anatomia Humana Alfonso Bovero","http://museu.icb.usp.br/","true","https://tysnkzmljlmmqpbotkxv.supabase.co/storage/v1/object/public/travel-app-images/ChIJh6hRGQ1WzpQR0-kNPLwplYI/ChIJh6hRGQ1WzpQR0-kNPLwplYI_1755015651442_1.jpg","https://tysnkzmljlmmqpbotkxv.supabase.co/storage/v1/object/public/travel-app-images/website-df5ebacd/museu-de-anatomia-humana-alfonso-bovero-foto-acervo-01-1757538874481-1.jpg","unknown","website","12",""
"03a408d1-7ee8-43ac-82dd-930bd385bc22","Museu da Energia de São Paulo","https://www.energiaesaneamento.org.br/","true","https://tysnkzmljlmmqpbotkxv.supabase.co/storage/v1/object/public/travel-app-images/ChIJf7STQ2hYzpQR-0aRxl5foIM/ChIJf7STQ2hYzpQR-0aRxl5foIM_1755015437669_1.jpg","https://tysnkzmljlmmqpbotkxv.supabase.co/storage/v1/object/public/travel-app-images/website-03a408d1/museu-da-energia-de-so-paulo-website-image-1757538879199-1.jpg","unknown","website","19",""
"8047afba-4527-4c14-a49e-f5fdd7ce72d7","Horta Comunitária de Vila Nancy","https://instagram.com/hortavilanancy?igshid=YmMyMTA2M2Y=","false","https://tysnkzmljlmmqpbotkxv.supabase.co/storage/v1/object/public/travel-app-images/ChIJXybaD29lzpQRsAgf6M4L7ys/ChIJXybaD29lzpQRsAgf6M4L7ys_1755012855146_1.jpg","","unknown","","","Edge function error: 500 Internal Server Error - {"error":"Failed to extract website image","details":"HTTP 429: Too Many Requests"}"
"8d0a9a9c-3aeb-42b3-90a5-c3243c5ca09f","Instituto de Arte Contemporânea — IAC","http://www.iacbrasil-online.com/","false","https://tysnkzmljlmmqpbotkxv.supabase.co/storage/v1/object/public/travel-app-images/ChIJ7QedMkhYzpQRlkVylWUS5HI/ChIJ7QedMkhYzpQRlkVylWUS5HI_1755015963980_1.jpg","","unknown","","","No suitable images found on website"
"977ce68c-ce0f-49af-a8f9-10edb8cf669f","Missionary Training Center - Brazil","https://www.churchofjesuschrist.org/callings/missionary/brazil-missionary-training-center","false","https://tysnkzmljlmmqpbotkxv.supabase.co/storage/v1/object/public/travel-app-images/ChIJrYQJ_u_3zpQRW-yA5Jp98KQ/ChIJrYQJ_u_3zpQRW-yA5Jp98KQ_1755015280804_1.jpg","","unknown","","","No suitable images found on website"
"e5545f06-0a8b-4c97-a39f-cf5f40f355d6","Igreja Presbiteriana do Centenário","https://instagram.com/ip_centenario?igshid=YmMyMTA2M2Y=","false","https://tysnkzmljlmmqpbotkxv.supabase.co/storage/v1/object/public/travel-app-images/ChIJw3noW1FfzpQRm23dVq-DML8/ChIJw3noW1FfzpQRm23dVq-DML8_1755007510721_1.jpg","","unknown","","","Edge function error: 500 Internal Server Error - {"error":"Failed to extract website image","details":"HTTP 429: Too Many Requests"}"
"eb4386b7-0d73-4693-bf36-f6000593f3e1","Igreja de Santa Cruz - Catholic Church","http://www.diocesedesantoamaro.org.br/","true","https://tysnkzmljlmmqpbotkxv.supabase.co/storage/v1/object/public/travel-app-images/ChIJK7sQWOpJzpQRPeHdoMdy5oc/ChIJK7sQWOpJzpQRPeHdoMdy5oc_1755019381802_1.jpg","https://tysnkzmljlmmqpbotkxv.supabase.co/storage/v1/object/public/travel-app-images/website-eb4386b7/igreja-de-santa-cruz-catholic-church-diocese-de-santo-amaro-1757538889057-1.jpg","unknown","website","32",""
"74f170ff-9e12-4482-bd8a-ea5dbb363412","Mirante - Pico do Jaraguá","https://www.picodojaragua.com.br/contato-pico-do-jaragua/","true","https://tysnkzmljlmmqpbotkxv.supabase.co/storage/v1/object/public/travel-app-images/ChIJNwf2A7r9zpQRXLSzQQIjwD4/ChIJNwf2A7r9zpQRXLSzQQIjwD4_1752000524606_1.jpg","https://tysnkzmljlmmqpbotkxv.supabase.co/storage/v1/object/public/travel-app-images/website-74f170ff/mirante-pico-do-jaragu-website-image-1757538893059-1.jpg","unknown","website","6",""
"438ca632-a904-4f6c-9b93-a098a67c3387","Memorial Santa Paulina","https://ciic.org.br/memorial/","false","https://tysnkzmljlmmqpbotkxv.supabase.co/storage/v1/object/public/travel-app-images/ChIJw0HFV2FbzpQRusBwc6CN7xI/ChIJw0HFV2FbzpQRusBwc6CN7xI_1755011228794_1.jpg","","unknown","","","No suitable images found on website"
"083187b8-0fa7-4fad-8b69-08ddbb7ccf1b","Rosa dos Ventos","https://www.parquedoibirapuera.org/","true","https://tysnkzmljlmmqpbotkxv.supabase.co/storage/v1/object/public/travel-app-images/ChIJLbVNbOVZzpQRnuNiWkaRxLk/ChIJLbVNbOVZzpQRnuNiWkaRxLk_1752002512947_1.jpg","https://tysnkzmljlmmqpbotkxv.supabase.co/storage/v1/object/public/travel-app-images/website-083187b8/rosa-dos-ventos-website-image-1757538897067-1.jpg","unknown","website","11",""
"8c8a1616-370b-49ab-a5dc-0d4b29ad9e4f","Portão Histórico","http://www.ibot.sp.gov.br/","true","https://tysnkzmljlmmqpbotkxv.supabase.co/storage/v1/object/public/travel-app-images/ChIJk0kx4BdbzpQRohO7GZsG2qc/ChIJk0kx4BdbzpQRohO7GZsG2qc_1755013926206_1.jpg","https://tysnkzmljlmmqpbotkxv.supabase.co/storage/v1/object/public/travel-app-images/website-8c8a1616/porto-histrico-website-image-1757538896994-1.jpg","unknown","website","1",""
"0095a945-5b8e-4054-8703-3bbf1eb049e7","Monumento aos Heróis da Travessia do Atlântico","http://capital.sp.gov.br/web/capela_do_socorro","true","https://tysnkzmljlmmqpbotkxv.supabase.co/storage/v1/object/public/travel-app-images/ChIJFU_7CsxRzpQRN7FwRjhvghc/ChIJFU_7CsxRzpQRN7FwRjhvghc_1755017758019_1.jpg","https://tysnkzmljlmmqpbotkxv.supabase.co/storage/v1/object/public/travel-app-images/website-0095a945/monumento-aos-heris-da-travessia-do-atlntico-gif-animado-com-fotos-de-pesso-1757538901975-1.jpg","unknown","website","16",""
"cd83eee4-1f0a-4252-a2df-1d0051e5606a","Boulevard do Parque da Ciência","https://parquedaciencia.butantan.gov.br/programacao/atracoes/boulevard","false","https://tysnkzmljlmmqpbotkxv.supabase.co/storage/v1/object/public/travel-app-images/ChIJIX1bW6RXzpQRReq-TWwN5RQ/ChIJIX1bW6RXzpQRReq-TWwN5RQ_1755043251827_1.jpg","","unknown","","","Edge function error: 500 Internal Server Error - {"error":"Failed to extract website image","details":"HTTP 403: Forbidden"}"
"d6c14049-e7a9-4f27-be1b-2fb13b04a4a9","MuBE - Museu Brasileiro de Escultura e Ecologia","https://www.mube.space/","false","https://tysnkzmljlmmqpbotkxv.supabase.co/storage/v1/object/public/travel-app-images/ChIJGddDxWRXzpQR8GESlCP-o5A/ChIJGddDxWRXzpQR8GESlCP-o5A_1752002539176_1.jpg","","unknown","","","No suitable images found on website"
"382bb44e-1ac5-4a0e-9d9d-85606ba48b8f","Mural 50 anos de hip Hop","http://www.ageacaovisual.com.br/","false","https://tysnkzmljlmmqpbotkxv.supabase.co/storage/v1/object/public/travel-app-images/ChIJwY0BAABjzpQR4w-nW3Al96s/ChIJwY0BAABjzpQR4w-nW3Al96s_1755012702429_1.jpg","","unknown","","","No suitable images found on website"
"f95a76f5-745b-4dcf-b5d1-671d6bea1a28","Museu da Imagem e Som - MIS Experience","https://misexperience.org.br/","true","https://tysnkzmljlmmqpbotkxv.supabase.co/storage/v1/object/public/travel-app-images/ChIJvREdSwD5zpQRWoF6yGQGCBs/ChIJvREdSwD5zpQRWoF6yGQGCBs_1755015263387_1.jpg","https://tysnkzmljlmmqpbotkxv.supabase.co/storage/v1/object/public/travel-app-images/website-f95a76f5/museu-da-imagem-e-som-mis-experience-flickr-governo-de-so-paulo-1757538911638-1.jpg","unknown","website","19",""
"22734f05-ba09-43ef-ae8c-35a4e06a1814","Museu da Lâmpada","https://www.gimawa.com.br/","true","https://tysnkzmljlmmqpbotkxv.supabase.co/storage/v1/object/public/travel-app-images/ChIJ1WVj0Y5azpQRQsmF1lra55A/ChIJ1WVj0Y5azpQRQsmF1lra55A_1755014145283_1.jpg","https://tysnkzmljlmmqpbotkxv.supabase.co/storage/v1/object/public/travel-app-images/website-22734f05/museu-da-lmpada-background-image-1757538910382-1.jpg","unknown","website","1",""
"e2c2ec6a-3acc-4e93-a3ed-b2e0c0bd0281","Universidade de São Paulo","https://www5.usp.br/","true","https://tysnkzmljlmmqpbotkxv.supabase.co/storage/v1/object/public/travel-app-images/ChIJEVnw4BFWzpQRVm7gx9L09AQ/ChIJEVnw4BFWzpQRVm7gx9L09AQ_1755015663523_1.jpg","https://tysnkzmljlmmqpbotkxv.supabase.co/storage/v1/object/public/travel-app-images/website-e2c2ec6a/universidade-de-so-paulo-usp-8211-universidade-de-so-pa-1757538918711-1.jpg","unknown","website","17",""
"c24885f5-5826-4396-8caf-b796ff24f6b4","Acqua Safari","https://zoologico.com.br/zoo-safari/","false","https://tysnkzmljlmmqpbotkxv.supabase.co/storage/v1/object/public/travel-app-images/ChIJiS7BXABbzpQRb7aRW4hWOwE/ChIJiS7BXABbzpQRb7aRW4hWOwE_1755013905038_1.jpg","","unknown","","","Edge function error: 500 Internal Server Error - {"error":"Failed to extract website image","details":"HTTP 404: Not Found"}"
"708ebd66-e6d3-4aae-930a-846d0219dabd","Igreja Luterana - IELB | Congregação Concórdia","http://www.luteranamoema.org.br/","true","https://tysnkzmljlmmqpbotkxv.supabase.co/storage/v1/object/public/travel-app-images/ChIJuarymwZazpQRG3z4wH_nRC4/ChIJuarymwZazpQRG3z4wH_nRC4_1755016840110_1.jpg","https://tysnkzmljlmmqpbotkxv.supabase.co/storage/v1/object/public/travel-app-images/website-708ebd66/igreja-luterana-ielb-congregao-concrdia-luterana-moema-1757538925120-1.jpg","unknown","website","7",""
"5e93924f-5d23-42f4-96de-46588834d91d","Museu de Magia e Bruxaria","https://museudebruxaria.com.br/","true","https://tysnkzmljlmmqpbotkxv.supabase.co/storage/v1/object/public/travel-app-images/ChIJ6zAYvO9ZzpQRf9KnEv8zMmc/ChIJ6zAYvO9ZzpQRf9KnEv8zMmc_1755016610708_1.jpg","https://tysnkzmljlmmqpbotkxv.supabase.co/storage/v1/object/public/travel-app-images/website-5e93924f/museu-de-magia-e-bruxaria-website-image-1757538922886-1.jpg","unknown","website","18",""
"209c8616-6090-49da-8425-a1be9633ba44","Paróquia Nossa Senhora da Paz - Itaquera horário de Missas Domingo 7hs, 9hs,11hs e 19:30","https://www.facebook.com/Santu%C3%A1rio%20Nossa%20Senhora%20da%20Paz%20Itaquera","false","https://tysnkzmljlmmqpbotkxv.supabase.co/storage/v1/object/public/travel-app-images/ChIJNSb-dv9mzpQRT3pwPTbMrRk/ChIJNSb-dv9mzpQRT3pwPTbMrRk_1755012516878_1.jpg","","unknown","","","No suitable images found on website"
"3473a1ba-f155-497f-bac9-2418eae6e2fa","Cemitério Parque da Cantareira","http://cemiteriocantareira.com.br/","true","https://tysnkzmljlmmqpbotkxv.supabase.co/storage/v1/object/public/travel-app-images/ChIJo27VqBb0zpQRby63VHPXd5M/ChIJo27VqBb0zpQRby63VHPXd5M_1755007283233_1.jpg","https://tysnkzmljlmmqpbotkxv.supabase.co/storage/v1/object/public/travel-app-images/website-3473a1ba/cemitrio-parque-da-cantareira-jazigo-standard-1757538936496-1.jpg","unknown","website","32",""
"535c1f0d-6cd5-446c-9b9c-7923f716e1bd","Paróquia São Paulo da Cruz - Igreja do Calvário","https://paroquiadocalvario.org.br/","true","https://tysnkzmljlmmqpbotkxv.supabase.co/storage/v1/object/public/travel-app-images/ChIJFZ_JHptXzpQRNakGwGhnY5E/ChIJFZ_JHptXzpQRNakGwGhnY5E_1755015954506_1.jpg","https://tysnkzmljlmmqpbotkxv.supabase.co/storage/v1/object/public/travel-app-images/website-535c1f0d/parquia-so-paulo-da-cruz-igreja-do-calvrio-website-image-1757538941248-1.jpg","unknown","website","9",""
"c89e7554-fe79-46b0-a984-41a1472caef6","Parque Ecológico Fernando Vitor de Araújo Ales (Pq. do Eldorado)","https://portal.diadema.sp.gov.br/atracoes-municipais/","false","https://tysnkzmljlmmqpbotkxv.supabase.co/storage/v1/object/public/travel-app-images/ChIJ33ykK0hEzpQROhI2h9ibYOw/ChIJ33ykK0hEzpQROhI2h9ibYOw_1755018730831_1.jpg","","unknown","","","Edge function error: 500 Internal Server Error - {"error":"Failed to extract website image","details":"error sending request for url (https://portal.diadema.sp.gov.br/atracoes-municipais/): client error (Connect): invalid peer certificate: UnknownIssuer"}"
"b2f234b6-29ad-4448-8b59-0f2a594da108","Parque Estadual Cantareira - Núcleo Pedra Grande","https://guiadeareasprotegidas.sp.gov.br/ap/parque-estadual-cantareira-nucleo-pedra-grande/","true","https://tysnkzmljlmmqpbotkxv.supabase.co/storage/v1/object/public/travel-app-images/ChIJH9LN1t7wzpQR1JieIcQwUsQ/ChIJH9LN1t7wzpQR1JieIcQwUsQ_1752000179551_1.jpg","https://tysnkzmljlmmqpbotkxv.supabase.co/storage/v1/object/public/travel-app-images/website-b2f234b6/parque-estadual-cantareira-ncleo-pedra-grande-whatsapp-governo-do-estado-de--1757538946460-1.jpg","unknown","website","12",""
"2b164eb9-691f-40c9-93ab-fa08a9003138","Parque dos Dinossauros","http://www.zoologico.com.br/","false","https://tysnkzmljlmmqpbotkxv.supabase.co/storage/v1/object/public/travel-app-images/ChIJq8kqfqJbzpQR35vf05HeCTw/ChIJq8kqfqJbzpQR35vf05HeCTw_1755013910699_1.jpg","","unknown","","","No suitable images found on website"
"db7ce244-976b-4059-a4ee-b51d55275d17","Parque Ecológico Central do Itaim","https://www.prefeitura.sp.gov.br/cidade/secretarias/meio_ambiente/parques/regiao_leste/index.php?p=224474","true","https://tysnkzmljlmmqpbotkxv.supabase.co/storage/v1/object/public/travel-app-images/ChIJ_50g14FkzpQRCILSxE1PzyI/ChIJ_50g14FkzpQRCILSxE1PzyI_1754680082781_1.jpg","https://tysnkzmljlmmqpbotkxv.supabase.co/storage/v1/object/public/travel-app-images/website-db7ce244/parque-ecolgico-central-do-itaim-gif-animado-com-fotos-de-pesso-1757538951286-1.jpg","unknown","website","7",""
"8accd5ee-0f71-4d35-a347-4f3f16329efd","Parque Guabirobeira","http://www.prefeitura.sp.gov.br/cidade/secretarias/meio_ambiente/parques/regiao_leste/index.php?p=142904","true","https://tysnkzmljlmmqpbotkxv.supabase.co/storage/v1/object/public/travel-app-images/ChIJEeUkOgJmzpQRbajSLIDIPLg/ChIJEeUkOgJmzpQRbajSLIDIPLg_1755013354659_1.jpg","https://tysnkzmljlmmqpbotkxv.supabase.co/storage/v1/object/public/travel-app-images/website-8accd5ee/parque-guabirobeira-gif-animado-com-fotos-de-pesso-1757538951285-1.jpg","unknown","website","7",""
"e0b2eb39-5d72-4c57-ad4b-2b3a1df4a683","Parque Ecológico Profª Lydia Natalizio Diogo - Vila Prudente","http://www.prefeitura.sp.gov.br/cidade/secretarias/meio_ambiente/parques/regiao_leste/index.php?p=143112","true","https://tysnkzmljlmmqpbotkxv.supabase.co/storage/v1/object/public/travel-app-images/ChIJa7aW-UZczpQR5B8p7MJ8OAw/ChIJa7aW-UZczpQR5B8p7MJ8OAw_1755011192587_1.jpg","https://tysnkzmljlmmqpbotkxv.supabase.co/storage/v1/object/public/travel-app-images/website-e0b2eb39/parque-ecolgico-prof-lydia-natalizio-diogo-vila-pr-gif-animado-com-fotos-de-pesso-1757538956110-1.jpg","unknown","website","7",""
"1a93c213-27e0-423a-8dbc-113c67fc0497","Parque Ermelino Matarazzo - Dom Paulo Evaristo Arns","https://www.prefeitura.sp.gov.br/cidade/secretarias/meio_ambiente/parques/regiao_leste/index.php?p=46980","true","https://tysnkzmljlmmqpbotkxv.supabase.co/storage/v1/object/public/travel-app-images/ChIJ5WQ_LqlhzpQRKH1lw-qOl1w/ChIJ5WQ_LqlhzpQRKH1lw-qOl1w_1754680078902_1.jpg","https://tysnkzmljlmmqpbotkxv.supabase.co/storage/v1/object/public/travel-app-images/website-1a93c213/parque-ermelino-matarazzo-dom-paulo-evaristo-arns-gif-animado-com-fotos-de-pesso-1757538956143-1.jpg","unknown","website","7",""
"0abd9edd-129e-4e7d-b73f-67338deeac64","Parque Estadual Alberto Löfgren - Horto Florestal","https://www.infraestruturameioambiente.sp.gov.br/institutoflorestal/areas-protegidas/parques-estaduais/alberto-lofgren/","true","https://tysnkzmljlmmqpbotkxv.supabase.co/storage/v1/object/public/travel-app-images/ChIJGWORz-L2zpQRQntPaa8KhY4/ChIJGWORz-L2zpQRQntPaa8KhY4_1752000111358_1.jpg","https://tysnkzmljlmmqpbotkxv.supabase.co/storage/v1/object/public/travel-app-images/website-0abd9edd/parque-estadual-alberto-lfgren-horto-florestal-flickr-governo-de-so-paulo-1757538963810-1.jpg","unknown","website","10",""
"242ba79d-2796-436c-9368-7fe31e22400c","Parque Estadual Cantareira - Núcleo Engordador","http://urbiapass.com.br/","false","https://tysnkzmljlmmqpbotkxv.supabase.co/storage/v1/object/public/travel-app-images/ChIJxUjzhZ72zpQRgp-Ufx-y4A4/ChIJxUjzhZ72zpQRgp-Ufx-y4A4_1755007276925_1.jpg","","unknown","","","Edge function error: 500 Internal Server Error - {"error":"Failed to extract website image","details":"HTTP 403: Forbidden"}"
"26b4cb76-9885-4ce2-aea0-49244ce0ec06","Parque Independência","http://www.prefeitura.sp.gov.br/cidade/secretarias/meio_ambiente/parques/regiao_sul/index.php?p=5747","true","https://tysnkzmljlmmqpbotkxv.supabase.co/storage/v1/object/public/travel-app-images/ChIJe2dSRJRbzpQRSjMA8vvCytg/ChIJe2dSRJRbzpQRSjMA8vvCytg_1755011205721_1.jpg","https://tysnkzmljlmmqpbotkxv.supabase.co/storage/v1/object/public/travel-app-images/website-26b4cb76/parque-independncia-gif-animado-com-fotos-de-pesso-1757538968543-1.jpg","unknown","website","6",""
"d2147379-2de6-4cae-91c8-43a1a14b369c","Igreja do Seminário São José de Anchieta","http://verboencarnadobrasil.org/","true","https://tysnkzmljlmmqpbotkxv.supabase.co/storage/v1/object/public/travel-app-images/ChIJcz0JCZ45zpQRARtROLRiTxU/ChIJcz0JCZ45zpQRARtROLRiTxU_1755019892747_1.jpg","https://tysnkzmljlmmqpbotkxv.supabase.co/storage/v1/object/public/travel-app-images/website-d2147379/igreja-do-seminrio-so-jos-de-anchieta-website-image-1757538973772-1.jpg","unknown","website","16",""
"0814ef36-8976-4f8b-858d-0ccae3455917","Museu das Ilusões - Shopping SP Market","https://museudasilusoes.com.br/","false","https://tysnkzmljlmmqpbotkxv.supabase.co/storage/v1/object/public/travel-app-images/ChIJhzXtoInHyJQRZzq981siqmI/ChIJhzXtoInHyJQRZzq981siqmI_1755017588797_1.jpg","","unknown","","","Edge function error: 500 Internal Server Error - {"error":"Failed to extract website image","details":"error sending request for url (https://orlen-dev-br.preview-domain.com/wp-content/uploads/2025/01/Museu-das-Ilusoes-300x286.png): client error (Connect): dns error: failed to lookup address information: No address associated with hostname: failed to lookup address information: No address associated with hostname"}"
"69f68807-75ff-49d9-a6d8-1e50dadf0260","Parque Jardim da Conquista","http://www.prefeitura.sp.gov.br/cidade/secretarias/meio_ambiente/parques/regiao_leste/index.php?p=142906","true","https://tysnkzmljlmmqpbotkxv.supabase.co/storage/v1/object/public/travel-app-images/ChIJ9SFwTclozpQRxRr7z2JQr8o/ChIJ9SFwTclozpQRxRr7z2JQr8o_1755013350704_1.jpg","https://tysnkzmljlmmqpbotkxv.supabase.co/storage/v1/object/public/travel-app-images/website-69f68807/parque-jardim-da-conquista-gif-animado-com-fotos-de-pesso-1757538978355-1.jpg","unknown","website","7",""
"143452aa-a64c-4fd7-ae0a-db342f25eb1f","Parque Chácara do Jockey","http://www.prefeitura.sp.gov.br/cidade/secretarias/meio_ambiente/parques/regiao_centrooeste/index.php?p=219032","true","https://tysnkzmljlmmqpbotkxv.supabase.co/storage/v1/object/public/travel-app-images/ChIJQf4YN5xWzpQRI3RINRIeWlU/ChIJQf4YN5xWzpQRI3RINRIeWlU_1755014361924_1.jpg","https://tysnkzmljlmmqpbotkxv.supabase.co/storage/v1/object/public/travel-app-images/website-143452aa/parque-chcara-do-jockey-gif-animado-com-fotos-de-pesso-1757538983106-1.jpg","unknown","website","7",""
"e337a427-a88b-4ac0-bf6e-1fea8294cf51","Parque Jardim das Perdizes","https://www.prefeitura.sp.gov.br/cidade/secretarias/meio_ambiente/parques/regiao_centrooeste/index.php?p=251039","true","https://tysnkzmljlmmqpbotkxv.supabase.co/storage/v1/object/public/travel-app-images/ChIJY9mKEg_4zpQRx0QRhZH2dBM/ChIJY9mKEg_4zpQRx0QRhZH2dBM_1755015272453_1.jpg","https://tysnkzmljlmmqpbotkxv.supabase.co/storage/v1/object/public/travel-app-images/website-e337a427/parque-jardim-das-perdizes-gif-animado-com-fotos-de-pesso-1757538983342-1.jpg","unknown","website","7",""
"23b884ba-c157-4270-b9c3-8e311266323e","Parque Prefeito Mário Covas","http://www.prefeitura.sp.gov.br/cidade/secretarias/meio_ambiente/parques/regiao_centrooeste/index.php?p=16759","true","https://tysnkzmljlmmqpbotkxv.supabase.co/storage/v1/object/public/travel-app-images/ChIJ0ym9NcxZzpQRK2jT_B7wPaM/ChIJ0ym9NcxZzpQRK2jT_B7wPaM_1752002651312_1.jpg","https://tysnkzmljlmmqpbotkxv.supabase.co/storage/v1/object/public/travel-app-images/website-23b884ba/parque-prefeito-mrio-covas-gif-animado-com-fotos-de-pesso-1757538988059-1.jpg","unknown","website","7",""
"8efb749a-5ea0-4753-b9cc-bb3850511cec","Parque Sabesp Cangaíba","http://site.sabesp.com.br/site/Default.aspx/","true","https://tysnkzmljlmmqpbotkxv.supabase.co/storage/v1/object/public/travel-app-images/ChIJW4oeZ9VfzpQRD-nyWqz8v8g/ChIJW4oeZ9VfzpQRD-nyWqz8v8g_1754680038839_1.jpg","https://tysnkzmljlmmqpbotkxv.supabase.co/storage/v1/object/public/travel-app-images/website-8efb749a/parque-sabesp-cangaba-sani-1757538988100-1.jpg","unknown","website","2",""
"b2668389-0b99-4f29-af07-8cb5009f9bfc","Parque São Domingos","https://www.prefeitura.sp.gov.br/cidade/secretarias/meio_ambiente/parques/programacao/index.php?p=5770","false","https://tysnkzmljlmmqpbotkxv.supabase.co/storage/v1/object/public/travel-app-images/ChIJj1cSziX5zpQRBmkSf9NogG8/ChIJj1cSziX5zpQRBmkSf9NogG8_1752001901394_1.jpg","","unknown","","","Edge function error: 500 Internal Server Error - {"error":"Failed to extract website image","details":"HTTP 404: Not Found"}"
"10a3f3f6-df30-4d80-8225-455c2176523d","Museu Biológico","https://butantan.gov.br/atracoes/museu-biologico","false","https://tysnkzmljlmmqpbotkxv.supabase.co/storage/v1/object/public/travel-app-images/ChIJ___Pi09WzpQRZ5Kr4tU9lDQ/ChIJ___Pi09WzpQRZ5Kr4tU9lDQ_1755043208768_1.jpg","","unknown","","","Edge function error: 500 Internal Server Error - {"error":"Failed to extract website image","details":"HTTP 403: Forbidden"}"
"ae37001e-c474-4862-abb0-6fc18087a761","Parque Severo Gomes","https://www.prefeitura.sp.gov.br/cidade/secretarias/meio_ambiente/parques/regiao_sul/index.php?p=5771","true","https://tysnkzmljlmmqpbotkxv.supabase.co/storage/v1/object/public/travel-app-images/ChIJ_74lX-NQzpQRvy1smN0iAbw/ChIJ_74lX-NQzpQRvy1smN0iAbw_1755014486168_1.jpg","https://tysnkzmljlmmqpbotkxv.supabase.co/storage/v1/object/public/travel-app-images/website-ae37001e/parque-severo-gomes-gif-animado-com-fotos-de-pesso-1757538996706-1.jpg","unknown","website","6",""
"1ed98e2e-9951-4d8a-b79e-f061972e4fed","Praça da Paz - Rita Lee","http://parqueibirapuera.org/portfolio/praca-da-paz/","true","https://tysnkzmljlmmqpbotkxv.supabase.co/storage/v1/object/public/travel-app-images/ChIJCSwhePpZzpQRM2Ggwn4ecNg/ChIJCSwhePpZzpQRM2Ggwn4ecNg_1752002633827_1.jpg","https://tysnkzmljlmmqpbotkxv.supabase.co/storage/v1/object/public/travel-app-images/website-1ed98e2e/praa-da-paz-rita-lee-website-image-1757538999682-1.jpg","unknown","website","3",""
"cada18b6-099e-4ad2-acd6-b4a7fbeeb164","Praça do Porquinho","http://parqueibirapuera.org/areas-externas-do-parque-ibirapuera/praca-do-porquinho/","true","https://tysnkzmljlmmqpbotkxv.supabase.co/storage/v1/object/public/travel-app-images/ChIJxQAscPdZzpQRaew7W1XcWbY/ChIJxQAscPdZzpQRaew7W1XcWbY_1752002642949_1.jpg","https://tysnkzmljlmmqpbotkxv.supabase.co/storage/v1/object/public/travel-app-images/website-cada18b6/praa-do-porquinho-o-maior-arquivo-sobre-parques--1757539007724-1.jpg","unknown","website","2",""
"9eb76bdd-d1d2-4d1f-989a-149c123b95ef","Praça Victor Civita","http://www.prefeitura.sp.gov.br/cidade/secretarias/meio_ambiente/parques/regiao_centrooeste/index.php?p=22544","false","https://tysnkzmljlmmqpbotkxv.supabase.co/storage/v1/object/public/travel-app-images/ChIJ95UCG69XzpQRGcG0q6ewldw/ChIJ95UCG69XzpQRGcG0q6ewldw_1752000633492_1.jpg","","unknown","","","Edge function error: 500 Internal Server Error - {"error":"Failed to extract website image","details":"HTTP 404: Not Found"}"
"870e0bdd-ef72-47c9-b33f-9fd707cd9ccb","Shopping Pátio Paulista","https://www.shoppingpatiopaulista.com.br/","false","https://tysnkzmljlmmqpbotkxv.supabase.co/storage/v1/object/public/travel-app-images/ChIJafLTfb1ZzpQRYDXmNv89J3I/ChIJafLTfb1ZzpQRYDXmNv89J3I_1752002784582_1.jpg","","unknown","","","No suitable images found on website"
"3500bd50-1ebc-4f22-a2ad-22e99ee2e5df","Museu de Anatomia Veterinária da FMVZ-USP","http://mav.fmvz.usp.br/","true","https://tysnkzmljlmmqpbotkxv.supabase.co/storage/v1/object/public/travel-app-images/ChIJb1IE6XJWzpQRC20tyQz1R0c/ChIJb1IE6XJWzpQRC20tyQz1R0c_1752000642179_1.jpg","https://tysnkzmljlmmqpbotkxv.supabase.co/storage/v1/object/public/travel-app-images/website-3500bd50/museu-de-anatomia-veterinria-da-fmvzusp-museu-de-anatomia-veterinria-1757539013312-1.jpg","unknown","website","6",""
"229aa43d-a791-4734-b534-7f7ce51c76ee","Biblioteca do IFUSP","http://web.if.usp.br/bib/?q=en","true","https://tysnkzmljlmmqpbotkxv.supabase.co/storage/v1/object/public/travel-app-images/ChIJR3xTuhNWzpQRxBdhov2x9Q0/ChIJR3xTuhNWzpQRxBdhov2x9Q0_1752001374532_1.jpg","https://tysnkzmljlmmqpbotkxv.supabase.co/storage/v1/object/public/travel-app-images/website-229aa43d/biblioteca-do-ifusp-website-image-1757539017526-1.jpg","unknown","website","18",""
"dfb30d30-c9cd-473f-a9d5-a886d5d65ebb","Shopping Metrô Itaquera","http://www.shoppingitaquera.com.br/","false","https://tysnkzmljlmmqpbotkxv.supabase.co/storage/v1/object/public/travel-app-images/ChIJT3y1LWJezpQRaNzTkbab6T0/ChIJT3y1LWJezpQRaNzTkbab6T0_1754680498410_1.jpg","","unknown","","","No suitable images found on website"
"f75c51cf-995f-47a9-aa0f-959913c85af9","Parque M'Boi Mirim","https://www.prefeitura.sp.gov.br/cidade/secretarias/meio_ambiente/parques/regiao_sul/index.php?p=44415","true","https://tysnkzmljlmmqpbotkxv.supabase.co/storage/v1/object/public/travel-app-images/ChIJa6J6HH1SzpQRkEADmzQ5I1Y/ChIJa6J6HH1SzpQRkEADmzQ5I1Y_1755017898786_1.jpg","https://tysnkzmljlmmqpbotkxv.supabase.co/storage/v1/object/public/travel-app-images/website-f75c51cf/parque-mboi-mirim-gif-animado-com-fotos-de-pesso-1757539021987-1.jpg","unknown","website","7",""
"d40c8f62-cf1c-4bee-9c84-562502b24ae6","Zoo Foz","http://www.zoofoz.com.br/","false","https://tysnkzmljlmmqpbotkxv.supabase.co/storage/v1/object/public/travel-app-images/ChIJ6Y2jGhFXzpQR5Siy0iPqDdk/ChIJ6Y2jGhFXzpQR5Siy0iPqDdk_1752001130384_1.jpg","","unknown","","","No suitable images found on website"
"3238c0af-eb9a-4a51-b1ae-ebc2da98e9d5","Museu Histórico Prof. Carlos da Silva Lacaz - FMUSP","http://fm.usp.br/museu","false","https://tysnkzmljlmmqpbotkxv.supabase.co/storage/v1/object/public/travel-app-images/ChIJ03VCeodXzpQRJbuqP7TeX_I/ChIJ03VCeodXzpQRJbuqP7TeX_I_1752002521183_1.jpg","","unknown","","","Edge function error: 500 Internal Server Error - {"error":"Failed to extract website image","details":"error sending request for url (https://fm.usp.br/museu): client error (Connect): invalid peer certificate: UnknownIssuer"}"
"b0ec3506-27d2-46da-9cd9-de417507c91b","Parque Vila Sílvia - Izaias Wingter","https://www.prefeitura.sp.gov.br/cidade/secretarias/meio_ambiente/parques/regiao_leste/index.php?p=23089","true","https://tysnkzmljlmmqpbotkxv.supabase.co/storage/v1/object/public/travel-app-images/ChIJY8BPsGVgzpQRFBWKVrEKuhI/ChIJY8BPsGVgzpQRFBWKVrEKuhI_1754680034764_1.jpg","https://tysnkzmljlmmqpbotkxv.supabase.co/storage/v1/object/public/travel-app-images/website-b0ec3506/parque-vila-slvia-izaias-wingter-gif-animado-com-fotos-de-pesso-1757539027120-1.jpg","unknown","website","7",""
"914e92b2-6329-4da3-8d9f-e85ff327280e","Parque Raul Seixas","https://www.prefeitura.sp.gov.br/cidade/secretarias/meio_ambiente/parques/regiao_leste/index.php?p=47006","true","https://tysnkzmljlmmqpbotkxv.supabase.co/storage/v1/object/public/travel-app-images/ChIJFc06YIFmzpQRtTDhkC5Kmyg/ChIJFc06YIFmzpQRtTDhkC5Kmyg_1754680021008_1.jpg","https://tysnkzmljlmmqpbotkxv.supabase.co/storage/v1/object/public/travel-app-images/website-914e92b2/parque-raul-seixas-gif-animado-com-fotos-de-pesso-1757539031893-1.jpg","unknown","website","7",""
"56e6686f-c518-4116-8c60-18d9c448868a","Dança das Águas com luzes","http://www.b32.com.br/","true","https://tysnkzmljlmmqpbotkxv.supabase.co/storage/v1/object/public/travel-app-images/ChIJ_bF8vhRXzpQRPvigFY4BZZE/ChIJ_bF8vhRXzpQRPvigFY4BZZE_1755016805046_1.jpg","https://tysnkzmljlmmqpbotkxv.supabase.co/storage/v1/object/public/travel-app-images/website-56e6686f/dana-das-guas-com-luzes-foto1-1757539034765-1.jpg","unknown","website","17",""
"f0d998bd-7be8-4489-83ae-ec199cffed7a","Expo Center Norte","http://www.expocenternorte.com.br/","true","https://tysnkzmljlmmqpbotkxv.supabase.co/storage/v1/object/public/travel-app-images/ChIJsZhWU71YzpQRXUy5WLFK1DI/ChIJsZhWU71YzpQRXUy5WLFK1DI_1755007522400_1.jpg","https://tysnkzmljlmmqpbotkxv.supabase.co/storage/v1/object/public/travel-app-images/website-f0d998bd/expo-center-norte-website-image-1757539039998-1.jpg","unknown","website","27",""
"31c40200-0e47-45fb-8c40-4903b6c38c80","IBArq - Instituto Bíblico de Arqueologia","http://www.ibarq.org.br/","false","https://tysnkzmljlmmqpbotkxv.supabase.co/storage/v1/object/public/travel-app-images/ChIJ5dkWOLNRzpQRdwknDsbIAwI/ChIJ5dkWOLNRzpQRdwknDsbIAwI_1755014148490_1.jpg","","unknown","","","No suitable images found on website"
"3ffc2afe-0b95-4621-90fe-b5871b468219","SEICHO-NO-IE DO BRASIL - Sede Central","http://www.sni.org.br/","true","https://tysnkzmljlmmqpbotkxv.supabase.co/storage/v1/object/public/travel-app-images/ChIJrWyaQ91azpQRIwVrQ7XTtU8/ChIJrWyaQ91azpQRIwVrQ7XTtU8_1755014160676_1.jpg","https://tysnkzmljlmmqpbotkxv.supabase.co/storage/v1/object/public/travel-app-images/website-3ffc2afe/seichonoie-do-brasil-sede-central-home-apresentamos-com-bastante-1757539047942-1.jpg","unknown","website","167",""
"10bd25cc-f746-4a3d-a9be-bd89ff558253","Pinball Clube São Paulo","http://www.pinballclubesp.com.br/","false","https://tysnkzmljlmmqpbotkxv.supabase.co/storage/v1/object/public/travel-app-images/ChIJWV57551ZzpQR-9ROSJV5Q7g/ChIJWV57551ZzpQR-9ROSJV5Q7g_1755011232105_1.jpg","","unknown","","","No suitable images found on website"
"e9e6971c-a9d4-4d8a-8f25-47e8e8f2b5a0","Parque Sabesp Alto da Mooca - Radialista Fiori Gigliotti","http://site.sabesp.com.br/site/imprensa/noticias-detalhe.aspx?secaoId=65&id=7124","true","https://tysnkzmljlmmqpbotkxv.supabase.co/storage/v1/object/public/travel-app-images/ChIJ8Xzb7qlezpQRRG7yVkoki3c/ChIJ8Xzb7qlezpQRRG7yVkoki3c_1755011186463_1.jpg","https://tysnkzmljlmmqpbotkxv.supabase.co/storage/v1/object/public/travel-app-images/website-e9e6971c/parque-sabesp-alto-da-mooca-radialista-fiori-gigli-sani-1757539053111-1.jpg","unknown","website","2",""
"acd13831-b32a-468a-b40d-1825e6672e27","Beco do Hulk","https://www.instagram.com/becodohulk/","false","https://tysnkzmljlmmqpbotkxv.supabase.co/storage/v1/object/public/travel-app-images/ChIJs1rozaVhzpQRQIM2pYQRRjM/ChIJs1rozaVhzpQRQIM2pYQRRjM_1755011848800_1.jpg","","unknown","","","Edge function error: 500 Internal Server Error - {"error":"Failed to extract website image","details":"HTTP 429: Too Many Requests"}"
"765aadbc-20aa-4f4c-abb7-99534f0d39ba","Shopping Metrô Boulevard Tatuapé","https://www.complexotatuape.com.br/","true","https://tysnkzmljlmmqpbotkxv.supabase.co/storage/v1/object/public/travel-app-images/ChIJo4Sk4cJezpQRET2kV6_NqAE/ChIJo4Sk4cJezpQRET2kV6_NqAE_1755010213408_1.jpg","https://tysnkzmljlmmqpbotkxv.supabase.co/storage/v1/object/public/travel-app-images/website-765aadbc/shopping-metr-boulevard-tatuap-website-image-1757539059078-1.jpg","unknown","website","22",""
"795145e1-859b-48cc-95aa-be59a8dac583","Memorial do Corinthians","https://www.corinthians.com.br/memorialcorinthians","false","https://tysnkzmljlmmqpbotkxv.supabase.co/storage/v1/object/public/travel-app-images/ChIJWbGCReJezpQRTjKDME4AhuA/ChIJWbGCReJezpQRTjKDME4AhuA_1755010178558_1.jpg","","unknown","","","Edge function error: 500 Internal Server Error - {"error":"Failed to extract website image","details":"HTTP 405: Method Not Allowed"}"
"2b4d5826-8b7c-4cbd-ab74-603783379d80","Borboletário de São Paulo","https://borboletariodesaopaulo.com.br/","true","https://tysnkzmljlmmqpbotkxv.supabase.co/storage/v1/object/public/travel-app-images/ChIJzy9lzTROzpQRKl7CwFwWN8Y/ChIJzy9lzTROzpQRKl7CwFwWN8Y_1755020102580_1.jpg","https://tysnkzmljlmmqpbotkxv.supabase.co/storage/v1/object/public/travel-app-images/website-2b4d5826/borboletrio-de-so-paulo-website-image-1757539064323-1.jpg","unknown","website","92",""
"8902b8bc-04ba-4981-bd36-de5b4a15c21d","Museu Afro Brasil Emanoel Araujo","http://www.museuafrobrasil.org.br/","true","https://tysnkzmljlmmqpbotkxv.supabase.co/storage/v1/object/public/travel-app-images/ChIJo2Ygwe9ZzpQRD-ge7J12tnk/ChIJo2Ygwe9ZzpQRD-ge7J12tnk_1755016619419_1.jpg","https://tysnkzmljlmmqpbotkxv.supabase.co/storage/v1/object/public/travel-app-images/website-8902b8bc/museu-afro-brasil-emanoel-araujo-flickr-governo-de-so-paulo-1757539067146-1.jpg","unknown","website","30",""
"558ff0f5-244f-4ffb-b09e-2108432b45e3","Paróquia São Gabriel Arcanjo","https://paroquiasaogabrielarcanjo.com.br/","true","https://tysnkzmljlmmqpbotkxv.supabase.co/storage/v1/object/public/travel-app-images/ChIJmX5OLeBZzpQRm1QNoLwxLKY/ChIJmX5OLeBZzpQRm1QNoLwxLKY_1755016837565_1.jpg","https://tysnkzmljlmmqpbotkxv.supabase.co/storage/v1/object/public/travel-app-images/website-558ff0f5/parquia-so-gabriel-arcanjo-s-gabriel-1757539071345-1.jpg","unknown","website","16",""
"efb829ab-b9da-455a-a1e1-44352bb3100d","Parque Alfredo Volpi","https://www.prefeitura.sp.gov.br/cidade/secretarias/meio_ambiente/parques/regiao_centrooeste/index.php?p=5729","true","https://tysnkzmljlmmqpbotkxv.supabase.co/storage/v1/object/public/travel-app-images/ChIJP1UFZxhXzpQRZM5i7c1Dx14/ChIJP1UFZxhXzpQRZM5i7c1Dx14_1755015782421_1.jpg","https://tysnkzmljlmmqpbotkxv.supabase.co/storage/v1/object/public/travel-app-images/website-efb829ab/parque-alfredo-volpi-gif-animado-com-fotos-de-pesso-1757539071344-1.jpg","unknown","website","7",""
"c227c8fb-c674-4d98-b461-43e4b573b12a","Museu das Culturas Indígenas","http://www.museudasculturasindigenas.org.br/","true","https://tysnkzmljlmmqpbotkxv.supabase.co/storage/v1/object/public/travel-app-images/ChIJpUTbIZJXzpQRCLpvRLy6iV8/ChIJpUTbIZJXzpQRCLpvRLy6iV8_1755015269108_1.jpg","https://tysnkzmljlmmqpbotkxv.supabase.co/storage/v1/object/public/travel-app-images/website-c227c8fb/museu-das-culturas-indgenas-flickr-1757539079039-1.jpg","unknown","website","30",""
"435e1600-4d8a-4270-8356-ce96947a5c85","Museu da Imaginação","http://museudaimaginacao.com.br/","true","https://tysnkzmljlmmqpbotkxv.supabase.co/storage/v1/object/public/travel-app-images/ChIJZasCclz4zpQR5mlEeqBTif4/ChIJZasCclz4zpQR5mlEeqBTif4_1755015265896_1.jpg","https://tysnkzmljlmmqpbotkxv.supabase.co/storage/v1/object/public/travel-app-images/website-435e1600/museu-da-imaginao-group-1757539083859-1.jpg","unknown","website","35",""
"23476d78-ce6f-450c-962f-3139f8562c79","Shopping Campo Limpo","http://www.shoppingcampolimpo.com.br/","true","https://tysnkzmljlmmqpbotkxv.supabase.co/storage/v1/object/public/travel-app-images/ChIJjykRU91TzpQR-8JcRK8aLGI/ChIJjykRU91TzpQR-8JcRK8aLGI_1755014505907_1.jpg","https://tysnkzmljlmmqpbotkxv.supabase.co/storage/v1/object/public/travel-app-images/website-23476d78/shopping-campo-limpo-undefined-1757539088753-1.jpg","unknown","website","3",""
"48bbeb05-55db-4771-aa35-41df0ec74bfe","Parque Ecológico Chico Mendes","http://www.prefeitura.sp.gov.br/cidade/secretarias/meio_ambiente/parques/regiao_leste/index.php?p=5739","true","https://tysnkzmljlmmqpbotkxv.supabase.co/storage/v1/object/public/travel-app-images/ChIJtxUmHfBjzpQRnWBldmXS4kM/ChIJtxUmHfBjzpQRnWBldmXS4kM_1755012705550_1.jpg","https://tysnkzmljlmmqpbotkxv.supabase.co/storage/v1/object/public/travel-app-images/website-48bbeb05/parque-ecolgico-chico-mendes-gif-animado-com-fotos-de-pesso-1757539088351-1.jpg","unknown","website","6",""
"60f87b4a-f558-45b3-8923-640704abdec2","Shopping Iguatemi Alphaville","http://www.iguatemi.com.br/alphaville/","true","https://tysnkzmljlmmqpbotkxv.supabase.co/storage/v1/object/public/travel-app-images/ChIJKdzx_CACz5QR6TTipHDvhDs/ChIJKdzx_CACz5QR6TTipHDvhDs_1751975215426_1.jpg","https://tysnkzmljlmmqpbotkxv.supabase.co/storage/v1/object/public/travel-app-images/website-60f87b4a/shopping-iguatemi-alphaville-incio-1757539094518-1.jpg","unknown","website","17",""
"833bac89-8a74-46ea-a497-723847efe1ba","Centro Comercial Alphaville","https://www.centrocomercial.com.br/","true","https://tysnkzmljlmmqpbotkxv.supabase.co/storage/v1/object/public/travel-app-images/ChIJ54bPIjsCz5QRWJXfQb06920/ChIJ54bPIjsCz5QRWJXfQb06920_1751975241462_1.jpg","https://tysnkzmljlmmqpbotkxv.supabase.co/storage/v1/object/public/travel-app-images/website-833bac89/centro-comercial-alphaville-website-image-1757539096552-1.jpg","unknown","website","46",""
"bf0a8164-945d-4d3b-a8ea-7253e0ba502b","Kartódromo Aldeia da Serra","https://www.kartodromoaldeiadaserra.com.br/","true","https://tysnkzmljlmmqpbotkxv.supabase.co/storage/v1/object/public/travel-app-images/ChIJK-AJyU0Ez5QRtrAB9BiqyYY/ChIJK-AJyU0Ez5QRtrAB9BiqyYY_1751974481195_1.jpg","https://tysnkzmljlmmqpbotkxv.supabase.co/storage/v1/object/public/travel-app-images/website-bf0a8164/kartdromo-aldeia-da-serra-website-image-1757539102617-1.jpg","unknown","website","110",""
"9c2811f2-4280-4f85-95fc-dc57e96d5688","Casarão Julia Ferraz","https://casaraojuliaferraz.com/","true","https://tysnkzmljlmmqpbotkxv.supabase.co/storage/v1/object/public/travel-app-images/ChIJD7zl1p3BzpQRzG7fh1oyMyg/ChIJD7zl1p3BzpQRzG7fh1oyMyg_1752860494877_1.jpg","https://tysnkzmljlmmqpbotkxv.supabase.co/storage/v1/object/public/travel-app-images/website-9c2811f2/casaro-julia-ferraz-whatsapp-image-20220703-at-112-1757539102386-1.44","unknown","website","1",""
"ec7a2002-789a-43cb-829a-9416efe3dba0","Parque Municipal Dom José - Barueri","https://portal.barueri.sp.gov.br/cidadao/esporte-lazer/parque-municipal-dom-jose","true","https://tysnkzmljlmmqpbotkxv.supabase.co/storage/v1/object/public/travel-app-images/ChIJv7npCbgDz5QRj-iOCyGLDpo/ChIJv7npCbgDz5QRj-iOCyGLDpo_1751974558951_1.jpg","https://tysnkzmljlmmqpbotkxv.supabase.co/storage/v1/object/public/travel-app-images/website-ec7a2002/parque-municipal-dom-jos-barueri-temp-1757539108735-1.jpg","unknown","website","18",""
"3f13c3cd-e337-40f1-a96e-97804ef7d66e","Biblioteca Municipal Eny Cordeiro","https://www.barueri.sp.gov.br/","false","https://tysnkzmljlmmqpbotkxv.supabase.co/storage/v1/object/public/travel-app-images/ChIJ6emXpO8Dz5QR48LRuu8PPOQ/ChIJ6emXpO8Dz5QR48LRuu8PPOQ_1751975020642_1.jpg","","unknown","","","Edge function error: 500 Internal Server Error - {"error":"Failed to extract website image","details":"error sending request for url (https://www.barueri.sp.gov.br/): client error (Connect): Connection reset by peer (os error 104)"}"
"6cc94a6a-3e97-4dd5-8d0e-7f2a01ea5288","Shopping Tamboré","http://shoppingtambore.com.br/","true","https://tysnkzmljlmmqpbotkxv.supabase.co/storage/v1/object/public/travel-app-images/ChIJqV0ajHsBz5QRzDrTKHAnKgI/ChIJqV0ajHsBz5QRzDrTKHAnKgI_1751975223554_1.jpg","https://tysnkzmljlmmqpbotkxv.supabase.co/storage/v1/object/public/travel-app-images/website-6cc94a6a/shopping-tambor-conheca-o-programa-de-benefici-1757539113333-1.png","unknown","website","18",""
"b029a0fb-adac-481e-b600-4f9fba7d7b32","Parque Shopping Barueri","http://www.parqueshoppingbarueri.com.br/","true","https://tysnkzmljlmmqpbotkxv.supabase.co/storage/v1/object/public/travel-app-images/ChIJvzmZl4UBz5QRiIMPNdt5Tgw/ChIJvzmZl4UBz5QRiIMPNdt5Tgw_1751975248854_1.jpg","https://tysnkzmljlmmqpbotkxv.supabase.co/storage/v1/object/public/travel-app-images/website-b029a0fb/parque-shopping-barueri-moschino-pear-pink-parfum-1757539113255-1.jpg","unknown","website","21",""
"564dc31f-c294-4eb7-b559-130faa402829","Igreja católica Romana Paróquia Nossa Senhora Mãe da Igreja","https://pmaedaigreja.com.br/index.html","true","https://tysnkzmljlmmqpbotkxv.supabase.co/storage/v1/object/public/travel-app-images/ChIJDZgyvFsBz5QRQEFExnq1NOs/ChIJDZgyvFsBz5QRQEFExnq1NOs_1751974890080_1.jpg","https://tysnkzmljlmmqpbotkxv.supabase.co/storage/v1/object/public/travel-app-images/website-564dc31f/igreja-catlica-romana-parquia-nossa-senhora-me-da--divisor-1757539117726-1.jpg","unknown","website","10",""
"d7c39d28-76ec-4d2f-99b4-91713ddaa924","AlphaShopping","https://alphashopping.com.br/","false","https://tysnkzmljlmmqpbotkxv.supabase.co/storage/v1/object/public/travel-app-images/ChIJb9VhkDwCz5QRuIArxtEiDLU/ChIJb9VhkDwCz5QRuIArxtEiDLU_1751975232720_1.jpg","","unknown","","","No suitable images found on website"
"8b0d9e79-0084-4676-bf29-3cb1ffaf9308","Paróquia São João Batista - Igreja Matriz de Atibaia","https://www.instagram.com/matriz_atibaia/","false","https://tysnkzmljlmmqpbotkxv.supabase.co/storage/v1/object/public/travel-app-images/ChIJ97eknCDBzpQRFimOk2sSBTk/ChIJ97eknCDBzpQRFimOk2sSBTk_1752860722510_1.jpg","","unknown","","","No suitable images found on website"
"b829a045-8d26-4732-9b65-8afce51a9b2d","Museu Olho Latino","http://www.olholatino.com.br/","false","https://tysnkzmljlmmqpbotkxv.supabase.co/storage/v1/object/public/travel-app-images/ChIJbyAShOfAzpQRP-My0XMM2qA/ChIJbyAShOfAzpQRP-My0XMM2qA_1752860535047_1.jpg","","unknown","","","Edge function error: 500 Internal Server Error - {"error":"Failed to extract website image","details":"HTTP 403: Forbidden"}"
"328b7814-4d55-48f3-9890-715a7cac0a32","Fazendinha Cia dos Bichos","http://www.ciadosbichos.com.br/","true","https://tysnkzmljlmmqpbotkxv.supabase.co/storage/v1/object/public/travel-app-images/ChIJZz3EM0Kqz5QRVPatRG6HkFo/ChIJZz3EM0Kqz5QRVPatRG6HkFo_1751979078014_1.jpg","https://tysnkzmljlmmqpbotkxv.supabase.co/storage/v1/object/public/travel-app-images/website-328b7814/fazendinha-cia-dos-bichos-website-image-1757539127065-1.jpg","unknown","website","10",""
"4f21a01c-07b1-461a-b9be-df519bb8e27f","Animália Park","https://animaliapark.com.br/","true","https://tysnkzmljlmmqpbotkxv.supabase.co/storage/v1/object/public/travel-app-images/ChIJfbRIaIsHz5QRvUxyEPUSjWA/ChIJfbRIaIsHz5QRvUxyEPUSjWA_1751979100760_1.jpg","https://tysnkzmljlmmqpbotkxv.supabase.co/storage/v1/object/public/travel-app-images/website-4f21a01c/animlia-park-animlia-park-1757539126653-1.jpg","unknown","website","13",""
"5fcb9a48-e8cd-4534-b574-c9c4d21e2950","Paróquia Nossa Senhora do Monte Serrate","https://www.instagram.com/monteserratecotia","false","https://tysnkzmljlmmqpbotkxv.supabase.co/storage/v1/object/public/travel-app-images/ChIJCWsFD2UHz5QRZwZudQAIYh4/ChIJCWsFD2UHz5QRZwZudQAIYh4_1751979140749_1.jpg","","unknown","","","Edge function error: 500 Internal Server Error - {"error":"Failed to extract website image","details":"HTTP 429: Too Many Requests"}"
"b1c9f6cb-5c42-485f-994d-d8486d23a986","Fo Guang Shan Templo Zu Lai","http://www.templozulai.org.br/","true","https://tysnkzmljlmmqpbotkxv.supabase.co/storage/v1/object/public/travel-app-images/ChIJF905454Az5QRQViTIdeKrrs/ChIJF905454Az5QRQViTIdeKrrs_1751979352774_1.jpg","https://tysnkzmljlmmqpbotkxv.supabase.co/storage/v1/object/public/travel-app-images/website-b1c9f6cb/fo-guang-shan-templo-zu-lai-buda-1757539133639-1.jpg","unknown","website","14",""
"916f92ab-72dd-42d2-8656-08b3b437a1ff","Cidade das Abelhas","http://www.cidadedasabelhas.com.br/","true","https://tysnkzmljlmmqpbotkxv.supabase.co/storage/v1/object/public/travel-app-images/ChIJE_T-n1ipz5QREKJ7V78kQmA/ChIJE_T-n1ipz5QREKJ7V78kQmA_1751979436970_1.jpg","https://tysnkzmljlmmqpbotkxv.supabase.co/storage/v1/object/public/travel-app-images/website-916f92ab/cidade-das-abelhas-website-image-1757539146456-1.jpg","unknown","website","10",""
"8e9c5249-8bc2-4884-aa30-871659eb35e2","Open Mall The Square","https://www.omts.com.br/","true","https://tysnkzmljlmmqpbotkxv.supabase.co/storage/v1/object/public/travel-app-images/ChIJgxRRp0xVzpQRgxMIHKT0ZUI/ChIJgxRRp0xVzpQRgxMIHKT0ZUI_1751979197300_1.jpg","https://tysnkzmljlmmqpbotkxv.supabase.co/storage/v1/object/public/travel-app-images/website-8e9c5249/open-mall-the-square-background-image-1757539138190-1.jpg","unknown","website","1",""
"21023d43-e237-4b6a-8f95-057b8b587c03","Shopping Granja Vianna","http://www.shoppinggranjavianna.com.br/","false","https://tysnkzmljlmmqpbotkxv.supabase.co/storage/v1/object/public/travel-app-images/ChIJ68vpxrCqz5QR1ltVXy2BbIY/ChIJ68vpxrCqz5QR1ltVXy2BbIY_1751979188676_1.jpg","","unknown","","","Edge function error: 500 Internal Server Error - {"error":"Failed to extract website image","details":"Failed to download image: 400 Bad Request"}"
"88e7708b-cf6e-4cad-9b5f-367107b86835","Basílica Nossa Senhora do Rosário de Fátima","https://www.arautoscotia.org/","true","https://tysnkzmljlmmqpbotkxv.supabase.co/storage/v1/object/public/travel-app-images/ChIJBW-HnEGqz5QRYA9p4YB-82A/ChIJBW-HnEGqz5QRYA9p4YB-82A_1751988195425_1.jpg","https://tysnkzmljlmmqpbotkxv.supabase.co/storage/v1/object/public/travel-app-images/website-88e7708b/baslica-nossa-senhora-do-rosrio-de-ftima-background-image-1757539150799-1.jpg","unknown","website","1",""
"ea3e889c-5390-4c0e-b5ed-3d6b02d02a3b","Parque Municipal do Povo Roberto Nasraui","https://www.instagram.com/parquedopovo.itapecerica?igsh=MTlmMXY2amJxdHFnOA==","false","https://tysnkzmljlmmqpbotkxv.supabase.co/storage/v1/object/public/travel-app-images/ChIJgQI03d6tz5QR4cjXSkAMq70/ChIJgQI03d6tz5QR4cjXSkAMq70_1751981202388_1.jpg","","unknown","","","Edge function error: 500 Internal Server Error - {"error":"Failed to extract website image","details":"HTTP 429: Too Many Requests"}"
"4f53b935-50a0-44ab-aec2-aa98e86270fd","Santuário Nossa Senhora dos Prazeres e Divina Misericórdia","https://www.nossasenhoradosprazeres.com.br/","true","https://tysnkzmljlmmqpbotkxv.supabase.co/storage/v1/object/public/travel-app-images/ChIJBzNMVxOtz5QRhdBJqDLL-Vc/ChIJBzNMVxOtz5QRhdBJqDLL-Vc_1751981356089_1.jpg","https://tysnkzmljlmmqpbotkxv.supabase.co/storage/v1/object/public/travel-app-images/website-4f53b935/santurio-nossa-senhora-dos-prazeres-e-divina-miser-website-image-1757539155541-1.jpg","unknown","website","12",""
"fd987553-b770-4829-9bf3-3666a1e04101","Biblioteca Municipal Itapecerica da serra","http://www.dataescolabrasil.inep.gov.br/","false","https://tysnkzmljlmmqpbotkxv.supabase.co/storage/v1/object/public/travel-app-images/ChIJlbkZ0hGtz5QRa54RuJsP-bw/ChIJlbkZ0hGtz5QRa54RuJsP-bw_1751981365622_1.jpg","","unknown","","","Edge function error: 500 Internal Server Error - {"error":"Failed to extract website image","details":"error sending request from 10.30.9.72:53204 for http://www.dataescolabrasil.inep.gov.br/ (200.130.24.55:80): client error (SendRequest): connection error: Connection reset by peer (os error 104)"}"
"21d762ef-08ba-4783-83ff-2d7df07929a9","Ita Shopping Centro","https://centro.itashopping.com.br/","true","https://tysnkzmljlmmqpbotkxv.supabase.co/storage/v1/object/public/travel-app-images/ChIJ50rqV4UGz5QRQTSBUM3ner4/ChIJ50rqV4UGz5QRQTSBUM3ner4_1751976236303_1.jpg","https://tysnkzmljlmmqpbotkxv.supabase.co/storage/v1/object/public/travel-app-images/website-21d762ef/ita-shopping-centro-ita-shopping-centro-1757539160853-1.jpg","unknown","website","22",""
"3b988467-24c1-403a-8b2a-83a076c8a16d","Jandira Plaza Shopping","https://jandiraplazashopping.com.br/","true","https://tysnkzmljlmmqpbotkxv.supabase.co/storage/v1/object/public/travel-app-images/ChIJzeylyFQBz5QR54AEpPfzhrA/ChIJzeylyFQBz5QR54AEpPfzhrA_1751975664940_1.jpg","https://tysnkzmljlmmqpbotkxv.supabase.co/storage/v1/object/public/travel-app-images/website-3b988467/jandira-plaza-shopping-setembro-amarelo-1757539165045-1.jpg","unknown","website","32",""
"3eebc16a-0a76-4dcf-abcd-6ca6dca8c755","Centro Histórico Cultura Divanir Vitorio Contesini","http://www.jarinu.sp.gov.br/","true","https://tysnkzmljlmmqpbotkxv.supabase.co/storage/v1/object/public/travel-app-images/ChIJN4p4q9zbzpQR2LwAsKWPM3k/ChIJN4p4q9zbzpQR2LwAsKWPM3k_1754417408188_1.jpg","https://tysnkzmljlmmqpbotkxv.supabase.co/storage/v1/object/public/travel-app-images/website-3eebc16a/centro-histrico-cultura-divanir-vitorio-contesini-braso-da-prefeitura-de-jarinu--1757539165212-1.jpg","unknown","website","21",""
"2c4581c2-4cd0-4aca-b2f7-6a0181e6eab6","Cristo Redentor","http://www.jarinu.sp.gov.br/","true","https://tysnkzmljlmmqpbotkxv.supabase.co/storage/v1/object/public/travel-app-images/ChIJo0jRlFnbzpQR3RaOvWAEogI/ChIJo0jRlFnbzpQR3RaOvWAEogI_1754423588634_1.jpg","https://tysnkzmljlmmqpbotkxv.supabase.co/storage/v1/object/public/travel-app-images/website-2c4581c2/cristo-redentor-braso-da-prefeitura-de-jarinu--1757539170164-1.jpg","unknown","website","21",""
"d6f137cf-2bda-45ec-9392-7def0057b0d6","Parque Ecológico do Jardim Bonança","http://www.osasco.sp.gov.br/","true","https://tysnkzmljlmmqpbotkxv.supabase.co/storage/v1/object/public/travel-app-images/ChIJaZhV4tf9zpQRxap8x92HdDw/ChIJaZhV4tf9zpQRxap8x92HdDw_1751983906493_1.jpg","https://tysnkzmljlmmqpbotkxv.supabase.co/storage/v1/object/public/travel-app-images/website-d6f137cf/parque-ecolgico-do-jardim-bonana-cidado-1757539170544-1.jpg","unknown","website","38",""
"46fdab6c-613a-448f-a5e6-df89b49bc4ea","Parque Chico Mendes","http://www.areasverdesdascidades.com.br/2014/07/parque-chico-mendes-em-osasco.html?m=1","true","https://tysnkzmljlmmqpbotkxv.supabase.co/storage/v1/object/public/travel-app-images/ChIJdb5aAINVzpQRTRfAnxtE1nU/ChIJdb5aAINVzpQRTRfAnxtE1nU_1751983396871_1.jpg","https://tysnkzmljlmmqpbotkxv.supabase.co/storage/v1/object/public/travel-app-images/website-46fdab6c/parque-chico-mendes-background-image-1757539175909-1.jpg","unknown","website","1",""
"9420f41c-2877-43a3-985d-85d4ec9d43e2","Museu Dimitri Sensaud de Lavaud","http://museudeosasco.blogspot.com/","true","https://tysnkzmljlmmqpbotkxv.supabase.co/storage/v1/object/public/travel-app-images/ChIJ3WW186n_zpQRJs9grDJJhkg/ChIJ3WW186n_zpQRJs9grDJJhkg_1751983425005_1.jpg","https://tysnkzmljlmmqpbotkxv.supabase.co/storage/v1/object/public/travel-app-images/website-9420f41c/museu-dimitri-sensaud-de-lavaud-background-image-1757539175446-1.jpg","unknown","website","1",""
"df03a035-76f4-48d6-8684-43f1c45c9d07","Shopping União de Osasco","http://www.shoppinguniao.com.br/","false","https://tysnkzmljlmmqpbotkxv.supabase.co/storage/v1/object/public/travel-app-images/ChIJs7tPvUH_zpQR1ijQqRg_iAA/ChIJs7tPvUH_zpQR1ijQqRg_iAA_1751983498217_1.jpg","","unknown","","","Edge function error: 500 Internal Server Error - {"error":"Failed to extract website image","details":"Failed to download image: 404 Not Found"}"
"93558c5b-c9b4-4986-95ff-674965a56ee3","Parque Ecológico Dionísio Alvarez Mateos","http://www.osasco.sp.gov.br/","true","https://tysnkzmljlmmqpbotkxv.supabase.co/storage/v1/object/public/travel-app-images/ChIJ2wwWIaf_zpQRt0rz3BVhbcA/ChIJ2wwWIaf_zpQRt0rz3BVhbcA_1751983433295_1.jpg","https://tysnkzmljlmmqpbotkxv.supabase.co/storage/v1/object/public/travel-app-images/website-93558c5b/parque-ecolgico-dionsio-alvarez-mateos-cidado-1757539180346-1.jpg","unknown","website","38",""
"64b007c0-3980-41a7-a391-25980ed9f6fc","Osasco Plaza Shopping","http://www.osascoplaza.com.br/","true","https://tysnkzmljlmmqpbotkxv.supabase.co/storage/v1/object/public/travel-app-images/ChIJw0YSFKn_zpQR_qnlVJDaxIQ/ChIJw0YSFKn_zpQR_qnlVJDaxIQ_1751983933808_1.jpg","https://tysnkzmljlmmqpbotkxv.supabase.co/storage/v1/object/public/travel-app-images/website-64b007c0/osasco-plaza-shopping-o-rei-da-feira-1757539188027-1.jpg","unknown","website","9",""
"a6809b14-dcac-4b93-acd4-2a681411f858","Cascata da Pedra","https://www.facebook.com/profile.php?id=100064660480851&mibextid=ZbWKwL","true","https://tysnkzmljlmmqpbotkxv.supabase.co/storage/v1/object/public/travel-app-images/ChIJsUfSWVwQz5QRkWSK5SoYEWs/ChIJsUfSWVwQz5QRkWSK5SoYEWs_1751979855765_1.jpg","https://tysnkzmljlmmqpbotkxv.supabase.co/storage/v1/object/public/travel-app-images/website-a6809b14/cascata-da-pedra-background-image-1757539185257-1.jpg","unknown","website","1",""
"9488423c-6c89-41ff-b5f9-c5896aa91aed","Paróquia Santo Antônio de Aldeia da Serra","https://paroquiasantoantonioaldeia.wordpress.com/","true","https://tysnkzmljlmmqpbotkxv.supabase.co/storage/v1/object/public/travel-app-images/ChIJndv7FmwFz5QRxvwqltHk358/ChIJndv7FmwFz5QRxvwqltHk358_1751980112837_1.jpg","https://tysnkzmljlmmqpbotkxv.supabase.co/storage/v1/object/public/travel-app-images/website-9488423c/parquia-santo-antnio-de-aldeia-da-serra-cinza-fonte-preta-1757539192904-1.jpg","unknown","website","2",""
"e4272634-17a6-4aab-a6e4-45705d21a781","Complexo Cultural Museu Anhanguera e Casarão Monsenhor Paulo Florêncio da Silveira Camargo","http://www.santanadeparnaiba.sp.gov.br/noticias_13/materias/2017/02_10_complex_cultural.html","true","https://tysnkzmljlmmqpbotkxv.supabase.co/storage/v1/object/public/travel-app-images/ChIJX06Iuk8bz5QRPUw6r7grvIQ/ChIJX06Iuk8bz5QRPUw6r7grvIQ_1751980457875_1.jpg","https://tysnkzmljlmmqpbotkxv.supabase.co/storage/v1/object/public/travel-app-images/website-e4272634/complexo-cultural-museu-anhanguera-e-casaro-monsen-website-image-1757539192963-1.jpg","unknown","website","3",""
"0cb4a830-0ecf-4158-8b22-1d7d3d02e355","Biblioteca Professor Rubens Costa Romanelli","http://www.letras.ufmg.br/biblioteca/","true","https://tysnkzmljlmmqpbotkxv.supabase.co/storage/v1/object/public/travel-app-images/ChIJrYqoS6mRpgARuatoBmXK2mA/ChIJrYqoS6mRpgARuatoBmXK2mA_1751578943493_1.jpg","https://tysnkzmljlmmqpbotkxv.supabase.co/storage/v1/object/public/travel-app-images/website-0cb4a830/biblioteca-professor-rubens-costa-romanelli-faculdade-de-letras-1757539199006-1.jpg","unknown","website","18",""
"22953b8c-572d-4542-a86c-21b60dd5cf77","Jardim Japonês","https://prefeitura.pbh.gov.br/fundacao-de-parques-e-zoobotanica/zoobotanica","false","https://tysnkzmljlmmqpbotkxv.supabase.co/storage/v1/object/public/travel-app-images/ChIJx68nqHaRpgARBwJclaE2yHU/ChIJx68nqHaRpgARBwJclaE2yHU_1751578755828_1.jpg","","unknown","","","No suitable images found on website"
"5d9110d1-da65-4b7b-a5e1-22c1ce9f271b","Santuário Arquidiocesano de Santa Luzia - Matriz de Santa Luzia","https://santuariosantaluzia.org/","true","https://tysnkzmljlmmqpbotkxv.supabase.co/storage/v1/object/public/travel-app-images/ChIJ9X8GWECBpgARjSFJgOwaAfk/ChIJ9X8GWECBpgARjSFJgOwaAfk_1751577532997_1.jpg","https://tysnkzmljlmmqpbotkxv.supabase.co/storage/v1/object/public/travel-app-images/website-5d9110d1/santurio-arquidiocesano-de-santa-luzia-matriz-de-s-website-image-1757539205480-1.jpg","unknown","website","5",""
"09b7b5f4-a2bd-4996-84ca-ac81b9842994","Biblioteca da Face - UFMG","http://www.face.ufmg.br/biblioteca/funcionamento-24h.html","true","https://tysnkzmljlmmqpbotkxv.supabase.co/storage/v1/object/public/travel-app-images/ChIJ8fDT0_SQpgARWE1igJPiMrQ/ChIJ8fDT0_SQpgARWE1igJPiMrQ_1751578935761_1.jpg","https://tysnkzmljlmmqpbotkxv.supabase.co/storage/v1/object/public/travel-app-images/website-09b7b5f4/biblioteca-da-face-ufmg-face-1757539204119-1.jpg","unknown","website","2",""
"7a56eaab-477d-44eb-bce5-fc804f6bf46e","Museu Brasileiro do Futebol","https://www.meumineirao.com.br/","false","https://tysnkzmljlmmqpbotkxv.supabase.co/storage/v1/object/public/travel-app-images/ChIJCWtyXfeQpgARS1joQH07c3s/ChIJCWtyXfeQpgARS1joQH07c3s_1751578684758_1.jpg","","unknown","","","Edge function error: 500 Internal Server Error - {"error":"Failed to extract website image","details":"error sending request for url (https://www.meumineirao.com.br/): client error (Connect): dns error: failed to lookup address information: Name or service not known: failed to lookup address information: Name or service not known"}"
"15fc597d-65ab-4e6e-beaf-699690028419","Paróquia Maria, Serva do Senhor","http://www.arquidiocesebh.org.br/catalogo/paroquia.php?id=24","false","https://tysnkzmljlmmqpbotkxv.supabase.co/storage/v1/object/public/travel-app-images/ChIJF80BULOWpgARxb3_uh_EcAM/ChIJF80BULOWpgARxb3_uh_EcAM_1751578782768_1.jpg","","unknown","","","No suitable images found on website"
"a2ee0fb9-94ae-4158-b402-a6e26105b827","Palácio das Artes","http://fcs.mg.gov.br/","true","https://tysnkzmljlmmqpbotkxv.supabase.co/storage/v1/object/public/travel-app-images/ChIJBzw2c8KZpgARY74EPRA9fUw/ChIJBzw2c8KZpgARY74EPRA9fUw_1751579139632_1.jpg","https://tysnkzmljlmmqpbotkxv.supabase.co/storage/v1/object/public/travel-app-images/website-a2ee0fb9/palcio-das-artes-website-image-1757539239137-1.jpg","unknown","website","32",""
"35191eda-f1a8-4fe8-9ea8-ff36f1a8992a","Paróquia Sagrado Coração de Jesus","http://facebook.com/sagrado%20cora%C3%A7%C3%A3o%20de%20jesus%20belo%20horizonte","false","https://tysnkzmljlmmqpbotkxv.supabase.co/storage/v1/object/public/travel-app-images/ChIJU4fDz-iZpgARr6bhOCYFrrU/ChIJU4fDz-iZpgARr6bhOCYFrrU_1751579437517_1.jpg","","unknown","","","No suitable images found on website"
"48b2ada0-e23f-43e5-bffc-eea00a26e107","Parque das Mangabeiras - Maurício Campos","http://pbh.gov.br/parquesezoobotanica","false","https://tysnkzmljlmmqpbotkxv.supabase.co/storage/v1/object/public/travel-app-images/ChIJCdNRlXOZpgAREwvpLa2Lnpc/ChIJCdNRlXOZpgAREwvpLa2Lnpc_1751579696052_1.jpg","","unknown","","","No suitable images found on website"
"d07a6b53-787c-4d47-9079-526ed928f92c","Parque Aggeo Pio Sobrinho","http://pbh.gov.br/parquesezoobotanica","false","https://tysnkzmljlmmqpbotkxv.supabase.co/storage/v1/object/public/travel-app-images/ChIJUZ0FmGK9pgARLmXTyo-zEPQ/ChIJUZ0FmGK9pgARLmXTyo-zEPQ_1751579729268_1.jpg","","unknown","","","No suitable images found on website"
"f0dde25a-0a84-460a-bf36-6ea830a7ec27","Igreja Nossa Senhora da Boa Viagem","https://linktr.ee/igrejaboaviagembh","true","https://tysnkzmljlmmqpbotkxv.supabase.co/storage/v1/object/public/travel-app-images/ChIJAfzBtOeZpgARDumcZGHlsPo/ChIJAfzBtOeZpgARDumcZGHlsPo_1751579421159_1.jpg","https://tysnkzmljlmmqpbotkxv.supabase.co/storage/v1/object/public/travel-app-images/website-f0dde25a/igreja-nossa-senhora-da-boa-viagem-website-image-1757539247578-1.jpg","unknown","website","2",""
"776f8929-6087-488c-a17f-c1fa17ba0222","Biblioteca Central da UFMG","https://www.bu.ufmg.br/bcentral/","true","https://tysnkzmljlmmqpbotkxv.supabase.co/storage/v1/object/public/travel-app-images/ChIJE5DeUvSQpgARJ1o5kGdDtJ0/ChIJE5DeUvSQpgARJ1o5kGdDtJ0_1751578825698_1.jpg","https://tysnkzmljlmmqpbotkxv.supabase.co/storage/v1/object/public/travel-app-images/website-776f8929/biblioteca-central-da-ufmg-website-image-1757539247433-1.jpg","unknown","website","50",""
"24cb9559-9568-4585-a669-6d8023726b1c","Igreja São Sebastião - Barro Preto","http://www.igrejasaosebastiao.com.br/","true","https://tysnkzmljlmmqpbotkxv.supabase.co/storage/v1/object/public/travel-app-images/ChIJiy5P61yXpgAR9PKb2yDvRJM/ChIJiy5P61yXpgAR9PKb2yDvRJM_1751579430137_1.jpg","https://tysnkzmljlmmqpbotkxv.supabase.co/storage/v1/object/public/travel-app-images/website-24cb9559/igreja-so-sebastio-barro-preto-missa-em-accedilatildeo-de-gra-1757539254057-1.jpg","unknown","website","12",""
"92181387-362d-4ef9-aedc-86f820b48d2e","Centro Cultural Unimed-BH Minas","https://minastenisclube.com.br/cultura/centro-cultural-unimed-bh-minas/","false","https://tysnkzmljlmmqpbotkxv.supabase.co/storage/v1/object/public/travel-app-images/ChIJS_XMDtmZpgAR-WldA5JR7XU/ChIJS_XMDtmZpgAR-WldA5JR7XU_1751579747401_1.jpg","","unknown","","","Edge function error: 500 Internal Server Error - {"error":"Failed to extract website image","details":"error sending request for url (https://minastenisclube.com.br/cultura/centro-cultural-unimed-bh-minas/): client error (Connect): invalid peer certificate: UnknownIssuer"}"
"7ba7e67b-8024-4300-9dd1-39949226d7dc","Museu dos Brinquedos","http://www.museudosbrinquedos.org.br/","false","https://tysnkzmljlmmqpbotkxv.supabase.co/storage/v1/object/public/travel-app-images/ChIJ7_eCSPyZpgARYXMJkAVN0Us/ChIJ7_eCSPyZpgARYXMJkAVN0Us_1751579754856_1.jpg","","unknown","","","No suitable images found on website"
"dde2d8bd-94c0-45b6-b112-1b70aa2f9ca5","Parque Ecológico Renato Azeredo","http://www.pbh.gov.br/parquesezoobotanica","false","https://tysnkzmljlmmqpbotkxv.supabase.co/storage/v1/object/public/travel-app-images/ChIJRyUnu2KapgARdpfmmMzIiZQ/ChIJRyUnu2KapgARdpfmmMzIiZQ_1751578736346_1.jpg","","unknown","","","No suitable images found on website"
"b115883d-b692-4247-b057-dae5bc53e77e","Parque Ecológico Vencesli Firmino da Silva","http://www.pbh.gov.br/parquesezoobotanica","false","https://tysnkzmljlmmqpbotkxv.supabase.co/storage/v1/object/public/travel-app-images/ChIJt674b7WWpgARPQXC6WSF_68/ChIJt674b7WWpgARPQXC6WSF_68_1751579129595_1.jpg","","unknown","","","No suitable images found on website"
"d0441d8c-5b5d-4845-877d-4595d4ec25e3","Santuário São José","https://www.santuariosaojosebh.com.br/","false","https://tysnkzmljlmmqpbotkxv.supabase.co/storage/v1/object/public/travel-app-images/ChIJsX8VpuSZpgARSp8arok0Qpk/ChIJsX8VpuSZpgARSp8arok0Qpk_1751579074763_1.jpg","","unknown","","","No suitable images found on website"
"c2ba8cbe-28b4-4014-871f-5a5f73375b17","MM Gerdau – Museu das Minas e do Metal","http://www.mmgerdau.org.br/","true","https://tysnkzmljlmmqpbotkxv.supabase.co/storage/v1/object/public/travel-app-images/ChIJOzlj092ZpgAR-mL6VtTxMtY/ChIJOzlj092ZpgAR-mL6VtTxMtY_1751579066381_1.jpg","https://tysnkzmljlmmqpbotkxv.supabase.co/storage/v1/object/public/travel-app-images/website-c2ba8cbe/mm-gerdau-museu-das-minas-e-do-metal-website-image-1757539269476-1.jpg","unknown","website","14",""
"a62b60a1-a040-47c2-9a75-9787ea952a19","Biblioteca Pública Estadual de Minas Gerais","https://www.bibliotecapublica.mg.gov.br/","true","https://tysnkzmljlmmqpbotkxv.supabase.co/storage/v1/object/public/travel-app-images/ChIJTW7Lpt6ZpgARHzewyDI04ms/ChIJTW7Lpt6ZpgARHzewyDI04ms_1751579481886_1.jpg","https://tysnkzmljlmmqpbotkxv.supabase.co/storage/v1/object/public/travel-app-images/website-a62b60a1/biblioteca-pblica-estadual-de-minas-gerais-consulta-online-ao-acervo-bibl-1757539272624-1.jpg","unknown","website","25",""
"0d5a01f6-c8a4-4acd-9d5a-a20524727f3c","Parque Guilherme Lage","https://prefeitura.pbh.gov.br/fundacao-de-parques-e-zoobotanica/conheca-os-parques","false","https://tysnkzmljlmmqpbotkxv.supabase.co/storage/v1/object/public/travel-app-images/ChIJG7qfX-yapgARWbfe202WzkM/ChIJG7qfX-yapgARWbfe202WzkM_1751578773440_1.jpg","","unknown","","","No suitable images found on website"
"52b2f308-d166-4f1d-801d-1452cb2eee0c","Quilombo Dona Bilina","https://ecomuseuquilombodonabilina.com.br/","true","https://tysnkzmljlmmqpbotkxv.supabase.co/storage/v1/object/public/travel-app-images/ChIJ9d_221LnmwARAWUgN4Q-Eig/ChIJ9d_221LnmwARAWUgN4Q-Eig_1754502066336_1.jpg","https://tysnkzmljlmmqpbotkxv.supabase.co/storage/v1/object/public/travel-app-images/website-52b2f308/quilombo-dona-bilina-img2422-1757539277658-1.jpg","unknown","website","18",""
"a6ea5cb6-41ea-43c4-81d8-1375f66fe049","Parque Shopping Sulacap","http://parqueshoppingsulacap.com.br/","true","https://tysnkzmljlmmqpbotkxv.supabase.co/storage/v1/object/public/travel-app-images/ChIJr7qtAgFimQARqyBSKgABeAU/ChIJr7qtAgFimQARqyBSKgABeAU_1754503293383_1.jpg","https://tysnkzmljlmmqpbotkxv.supabase.co/storage/v1/object/public/travel-app-images/website-a6ea5cb6/parque-shopping-sulacap-della-delle-1757539286257-1.jpg","unknown","website","16",""
"98d91ae9-af48-4ad6-8737-3f459e6b468b","Reserva Marapendi","http://www.rio.rj.gov.br/","true","https://tysnkzmljlmmqpbotkxv.supabase.co/storage/v1/object/public/travel-app-images/ChIJm-u7DgnbmwARVoz1SH-E8CQ/ChIJm-u7DgnbmwARVoz1SH-E8CQ_1754503562927_1.jpg","https://tysnkzmljlmmqpbotkxv.supabase.co/storage/v1/object/public/travel-app-images/website-98d91ae9/reserva-marapendi-website-image-1757539286119-1.jpg","unknown","website","5",""
"56314cc1-2e50-4a2e-a938-4831568e0f5b","ICICT - Instituto de Comunicação e Informação Científica e Tecnológica em Saúde (Fiocruz)","https://www.icict.fiocruz.br/","true","https://tysnkzmljlmmqpbotkxv.supabase.co/storage/v1/object/public/travel-app-images/ChIJ-3cD6KR-mQARN1RUm0YkELM/ChIJ-3cD6KR-mQARN1RUm0YkELM_1754505545140_1.jpg","https://tysnkzmljlmmqpbotkxv.supabase.co/storage/v1/object/public/travel-app-images/website-56314cc1/icict-instituto-de-comunicao-e-informao-cientfica--inscries-abertas-para-curso-gr-1757539290642-1.jpg","unknown","website","11",""
"ad6103eb-f4e0-4aa9-8b72-4c439830290f","Memorial Getúlio Vargas","https://pt.wikipedia.org/wiki/Memorial_Get%C3%BAlio_Vargas","true","https://tysnkzmljlmmqpbotkxv.supabase.co/storage/v1/object/public/travel-app-images/ChIJLXS4CtaBmQARX0sarKhemzs/ChIJLXS4CtaBmQARX0sarKhemzs_1754579157429_1.jpg","https://tysnkzmljlmmqpbotkxv.supabase.co/storage/v1/object/public/travel-app-images/website-ad6103eb/memorial-getlio-vargas-website-image-1757539290992-1.jpg","unknown","website","2",""
"70ef59bf-9e14-4334-8b32-84ec2a7f29b7","Praça da República - Campo de Santana","http://www.rio.rj.gov.br/web/fpj/exibeconteudo?id=4203019","false","https://tysnkzmljlmmqpbotkxv.supabase.co/storage/v1/object/public/travel-app-images/ChIJ-SApQ2l_mQARnALEEfr3Yy8/ChIJ-SApQ2l_mQARnALEEfr3Yy8_1754578533400_1.jpg","","unknown","","","No suitable images found on website"
"a00e3737-d09f-4984-aeee-8fd5514c733f","Praça do Parque Guará","http://lotesparqueguara.com.br/","false","https://tysnkzmljlmmqpbotkxv.supabase.co/storage/v1/object/public/travel-app-images/ChIJPSI_e8vvmwARCEdXHgwBZWw/ChIJPSI_e8vvmwARCEdXHgwBZWw_1754501052731_1.jpg","","unknown","","","Edge function error: 500 Internal Server Error - {"error":"Failed to extract website image","details":"error sending request for url (http://lotesparqueguara.com.br/): client error (Connect): dns error: failed to lookup address information: Name or service not known: failed to lookup address information: Name or service not known"}"
"79e20213-40a1-445b-a1ff-50744627549a","Parque das Figueiras","https://www.facebook.com/ParquedasFigueirasLagoaRJ/","true","https://tysnkzmljlmmqpbotkxv.supabase.co/storage/v1/object/public/travel-app-images/ChIJ3zIkgKbVmwARU3H5Xncvok4/ChIJ3zIkgKbVmwARU3H5Xncvok4_1754580780132_1.jpg","https://tysnkzmljlmmqpbotkxv.supabase.co/storage/v1/object/public/travel-app-images/website-79e20213/parque-das-figueiras-background-image-1757539301558-1.jpg","unknown","website","1",""
"7e5d0597-d0b5-4de4-b0e8-b49bc7eb0c7a","Mirante do Caeté","https://prefeitura.rio/meio-ambiente/trilha-do-mirante-do-caete-na-prainha-agora-tem-agendamento-virtual/","true","https://tysnkzmljlmmqpbotkxv.supabase.co/storage/v1/object/public/travel-app-images/ChIJ82C7ajbomwARAKmZ_qTM2j4/ChIJ82C7ajbomwARAKmZ_qTM2j4_1754502345757_1.jpg","https://tysnkzmljlmmqpbotkxv.supabase.co/storage/v1/object/public/travel-app-images/website-7e5d0597/mirante-do-caet-website-image-1757539303456-1.jpg","unknown","website","34",""
"26dd9416-4280-445d-8db6-a8b98459524b","Museu da Humanidade - IPHARJ","https://m.facebook.com/pages/category/Organization/Ipharj-Arqueologia-1602865879990971/?locale2=pt_BR","false","https://tysnkzmljlmmqpbotkxv.supabase.co/storage/v1/object/public/travel-app-images/ChIJx6s51_BjmQAR8NuJuD0n5kE/ChIJx6s51_BjmQAR8NuJuD0n5kE_1754502944732_1.jpg","","unknown","","","No suitable images found on website"
"ec653824-58bb-472b-8b78-bdf6e806aa37","Paróquia Nossa Senhora da Conceição - Gávea","http://pt-br.facebook.com/pascomgavea","true","https://tysnkzmljlmmqpbotkxv.supabase.co/storage/v1/object/public/travel-app-images/ChIJ3eiyCLrVmwARNN7vm-NCU2I/ChIJ3eiyCLrVmwARNN7vm-NCU2I_1754579592223_1.jpg","https://tysnkzmljlmmqpbotkxv.supabase.co/storage/v1/object/public/travel-app-images/website-ec653824/parquia-nossa-senhora-da-conceio-gvea-background-image-1757539308110-1.jpg","unknown","website","1",""
"5aedf452-ca9a-4fc9-92d2-63fcc690b734","Ecomuseu Fazenda Viegas","https://www.instagram.com/ecomuseufazendaviegas/","false","https://tysnkzmljlmmqpbotkxv.supabase.co/storage/v1/object/public/travel-app-images/ChIJW3JCyljhmwAREIoU4_ddbaw/ChIJW3JCyljhmwAREIoU4_ddbaw_1754502071049_1.jpg","","unknown","","","Edge function error: 500 Internal Server Error - {"error":"Failed to extract website image","details":"HTTP 429: Too Many Requests"}"
"b7e8fb66-22b4-4ccd-abcf-a1a12a62a886","Parque Natural Municipal da Catacumba","https://lagoaaventuras.com.br/parque-da-catacumba/","true","https://tysnkzmljlmmqpbotkxv.supabase.co/storage/v1/object/public/travel-app-images/ChIJq66Bcm3VmwARJXdwGtJWmjc/ChIJq66Bcm3VmwARJXdwGtJWmjc_1754579312914_1.jpg","https://tysnkzmljlmmqpbotkxv.supabase.co/storage/v1/object/public/travel-app-images/website-b7e8fb66/parque-natural-municipal-da-catacumba-website-image-1757539314134-1.jpg","unknown","website","8",""
"a0ca44f7-36e4-47e9-ad02-e24940899cf6","Cemitério do Murundu","http://www.concessionariareviver.com.br/","true","https://tysnkzmljlmmqpbotkxv.supabase.co/storage/v1/object/public/travel-app-images/ChIJfcf8iZzfmwARkzO_WsO1E-c/ChIJfcf8iZzfmwARkzO_WsO1E-c_1754503265739_1.jpg","https://tysnkzmljlmmqpbotkxv.supabase.co/storage/v1/object/public/travel-app-images/website-a0ca44f7/cemitrio-do-murundu-website-image-1757539318412-1.jpg","unknown","website","28",""
"a534c8c2-d3a7-45dc-b974-e540983cfa61","Shopping Tijuca","http://www.shoppingtijuca.com/","true","https://tysnkzmljlmmqpbotkxv.supabase.co/storage/v1/object/public/travel-app-images/ChIJAQAsrmt-mQARtdN46KDhAwI/ChIJAQAsrmt-mQARtdN46KDhAwI_1754579160883_1.jpg","https://tysnkzmljlmmqpbotkxv.supabase.co/storage/v1/object/public/travel-app-images/website-a534c8c2/shopping-tijuca-website-image-1757539319165-1.jpg","unknown","website","9",""
"e247e5f8-4a2f-4649-b074-90058921c15b","Igreja de Santo Afonso","https://santoafonsorj.org.br/","false","https://tysnkzmljlmmqpbotkxv.supabase.co/storage/v1/object/public/travel-app-images/ChIJLU5n92p-mQAR7ckqwKAtWR0/ChIJLU5n92p-mQAR7ckqwKAtWR0_1754578875177_1.jpg","","unknown","","","Edge function error: 500 Internal Server Error - {"error":"Failed to extract website image","details":"HTTP 500: Internal Server Error"}"
"465e403e-5732-4fe8-b33d-2e2e3dc79e2e","Paróquia Cristo Redentor","http://cristoredentor-rj.com.br/","true","https://tysnkzmljlmmqpbotkxv.supabase.co/storage/v1/object/public/travel-app-images/ChIJs5EwP5V_mQAR9MSoFjcZE7o/ChIJs5EwP5V_mQAR9MSoFjcZE7o_1754579605371_1.jpg","https://tysnkzmljlmmqpbotkxv.supabase.co/storage/v1/object/public/travel-app-images/website-465e403e/parquia-cristo-redentor-queda-do-pinheiro-da-parquia-1757539326486-1.jpg","unknown","website","45",""
"e2f6792a-fe63-4546-8d50-1a41bf32519d","Museu das Remoções","https://museudasremocoes.com/","true","https://tysnkzmljlmmqpbotkxv.supabase.co/storage/v1/object/public/travel-app-images/ChIJl7CAFADbmwARBpuT-gmDZnA/ChIJl7CAFADbmwARBpuT-gmDZnA_1754503606855_1.jpg","https://tysnkzmljlmmqpbotkxv.supabase.co/storage/v1/object/public/travel-app-images/website-e2f6792a/museu-das-remoes-dsc02071-1757539332180-1.jpg","unknown","website","2",""
"4e140f2b-b958-4e6c-a34a-3e3950c1b5de","Hospital São Vicente de Paulo","http://www.hsvp.org.br/","true","https://tysnkzmljlmmqpbotkxv.supabase.co/storage/v1/object/public/travel-app-images/ChIJs-tIy1R-mQARnkS-x4TuVP0/ChIJs-tIy1R-mQARnkS-x4TuVP0_1754579132351_1.jpg","https://tysnkzmljlmmqpbotkxv.supabase.co/storage/v1/object/public/travel-app-images/website-4e140f2b/hospital-so-vicente-de-paulo-website-image-1757539333575-1.jpg","unknown","website","8",""
"2906b616-7071-44fb-b8df-849c35305c26","Fundição Progresso","http://www.fundicaoprogresso.com.br/","false","https://tysnkzmljlmmqpbotkxv.supabase.co/storage/v1/object/public/travel-app-images/ChIJf1woiGR_mQARyXRjaTaeIBc/ChIJf1woiGR_mQARyXRjaTaeIBc_1754578544427_1.jpg","","unknown","","","Edge function error: 500 Internal Server Error - {"error":"Failed to extract website image","details":"error sending request for url (https://www.fundicaoprogresso.com.br/): client error (Connect): Connection reset by peer (os error 104)"}"
"e53246f7-ddef-4a3f-a223-02c372d4b805","Museu do Jardim Botânico","https://www.gov.br/jbrj/pt-br/assuntos/museu-do-jardim-botanico/museu","false","https://tysnkzmljlmmqpbotkxv.supabase.co/storage/v1/object/public/travel-app-images/ChIJy8ZhM6PVmwAR_SLwUurmA3k/ChIJy8ZhM6PVmwAR_SLwUurmA3k_1754579478973_1.jpg","","unknown","","","No suitable images found on website"
"2de95d02-0583-4f9b-9812-e57d16f97677","Praia de Fora","http://www.ccfex.ensino.eb.br/","false","https://tysnkzmljlmmqpbotkxv.supabase.co/storage/v1/object/public/travel-app-images/ChIJ3w40mziAmQARoE2BZngTZmM/ChIJ3w40mziAmQARoE2BZngTZmM_1754580096212_1.jpg","","unknown","","","Edge function error: 500 Internal Server Error - {"error":"Failed to extract website image","details":"error sending request for url (http://www.ccfex.ensino.eb.br/): client error (Connect): dns error: failed to lookup address information: Name or service not known: failed to lookup address information: Name or service not known"}"
"ae77ced3-b139-4775-ba68-599308018d5e","Pista Cláudio Coutinho","https://www.monapaodeacucar.com/","true","https://tysnkzmljlmmqpbotkxv.supabase.co/storage/v1/object/public/travel-app-images/ChIJhfHFqBCAmQARf7nhLn84RcY/ChIJhfHFqBCAmQARf7nhLn84RcY_1754580047557_1.jpg","https://tysnkzmljlmmqpbotkxv.supabase.co/storage/v1/object/public/travel-app-images/website-ae77ced3/pista-cludio-coutinho-background-image-1757539342061-1.jpg","unknown","website","2",""
"76e1410c-e1fd-45a5-a783-9ed4cb5fdefa","Mirante do Joá","http://www.rio.rj.gov.br/","true","https://tysnkzmljlmmqpbotkxv.supabase.co/storage/v1/object/public/travel-app-images/ChIJzTCBaSnRmwARVS9lJeo25II/ChIJzTCBaSnRmwARVS9lJeo25II_1754508823492_1.jpg","https://tysnkzmljlmmqpbotkxv.supabase.co/storage/v1/object/public/travel-app-images/website-76e1410c/mirante-do-jo-website-image-1757539346427-1.jpg","unknown","website","5",""
"5b27a74e-4b5b-4907-9130-3b977cca32c6","Museu Histórico Nacional","http://mhn.museus.gov.br/","true","https://tysnkzmljlmmqpbotkxv.supabase.co/storage/v1/object/public/travel-app-images/ChIJc5UuIlB-mQARuJ6ILEVPxVQ/ChIJc5UuIlB-mQARuJ6ILEVPxVQ_1754581118258_1.jpg","https://tysnkzmljlmmqpbotkxv.supabase.co/storage/v1/object/public/travel-app-images/website-5b27a74e/museu-histrico-nacional-museu-histrico-nacional-1757539347490-1.jpg","unknown","website","4",""
"0b1cd056-2a10-4d45-a059-6990a00f37b4","Monumento Natural dos Morros do Pão de Açúcar e da Urca","http://www.monapaodeacucar.com/","true","https://tysnkzmljlmmqpbotkxv.supabase.co/storage/v1/object/public/travel-app-images/ChIJL1eUcj6AmQAR6bpebtMpFpU/ChIJL1eUcj6AmQAR6bpebtMpFpU_1754580044549_1.jpg","https://tysnkzmljlmmqpbotkxv.supabase.co/storage/v1/object/public/travel-app-images/website-0b1cd056/monumento-natural-dos-morros-do-po-de-acar-e-da-ur-background-image-1757539352695-1.jpg","unknown","website","2",""
"ce712cdd-5186-422a-9b77-b03808cccd33","Estação ferroviária Matadouro-VELHA, E.F.Don Pedro II.","http://www.estacoesferroviarias.com.br/efcb_rj_mangaratiba/matadouro.htm","true","https://tysnkzmljlmmqpbotkxv.supabase.co/storage/v1/object/public/travel-app-images/ChIJt5Nt0bX7mwAR5kjqj5JxuXw/ChIJt5Nt0bX7mwAR5kjqj5JxuXw_1754499655371_1.jpg","https://tysnkzmljlmmqpbotkxv.supabase.co/storage/v1/object/public/travel-app-images/website-ce712cdd/estao-ferroviria-matadourovelha-efdon-pedro-ii-website-image-1757539352204-1.jpg","unknown","website","34",""
"f34d9037-2157-4f20-8a14-ad822d4f1fd3","Museu Aeroterrestre","https://cadastro.museus.gov.br/museus/museu-aeroterrestre/","true","https://tysnkzmljlmmqpbotkxv.supabase.co/storage/v1/object/public/travel-app-images/ChIJEcB8nQxjmQARmXvBN-hIE8k/ChIJEcB8nQxjmQARmXvBN-hIE8k_1754503240642_1.jpg","https://tysnkzmljlmmqpbotkxv.supabase.co/storage/v1/object/public/travel-app-images/website-f34d9037/museu-aeroterrestre-website-image-1757539358224-1.jpg","unknown","website","30",""
"2190c2ff-61de-493d-b96d-98cb6dcea2cf","Museu Casa do Marechal Deodoro","http://www.mhexfc.eb.mil.br/pt-br/chdeodoro.html","false","https://tysnkzmljlmmqpbotkxv.supabase.co/storage/v1/object/public/travel-app-images/ChIJVeyLlmt_mQARayRTDaaPuO8/ChIJVeyLlmt_mQARayRTDaaPuO8_1754578707274_1.jpg","","unknown","","","Edge function error: 500 Internal Server Error - {"error":"Failed to extract website image","details":"error sending request for url (https://www.mhexfc.eb.mil.br/pt-br/chdeodoro.html): client error (Connect): invalid peer certificate: Expired"}"
"486e69f6-8f78-49a2-a0aa-dc7d9e760854","Paróquia Nossa Senhora do Desterro","http://www.paroquiansradodesterro.com.br/","true","https://tysnkzmljlmmqpbotkxv.supabase.co/storage/v1/object/public/travel-app-images/ChIJiS-pGv7jmwARe0gTSf5JE-0/ChIJiS-pGv7jmwARe0gTSf5JE-0_1754501540172_1.jpg","https://tysnkzmljlmmqpbotkxv.supabase.co/storage/v1/object/public/travel-app-images/website-486e69f6/parquia-nossa-senhora-do-desterro-website-image-1757539364741-1.jpg","unknown","website","6",""
"44f096d7-2d9e-4930-a9e8-42f643b8b1a1","Museu de Astronomia e Ciências Afins","http://www.mast.br/","true","https://tysnkzmljlmmqpbotkxv.supabase.co/storage/v1/object/public/travel-app-images/ChIJzyDl_eV-mQAReMW7fLq8c1o/ChIJzyDl_eV-mQAReMW7fLq8c1o_1754578658131_1.jpg","https://tysnkzmljlmmqpbotkxv.supabase.co/storage/v1/object/public/travel-app-images/website-44f096d7/museu-de-astronomia-e-cincias-afins-website-image-1757539363493-1.jpg","unknown","website","20",""
"525e870f-0743-4b80-9be1-bba4c484fe41","Museu do Pontal","https://museudopontal.org.br/","true","https://tysnkzmljlmmqpbotkxv.supabase.co/storage/v1/object/public/travel-app-images/ChIJDQM6TnfbmwARGI1rcVu80yA/ChIJDQM6TnfbmwARGI1rcVu80yA_1754503590308_1.jpg","https://tysnkzmljlmmqpbotkxv.supabase.co/storage/v1/object/public/travel-app-images/website-525e870f/museu-do-pontal-website-image-1757539369272-1.jpg","unknown","website","15",""
"f47f3b71-5085-4003-9866-852b4ac19cbe","Museu do Samba","http://museudosamba.org.br/","false","https://tysnkzmljlmmqpbotkxv.supabase.co/storage/v1/object/public/travel-app-images/ChIJGx7BXoh-mQARK_B4SbrTjTI/ChIJGx7BXoh-mQARK_B4SbrTjTI_1754578661604_1.jpg","","unknown","","","No suitable images found on website"
"5cde6e11-94a7-4a4c-94f3-6ade18726c8b","Praia de Dentro","http://www.rio.rj.gov.br/","true","https://tysnkzmljlmmqpbotkxv.supabase.co/storage/v1/object/public/travel-app-images/ChIJ_bpPrDmAmQAR6yoeYYxRZio/ChIJ_bpPrDmAmQAR6yoeYYxRZio_1754579995808_1.jpg","https://tysnkzmljlmmqpbotkxv.supabase.co/storage/v1/object/public/travel-app-images/website-5cde6e11/praia-de-dentro-website-image-1757539373970-1.jpg","unknown","website","5",""
"a983f59b-9491-4731-9c8d-f5a550b956da","Arquivo Nacional (Antiga Casa da Moeda)","http://www.arquivonacional.gov.br/","true","https://tysnkzmljlmmqpbotkxv.supabase.co/storage/v1/object/public/travel-app-images/ChIJe9cDTGp_mQARQb9bmMSDOiA/ChIJe9cDTGp_mQARQb9bmMSDOiA_1754579150797_1.jpg","https://tysnkzmljlmmqpbotkxv.supabase.co/storage/v1/object/public/travel-app-images/website-a983f59b/arquivo-nacional-antiga-casa-da-moeda-arquivo-nacional-apresenta-ent-1757539374259-1.jpg","unknown","website","11",""
"d8762c4d-9937-4240-a77f-6d2249e5c28a","Escola de Artes Visuais do Parque Lage","http://www.eavparquelage.rj.gov.br/","true","https://tysnkzmljlmmqpbotkxv.supabase.co/storage/v1/object/public/travel-app-images/ChIJsSOo-HfVmwAR157C74MjbNU/ChIJsSOo-HfVmwAR157C74MjbNU_1754579525737_1.jpg","https://tysnkzmljlmmqpbotkxv.supabase.co/storage/v1/object/public/travel-app-images/website-d8762c4d/escola-de-artes-visuais-do-parque-lage-website-image-1757539379299-1.jpg","unknown","website","14",""
"76ad67a6-0b65-4f3b-b757-b4a06802090f","Parque Natural Municipal Marapendi","http://visit.rio/que_fazer/parque-natural-municipal-de-marapendi/","false","https://tysnkzmljlmmqpbotkxv.supabase.co/storage/v1/object/public/travel-app-images/ChIJjY1dLindmwARnO0fRCYKT-I/ChIJjY1dLindmwARnO0fRCYKT-I_1754503532463_1.jpg","","unknown","","","Edge function error: 500 Internal Server Error - {"error":"Failed to extract website image","details":"HTTP 404: Not Found"}"
"098e92bc-b0b4-478c-8b3b-64c3af69edfc","Biblioteca Central","http://www.dbd.puc-rio.br/","false","https://tysnkzmljlmmqpbotkxv.supabase.co/storage/v1/object/public/travel-app-images/ChIJsbGi_LXVmwARRKS2lsEJB7Y/ChIJsbGi_LXVmwARRKS2lsEJB7Y_1754579798664_1.jpg","","unknown","","","No suitable images found on website"
"09d1df31-55ad-4da1-904a-ea6c88dc4307","Basílica Imaculada Conceição","https://www.facebook.com/basilicadaimaculadarj","true","https://tysnkzmljlmmqpbotkxv.supabase.co/storage/v1/object/public/travel-app-images/ChIJa07GLPN_mQAR8z5UnAUA-ds/ChIJa07GLPN_mQAR8z5UnAUA-ds_1754580002804_1.jpg","https://tysnkzmljlmmqpbotkxv.supabase.co/storage/v1/object/public/travel-app-images/website-09d1df31/baslica-imaculada-conceio-background-image-1757539388611-1.jpg","unknown","website","1",""
"f523e9eb-786d-4a05-ac83-cba784283908","Barra Garden Shopping","http://www.barragarden.com.br/","true","https://tysnkzmljlmmqpbotkxv.supabase.co/storage/v1/object/public/travel-app-images/ChIJ29kG7xTamwARirE09XS3ZZ4/ChIJ29kG7xTamwARirE09XS3ZZ4_1754506204880_1.jpg","https://tysnkzmljlmmqpbotkxv.supabase.co/storage/v1/object/public/travel-app-images/website-f523e9eb/barra-garden-shopping-website-image-1757539401466-1.jpg","unknown","website","66",""
"ec138ba5-3876-4b2b-8c4a-709dcca0e0ff","Paróquia Santa Cecília","http://santacecilia.org.br/","true","https://tysnkzmljlmmqpbotkxv.supabase.co/storage/v1/object/public/travel-app-images/ChIJubpVpfx_mQARPrx4AX1El04/ChIJubpVpfx_mQARPrx4AX1El04_1754579598452_1.jpg","https://tysnkzmljlmmqpbotkxv.supabase.co/storage/v1/object/public/travel-app-images/website-ec138ba5/parquia-santa-ceclia-eucaristia-7-1757539397976-1.jpg","unknown","website","3",""
"01cd3353-6ff3-4191-804f-c8430772a690","Copacabana Palace, A Belmond Hotel","https://www.belmond.com/hotels/south-america/brazil/rio-de-janeiro/belmond-copacabana-palace/?utm_source=local_search&utm_medium=link&utm_campaign=google_business","true","https://tysnkzmljlmmqpbotkxv.supabase.co/storage/v1/object/public/travel-app-images/ChIJjZJPDlTVmwARroitzBhRLu8/ChIJjZJPDlTVmwARroitzBhRLu8_1754580223995_1.jpg","https://tysnkzmljlmmqpbotkxv.supabase.co/storage/v1/object/public/travel-app-images/website-01cd3353/copacabana-palace-a-belmond-hotel-black-and-white-shot-of-a-lady-1757539406268-1.jpg","unknown","website","12",""
"c48fa2bc-5a70-40f3-a38f-3faa0eef4d37","Estátua de Carlos Drummond de Andrade","http://aorracer.com/20004253/estatua-de-carlos-drummond-de-andrade","false","https://tysnkzmljlmmqpbotkxv.supabase.co/storage/v1/object/public/travel-app-images/ChIJLRlF9jvVmwARyOR9aub6a9E/ChIJLRlF9jvVmwARyOR9aub6a9E_1754579303558_1.jpg","","unknown","","","No suitable images found on website"
"1ce71962-ec2f-4ca0-9d7c-28f68659caf9","Paróquia Santa Teresinha do Menino Jesus","https://www.instagram.com/santateresinhabotafogo/","false","https://tysnkzmljlmmqpbotkxv.supabase.co/storage/v1/object/public/travel-app-images/ChIJy8lQ5vl_mQARXBsCNvutQjg/ChIJy8lQ5vl_mQARXBsCNvutQjg_1754579602528_1.jpg","","unknown","","","Edge function error: 500 Internal Server Error - {"error":"Failed to extract website image","details":"HTTP 429: Too Many Requests"}"
"4e158707-4f04-4208-886d-2dc482da5481","Museu de Favela - MUF","http://www.museudefavela.org/","true","https://tysnkzmljlmmqpbotkxv.supabase.co/storage/v1/object/public/travel-app-images/ChIJjbYflRbVmwARqdumlEFpatM/ChIJjbYflRbVmwARqdumlEFpatM_1754579461554_1.jpg","https://tysnkzmljlmmqpbotkxv.supabase.co/storage/v1/object/public/travel-app-images/website-4e158707/museu-de-favela-muf-website-image-1757539413647-1.jpg","unknown","website","3",""
"8949a7d3-9d2b-4ba3-a71e-6659fa588aa9","Museu Nacional dos Povos Indígenas ","http://www.museudoindio.gov.br/","true","https://tysnkzmljlmmqpbotkxv.supabase.co/storage/v1/object/public/travel-app-images/ChIJcfB2-eZ_mQARrjXJeJ7Ni-s/ChIJcfB2-eZ_mQARrjXJeJ7Ni-s_1754579475343_1.jpg","https://tysnkzmljlmmqpbotkxv.supabase.co/storage/v1/object/public/travel-app-images/website-8949a7d3/museu-nacional-dos-povos-indgenas--museufunai-participa-de-seminr-1757539419074-1.jpg","unknown","website","14",""
"2aa9713f-50a3-4cf7-bee5-22a0e266106a","Parque Municipal Peter Pan","http://www.rio.rj.gov.br/","true","https://tysnkzmljlmmqpbotkxv.supabase.co/storage/v1/object/public/travel-app-images/ChIJ5Quk2j3VmwAR8Sst25W4QAY/ChIJ5Quk2j3VmwAR8Sst25W4QAY_1754579306591_1.jpg","https://tysnkzmljlmmqpbotkxv.supabase.co/storage/v1/object/public/travel-app-images/website-2aa9713f/parque-municipal-peter-pan-website-image-1757539418335-1.jpg","unknown","website","5",""
"8de455ef-388d-4d15-a838-f725ec39fd95","Paróquia Nossa Senhora do Brasil","http://www.igrejanossasenhoradobrasil.com.br/","true","https://tysnkzmljlmmqpbotkxv.supabase.co/storage/v1/object/public/travel-app-images/ChIJNUGZqCKAmQART1QJ_RbG1jg/ChIJNUGZqCKAmQART1QJ_RbG1jg_1754580021144_1.jpg","https://tysnkzmljlmmqpbotkxv.supabase.co/storage/v1/object/public/travel-app-images/website-8de455ef/parquia-nossa-senhora-do-brasil-slide-background-1757539427839-1.jpg","unknown","website","19",""
"adfdd3cb-5739-482f-bf65-989fb94c6b84","Instituto de Geografia e História Militar do Brasil","http://www.ighmb.org.br/","false","https://tysnkzmljlmmqpbotkxv.supabase.co/storage/v1/object/public/travel-app-images/ChIJVeyLlmt_mQARvbMjnpnD-GU/ChIJVeyLlmt_mQARvbMjnpnD-GU_1754581115338_1.jpg","","unknown","","","No suitable images found on website"
"f6088a19-afa5-4ce2-bbeb-e060fa33dabf","Pier da Barra","http://www.rio.rj.gov.br/","true","https://tysnkzmljlmmqpbotkxv.supabase.co/storage/v1/object/public/travel-app-images/ChIJZaKMUNzQmwAR9LM4FeGV-Rw/ChIJZaKMUNzQmwAR9LM4FeGV-Rw_1754506500983_1.jpg","https://tysnkzmljlmmqpbotkxv.supabase.co/storage/v1/object/public/travel-app-images/website-f6088a19/pier-da-barra-website-image-1757539432617-1.jpg","unknown","website","5",""
"066c592d-e189-412a-8598-0d973c7e76e1","Shopping Leblon","https://shoppingleblon.com.br/","true","https://tysnkzmljlmmqpbotkxv.supabase.co/storage/v1/object/public/travel-app-images/ChIJrzNrEanVmwARqMQNDNynlXY/ChIJrzNrEanVmwARqMQNDNynlXY_1754580969730_1.jpg","https://tysnkzmljlmmqpbotkxv.supabase.co/storage/v1/object/public/travel-app-images/website-066c592d/shopping-leblon-website-image-1757539432685-1.jpg","unknown","website","4",""
"c055be12-2b64-43bd-8f64-d42ef2a9287d","Casa de Cultura Laura Alvim","https://www.rj.gov.br/casadeculturalauraalvim/","false","https://tysnkzmljlmmqpbotkxv.supabase.co/storage/v1/object/public/travel-app-images/ChIJyTe6JRrVmwARu94r673Vv2Y/ChIJyTe6JRrVmwARu94r673Vv2Y_1754579295207_1.jpg","","unknown","","","Edge function error: 500 Internal Server Error - {"error":"Failed to extract website image","details":"Failed to download image: 404 Not Found"}"
"48b85d03-30c9-4231-b697-bd469037f1dc","Igreja Metodista","http://www.metodista.org.br/","false","https://tysnkzmljlmmqpbotkxv.supabase.co/storage/v1/object/public/travel-app-images/ChIJ17grHZzVmwAREKTrBEbyEs8/ChIJ17grHZzVmwAREKTrBEbyEs8_1754579608476_1.jpg","","unknown","","","No suitable images found on website"
"0cd51ec9-2277-4e2e-91fb-2bdfa429449a","Paróquia de Santa Margarida Maria","http://santamargaridamaria.com.br/","true","https://tysnkzmljlmmqpbotkxv.supabase.co/storage/v1/object/public/travel-app-images/ChIJJX7YLGXVmwAReKJRvpxYnU4/ChIJJX7YLGXVmwAReKJRvpxYnU4_1754579595582_1.jpg","https://tysnkzmljlmmqpbotkxv.supabase.co/storage/v1/object/public/travel-app-images/website-0cd51ec9/parquia-de-santa-margarida-maria-background-image-1757539441745-1.jpg","unknown","website","2",""
"65deba69-253d-4cdb-ab5c-b7dc5bfc0b03","Museu Judaico do Rio de Janeiro","http://www.museujudaico.org.br/","false","https://tysnkzmljlmmqpbotkxv.supabase.co/storage/v1/object/public/travel-app-images/ChIJvbI9gN-BmQARPMdP5z8GY68/ChIJvbI9gN-BmQARPMdP5z8GY68_1754581080488_1.jpg","","unknown","","","No suitable images found on website"