Attraction_ID,Attraction_Name,Success,Old_Image_URL,New_Image_URL,Old_Source,New_Source,Images_Found,Error
"5c7a1a89-dd86-4327-ba54-38279cc478af","Iglesia de los Hogares Mundet","true","https://tysnkzmljlmmqpbotkxv.supabase.co/storage/v1/object/public/travel-app-images/wikipedia-5c7a1a89/iglesia-de-los-hogares-mundet-fitxeravesvg-1757529786156-1.svg","https://tysnkzmljlmmqpbotkxv.supabase.co/storage/v1/object/public/travel-app-images/wikidata-5c7a1a89/iglesia-de-los-hogares-mundet-filebarcelona-metro--1757531538110-1.jpg","wikipedia","wikidata","1",""
"f326bbd7-e78f-4a2b-8b0f-fdb68dacf65f","Spotify Camp Nou","true","https://tysnkzmljlmmqpbotkxv.supabase.co/storage/v1/object/public/travel-app-images/wikipedia-f326bbd7/spotify-camp-nou-filebcnestadiolimpic-1757529793587-1.jpg","https://tysnkzmljlmmqpbotkxv.supabase.co/storage/v1/object/public/travel-app-images/wikidata-f326bbd7/spotify-camp-nou-filecamp-nou-aerial--1757531537833-1.jpg","wikipedia","wikidata","1",""
"61ca0a15-3643-45f4-a9ac-75f82bc7bd37","Museu de la Música de Barcelona","true","https://tysnkzmljlmmqpbotkxv.supabase.co/storage/v1/object/public/travel-app-images/wikipedia-61ca0a15/museu-de-la-msica-de-barcelona-fitxerarbcom-ru-edit-1757529793527-1.svg","https://tysnkzmljlmmqpbotkxv.supabase.co/storage/v1/object/public/travel-app-images/wikidata-61ca0a15/museu-de-la-msica-de-barcelona-filefaana-del-museu--1757531538436-1.jpg","wikipedia","wikidata","1",""
"778c3192-a756-4cc7-8598-0ab0aba04026","Mercado de La Boqueria","true","https://tysnkzmljlmmqpbotkxv.supabase.co/storage/v1/object/public/travel-app-images/wikipedia-778c3192/mercado-de-la-boqueria-fitxer394-la-boqueri-1757529808502-1.jpg","https://tysnkzmljlmmqpbotkxv.supabase.co/storage/v1/object/public/travel-app-images/wikidata-778c3192/mercado-de-la-boqueria-filefront-of-mercat--1757531544746-1.jpg","wikipedia","wikidata","1",""
"b3ae3f8e-39b0-4621-ba7b-d4aa514b31ec","L'Aquàrium de Barcelona","true","https://tysnkzmljlmmqpbotkxv.supabase.co/storage/v1/object/public/travel-app-images/wikipedia-b3ae3f8e/laqurium-de-barcelona-fitxerarbcom-ru-edit-1757529815054-1.svg","https://tysnkzmljlmmqpbotkxv.supabase.co/storage/v1/object/public/travel-app-images/wikidata-b3ae3f8e/laqurium-de-barcelona-filequeen-angelfish--1757531545120-1.jpg","wikipedia","wikidata","2",""
"069110d9-6638-43b5-8a62-1a4c70b92266","Museo Frederic Marès","true","https://tysnkzmljlmmqpbotkxv.supabase.co/storage/v1/object/public/travel-app-images/wikipedia-069110d9/museo-frederic-mars-fitxerarbcom-ru-edit-1757529815367-1.svg","https://tysnkzmljlmmqpbotkxv.supabase.co/storage/v1/object/public/travel-app-images/wikidata-069110d9/museo-frederic-mars-fileentrada-museu-fr-1757531544688-1.jpg","wikipedia","wikidata","1",""
"3c9f7e6d-c7e1-4199-97fe-000bc6b177af","Plaza de Tetuán","true","https://tysnkzmljlmmqpbotkxv.supabase.co/storage/v1/object/public/travel-app-images/wikipedia-3c9f7e6d/plaza-de-tetun-fitxeravegsvg-1757529821612-1.svg","https://tysnkzmljlmmqpbotkxv.supabase.co/storage/v1/object/public/travel-app-images/wikidata-3c9f7e6d/plaza-de-tetun-fileestaci-de-tetuan-1757531551280-1.jpg","wikipedia","wikidata","1",""
"db33d6a2-3181-4cb7-b766-363356ca934b","Parroquia de San Pedro de las Puel·las","true","https://tysnkzmljlmmqpbotkxv.supabase.co/storage/v1/object/public/travel-app-images/wikipedia-db33d6a2/parroquia-de-san-pedro-de-las--fitxerarbcom-ru-edit-1757529834318-1.svg","https://tysnkzmljlmmqpbotkxv.supabase.co/storage/v1/object/public/travel-app-images/wikidata-db33d6a2/parroquia-de-san-pedro-de-las--filebasilique-ste-ma-1757531552524-1.jpg","wikipedia","wikidata","1",""
"5ac78dd4-7329-4a7e-86c5-fbf5b2e367ec","Playa de la Barceloneta","true","https://tysnkzmljlmmqpbotkxv.supabase.co/storage/v1/object/public/travel-app-images/wikipedia-5ac78dd4/playa-de-la-barceloneta-fitxerarbcom-ru-edit-1757529834374-1.svg","https://tysnkzmljlmmqpbotkxv.supabase.co/storage/v1/object/public/travel-app-images/wikidata-5ac78dd4/playa-de-la-barceloneta-filew-barcelona-by-r-1757531550854-1.jpg","wikipedia","wikidata","1",""
"b126b13d-00eb-450d-b0fc-b0c60f5e9d6e","Parque de la Maquinista","true","https://tysnkzmljlmmqpbotkxv.supabase.co/storage/v1/object/public/travel-app-images/ChIJG7FZasO8pBIRED9RH-H6AA8/ChIJG7FZasO8pBIRED9RH-H6AA8_1751572614247_1.jpg","https://tysnkzmljlmmqpbotkxv.supabase.co/storage/v1/object/public/travel-app-images/wikidata-b126b13d/parque-de-la-maquinista-filemaquinista1jpg-1757531560023-1.jpg","unknown","wikidata","1",""
"a644f8c9-43b5-46e2-a856-089f696fb453","Tamarit","true","https://tysnkzmljlmmqpbotkxv.supabase.co/storage/v1/object/public/travel-app-images/ChIJ40zlJQD7oxIRKCeOqwFrggY/ChIJ40zlJQD7oxIRKCeOqwFrggY_1752613442548_1.jpg","https://tysnkzmljlmmqpbotkxv.supabase.co/storage/v1/object/public/travel-app-images/wikidata-a644f8c9/tamarit-filebnquer-de-la-gue-1757531560186-1.jpg","unknown","wikidata","1",""
"bc8c588e-9af4-46ec-bd40-30d424426fe7","Parròquia de Sant Andreu de Palomar","true","https://tysnkzmljlmmqpbotkxv.supabase.co/storage/v1/object/public/travel-app-images/wikipedia-bc8c588e/parrquia-de-sant-andreu-de-pal-fitxerarbcom-ru-edit-1757529845738-1.svg","https://tysnkzmljlmmqpbotkxv.supabase.co/storage/v1/object/public/travel-app-images/wikidata-bc8c588e/parrquia-de-sant-andreu-de-pal-filefalquesesglesias-1757531560710-1.jpg","wikipedia","wikidata","1",""
"b7f275c2-5a99-4233-b46b-25a77384d065","Biblioteca Xavier Benguerel","true","https://tysnkzmljlmmqpbotkxv.supabase.co/storage/v1/object/public/travel-app-images/ChIJVflDVRCjpBIRgKAg6tECpOI/ChIJVflDVRCjpBIRgKAg6tECpOI_1751567400956_1.jpg","https://tysnkzmljlmmqpbotkxv.supabase.co/storage/v1/object/public/travel-app-images/wikidata-b7f275c2/biblioteca-xavier-benguerel-filebiblioteca-xavie-1757531565939-1.jpg","unknown","wikidata","1",""
"126c5cec-9093-4294-bcba-edc95328ec86","Ermita de Santa Cruz de Olorda","true","https://tysnkzmljlmmqpbotkxv.supabase.co/storage/v1/object/public/travel-app-images/wikipedia-126c5cec/ermita-de-santa-cruz-de-olorda-fitxerarbcom-ru-edit-1757529846297-1.svg","https://tysnkzmljlmmqpbotkxv.supabase.co/storage/v1/object/public/travel-app-images/wikidata-126c5cec/ermita-de-santa-cruz-de-olorda-filesanta-creu-dolor-1757531565750-1.jpg","wikipedia","wikidata","1",""
"f5e3475b-96c3-4e9b-9d15-f9ed71d10f07","Gran Teatro del Liceu","false","https://tysnkzmljlmmqpbotkxv.supabase.co/storage/v1/object/public/travel-app-images/wikipedia-f5e3475b/gran-teatro-del-liceu-fitxer149-gran-teatr-1757529852562-1.jpg","","wikipedia","","","Edge function error: 500 Internal Server Error - {"error":"Failed to upload image: The object exceeded the maximum allowed size"}"
"89e4e2e7-145d-42c9-b970-80e04d19c1c5","Hash Marihuana & Hemp Museum Barcelona","true","https://tysnkzmljlmmqpbotkxv.supabase.co/storage/v1/object/public/travel-app-images/wikipedia-89e4e2e7/hash-marihuana-hemp-museum-bar-fitxerarbcom-ru-edit-1757529851598-1.svg","https://tysnkzmljlmmqpbotkxv.supabase.co/storage/v1/object/public/travel-app-images/wikidata-89e4e2e7/hash-marihuana-hemp-museum-bar-filehash-marihuana-h-1757531578706-1.jpg","wikipedia","wikidata","1",""
"eefed114-64c6-471e-a643-54afa979e9b7","Parque Municipal Edmundo Zanoni","true","https://tysnkzmljlmmqpbotkxv.supabase.co/storage/v1/object/public/travel-app-images/ChIJ_9AR4erAzpQR1pBBcB1PR7g/ChIJ_9AR4erAzpQR1pBBcB1PR7g_1752860441960_1.jpg","https://tysnkzmljlmmqpbotkxv.supabase.co/storage/v1/object/public/travel-app-images/wikidata-eefed114/parque-municipal-edmundo-zanon-fileparque-edmundo-z-1757531575919-1.jpg","unknown","wikidata","1",""
"825da20a-170c-4a79-86ac-109f2da529d3","Pedra do Ponto","false","https://tysnkzmljlmmqpbotkxv.supabase.co/storage/v1/object/public/travel-app-images/ChIJXU7YTTremwAR9ktcwPhx_u0/ChIJXU7YTTremwAR9ktcwPhx_u0_1754503023058_1.jpg","","unknown","","","No images found in Wikidata"
"7da6dc35-590e-4bf1-a204-8b4fc1c01e6b","Paredão da Ponta Grossa","false","https://tysnkzmljlmmqpbotkxv.supabase.co/storage/v1/object/public/travel-app-images/wikipedia-7da6dc35/paredo-da-ponta-grossa-ficheirobandeira-da--1757529859836-1.svg","","wikipedia","","","No images found in Wikidata"
"7b40c542-dce2-4cc9-b145-faf6aa09fcfd","Praia da Marambaia","false","https://tysnkzmljlmmqpbotkxv.supabase.co/storage/v1/object/public/travel-app-images/ChIJbRb3cKDumwARHeyXDVpt1ZA/ChIJbRb3cKDumwARHeyXDVpt1ZA_1754501437504_1.jpg","","unknown","","","No images found in Wikidata"
"a51b71e7-b75b-4ffe-8864-b3ad1be13581","Museu de Ciências Naturais PUC Minas","true","https://tysnkzmljlmmqpbotkxv.supabase.co/storage/v1/object/public/travel-app-images/wikipedia-a51b71e7/museu-de-cincias-naturais-puc--ficheiromap-symbol-m-1757529859279-1.svg","https://tysnkzmljlmmqpbotkxv.supabase.co/storage/v1/object/public/travel-app-images/wikidata-a51b71e7/museu-de-cincias-naturais-puc--filemuseu-das-minas--1757531585127-1.jpg","wikipedia","wikidata","1",""
"38b12624-d5e8-4743-b2bf-cc78381d4ed9","Cantão de Realengo","true","https://tysnkzmljlmmqpbotkxv.supabase.co/storage/v1/object/public/travel-app-images/wikipedia-38b12624/canto-de-realengo-ficheiro1plafernande-1757529865754-1.jpg","https://tysnkzmljlmmqpbotkxv.supabase.co/storage/v1/object/public/travel-app-images/wikidata-38b12624/canto-de-realengo-filerealengo-pracajp-1757531589909-1.jpg","wikipedia","wikidata","1",""
"44ab039e-a64e-43f0-aa50-d5e8b19e2033","BH Shopping","true","https://tysnkzmljlmmqpbotkxv.supabase.co/storage/v1/object/public/travel-app-images/ChIJ9zkBafmXpgARPuHqzYAXq90/ChIJ9zkBafmXpgARPuHqzYAXq90_1751579788713_1.jpg","https://tysnkzmljlmmqpbotkxv.supabase.co/storage/v1/object/public/travel-app-images/wikidata-44ab039e/bh-shopping-filebhshoppingjpg-1757531589397-1.jpg","unknown","wikidata","1",""
"f450f36b-e6ae-428c-b9b6-19bf6d6b0a92","Sítio Roberto Burle Marx - IPHAN","true","https://tysnkzmljlmmqpbotkxv.supabase.co/storage/v1/object/public/travel-app-images/wikipedia-f450f36b/stio-roberto-burle-marx-iphan-dateiblick-in-den-pa-1757529884071-1.jpg","https://tysnkzmljlmmqpbotkxv.supabase.co/storage/v1/object/public/travel-app-images/wikidata-f450f36b/stio-roberto-burle-marx-iphan-filestio-roberto-bur-1757531589921-1.jpg","wikipedia","wikidata","1",""
"84b92064-b0dd-4ce2-9623-569e31babfdf","Praça da Liberdade","true","https://tysnkzmljlmmqpbotkxv.supabase.co/storage/v1/object/public/travel-app-images/wikipedia-84b92064/praa-da-liberdade-ficheiroalamedabhjpg-1757529881462-1.jpg","https://tysnkzmljlmmqpbotkxv.supabase.co/storage/v1/object/public/travel-app-images/wikidata-84b92064/praa-da-liberdade-filepraa-da-liberdad-1757531595661-1.jpg","wikipedia","wikidata","1",""
"dd51417c-5a52-484b-9978-c63805bb2ab5","Centro Cultural Banco do Brasil (CCBB)","true","https://tysnkzmljlmmqpbotkxv.supabase.co/storage/v1/object/public/travel-app-images/wikipedia-dd51417c/centro-cultural-banco-do-brasi-ficheirobblogo1-crop-1757529889361-1.jpg","https://tysnkzmljlmmqpbotkxv.supabase.co/storage/v1/object/public/travel-app-images/wikidata-dd51417c/centro-cultural-banco-do-brasi-filedetalhe-do-trio--1757531595795-1.jpg","wikipedia","wikidata","1",""
"8921921c-9099-4a75-aa6c-d67d3a90a241","Parque Central de Nou Barris","true","https://tysnkzmljlmmqpbotkxv.supabase.co/storage/v1/object/public/travel-app-images/wikipedia-8921921c/parque-central-de-nou-barris-fitxeraqeducte-dosri-1757529890873-1.jpg","https://tysnkzmljlmmqpbotkxv.supabase.co/storage/v1/object/public/travel-app-images/wikidata-8921921c/parque-central-de-nou-barris-fileparque-central-d-1757531595375-1.jpg","wikipedia","wikidata","1",""
"b2b4daca-6291-4ba0-afb6-4b4209669042","Jardines de Can Miralletes","true","https://tysnkzmljlmmqpbotkxv.supabase.co/storage/v1/object/public/travel-app-images/ChIJAzHXM9GipBIRIEFRH-H6AA8/ChIJAzHXM9GipBIRIEFRH-H6AA8_1751571593417_1.jpg","https://tysnkzmljlmmqpbotkxv.supabase.co/storage/v1/object/public/travel-app-images/wikidata-b2b4daca/jardines-de-can-miralletes-fileescola-mirallete-1757531602584-1.jpg","unknown","wikidata","1",""
"3373b530-98ca-4c0b-a58c-b99064a69565","Escultura Els Mistos","true","https://tysnkzmljlmmqpbotkxv.supabase.co/storage/v1/object/public/travel-app-images/ChIJG0K8ZwC9pBIRS-PB7Lw6s8I/ChIJG0K8ZwC9pBIRS-PB7Lw6s8I_1751574216772_1.jpg","https://tysnkzmljlmmqpbotkxv.supabase.co/storage/v1/object/public/travel-app-images/wikidata-3373b530/escultura-els-mistos-filemistosjpg-1757531602617-1.jpg","unknown","wikidata","1",""
"4ebbeb06-0019-465e-b86b-6a9abf92dc4a","Ecomuseu do Quarteirão Cultural do Matadouro de Santa Cruz","true","https://tysnkzmljlmmqpbotkxv.supabase.co/storage/v1/object/public/travel-app-images/wikipedia-4ebbeb06/ecomuseu-do-quarteiro-cultural-ficheiroflag-of-braz-1757529897724-1.svg","https://tysnkzmljlmmqpbotkxv.supabase.co/storage/v1/object/public/travel-app-images/wikidata-4ebbeb06/ecomuseu-do-quarteiro-cultural-filepalacete-princes-1757531601870-1.jpg","wikipedia","wikidata","1",""
"99e8456d-e199-496b-8859-25e8b58093e5","Quilombo do Camorim","true","https://tysnkzmljlmmqpbotkxv.supabase.co/storage/v1/object/public/travel-app-images/wikipedia-99e8456d/quilombo-do-camorim-ficheirobandeira-da--1757529899475-1.svg","https://tysnkzmljlmmqpbotkxv.supabase.co/storage/v1/object/public/travel-app-images/wikidata-99e8456d/quilombo-do-camorim-filecachoeira-vu-da--1757531608028-1.jpg","wikipedia","wikidata","1",""
"53f1a32f-6178-4fea-9c20-6b9fe77b5fe0","Parc del Laberint d'Horta","true","https://tysnkzmljlmmqpbotkxv.supabase.co/storage/v1/object/public/travel-app-images/wikipedia-53f1a32f/parc-del-laberint-dhorta-fitxeragapanto-1jpg-1757529906877-1.jpg","https://tysnkzmljlmmqpbotkxv.supabase.co/storage/v1/object/public/travel-app-images/wikidata-53f1a32f/parc-del-laberint-dhorta-filelaberint-dhorta0-1757531607472-1.jpg","wikipedia","wikidata","1",""
"1ed742ca-3102-41d2-bf9e-b788d316c3df","Museu Universitário Solar Grandjean de Montigny (PUC-Rio)","true","https://tysnkzmljlmmqpbotkxv.supabase.co/storage/v1/object/public/travel-app-images/wikipedia-1ed742ca/museu-universitrio-solar-grand-ficheirosolar-grandj-1757529920384-1.jpg","https://tysnkzmljlmmqpbotkxv.supabase.co/storage/v1/object/public/travel-app-images/wikidata-1ed742ca/museu-universitrio-solar-grand-filesolar-grandjean--1757531607960-1.jpg","wikipedia","wikidata","1",""
"f932ab04-459a-45fa-97fa-312cb07c497e","Mirante da Praia da Joatinga","true","https://tysnkzmljlmmqpbotkxv.supabase.co/storage/v1/object/public/travel-app-images/wikipedia-f932ab04/mirante-da-praia-da-joatinga-ficheirobandeira-da--1757529929576-1.svg","https://tysnkzmljlmmqpbotkxv.supabase.co/storage/v1/object/public/travel-app-images/wikidata-f932ab04/mirante-da-praia-da-joatinga-filejoatinga-ijpg-1757531613660-1.jpg","wikipedia","wikidata","1",""
"f931f4ba-d95c-467d-9f68-80b6470009cc","Copacabana","true","https://tysnkzmljlmmqpbotkxv.supabase.co/storage/v1/object/public/travel-app-images/wikipedia-f931f4ba/copacabana-ficheiroavenidaatlan-1757529926572-1.jpg","https://tysnkzmljlmmqpbotkxv.supabase.co/storage/v1/object/public/travel-app-images/wikidata-f931f4ba/copacabana-fileaerial-view-of-c-1757531613311-1.jpg","wikipedia","wikidata","1",""
"f0279a0e-7848-4de3-8ac8-4c726d7daf29","Parque de la Ciutadella","true","https://tysnkzmljlmmqpbotkxv.supabase.co/storage/v1/object/public/travel-app-images/wikipedia-f0279a0e/parque-de-la-ciutadella-fitxer1993barcelona--1757529936396-1.webm","https://tysnkzmljlmmqpbotkxv.supabase.co/storage/v1/object/public/travel-app-images/wikidata-f0279a0e/parque-de-la-ciutadella-filevista-aria-ciuta-1757531613496-1.jpg","wikipedia","wikidata","1",""
"1e788fe3-dfb5-42a7-9ac5-46907655c482","Placa Eu Amo Franca","true","https://tysnkzmljlmmqpbotkxv.supabase.co/storage/v1/object/public/travel-app-images/wikipedia-1e788fe3/placa-eu-amo-franca-ficheiroaa-francanap-1757529936541-1.png","https://tysnkzmljlmmqpbotkxv.supabase.co/storage/v1/object/public/travel-app-images/wikidata-1e788fe3/placa-eu-amo-franca-filefranca-02jpg-1757531619412-1.jpg","wikipedia","wikidata","1",""
"0603b591-c903-4776-9b80-6c98fb1f4e4b","Parque del Guinardó","true","https://tysnkzmljlmmqpbotkxv.supabase.co/storage/v1/object/public/travel-app-images/wikipedia-0603b591/parque-del-guinard-fitxerarbcom-ru-edit-1757529943446-1.svg","https://tysnkzmljlmmqpbotkxv.supabase.co/storage/v1/object/public/travel-app-images/wikidata-0603b591/parque-del-guinard-fileparc-del-guinard-1757531619167-1.jpg","wikipedia","wikidata","1",""
"a55700fa-3751-4072-93ad-074ad1ce4648","Parque de Xavier Montsalvatge","true","https://tysnkzmljlmmqpbotkxv.supabase.co/storage/v1/object/public/travel-app-images/wikipedia-a55700fa/parque-de-xavier-montsalvatge-fitxerarbcom-ru-edit-1757529943198-1.svg","https://tysnkzmljlmmqpbotkxv.supabase.co/storage/v1/object/public/travel-app-images/wikidata-a55700fa/parque-de-xavier-montsalvatge-fileparc-montsalvatg-1757531619283-1.jpg","wikipedia","wikidata","1",""
"93518e61-7629-4012-b7fe-53c0d3286abd","Centro Cultural Casa da FEB Força Expedicionária Brasileira","true","https://tysnkzmljlmmqpbotkxv.supabase.co/storage/v1/object/public/travel-app-images/wikipedia-93518e61/centro-cultural-casa-da-feb-fo-ficheirobblogo1-crop-1757529943092-1.jpg","https://tysnkzmljlmmqpbotkxv.supabase.co/storage/v1/object/public/travel-app-images/wikidata-93518e61/centro-cultural-casa-da-feb-fo-filedetalhe-do-trio--1757531625364-1.jpg","wikipedia","wikidata","1",""
"92f048c1-6da1-44d3-a863-6df77896ce35","Letreiro de Padre Miguel","false","https://tysnkzmljlmmqpbotkxv.supabase.co/storage/v1/object/public/travel-app-images/wikipedia-92f048c1/letreiro-de-padre-miguel-ficheirobandeira-da--1757529244298-1.svg","","wikipedia","","","No images found in Wikidata"
"92f141d4-5cf0-4241-ad71-aa0cffc7cc82","United Dioceses of Cork, Cloyne and Ross","false","https://tysnkzmljlmmqpbotkxv.supabase.co/storage/v1/object/public/travel-app-images/ChIJ34QLRhqQREgRvHWt_7PPw3k/ChIJ34QLRhqQREgRvHWt_7PPw3k_1753986161089_1.jpg","","unknown","","","No images found in Wikidata"
"519857c3-cc53-451d-bb24-f21de1b9e46c","Parroquia Sagrada Familia de Barcelona y Cripta","true","https://tysnkzmljlmmqpbotkxv.supabase.co/storage/v1/object/public/travel-app-images/wikipedia-519857c3/parroquia-sagrada-familia-de-b-fitxer141-esglsia-de-1757529950354-1.jpg","https://tysnkzmljlmmqpbotkxv.supabase.co/storage/v1/object/public/travel-app-images/wikidata-519857c3/parroquia-sagrada-familia-de-b-file141-esglsia-de-s-1757531632049-1.jpg","wikipedia","wikidata","1",""
"7d3bb621-b7a8-4477-a596-aa1b268cb409","Fundação Planetário da Cidade do Rio de Janeiro","true","https://tysnkzmljlmmqpbotkxv.supabase.co/storage/v1/object/public/travel-app-images/ChIJXbKphbbVmwARkyFh0LoSTOY/ChIJXbKphbbVmwARkyFh0LoSTOY_1754579277304_1.jpg","https://tysnkzmljlmmqpbotkxv.supabase.co/storage/v1/object/public/travel-app-images/wikidata-7d3bb621/fundao-planetrio-da-cidade-do--fileplanetrio-by-die-1757531632461-1.jpg","unknown","wikidata","1",""
"3e038d36-e8bf-40b0-b472-7c3f1c089a8d","El Auditorio - L'Auditori","true","https://tysnkzmljlmmqpbotkxv.supabase.co/storage/v1/object/public/travel-app-images/wikipedia-3e038d36/el-auditorio-lauditori-fitxer050529-barcelo-1757529958249-1.jpg","https://tysnkzmljlmmqpbotkxv.supabase.co/storage/v1/object/public/travel-app-images/wikidata-3e038d36/el-auditorio-lauditori-file050529-barcelona-1757531631196-1.jpg","wikipedia","wikidata","1",""
"4580a92c-f9c1-4596-893f-4a56ee5d1f3b","Museu de Arte Sacra dos Jesuítas - MASJ","true","https://tysnkzmljlmmqpbotkxv.supabase.co/storage/v1/object/public/travel-app-images/ChIJ5W2EAW-rz5QR-dutv-SGq4s/ChIJ5W2EAW-rz5QR-dutv-SGq4s_1751982971239_1.jpg","https://tysnkzmljlmmqpbotkxv.supabase.co/storage/v1/object/public/travel-app-images/wikidata-4580a92c/museu-de-arte-sacra-dos-jesuta-fileigreja-nossa-sen-1757531639447-1.jpg","unknown","wikidata","1",""
"68c6c548-61ad-4fe7-9078-dd2731df7949","Maracanãzinho | Ginásio Gilberto Cardoso","true","https://tysnkzmljlmmqpbotkxv.supabase.co/storage/v1/object/public/travel-app-images/wikipedia-68c6c548/maracanzinho-ginsio-gilberto-c-ficheirobandeira-da--1757529965308-1.svg","https://tysnkzmljlmmqpbotkxv.supabase.co/storage/v1/object/public/travel-app-images/wikidata-68c6c548/maracanzinho-ginsio-gilberto-c-filemaracanzinhojpg-1757531639730-1.jpg","wikipedia","wikidata","1",""
"dbe094df-5abb-4174-b3ee-c5ffe51f3819","Quinta da Boa Vista","true","https://tysnkzmljlmmqpbotkxv.supabase.co/storage/v1/object/public/travel-app-images/wikipedia-dbe094df/quinta-da-boa-vista-ficheirobandeira-da--1757529964388-1.svg","https://tysnkzmljlmmqpbotkxv.supabase.co/storage/v1/object/public/travel-app-images/wikidata-dbe094df/quinta-da-boa-vista-filequinta-da-boa-vi-1757531638903-1.jpg","wikipedia","wikidata","1",""
"ea34c3e2-241f-487a-8b01-88b08a5bf3cb","Aeroclube de Birigui","true","https://tysnkzmljlmmqpbotkxv.supabase.co/storage/v1/object/public/travel-app-images/ChIJg1BOfDU-lpQRuFvVhaaCwLw/ChIJg1BOfDU-lpQRuFvVhaaCwLw_1755262660576_1.jpg","https://tysnkzmljlmmqpbotkxv.supabase.co/storage/v1/object/public/travel-app-images/wikidata-ea34c3e2/aeroclube-de-birigui-fileaerdromo-aeroclu-1757531648822-1.jpg","unknown","wikidata","1",""
"e14bdf78-66dc-4915-bd70-70562269fe57","Parque Nacional da Tijuca","true","https://tysnkzmljlmmqpbotkxv.supabase.co/storage/v1/object/public/travel-app-images/wikipedia-e14bdf78/parque-nacional-da-tijuca-ficheiroacudeftrjjpg-1757529978466-1.jpg","https://tysnkzmljlmmqpbotkxv.supabase.co/storage/v1/object/public/travel-app-images/wikidata-e14bdf78/parque-nacional-da-tijuca-filefloresta-da-tiju-1757531648183-1.jpg","wikipedia","wikidata","1",""
"70a74fbc-838f-47a6-a9c1-f7c92fd09331","Jardines de la Tamarita","true","https://tysnkzmljlmmqpbotkxv.supabase.co/storage/v1/object/public/travel-app-images/wikipedia-70a74fbc/jardines-de-la-tamarita-fitxer014-jardins-de-1757529979386-1.jpg","https://tysnkzmljlmmqpbotkxv.supabase.co/storage/v1/object/public/travel-app-images/wikidata-70a74fbc/jardines-de-la-tamarita-file28-jardins-de-la-1757531648732-1.jpg","wikipedia","wikidata","1",""
"5aceb1b0-4c6f-4c3b-95f2-0d46b63defa9","Estádio Nabi Abi Chedid - Arena Red Bull","true","https://tysnkzmljlmmqpbotkxv.supabase.co/storage/v1/object/public/travel-app-images/wikipedia-5aceb1b0/estdio-nabi-abi-chedid-arena-r-ficheirobandeira-do--1757529985874-1.svg","https://tysnkzmljlmmqpbotkxv.supabase.co/storage/v1/object/public/travel-app-images/wikidata-5aceb1b0/estdio-nabi-abi-chedid-arena-r-fileestdio-nabi-abi--1757531654817-1.jpg","wikipedia","wikidata","1",""
"99a5b65d-8fba-4417-b50b-2dc988d02daf","Templo do Rio de Janeiro","false","https://tysnkzmljlmmqpbotkxv.supabase.co/storage/v1/object/public/travel-app-images/wikipedia-99a5b65d/templo-do-rio-de-janeiro-fileblank-south-amer-1757529988142-1.png","","wikipedia","","","No images found in Wikidata"
"5eeccd43-f7c8-4701-871a-07c8f0a3fb58","Parque de la España Industrial","true","https://tysnkzmljlmmqpbotkxv.supabase.co/storage/v1/object/public/travel-app-images/ChIJG_VbN4GYpBIRwEJRH-H6AA8/ChIJG_VbN4GYpBIRwEJRH-H6AA8_1751569884162_1.jpg","https://tysnkzmljlmmqpbotkxv.supabase.co/storage/v1/object/public/travel-app-images/wikidata-5eeccd43/parque-de-la-espaa-industrial-fileparc-espanya-ind-1757531655084-1.jpg","unknown","wikidata","1",""
"5618c044-7bcf-46d4-8179-82811e649a75","Teatre Grec","true","https://tysnkzmljlmmqpbotkxv.supabase.co/storage/v1/object/public/travel-app-images/wikipedia-5618c044/teatre-grec-fitxerarbcom-ru-edit-1757529993810-1.svg","https://tysnkzmljlmmqpbotkxv.supabase.co/storage/v1/object/public/travel-app-images/wikidata-5618c044/teatre-grec-fileteatre-grecjpg-1757531660330-1.jpg","wikipedia","wikidata","1",""
"1e2bbac0-8833-4f13-80d3-8da8ee377edf","Biblioteca Poble-sec - Francesc Boix","true","https://tysnkzmljlmmqpbotkxv.supabase.co/storage/v1/object/public/travel-app-images/ChIJwVZFcGeipBIRGGDRbTBPSGY/ChIJwVZFcGeipBIRGGDRbTBPSGY_1751569308460_1.jpg","https://tysnkzmljlmmqpbotkxv.supabase.co/storage/v1/object/public/travel-app-images/wikidata-1e2bbac0/biblioteca-poblesec-francesc-b-filebiblioteca-poble-1757531661215-1.jpg","unknown","wikidata","1",""
"07eef28b-b99e-432f-974f-e38678625ce7","Biblioteca Zona Nord - Mària Sánchez","true","https://tysnkzmljlmmqpbotkxv.supabase.co/storage/v1/object/public/travel-app-images/ChIJdzqDBaq9pBIRxH7oEM2-v1k/ChIJdzqDBaq9pBIRxH7oEM2-v1k_1751573110973_1.jpg","https://tysnkzmljlmmqpbotkxv.supabase.co/storage/v1/object/public/travel-app-images/wikidata-07eef28b/biblioteca-zona-nord-mria-snch-filebiblioteca-zona--1757531661779-1.jpg","unknown","wikidata","1",""
"0718d64b-1771-4375-872d-30a610837038","Castell de Montjuïc","true","https://tysnkzmljlmmqpbotkxv.supabase.co/storage/v1/object/public/travel-app-images/wikipedia-0718d64b/castell-de-montjuc-fitxerarbcom-ru-edit-1757530002154-1.svg","https://tysnkzmljlmmqpbotkxv.supabase.co/storage/v1/object/public/travel-app-images/wikidata-0718d64b/castell-de-montjuc-file-3231-3233jpg-1757531668449-1.jpg","wikipedia","wikidata","1",""
"15202b1d-7e3d-41cb-9973-6b42e85e9936","Basílica de los Santos Mártires Justo y Pastor","true","https://tysnkzmljlmmqpbotkxv.supabase.co/storage/v1/object/public/travel-app-images/wikipedia-15202b1d/baslica-de-los-santos-mrtires--fitxer12-sant-just-i-1757530003274-1.jpg","https://tysnkzmljlmmqpbotkxv.supabase.co/storage/v1/object/public/travel-app-images/wikidata-15202b1d/baslica-de-los-santos-mrtires--file166-esglsia-dels-1757531667419-1.jpg","wikipedia","wikidata","1",""
"8db029d3-217e-4f9d-bb6b-7e0266650075","Barra da Tijuca","true","https://tysnkzmljlmmqpbotkxv.supabase.co/storage/v1/object/public/travel-app-images/wikipedia-8db029d3/barra-da-tijuca-ficheirobandeira-da--1757530011577-1.svg","https://tysnkzmljlmmqpbotkxv.supabase.co/storage/v1/object/public/travel-app-images/wikidata-8db029d3/barra-da-tijuca-filecidade-da-musica-1757531667362-1.jpg","wikipedia","wikidata","1",""
"0e5291b2-c25e-4ddf-bddd-6d298a7c3a2d","Mirante da Penha","true","https://tysnkzmljlmmqpbotkxv.supabase.co/storage/v1/object/public/travel-app-images/wikipedia-0e5291b2/mirante-da-penha-ficheiroaeroporto-do-1757530012083-1.jpg","https://tysnkzmljlmmqpbotkxv.supabase.co/storage/v1/object/public/travel-app-images/wikidata-0e5291b2/mirante-da-penha-filebairro-da-penha--1757531675636-1.jpg","wikipedia","wikidata","1",""
"96be1479-6b7f-45f4-940a-98384b47e552","Arena Barueri","true","https://tysnkzmljlmmqpbotkxv.supabase.co/storage/v1/object/public/travel-app-images/wikipedia-96be1479/arena-barueri-ficheiroarena-baruer-1757530009618-1.jpg","https://tysnkzmljlmmqpbotkxv.supabase.co/storage/v1/object/public/travel-app-images/wikidata-96be1479/arena-barueri-filearena-baruerijpg-1757531675174-1.jpg","wikipedia","wikidata","1",""
"1834fdbf-2e51-41d1-9efe-e64268684682","Estádio Municipal Carlos Ferracini","true","https://tysnkzmljlmmqpbotkxv.supabase.co/storage/v1/object/public/travel-app-images/wikipedia-1834fdbf/estdio-municipal-carlos-ferrac-plikbrazil-location--1757530018796-1.svg","https://tysnkzmljlmmqpbotkxv.supabase.co/storage/v1/object/public/travel-app-images/wikidata-1834fdbf/estdio-municipal-carlos-ferrac-filepatinhas-esteve--1757531675675-1.jpg","wikipedia","wikidata","1",""
"b7412a3e-7a20-4700-a6cc-a23846b2351a","BioParque do Rio","true","https://tysnkzmljlmmqpbotkxv.supabase.co/storage/v1/object/public/travel-app-images/wikipedia-b7412a3e/bioparque-do-rio-ficheirobandeira-da--1757530017926-1.svg","https://tysnkzmljlmmqpbotkxv.supabase.co/storage/v1/object/public/travel-app-images/wikidata-b7412a3e/bioparque-do-rio-filequinta-da-boa-vi-1757531680838-1.jpg","wikipedia","wikidata","1",""
"9fb3a226-98af-4c91-a4be-a4a01eb37546","Basílica Santuário de Nossa Senhora da Penha de França","true","https://tysnkzmljlmmqpbotkxv.supabase.co/storage/v1/object/public/travel-app-images/wikipedia-9fb3a226/baslica-santurio-de-nossa-senh-ficheirobandeira-da--1757530026387-1.svg","https://tysnkzmljlmmqpbotkxv.supabase.co/storage/v1/object/public/travel-app-images/wikidata-9fb3a226/baslica-santurio-de-nossa-senh-fileigreja-da-penha--1757531681596-1.jpg","wikipedia","wikidata","1",""
"4365120a-603f-402c-90e0-934577d33a88","Real Monasterio de Santa María de Pedralbes","false","https://tysnkzmljlmmqpbotkxv.supabase.co/storage/v1/object/public/travel-app-images/wikipedia-4365120a/real-monasterio-de-santa-mara--fitxer2023-facebook--1757530024980-1.svg","","wikipedia","","","No images found in Wikidata"
"0679192c-ee6f-49be-b071-23f755af124c","Museu de Geociências","true","https://tysnkzmljlmmqpbotkxv.supabase.co/storage/v1/object/public/travel-app-images/wikipedia-0679192c/museu-de-geocincias-ficheiromuseu-de-geo-1757530033329-1.jpg","https://tysnkzmljlmmqpbotkxv.supabase.co/storage/v1/object/public/travel-app-images/wikidata-0679192c/museu-de-geocincias-filemuseu-de-geocinc-1757531688159-1.jpg","wikipedia","wikidata","1",""
"57bea5ad-1573-4c38-a877-f65a126c50f6","MIRANTE DO BREVES (PEPB)","false","https://tysnkzmljlmmqpbotkxv.supabase.co/storage/v1/object/public/travel-app-images/ChIJk7wqfQDpmwARYZjiAnX0BrY/ChIJk7wqfQDpmwARYZjiAnX0BrY_1754502353609_1.jpg","","unknown","","","No images found in Wikidata"
"35844861-ef9e-4d4b-9328-d47adf070db8","Biblioteca Infanto Juvenil Monteiro Lobato","true","https://tysnkzmljlmmqpbotkxv.supabase.co/storage/v1/object/public/travel-app-images/ChIJV3IvZEhYzpQRyv5t2k7h4Hc/ChIJV3IvZEhYzpQRyv5t2k7h4Hc_1752002729507_1.jpg","https://tysnkzmljlmmqpbotkxv.supabase.co/storage/v1/object/public/travel-app-images/wikidata-35844861/biblioteca-infanto-juvenil-mon-filebiblioteca-monte-1757531687788-1.jpg","unknown","wikidata","1",""
"4eacd913-226b-4cb0-96c0-9ac068647d94","Museu Judaico de São Paulo","true","https://tysnkzmljlmmqpbotkxv.supabase.co/storage/v1/object/public/travel-app-images/wikipedia-4eacd913/museu-judaico-de-so-paulo-ficheirobandeira-do--1757530040998-1.svg","https://tysnkzmljlmmqpbotkxv.supabase.co/storage/v1/object/public/travel-app-images/wikidata-4eacd913/museu-judaico-de-so-paulo-filemuseu-judaicojpg-1757531693668-1.jpg","wikipedia","wikidata","1",""
"a02f7550-fcbd-42f9-b8c5-d6b12266d64f","Fundació Joan Miró","true","https://tysnkzmljlmmqpbotkxv.supabase.co/storage/v1/object/public/travel-app-images/wikipedia-a02f7550/fundaci-joan-mir-fitxer2023-facebook--1757530083838-1.svg","https://tysnkzmljlmmqpbotkxv.supabase.co/storage/v1/object/public/travel-app-images/wikidata-a02f7550/fundaci-joan-mir-filefundaci-joan-mir-1757531693285-1.jpg","wikipedia","wikidata","1",""
"16442285-8df5-4945-9ec6-b319a773e720","Jardines de Ramon Margalef López","true","https://tysnkzmljlmmqpbotkxv.supabase.co/storage/v1/object/public/travel-app-images/wikipedia-16442285/jardines-de-ramon-margalef-lpe-fitxer151027vista-de-1757530086710-1.jpg","https://tysnkzmljlmmqpbotkxv.supabase.co/storage/v1/object/public/travel-app-images/wikidata-16442285/jardines-de-ramon-margalef-lpe-filefale-spain-barce-1757531693790-1.jpg","wikipedia","wikidata","1",""
"4f818d0a-1b62-449e-b45a-47cc5f051098","Biblioteca Narbal Fontes","true","https://tysnkzmljlmmqpbotkxv.supabase.co/storage/v1/object/public/travel-app-images/ChIJVzAcHzL2zpQRVQ1ULfuTmo8/ChIJVzAcHzL2zpQRVQ1ULfuTmo8_1755007519941_1.jpg","https://tysnkzmljlmmqpbotkxv.supabase.co/storage/v1/object/public/travel-app-images/wikidata-4f818d0a/biblioteca-narbal-fontes-filebiblioteca-narba-1757531700415-1.jpg","unknown","wikidata","1",""
"5ff042b1-111b-4ddb-8b98-9464ee445541","Biblioteca Parque Villa-Lobos","true","https://tysnkzmljlmmqpbotkxv.supabase.co/storage/v1/object/public/travel-app-images/ChIJ6biTR6D4zpQRIlAT26Ljsqk/ChIJ6biTR6D4zpQRIlAT26Ljsqk_1752001399316_1.jpg","https://tysnkzmljlmmqpbotkxv.supabase.co/storage/v1/object/public/travel-app-images/wikidata-5ff042b1/biblioteca-parque-villalobos-fileparque-villalobo-1757531700616-1.jpg","unknown","wikidata","1",""
"738886bf-2bba-4484-b717-3671d0ceddc7","Museu de Saúde Pública Emílio Ribas","true","https://tysnkzmljlmmqpbotkxv.supabase.co/storage/v1/object/public/travel-app-images/ChIJCWmXT29YzpQRxSCNf_zUgb0/ChIJCWmXT29YzpQRxSCNf_zUgb0_1755015447726_1.jpg","https://tysnkzmljlmmqpbotkxv.supabase.co/storage/v1/object/public/travel-app-images/wikidata-738886bf/museu-de-sade-pblica-emlio-rib-filemuseu-de-microbi-1757531700827-1.jpg","unknown","wikidata","1",""
"a040cdb8-c390-46ab-bcf3-fad256c1de61","Museu de Zoologia da Universidade de São Paulo","true","https://tysnkzmljlmmqpbotkxv.supabase.co/storage/v1/object/public/travel-app-images/wikipedia-a040cdb8/museu-de-zoologia-da-universid-ficheiro20150330-000-1757530096041-1.jpg","https://tysnkzmljlmmqpbotkxv.supabase.co/storage/v1/object/public/travel-app-images/wikidata-a040cdb8/museu-de-zoologia-da-universid-filenovo-maspjpg-1757531716253-1.jpg","wikipedia","wikidata","1",""
"0a042416-7f3b-4835-9c33-c23d18571cde","Morro do Cabuçú","false","https://tysnkzmljlmmqpbotkxv.supabase.co/storage/v1/object/public/travel-app-images/ChIJeRDPjezmmwAR5bifxmrTOjo/ChIJeRDPjezmmwAR5bifxmrTOjo_1754501730571_1.jpg","","unknown","","","No images found in Wikidata"
"1e0c41af-6ffc-45fb-af10-5e65ab13f6f1","Jardines de Laribal","true","https://tysnkzmljlmmqpbotkxv.supabase.co/storage/v1/object/public/travel-app-images/wikipedia-1e0c41af/jardines-de-laribal-fitxerarbcom-ru-edit-1757530102115-1.svg","https://tysnkzmljlmmqpbotkxv.supabase.co/storage/v1/object/public/travel-app-images/wikidata-1e0c41af/jardines-de-laribal-filelaribal3jpg-1757531709141-1.jpg","wikipedia","wikidata","1",""
"cd43953f-3fb8-4ac0-ab4f-54b11240988b","Casa das Caldeiras","true","https://tysnkzmljlmmqpbotkxv.supabase.co/storage/v1/object/public/travel-app-images/ChIJAQWcYP1XzpQRtjF7eSmeZdQ/ChIJAQWcYP1XzpQRtjF7eSmeZdQ_1755015275276_1.jpg","https://tysnkzmljlmmqpbotkxv.supabase.co/storage/v1/object/public/travel-app-images/wikidata-cd43953f/casa-das-caldeiras-filecasa-das-caldeir-1757531721648-1.jpg","unknown","wikidata","1",""
"c52eb499-e437-4e1e-8ae7-684fdf1395d4","Museu do Ipiranga","true","https://tysnkzmljlmmqpbotkxv.supabase.co/storage/v1/object/public/travel-app-images/wikipedia-c52eb499/museu-do-ipiranga-ficheiroaugustin-sal-1757530108784-1.jpg","https://tysnkzmljlmmqpbotkxv.supabase.co/storage/v1/object/public/travel-app-images/wikidata-c52eb499/museu-do-ipiranga-filemuseuipiranga1jp-1757531721594-1.jpg","wikipedia","wikidata","1",""
"cfbeea99-19ca-4b2e-a3bd-a976daed52fa","Caixa Cultural","true","https://tysnkzmljlmmqpbotkxv.supabase.co/storage/v1/object/public/travel-app-images/ChIJAasK_KpZzpQRf0_xEmJlmMw/ChIJAasK_KpZzpQRf0_xEmJlmMw_1755016196942_1.jpg","https://tysnkzmljlmmqpbotkxv.supabase.co/storage/v1/object/public/travel-app-images/wikidata-cfbeea99/caixa-cultural-fileat-so-paulo-braz-1757531723282-1.jpg","unknown","wikidata","1",""
"924acf0b-3020-4ce6-9e32-bff9df7863d7","Biblioteca del Museu Marítim de Barcelona","true","https://tysnkzmljlmmqpbotkxv.supabase.co/storage/v1/object/public/travel-app-images/wikipedia-924acf0b/biblioteca-del-museu-martim-de-fitxerarbcom-ru-edit-1757530111532-1.svg","https://tysnkzmljlmmqpbotkxv.supabase.co/storage/v1/object/public/travel-app-images/wikidata-924acf0b/biblioteca-del-museu-martim-de-filebarcelona-palau--1757531730001-1.jpg","wikipedia","wikidata","1",""
"35ba55ef-752e-4f5d-ac06-861cad787dd8","Museu Histórico da Imigração Japonesa no Brasil","true","https://tysnkzmljlmmqpbotkxv.supabase.co/storage/v1/object/public/travel-app-images/ChIJuaMS6aZZzpQR1Z8b6ds1Yqk/ChIJuaMS6aZZzpQR1Z8b6ds1Yqk_1755016215443_1.jpg","https://tysnkzmljlmmqpbotkxv.supabase.co/storage/v1/object/public/travel-app-images/wikidata-35ba55ef/museu-histrico-da-imigrao-japo-filemuseu-histrico-d-1757531729432-1.jpg","unknown","wikidata","1",""
"af9320ca-ed1f-4c38-b9c2-fdffe6a0bf2d","Capela de São Miguel Arcanjo","true","https://tysnkzmljlmmqpbotkxv.supabase.co/storage/v1/object/public/travel-app-images/ChIJa2iHPHthzpQRJS3iQDE9pb0/ChIJa2iHPHthzpQRJS3iQDE9pb0_1754680025148_1.jpg","https://tysnkzmljlmmqpbotkxv.supabase.co/storage/v1/object/public/travel-app-images/wikidata-af9320ca/capela-de-so-miguel-arcanjo-fileso-paulo-capela--1757531729433-1.jpg","unknown","wikidata","1",""
"3ef5efe4-1966-48df-8404-6d392f5a1d7d","Capela Nossa Senhora da Misericórdia","true","https://tysnkzmljlmmqpbotkxv.supabase.co/storage/v1/object/public/travel-app-images/wikipedia-3ef5efe4/capela-nossa-senhora-da-miseri-ficheirobandeira-da--1757530117305-1.svg","https://tysnkzmljlmmqpbotkxv.supabase.co/storage/v1/object/public/travel-app-images/wikidata-3ef5efe4/capela-nossa-senhora-da-miseri-filesanta-casajpg-1757531736211-1.jpg","wikipedia","wikidata","1",""
"7cd2f9c3-c02f-4348-b1fb-d278832c9202","Orla da Praia do Leblon","true","https://tysnkzmljlmmqpbotkxv.supabase.co/storage/v1/object/public/travel-app-images/ChIJsZYcFADVmwARcNVH6rWWSUk/ChIJsZYcFADVmwARcNVH6rWWSUk_1754580654306_1.jpg","https://tysnkzmljlmmqpbotkxv.supabase.co/storage/v1/object/public/travel-app-images/wikidata-7cd2f9c3/orla-da-praia-do-leblon-fileipaneman-beach-r-1757531735821-1.jpg","unknown","wikidata","2",""
"b094bbc6-0c44-4ac1-bdde-7a8c1684136d","Eu Amo Pirituba","true","https://tysnkzmljlmmqpbotkxv.supabase.co/storage/v1/object/public/travel-app-images/wikipedia-b094bbc6/eu-amo-pirituba-ficheirobandeira-do--1757530131286-1.svg","https://tysnkzmljlmmqpbotkxv.supabase.co/storage/v1/object/public/travel-app-images/wikidata-b094bbc6/eu-amo-pirituba-filetrem-da-srie-170-1757531737574-1.jpg","wikipedia","wikidata","1",""
"66638dce-d2e0-40f0-8c1c-c9901644a792","Bourbon Shopping São Paulo","false","https://tysnkzmljlmmqpbotkxv.supabase.co/storage/v1/object/public/travel-app-images/ChIJcwFkvOJXzpQRHtSx5FGIHXg/ChIJcwFkvOJXzpQRHtSx5FGIHXg_1752002023374_1.jpg","","unknown","","","No images found in Wikidata"
"d2a041e9-5017-47ff-8c94-9dda6de319b3","Park Güell","true","https://tysnkzmljlmmqpbotkxv.supabase.co/storage/v1/object/public/travel-app-images/wikipedia-d2a041e9/park-gell-fitxer27-parc-gell-s-1757530130656-1.jpg","https://tysnkzmljlmmqpbotkxv.supabase.co/storage/v1/object/public/travel-app-images/wikidata-d2a041e9/park-gell-fileoutdoorarchitect-1757531745212-1.jpg","wikipedia","wikidata","3",""
"07a3b396-98f0-472c-9718-8c2a865a6c9a","Parque Natural Municipal Chico Mendes","true","https://tysnkzmljlmmqpbotkxv.supabase.co/storage/v1/object/public/travel-app-images/wikipedia-07a3b396/parque-natural-municipal-chico-ficheirobandeira-da--1757530140895-1.svg","https://tysnkzmljlmmqpbotkxv.supabase.co/storage/v1/object/public/travel-app-images/wikidata-07a3b396/parque-natural-municipal-chico-filelagoa-chico-mend-1757531744633-1.jpg","wikipedia","wikidata","1",""
"73f9dc2d-f4da-4ef8-bce0-a94374540db3","Neo Química Arena","true","https://tysnkzmljlmmqpbotkxv.supabase.co/storage/v1/object/public/travel-app-images/wikipedia-73f9dc2d/neo-qumica-arena-ficheiroarena-corint-1757530147060-1.jpg","https://tysnkzmljlmmqpbotkxv.supabase.co/storage/v1/object/public/travel-app-images/wikidata-73f9dc2d/neo-qumica-arena-filearena-corinthian-1757531750274-1.jpg","wikipedia","wikidata","1",""
"44f69bd7-8ace-469a-ab5e-b78174f925e6","Museu da Chácara do Céu","true","https://tysnkzmljlmmqpbotkxv.supabase.co/storage/v1/object/public/travel-app-images/ChIJmeLMRnp_mQARg0nsOu6kFOE/ChIJmeLMRnp_mQARg0nsOu6kFOE_1754581288229_1.jpg","https://tysnkzmljlmmqpbotkxv.supabase.co/storage/v1/object/public/travel-app-images/wikidata-44f69bd7/museu-da-chcara-do-cu-filechacaraceu1jpg-1757531751160-1.jpg","unknown","wikidata","1",""
"d7460596-6c6e-4bb1-964f-0d5dedcf8c6d","Monasterio de Santa María de Valldonzella","true","https://tysnkzmljlmmqpbotkxv.supabase.co/storage/v1/object/public/travel-app-images/wikipedia-d7460596/monasterio-de-santa-mara-de-va-fitxerarbcom-ru-edit-1757530151938-1.svg","https://tysnkzmljlmmqpbotkxv.supabase.co/storage/v1/object/public/travel-app-images/wikidata-d7460596/monasterio-de-santa-mara-de-va-filesanta-maria-de-v-1757531751198-1.jpg","wikipedia","wikidata","1",""
"53e2edbd-bc09-456c-92ce-88893f0b560d","Paróquia Nossa Senhora da Consolação","true","https://tysnkzmljlmmqpbotkxv.supabase.co/storage/v1/object/public/travel-app-images/ChIJI1maUElYzpQRXVrgcflFObY/ChIJI1maUElYzpQRXVrgcflFObY_1755016175103_1.jpg","https://tysnkzmljlmmqpbotkxv.supabase.co/storage/v1/object/public/travel-app-images/wikidata-53e2edbd/parquia-nossa-senhora-da-conso-fileigreja-da-consol-1757531756718-1.jpg","unknown","wikidata","1",""
"1a4cc78a-bccd-4b1a-81ac-a96ce9698ed7","Cementerio de Montjuïc","true","https://tysnkzmljlmmqpbotkxv.supabase.co/storage/v1/object/public/travel-app-images/wikipedia-1a4cc78a/cementerio-de-montjuc-fitxer024-pante-batl-1757530153981-1.jpg","https://tysnkzmljlmmqpbotkxv.supabase.co/storage/v1/object/public/travel-app-images/wikidata-1a4cc78a/cementerio-de-montjuc-filemontijuc-cemeter-1757531757400-1.jpg","wikipedia","wikidata","1",""
"1b8deec9-3ae8-4cfa-af4c-49924702293e","Instituto Butantan","true","https://tysnkzmljlmmqpbotkxv.supabase.co/storage/v1/object/public/travel-app-images/wikipedia-1b8deec9/instituto-butantan-ficheiroampliao-e-mo-1757530160739-1.jpg","https://tysnkzmljlmmqpbotkxv.supabase.co/storage/v1/object/public/travel-app-images/wikidata-1b8deec9/instituto-butantan-fileinstituto-butant-1757531757644-1.jpg","wikipedia","wikidata","1",""
"48b1cfac-3430-47d1-a0a8-2bb028c0edde","Museu do Teleférico","true","https://tysnkzmljlmmqpbotkxv.supabase.co/storage/v1/object/public/travel-app-images/wikipedia-48b1cfac/museu-do-telefrico-ficheiro63734937-bon-1757530160770-1.jpg","https://tysnkzmljlmmqpbotkxv.supabase.co/storage/v1/object/public/travel-app-images/wikidata-48b1cfac/museu-do-telefrico-filesugarloaf-mounta-1757531764348-1.jpg","wikipedia","wikidata","3",""
"2cfd488c-4d1e-4446-bf2d-a86121bb4d35","Hospital Universitário da Universidade de São Paulo (HU/USP)","true","https://tysnkzmljlmmqpbotkxv.supabase.co/storage/v1/object/public/travel-app-images/ChIJpQB2-QxWzpQRlJbpob8EeYs/ChIJpQB2-QxWzpQRlJbpob8EeYs_1752001443384_1.jpg","https://tysnkzmljlmmqpbotkxv.supabase.co/storage/v1/object/public/travel-app-images/wikidata-2cfd488c/hospital-universitrio-da-unive-filefachada-do-hospi-1757531763948-1.jpg","unknown","wikidata","1",""
"83e760e5-d17f-47f6-aeee-adbb3e1475c6","Pedra de Guaratiba","true","https://tysnkzmljlmmqpbotkxv.supabase.co/storage/v1/object/public/travel-app-images/wikipedia-83e760e5/pedra-de-guaratiba-ficheirobandeira-da--1757530183415-1.svg","https://tysnkzmljlmmqpbotkxv.supabase.co/storage/v1/object/public/travel-app-images/wikidata-83e760e5/pedra-de-guaratiba-filepedradeguaratiba-1757531763454-1.jpg","wikipedia","wikidata","1",""
"2356d588-a76e-471c-9ca2-8e2b4f361e09","Playa Mar Bella","true","https://tysnkzmljlmmqpbotkxv.supabase.co/storage/v1/object/public/travel-app-images/wikipedia-2356d588/playa-mar-bella-fitxerarbcom-ru-edit-1757530191127-1.svg","https://tysnkzmljlmmqpbotkxv.supabase.co/storage/v1/object/public/travel-app-images/wikidata-2356d588/playa-mar-bella-fileplatja-de-la-mar-1757531771335-1.jpg","wikipedia","wikidata","1",""
"a3156d21-1581-4003-8fed-f06d07ed2db6","Museo Tàpies","true","https://tysnkzmljlmmqpbotkxv.supabase.co/storage/v1/object/public/travel-app-images/ChIJ5XvzpJKipBIRrTCSZXbotTo/ChIJ5XvzpJKipBIRrTCSZXbotTo_1751570706471_1.jpg","https://tysnkzmljlmmqpbotkxv.supabase.co/storage/v1/object/public/travel-app-images/wikidata-a3156d21/museo-tpies-filemuseu-tpiesjpg-1757531771647-1.jpg","unknown","wikidata","1",""
"b0ff5009-3466-4960-891a-0486c85c03fe","Biblioteca Escolar Municipal da Glória Pedro Nava","true","https://tysnkzmljlmmqpbotkxv.supabase.co/storage/v1/object/public/travel-app-images/wikipedia-b0ff5009/biblioteca-escolar-municipal-d-ficheiroamericana-19-1757530197994-1.jpg","https://tysnkzmljlmmqpbotkxv.supabase.co/storage/v1/object/public/travel-app-images/wikidata-b0ff5009/biblioteca-escolar-municipal-d-filebiblioteca-nacio-1757531771577-1.jpg","wikipedia","wikidata","2",""
"61674d19-0335-4ed2-abe7-6646225a6c13","Antiguo monasterio de San Pau del Campo","true","https://tysnkzmljlmmqpbotkxv.supabase.co/storage/v1/object/public/travel-app-images/wikipedia-61674d19/antiguo-monasterio-de-san-pau--fitxerantiguo-monast-1757530205797-1.jpg","https://tysnkzmljlmmqpbotkxv.supabase.co/storage/v1/object/public/travel-app-images/wikidata-61674d19/antiguo-monasterio-de-san-pau--filesant-pau-del-cam-1757531777895-1.jpg","wikipedia","wikidata","1",""
"7c3710d1-a7d5-46b2-a76e-6f7dea9a318b","Museu Picasso de Barcelona","true","https://tysnkzmljlmmqpbotkxv.supabase.co/storage/v1/object/public/travel-app-images/wikipedia-7c3710d1/museu-picasso-de-barcelona-fitxerarbcom-ru-edit-1757530228463-1.svg","https://tysnkzmljlmmqpbotkxv.supabase.co/storage/v1/object/public/travel-app-images/wikidata-7c3710d1/museu-picasso-de-barcelona-filepalau-meca-patij-1757531777781-1.jpg","wikipedia","wikidata","1",""
"f9df6190-598d-43a3-941a-2382f3df1bc0","Basílica de Santa Maria del Mar","true","https://tysnkzmljlmmqpbotkxv.supabase.co/storage/v1/object/public/travel-app-images/wikipedia-f9df6190/baslica-de-santa-maria-del-mar-fitxer090511barcinos-1757530234391-1.jpg","https://tysnkzmljlmmqpbotkxv.supabase.co/storage/v1/object/public/travel-app-images/wikidata-f9df6190/baslica-de-santa-maria-del-mar-filesanta-maria-del--1757531777657-1.jpg","wikipedia","wikidata","1",""
"97b9dccf-545f-417a-947c-890e0303361e","Catedral de Barcelona","true","https://tysnkzmljlmmqpbotkxv.supabase.co/storage/v1/object/public/travel-app-images/wikipedia-97b9dccf/catedral-de-barcelona-fitxerbarcelona-cath-1757530242494-1.jpg","https://tysnkzmljlmmqpbotkxv.supabase.co/storage/v1/object/public/travel-app-images/wikidata-97b9dccf/catedral-de-barcelona-filebarcelona-cathed-1757531783848-1.jpg","wikipedia","wikidata","1",""
"214a0bdf-a9a9-40f9-a288-a9478bdca53a","Biblioteca Barceloneta - La Fraternitat","true","https://tysnkzmljlmmqpbotkxv.supabase.co/storage/v1/object/public/travel-app-images/ChIJh4C_GKqjpBIRroV_oiUq5bM/ChIJh4C_GKqjpBIRroV_oiUq5bM_1751568824627_1.jpg","https://tysnkzmljlmmqpbotkxv.supabase.co/storage/v1/object/public/travel-app-images/wikidata-214a0bdf/biblioteca-barceloneta-la-frat-filebiblioteca-barce-1757531784108-1.jpg","unknown","wikidata","1",""
"8642265d-55a6-4dc1-b253-9cd9637fafc2","Cala Jovera","true","https://tysnkzmljlmmqpbotkxv.supabase.co/storage/v1/object/public/travel-app-images/wikipedia-8642265d/cala-jovera-fitxerarbcom-ru-edit-1757530249979-1.svg","https://tysnkzmljlmmqpbotkxv.supabase.co/storage/v1/object/public/travel-app-images/wikidata-8642265d/cala-jovera-filecala-jobera-i-ca-1757531783808-1.jpg","wikipedia","wikidata","1",""
"57c14259-d468-410b-865c-d16423808ee6","Biblioteca de Catalunya","true","https://tysnkzmljlmmqpbotkxv.supabase.co/storage/v1/object/public/travel-app-images/wikipedia-57c14259/biblioteca-de-catalunya-fitxer2023-facebook--1757530250386-1.svg","https://tysnkzmljlmmqpbotkxv.supabase.co/storage/v1/object/public/travel-app-images/wikidata-57c14259/biblioteca-de-catalunya-filebiblioteca-de-ca-1757531790746-1.jpg","wikipedia","wikidata","1",""
"0ae3dcab-e497-4e2a-b0f0-1afbf4183ee4","Biblioteca Francesca Bonnemaison","true","https://tysnkzmljlmmqpbotkxv.supabase.co/storage/v1/object/public/travel-app-images/ChIJJ5PkOvqipBIRCVqFFq_JRZA/ChIJJ5PkOvqipBIRCVqFFq_JRZA_1751568815754_1.jpg","https://tysnkzmljlmmqpbotkxv.supabase.co/storage/v1/object/public/travel-app-images/wikidata-0ae3dcab/biblioteca-francesca-bonnemais-file002-biblioteca-f-1757531791376-1.jpg","unknown","wikidata","1",""
"e9aedc3b-7a88-46cd-aa42-9123c2bbfb00","Biblioteca Gabriel García Márquez","true","https://tysnkzmljlmmqpbotkxv.supabase.co/storage/v1/object/public/travel-app-images/ChIJa4p625ejpBIRcOVg7l6DpoI/ChIJa4p625ejpBIRcOVg7l6DpoI_1751572696649_1.jpg","https://tysnkzmljlmmqpbotkxv.supabase.co/storage/v1/object/public/travel-app-images/wikidata-e9aedc3b/biblioteca-gabriel-garca-mrque-filebiblioteca-gabri-1757531789974-1.jpg","unknown","wikidata","1",""
"cc698c1c-6de0-4208-bc03-c2c2c0f34833","Biblioteca Horta - Can Mariner","true","https://tysnkzmljlmmqpbotkxv.supabase.co/storage/v1/object/public/travel-app-images/ChIJ20PkHUa9pBIR__MlhbWPUi4/ChIJ20PkHUa9pBIR__MlhbWPUi4_1751574394168_1.jpg","https://tysnkzmljlmmqpbotkxv.supabase.co/storage/v1/object/public/travel-app-images/wikidata-cc698c1c/biblioteca-horta-can-mariner-filecanmariner2barce-1757531796720-1.jpg","unknown","wikidata","1",""
"94213539-ff22-40f5-91f2-4c9c7c96fdee","Biblioteca Sant Antoni - Joan Oliver","false","https://tysnkzmljlmmqpbotkxv.supabase.co/storage/v1/object/public/travel-app-images/ChIJ7cTD52CipBIRU7t3XBDxM7I/ChIJ7cTD52CipBIRU7t3XBDxM7I_1751568833945_1.jpg","","unknown","","","Edge function error: 520  - <!DOCTYPE html>
<!--[if lt IE 7]> <html class="no-js ie6 oldie" lang="en-US"> <![endif]-->
<!--[if IE 7]>    <html class="no-js ie7 oldie" lang="en-US"> <![endif]-->
<!--[if IE 8]>    <html class="no-js ie8 oldie" lang="en-US"> <![endif]-->
<!--[if gt IE 8]><!--> <html class="no-js" lang="en-US"> <!--<![endif]-->
<head>


<title>edge-runtime.supabase.com | 520: Web server is returning an unknown error</title>
<meta charset="UTF-8" />
<meta http-equiv="Content-Type" content="text/html; charset=UTF-8" />
<meta http-equiv="X-UA-Compatible" content="IE=Edge" />
<meta name="robots" content="noindex, nofollow" />
<meta name="viewport" content="width=device-width,initial-scale=1" />
<link rel="stylesheet" id="cf_styles-css" href="/cdn-cgi/styles/main.css" />


</head>
<body>
<div id="cf-wrapper">
    <div id="cf-error-details" class="p-0">
        <header class="mx-auto pt-10 lg:pt-6 lg:px-8 w-240 lg:w-full mb-8">
            <h1 class="inline-block sm:block sm:mb-2 font-light text-60 lg:text-4xl text-black-dark leading-tight mr-2">
              <span class="inline-block">Web server is returning an unknown error</span>
              <span class="code-label">Error code 520</span>
            </h1>
            <div>
               Visit <a href="https://www.cloudflare.com/5xx-error-landing?utm_source=errorcode_520&utm_campaign=edge-runtime.supabase.com" target="_blank" rel="noopener noreferrer">cloudflare.com</a> for more information.
            </div>
            <div class="mt-3">2025-09-10 19:17:15 UTC</div>
        </header>
        <div class="my-8 bg-gradient-gray">
            <div class="w-240 lg:w-full mx-auto">
                <div class="clearfix md:px-8">
                  
<div id="cf-browser-status" class=" relative w-1/3 md:w-full py-15 md:p-0 md:py-8 md:text-left md:border-solid md:border-0 md:border-b md:border-gray-400 overflow-hidden float-left md:float-none text-center">
  <div class="relative mb-10 md:m-0">
    
    <span class="cf-icon-browser block md:hidden h-20 bg-center bg-no-repeat"></span>
    <span class="cf-icon-ok w-12 h-12 absolute left-1/2 md:left-auto md:right-0 md:top-0 -ml-6 -bottom-4"></span>
    
  </div>
  <span class="md:block w-full truncate">You</span>
  <h3 class="md:inline-block mt-3 md:mt-0 text-2xl text-gray-600 font-light leading-1.3">
    
    Browser
    
  </h3>
  <span class="leading-1.3 text-2xl text-green-success">Working</span>
</div>

<div id="cf-cloudflare-status" class=" relative w-1/3 md:w-full py-15 md:p-0 md:py-8 md:text-left md:border-solid md:border-0 md:border-b md:border-gray-400 overflow-hidden float-left md:float-none text-center">
  <div class="relative mb-10 md:m-0">
    <a href="https://www.cloudflare.com/5xx-error-landing?utm_source=errorcode_520&utm_campaign=edge-runtime.supabase.com" target="_blank" rel="noopener noreferrer">
    <span class="cf-icon-cloud block md:hidden h-20 bg-center bg-no-repeat"></span>
    <span class="cf-icon-ok w-12 h-12 absolute left-1/2 md:left-auto md:right-0 md:top-0 -ml-6 -bottom-4"></span>
    </a>
  </div>
  <span class="md:block w-full truncate">São Paulo</span>
  <h3 class="md:inline-block mt-3 md:mt-0 text-2xl text-gray-600 font-light leading-1.3">
    <a href="https://www.cloudflare.com/5xx-error-landing?utm_source=errorcode_520&utm_campaign=edge-runtime.supabase.com" target="_blank" rel="noopener noreferrer">
    Cloudflare
    </a>
  </h3>
  <span class="leading-1.3 text-2xl text-green-success">Working</span>
</div>

<div id="cf-host-status" class="cf-error-source relative w-1/3 md:w-full py-15 md:p-0 md:py-8 md:text-left md:border-solid md:border-0 md:border-b md:border-gray-400 overflow-hidden float-left md:float-none text-center">
  <div class="relative mb-10 md:m-0">
    
    <span class="cf-icon-server block md:hidden h-20 bg-center bg-no-repeat"></span>
    <span class="cf-icon-error w-12 h-12 absolute left-1/2 md:left-auto md:right-0 md:top-0 -ml-6 -bottom-4"></span>
    
  </div>
  <span class="md:block w-full truncate">edge-runtime.supabase.com</span>
  <h3 class="md:inline-block mt-3 md:mt-0 text-2xl text-gray-600 font-light leading-1.3">
    
    Host
    
  </h3>
  <span class="leading-1.3 text-2xl text-red-error">Error</span>
</div>

                </div>
            </div>
        </div>

        <div class="w-240 lg:w-full mx-auto mb-8 lg:px-8">
            <div class="clearfix">
                <div class="w-1/2 md:w-full float-left pr-6 md:pb-10 md:pr-0 leading-relaxed">
                    <h2 class="text-3xl font-normal leading-1.3 mb-4">What happened?</h2>
                    <p>There is an unknown connection issue between Cloudflare and the origin web server. As a result, the web page can not be displayed.</p>
                </div>
                <div class="w-1/2 md:w-full float-left leading-relaxed">
                    <h2 class="text-3xl font-normal leading-1.3 mb-4">What can I do?</h2>
                          <h3 class="text-15 font-semibold mb-2">If you are a visitor of this website:</h3>
      <p class="mb-6">Please try again in a few minutes.</p>

      <h3 class="text-15 font-semibold mb-2">If you are the owner of this website:</h3>
      <p><span>There is an issue between Cloudflare's cache and your origin web server. Cloudflare monitors for these errors and automatically investigates the cause. To help support the investigation, you can pull the corresponding error log from your web server and submit it our support team.  Please include the Ray ID (which is at the bottom of this error page).</span> <a rel="noopener noreferrer" href="https://developers.cloudflare.com/support/troubleshooting/http-status-codes/cloudflare-5xx-errors/error-520/">Additional troubleshooting resources</a>.</p>
                </div>
            </div>
        </div>

        <div class="cf-error-footer cf-wrapper w-240 lg:w-full py-10 sm:py-4 sm:px-8 mx-auto text-center sm:text-left border-solid border-0 border-t border-gray-300">
  <p class="text-13">
    <span class="cf-footer-item sm:block sm:mb-1">Cloudflare Ray ID: <strong class="font-semibold">97d142ba0753d94e</strong></span>
    <span class="cf-footer-separator sm:hidden">&bull;</span>
    <span id="cf-footer-item-ip" class="cf-footer-item hidden sm:block sm:mb-1">
      Your IP:
      <button type="button" id="cf-footer-ip-reveal" class="cf-footer-ip-reveal-btn">Click to reveal</button>
      <span class="hidden" id="cf-footer-ip">186.195.237.143</span>
      <span class="cf-footer-separator sm:hidden">&bull;</span>
    </span>
    <span class="cf-footer-item sm:block sm:mb-1"><span>Performance &amp; security by</span> <a rel="noopener noreferrer" href="https://www.cloudflare.com/5xx-error-landing?utm_source=errorcode_520&utm_campaign=edge-runtime.supabase.com" id="brand_link" target="_blank">Cloudflare</a></span>
    
  </p>
  <script>(function(){function d(){var b=a.getElementById("cf-footer-item-ip"),c=a.getElementById("cf-footer-ip-reveal");b&&"classList"in b&&(b.classList.remove("hidden"),c.addEventListener("click",function(){c.classList.add("hidden");a.getElementById("cf-footer-ip").classList.remove("hidden")}))}var a=document;document.addEventListener&&a.addEventListener("DOMContentLoaded",d)})();</script>
</div><!-- /.error-footer -->


    </div>
</div>
</body>
</html>
"
"3661895c-ac46-45ef-87cc-f7f106b0b0fe","Bonanova","false","https://tysnkzmljlmmqpbotkxv.supabase.co/storage/v1/object/public/travel-app-images/wikipedia-3661895c/bonanova-fitxerarbcom-ru-edit-1757530293105-1.svg","","wikipedia","","","Edge function error: 520  - <!DOCTYPE html>
<!--[if lt IE 7]> <html class="no-js ie6 oldie" lang="en-US"> <![endif]-->
<!--[if IE 7]>    <html class="no-js ie7 oldie" lang="en-US"> <![endif]-->
<!--[if IE 8]>    <html class="no-js ie8 oldie" lang="en-US"> <![endif]-->
<!--[if gt IE 8]><!--> <html class="no-js" lang="en-US"> <!--<![endif]-->
<head>


<title>edge-runtime.supabase.com | 520: Web server is returning an unknown error</title>
<meta charset="UTF-8" />
<meta http-equiv="Content-Type" content="text/html; charset=UTF-8" />
<meta http-equiv="X-UA-Compatible" content="IE=Edge" />
<meta name="robots" content="noindex, nofollow" />
<meta name="viewport" content="width=device-width,initial-scale=1" />
<link rel="stylesheet" id="cf_styles-css" href="/cdn-cgi/styles/main.css" />


</head>
<body>
<div id="cf-wrapper">
    <div id="cf-error-details" class="p-0">
        <header class="mx-auto pt-10 lg:pt-6 lg:px-8 w-240 lg:w-full mb-8">
            <h1 class="inline-block sm:block sm:mb-2 font-light text-60 lg:text-4xl text-black-dark leading-tight mr-2">
              <span class="inline-block">Web server is returning an unknown error</span>
              <span class="code-label">Error code 520</span>
            </h1>
            <div>
               Visit <a href="https://www.cloudflare.com/5xx-error-landing?utm_source=errorcode_520&utm_campaign=edge-runtime.supabase.com" target="_blank" rel="noopener noreferrer">cloudflare.com</a> for more information.
            </div>
            <div class="mt-3">2025-09-10 19:17:15 UTC</div>
        </header>
        <div class="my-8 bg-gradient-gray">
            <div class="w-240 lg:w-full mx-auto">
                <div class="clearfix md:px-8">
                  
<div id="cf-browser-status" class=" relative w-1/3 md:w-full py-15 md:p-0 md:py-8 md:text-left md:border-solid md:border-0 md:border-b md:border-gray-400 overflow-hidden float-left md:float-none text-center">
  <div class="relative mb-10 md:m-0">
    
    <span class="cf-icon-browser block md:hidden h-20 bg-center bg-no-repeat"></span>
    <span class="cf-icon-ok w-12 h-12 absolute left-1/2 md:left-auto md:right-0 md:top-0 -ml-6 -bottom-4"></span>
    
  </div>
  <span class="md:block w-full truncate">You</span>
  <h3 class="md:inline-block mt-3 md:mt-0 text-2xl text-gray-600 font-light leading-1.3">
    
    Browser
    
  </h3>
  <span class="leading-1.3 text-2xl text-green-success">Working</span>
</div>

<div id="cf-cloudflare-status" class=" relative w-1/3 md:w-full py-15 md:p-0 md:py-8 md:text-left md:border-solid md:border-0 md:border-b md:border-gray-400 overflow-hidden float-left md:float-none text-center">
  <div class="relative mb-10 md:m-0">
    <a href="https://www.cloudflare.com/5xx-error-landing?utm_source=errorcode_520&utm_campaign=edge-runtime.supabase.com" target="_blank" rel="noopener noreferrer">
    <span class="cf-icon-cloud block md:hidden h-20 bg-center bg-no-repeat"></span>
    <span class="cf-icon-ok w-12 h-12 absolute left-1/2 md:left-auto md:right-0 md:top-0 -ml-6 -bottom-4"></span>
    </a>
  </div>
  <span class="md:block w-full truncate">São Paulo</span>
  <h3 class="md:inline-block mt-3 md:mt-0 text-2xl text-gray-600 font-light leading-1.3">
    <a href="https://www.cloudflare.com/5xx-error-landing?utm_source=errorcode_520&utm_campaign=edge-runtime.supabase.com" target="_blank" rel="noopener noreferrer">
    Cloudflare
    </a>
  </h3>
  <span class="leading-1.3 text-2xl text-green-success">Working</span>
</div>

<div id="cf-host-status" class="cf-error-source relative w-1/3 md:w-full py-15 md:p-0 md:py-8 md:text-left md:border-solid md:border-0 md:border-b md:border-gray-400 overflow-hidden float-left md:float-none text-center">
  <div class="relative mb-10 md:m-0">
    
    <span class="cf-icon-server block md:hidden h-20 bg-center bg-no-repeat"></span>
    <span class="cf-icon-error w-12 h-12 absolute left-1/2 md:left-auto md:right-0 md:top-0 -ml-6 -bottom-4"></span>
    
  </div>
  <span class="md:block w-full truncate">edge-runtime.supabase.com</span>
  <h3 class="md:inline-block mt-3 md:mt-0 text-2xl text-gray-600 font-light leading-1.3">
    
    Host
    
  </h3>
  <span class="leading-1.3 text-2xl text-red-error">Error</span>
</div>

                </div>
            </div>
        </div>

        <div class="w-240 lg:w-full mx-auto mb-8 lg:px-8">
            <div class="clearfix">
                <div class="w-1/2 md:w-full float-left pr-6 md:pb-10 md:pr-0 leading-relaxed">
                    <h2 class="text-3xl font-normal leading-1.3 mb-4">What happened?</h2>
                    <p>There is an unknown connection issue between Cloudflare and the origin web server. As a result, the web page can not be displayed.</p>
                </div>
                <div class="w-1/2 md:w-full float-left leading-relaxed">
                    <h2 class="text-3xl font-normal leading-1.3 mb-4">What can I do?</h2>
                          <h3 class="text-15 font-semibold mb-2">If you are a visitor of this website:</h3>
      <p class="mb-6">Please try again in a few minutes.</p>

      <h3 class="text-15 font-semibold mb-2">If you are the owner of this website:</h3>
      <p><span>There is an issue between Cloudflare's cache and your origin web server. Cloudflare monitors for these errors and automatically investigates the cause. To help support the investigation, you can pull the corresponding error log from your web server and submit it our support team.  Please include the Ray ID (which is at the bottom of this error page).</span> <a rel="noopener noreferrer" href="https://developers.cloudflare.com/support/troubleshooting/http-status-codes/cloudflare-5xx-errors/error-520/">Additional troubleshooting resources</a>.</p>
                </div>
            </div>
        </div>

        <div class="cf-error-footer cf-wrapper w-240 lg:w-full py-10 sm:py-4 sm:px-8 mx-auto text-center sm:text-left border-solid border-0 border-t border-gray-300">
  <p class="text-13">
    <span class="cf-footer-item sm:block sm:mb-1">Cloudflare Ray ID: <strong class="font-semibold">97d142b9f512f195</strong></span>
    <span class="cf-footer-separator sm:hidden">&bull;</span>
    <span id="cf-footer-item-ip" class="cf-footer-item hidden sm:block sm:mb-1">
      Your IP:
      <button type="button" id="cf-footer-ip-reveal" class="cf-footer-ip-reveal-btn">Click to reveal</button>
      <span class="hidden" id="cf-footer-ip">186.195.237.143</span>
      <span class="cf-footer-separator sm:hidden">&bull;</span>
    </span>
    <span class="cf-footer-item sm:block sm:mb-1"><span>Performance &amp; security by</span> <a rel="noopener noreferrer" href="https://www.cloudflare.com/5xx-error-landing?utm_source=errorcode_520&utm_campaign=edge-runtime.supabase.com" id="brand_link" target="_blank">Cloudflare</a></span>
    
  </p>
  <script>(function(){function d(){var b=a.getElementById("cf-footer-item-ip"),c=a.getElementById("cf-footer-ip-reveal");b&&"classList"in b&&(b.classList.remove("hidden"),c.addEventListener("click",function(){c.classList.add("hidden");a.getElementById("cf-footer-ip").classList.remove("hidden")}))}var a=document;document.addEventListener&&a.addEventListener("DOMContentLoaded",d)})();</script>
</div><!-- /.error-footer -->


    </div>
</div>
</body>
</html>
"
"2e7eb039-55b3-4423-911a-f36c952102c5","Museo de Historia de Cataluña","true","https://tysnkzmljlmmqpbotkxv.supabase.co/storage/v1/object/public/travel-app-images/wikipedia-2e7eb039/museo-de-historia-de-catalua-fitxer029-palau-de-m-1757530300589-1.jpg","https://tysnkzmljlmmqpbotkxv.supabase.co/storage/v1/object/public/travel-app-images/wikidata-2e7eb039/museo-de-historia-de-catalua-filemagatzems-genera-1757531841001-1.jpg","wikipedia","wikidata","1",""
"9223758a-420b-4bf2-9355-71d1ca7cb892","Museo de Historia de la Inmigración de Cataluña","true","https://tysnkzmljlmmqpbotkxv.supabase.co/storage/v1/object/public/travel-app-images/wikipedia-9223758a/museo-de-historia-de-la-inmigr-fitxerbarcelona-absi-1757530301475-1.jpg","https://tysnkzmljlmmqpbotkxv.supabase.co/storage/v1/object/public/travel-app-images/wikidata-9223758a/museo-de-historia-de-la-inmigr-filewlm14es-palau-na-1757531840452-1.jpg","wikipedia","wikidata","1",""
"1fe5993c-0d40-44c7-bdbb-6d9502d7b5df","Museo Europeo de Arte Moderno","true","https://tysnkzmljlmmqpbotkxv.supabase.co/storage/v1/object/public/travel-app-images/wikipedia-1fe5993c/museo-europeo-de-arte-moderno-fitxerarbcom-ru-edit-1757530310763-1.svg","https://tysnkzmljlmmqpbotkxv.supabase.co/storage/v1/object/public/travel-app-images/wikidata-1fe5993c/museo-europeo-de-arte-moderno-filemuseum-of-modern-1757531840762-1.jpg","wikipedia","wikidata","1",""
"ed898009-3ddb-4a80-af5c-a8ad8a0aba9b","Sagrat Cor Sarrià","true","https://tysnkzmljlmmqpbotkxv.supabase.co/storage/v1/object/public/travel-app-images/ChIJZwDpP0eYpBIREdPz4S3OEqQ/ChIJZwDpP0eYpBIREdPz4S3OEqQ_1751570228272_1.jpg","https://tysnkzmljlmmqpbotkxv.supabase.co/storage/v1/object/public/travel-app-images/wikidata-ed898009/sagrat-cor-sarri-filecentre-educatiu--1757531847214-1.jpg","unknown","wikidata","1",""
"05bb8ea5-748e-44ed-b1be-86151f0cee50","Feira de Embu","false","https://tysnkzmljlmmqpbotkxv.supabase.co/storage/v1/object/public/travel-app-images/ChIJ51ETyXGrz5QRek2g83fueaE/ChIJ51ETyXGrz5QRek2g83fueaE_1751982980013_1.jpg","","unknown","","","No images found in Wikidata"
"d2e9602f-635f-4e9f-8433-04f134cb81f9","Parque Madureira","false","https://tysnkzmljlmmqpbotkxv.supabase.co/storage/v1/object/public/travel-app-images/ChIJf2iVsyZjmQARDE45CoNciMs/ChIJf2iVsyZjmQARDE45CoNciMs_1754504131108_1.jpg","","unknown","","","No images found in Wikidata"
"5b192fd1-5f61-478c-9171-43452c38f73c","Parroquia Patriarca Abraham","true","https://tysnkzmljlmmqpbotkxv.supabase.co/storage/v1/object/public/travel-app-images/ChIJpdipnxOjpBIRT00A58ge9b8/ChIJpdipnxOjpBIRT00A58ge9b8_1751567377692_1.jpg","https://tysnkzmljlmmqpbotkxv.supabase.co/storage/v1/object/public/travel-app-images/wikidata-5b192fd1/parroquia-patriarca-abraham-filecampanariobarcel-1757531853551-1.jpg","unknown","wikidata","1",""
"162ea1aa-c531-4557-b9b0-537910d3bedb","Parque de las Rieras de Horta","true","https://tysnkzmljlmmqpbotkxv.supabase.co/storage/v1/object/public/travel-app-images/wikipedia-162ea1aa/parque-de-las-rieras-de-horta-fitxeragapanto-1jpg-1757530318552-1.jpg","https://tysnkzmljlmmqpbotkxv.supabase.co/storage/v1/object/public/travel-app-images/wikidata-162ea1aa/parque-de-las-rieras-de-horta-filelaberint-dhorta0-1757531857290-1.jpg","wikipedia","wikidata","1",""
"37a18478-33d4-4777-9b69-8db8cd568252","Iglesia de San Vicente de Sarrià","true","https://tysnkzmljlmmqpbotkxv.supabase.co/storage/v1/object/public/travel-app-images/wikipedia-37a18478/iglesia-de-san-vicente-de-sarr-fitxerarbcom-ru-edit-1757530325710-1.svg","https://tysnkzmljlmmqpbotkxv.supabase.co/storage/v1/object/public/travel-app-images/wikidata-37a18478/iglesia-de-san-vicente-de-sarr-fileesglsia-de-sant--1757531853703-1.jpg","wikipedia","wikidata","1",""
"4d96deab-f657-484c-9ee4-3a73ed06ab13","Capilla de Marcús","true","https://tysnkzmljlmmqpbotkxv.supabase.co/storage/v1/object/public/travel-app-images/wikipedia-4d96deab/capilla-de-marcs-fitxer118-capella-de-1757530326617-1.jpg","https://tysnkzmljlmmqpbotkxv.supabase.co/storage/v1/object/public/travel-app-images/wikidata-4d96deab/capilla-de-marcs-file216-capella-den--1757531863579-1.jpg","wikipedia","wikidata","1",""
"ebdfd551-fc9d-452b-9969-3aa654f2e742","Biblioteca Fort Pienc - Ana María Moix","true","https://tysnkzmljlmmqpbotkxv.supabase.co/storage/v1/object/public/travel-app-images/ChIJ155fqOOipBIRh4B1_jGbo3o/ChIJ155fqOOipBIRh4B1_jGbo3o_1751567419756_1.jpg","https://tysnkzmljlmmqpbotkxv.supabase.co/storage/v1/object/public/travel-app-images/wikidata-ebdfd551/biblioteca-fort-pienc-ana-mara-filebiblioteca-fort--1757531862801-1.jpg","unknown","wikidata","1",""
"4968c57a-c6e2-4632-81c9-4b27ae5ed32f","Funicular del Tibidabo (Cuca de Llum)","true","https://tysnkzmljlmmqpbotkxv.supabase.co/storage/v1/object/public/travel-app-images/wikipedia-4968c57a/funicular-del-tibidabo-cuca-de-fitxercommonslogosvg-1757530334418-1.svg","https://tysnkzmljlmmqpbotkxv.supabase.co/storage/v1/object/public/travel-app-images/wikidata-4968c57a/funicular-del-tibidabo-cuca-de-filefunicular-del-ti-1757531863142-1.jpg","wikipedia","wikidata","2",""
"77e393da-9a01-450e-883b-2cf4ab90c227","Bosque de la Marquesa","true","https://tysnkzmljlmmqpbotkxv.supabase.co/storage/v1/object/public/travel-app-images/wikipedia-77e393da/bosque-de-la-marquesa-fitxerarbcom-ru-edit-1757530334520-1.svg","https://tysnkzmljlmmqpbotkxv.supabase.co/storage/v1/object/public/travel-app-images/wikidata-77e393da/bosque-de-la-marquesa-filetarragona-bosc-d-1757531869620-1.jpg","wikipedia","wikidata","1",""
"a7ed1345-198d-4027-814b-ceb820017a29","Arzobispado de Barcelona","true","https://tysnkzmljlmmqpbotkxv.supabase.co/storage/v1/object/public/travel-app-images/wikipedia-a7ed1345/arzobispado-de-barcelona-fitxer050529-barcelo-1757530339733-1.jpg","https://tysnkzmljlmmqpbotkxv.supabase.co/storage/v1/object/public/travel-app-images/wikidata-a7ed1345/arzobispado-de-barcelona-fileaerial-view-of-l-1757531870929-1.jpg","wikipedia","wikidata","2",""
"9fd66c71-8b7c-4664-9922-8043a3862d58","Witch’s Yew Tree","true","https://tysnkzmljlmmqpbotkxv.supabase.co/storage/v1/object/public/travel-app-images/ChIJgdLGtUyRREgR_0JQNdtIn7E/ChIJgdLGtUyRREgR_0JQNdtIn7E_1753984649888_1.jpg","https://tysnkzmljlmmqpbotkxv.supabase.co/storage/v1/object/public/travel-app-images/wikidata-9fd66c71/witchs-yew-tree-file2020-witchs-yew--1757531874649-1.jpg","unknown","wikidata","1",""
"33a6f572-349f-4bbf-9ea2-8070a5faf9fd","Praia do Diabo","false","https://tysnkzmljlmmqpbotkxv.supabase.co/storage/v1/object/public/travel-app-images/ChIJ6ZjFVCPVmwAR6Y6TY2W5oFM/ChIJ6ZjFVCPVmwAR6Y6TY2W5oFM_1754580230199_1.jpg","","unknown","","","No images found in Wikidata"
"22d45c4e-3be1-4147-8790-600a568dd625","Church of the Resurrection, Blarney","true","https://tysnkzmljlmmqpbotkxv.supabase.co/storage/v1/object/public/travel-app-images/ChIJixlKL2WRREgRzxwoaon8qno/ChIJixlKL2WRREgRzxwoaon8qno_1753984860007_1.jpg","https://tysnkzmljlmmqpbotkxv.supabase.co/storage/v1/object/public/travel-app-images/wikidata-22d45c4e/church-of-the-resurrection-bla-fileblarney-church-o-1757531886810-1.jpg","unknown","wikidata","1",""
"e8fe1967-bb20-496a-b93d-d01fc4dd477f","Saint Colman's Park Cobh Ramblers","false","https://tysnkzmljlmmqpbotkxv.supabase.co/storage/v1/object/public/travel-app-images/wikipedia-e8fe1967/saint-colmans-park-cobh-ramble-filequestion-booknew-1757530339143-1.svg","","wikipedia","","","No images found in Wikidata"
"5a46a06b-e8bf-4573-8685-3e28565487a6","Christ Church Church of Ireland","true","https://tysnkzmljlmmqpbotkxv.supabase.co/storage/v1/object/public/travel-app-images/ChIJLxEtCpuDREgRAppREXyPPoQ/ChIJLxEtCpuDREgRAppREXyPPoQ_1753986777307_1.jpg","https://tysnkzmljlmmqpbotkxv.supabase.co/storage/v1/object/public/travel-app-images/wikidata-5a46a06b/christ-church-church-of-irelan-filecounty-cork-chri-1757531893634-1.jpg","unknown","wikidata","1",""
"81631d9e-038a-40c9-ac59-5da52d97b559","Jardines de Can Mantega","true","https://tysnkzmljlmmqpbotkxv.supabase.co/storage/v1/object/public/travel-app-images/wikipedia-81631d9e/jardines-de-can-mantega-fitxerarbcom-ru-edit-1757530346359-1.svg","https://tysnkzmljlmmqpbotkxv.supabase.co/storage/v1/object/public/travel-app-images/wikidata-81631d9e/jardines-de-can-mantega-filebarcelona-jardin-1757531893316-1.jpg","wikipedia","wikidata","1",""
"4d42b642-85ff-4299-9b13-794e92860094","Cattedrale di San Colman","true","https://tysnkzmljlmmqpbotkxv.supabase.co/storage/v1/object/public/travel-app-images/wikipedia-4d42b642/cattedrale-di-san-colman-file046cupolaspietro-1757530346617-1.jpg","https://tysnkzmljlmmqpbotkxv.supabase.co/storage/v1/object/public/travel-app-images/wikidata-4d42b642/cattedrale-di-san-colman-filest-colmans-cathe-1757531894049-1.jpg","wikipedia","wikidata","2",""
"8a00588c-f9cd-4fb2-b924-c56552953d95","Cork City Gaol","true","https://tysnkzmljlmmqpbotkxv.supabase.co/storage/v1/object/public/travel-app-images/wikipedia-8a00588c/cork-city-gaol-filecommonslogosvg-1757530345790-1.svg","https://tysnkzmljlmmqpbotkxv.supabase.co/storage/v1/object/public/travel-app-images/wikidata-8a00588c/cork-city-gaol-filecork-city-jailjp-1757531900158-1.jpg","wikipedia","wikidata","1",""
"19fffcb2-957f-43e0-8c12-5a9df8e7b9a0","Musgrave Park","true","https://tysnkzmljlmmqpbotkxv.supabase.co/storage/v1/object/public/travel-app-images/wikipedia-19fffcb2/musgrave-park-filecommonslogosvg-1757530352747-1.svg","https://tysnkzmljlmmqpbotkxv.supabase.co/storage/v1/object/public/travel-app-images/wikidata-19fffcb2/musgrave-park-filemusgrave-park-ge-1757531900551-1.jpg","wikipedia","wikidata","1",""
"a5b06008-7c5d-454b-b9b4-32aa7bc31b92","Blackrock Castle Observatory","true","https://tysnkzmljlmmqpbotkxv.supabase.co/storage/v1/object/public/travel-app-images/wikipedia-a5b06008/blackrock-castle-observatory-fileunidentified-cas-1757530352308-1.jpg","https://tysnkzmljlmmqpbotkxv.supabase.co/storage/v1/object/public/travel-app-images/wikidata-a5b06008/blackrock-castle-observatory-fileblackrock-castle-1757531900833-1.jpg","wikipedia","wikidata","1",""
"6817af08-03dc-4db0-a6ab-faf764b1720e","Church of the Descent of the Holy Spirit, Dennehys Cross","true","https://tysnkzmljlmmqpbotkxv.supabase.co/storage/v1/object/public/travel-app-images/ChIJP6LeQiuQREgRkzWBy2ZwIlM/ChIJP6LeQiuQREgRkzWBy2ZwIlM_1753985558049_1.jpg","https://tysnkzmljlmmqpbotkxv.supabase.co/storage/v1/object/public/travel-app-images/wikidata-6817af08/church-of-the-descent-of-the-h-filecork-church-of-t-1757531906384-1.jpg","unknown","wikidata","1",""
"25ac87e9-d9ab-4841-a99c-6be8914a5c32","Basílica de San José Oriol","true","https://tysnkzmljlmmqpbotkxv.supabase.co/storage/v1/object/public/travel-app-images/wikipedia-25ac87e9/baslica-de-san-jos-oriol-fitxer006-esglsia-de-1757530361319-1.jpg","https://tysnkzmljlmmqpbotkxv.supabase.co/storage/v1/object/public/travel-app-images/wikidata-25ac87e9/baslica-de-san-jos-oriol-filebaslica-de-sant--1757531916371-1.jpg","wikipedia","wikidata","1",""
"5ec2b7b7-8647-49e6-97c5-c133f07b4518","Casa Vicens Gaudí","true","https://tysnkzmljlmmqpbotkxv.supabase.co/storage/v1/object/public/travel-app-images/wikipedia-5ec2b7b7/casa-vicens-gaud-fitxerabassvg-1757530368756-1.svg","https://tysnkzmljlmmqpbotkxv.supabase.co/storage/v1/object/public/travel-app-images/wikidata-5ec2b7b7/casa-vicens-gaud-filegaudis-sagrada-f-1757531907270-1.jpg","wikipedia","wikidata","1",""
"437e73bd-9307-4c0e-bfee-3648a25922e0","Biblioteca Josep Janés","true","https://tysnkzmljlmmqpbotkxv.supabase.co/storage/v1/object/public/travel-app-images/ChIJGRaJyfOYpBIRaVEDPi82PS8/ChIJGRaJyfOYpBIRaVEDPi82PS8_1751570320221_1.jpg","https://tysnkzmljlmmqpbotkxv.supabase.co/storage/v1/object/public/travel-app-images/wikidata-437e73bd/biblioteca-josep-jans-filebiblioteca-josep-1757531922394-1.jpg","unknown","wikidata","1",""
"12d799c8-ef6d-4f51-bc7c-d888508b7647","Biblioteca Guinardó - Mercè Rodoreda","true","https://tysnkzmljlmmqpbotkxv.supabase.co/storage/v1/object/public/travel-app-images/ChIJi_jitLeipBIRuMlFicHmdz0/ChIJi_jitLeipBIRuMlFicHmdz0_1751571455731_1.jpg","https://tysnkzmljlmmqpbotkxv.supabase.co/storage/v1/object/public/travel-app-images/wikidata-12d799c8/biblioteca-guinard-merc-rodore-filebiblio-mrjpg-1757531922164-1.jpg","unknown","wikidata","1",""
"6f89b295-a719-47fe-ac9a-5bce28fa7e6c","Parque de la Trinidad Vieja","false","https://tysnkzmljlmmqpbotkxv.supabase.co/storage/v1/object/public/travel-app-images/ChIJSaBJvO-8pBIRt65w-N2_cSg/ChIJSaBJvO-8pBIRt65w-N2_cSg_1751573052378_1.jpg","","unknown","","","No images found in Wikidata"
"5bf4d888-8218-4f0f-8067-7a574f7be6a0","Parroquia del Inmaculado Corazón de María","true","https://tysnkzmljlmmqpbotkxv.supabase.co/storage/v1/object/public/travel-app-images/wikipedia-5bf4d888/parroquia-del-inmaculado-coraz-fitxerarbcom-ru-edit-1757530368886-1.svg","https://tysnkzmljlmmqpbotkxv.supabase.co/storage/v1/object/public/travel-app-images/wikidata-5bf4d888/parroquia-del-inmaculado-coraz-filesta-maria-de-grc-1757531928484-1.jpg","wikipedia","wikidata","1",""
"176bb1c2-43f9-41bb-9b42-91f418f8d518","Jardines del Baix Guinardó","true","https://tysnkzmljlmmqpbotkxv.supabase.co/storage/v1/object/public/travel-app-images/wikipedia-176bb1c2/jardines-del-baix-guinard-fitxerarbcom-ru-edit-1757530374369-1.svg","https://tysnkzmljlmmqpbotkxv.supabase.co/storage/v1/object/public/travel-app-images/wikidata-176bb1c2/jardines-del-baix-guinard-filejardins-prncep-d-1757531928681-1.jpg","wikipedia","wikidata","1",""
"c76ae235-a690-4895-9869-01b70db2887d","La Monumental","true","https://tysnkzmljlmmqpbotkxv.supabase.co/storage/v1/object/public/travel-app-images/wikipedia-c76ae235/la-monumental-fitxer050529-barcelo-1757530373932-1.jpg","https://tysnkzmljlmmqpbotkxv.supabase.co/storage/v1/object/public/travel-app-images/wikidata-c76ae235/la-monumental-file050529-barcelona-1757531927912-1.jpg","wikipedia","wikidata","1",""
"aeb3bb0c-c8db-4d65-ab12-ead6be9c35ca","St Mary's Dominican Priory","false","https://tysnkzmljlmmqpbotkxv.supabase.co/storage/v1/object/public/travel-app-images/ChIJEV6gjhGQREgRiQR1JPrIZto/ChIJEV6gjhGQREgRiQR1JPrIZto_1753985881183_1.jpg","","unknown","","","No images found in Wikidata"
"292f07f4-dfe5-4927-b814-cb2181a42c6a","St. Michael's Catholic Church, Blackrock","true","https://tysnkzmljlmmqpbotkxv.supabase.co/storage/v1/object/public/travel-app-images/ChIJCXMbas6aREgRsI6VJwgVCws/ChIJCXMbas6aREgRsI6VJwgVCws_1753986164515_1.jpg","https://tysnkzmljlmmqpbotkxv.supabase.co/storage/v1/object/public/travel-app-images/wikidata-292f07f4/st-michaels-catholic-church-bl-filecounty-cork-st-m-1757531934822-1.jpeg","unknown","wikidata","1",""
"c1abe7f0-94ae-4cdc-87b6-ea559e38f63b","Crawford Municipal Art Gallery","true","https://tysnkzmljlmmqpbotkxv.supabase.co/storage/v1/object/public/travel-app-images/wikipedia-c1abe7f0/crawford-municipal-art-gallery-filecommonslogosvg-1757530379758-1.svg","https://tysnkzmljlmmqpbotkxv.supabase.co/storage/v1/object/public/travel-app-images/wikidata-c1abe7f0/crawford-municipal-art-gallery-filecrawford-art-gal-1757531935598-1.jpg","wikipedia","wikidata","1",""
"8006bdf5-4994-4627-bde1-4abdd0142582","Palacete Princesa Isabel","true","https://tysnkzmljlmmqpbotkxv.supabase.co/storage/v1/object/public/travel-app-images/wikipedia-8006bdf5/palacete-princesa-isabel-ficheiroblue-pencils-1757530380493-1.svg","https://tysnkzmljlmmqpbotkxv.supabase.co/storage/v1/object/public/travel-app-images/wikidata-8006bdf5/palacete-princesa-isabel-filepalacete-princes-1757531941424-1.jpg","wikipedia","wikidata","1",""
"b6a96070-15ee-4edd-9493-abd061a86801","Pàrquing Mèdol","true","https://tysnkzmljlmmqpbotkxv.supabase.co/storage/v1/object/public/travel-app-images/wikipedia-b6a96070/prquing-mdol-fitxerarbcom-ru-edit-1757530387616-1.svg","https://tysnkzmljlmmqpbotkxv.supabase.co/storage/v1/object/public/travel-app-images/wikidata-b6a96070/prquing-mdol-filemedoltarragona-0-1757531941813-1.jpg","wikipedia","wikidata","1",""
"b225b1c0-51da-4058-b2d9-1c0fa7449652","RMS Lusitania Memorial","true","https://tysnkzmljlmmqpbotkxv.supabase.co/storage/v1/object/public/travel-app-images/ChIJA_D0EKSDREgRMQg13gjKxSo/ChIJA_D0EKSDREgRMQg13gjKxSo_1753986602444_1.jpg","https://tysnkzmljlmmqpbotkxv.supabase.co/storage/v1/object/public/travel-app-images/wikidata-b225b1c0/rms-lusitania-memorial-filecobh-lusitania-m-1757531941618-1.jpg","unknown","wikidata","1",""
"8b891da0-11f3-49c3-9331-16cf7736d261","Lusitania Wall of Remembrance","true","https://tysnkzmljlmmqpbotkxv.supabase.co/storage/v1/object/public/travel-app-images/ChIJG2IVOFCDREgR7J0LlrYkTOo/ChIJG2IVOFCDREgR7J0LlrYkTOo_1753986661856_1.jpg","https://tysnkzmljlmmqpbotkxv.supabase.co/storage/v1/object/public/travel-app-images/wikidata-8b891da0/lusitania-wall-of-remembrance-filecobh-lusitania-m-1757531947000-1.jpg","unknown","wikidata","1",""
"64cdedcc-4e1d-49f3-8f31-5ce4740c048d","Trinity Presbyterian Church","true","https://tysnkzmljlmmqpbotkxv.supabase.co/storage/v1/object/public/travel-app-images/ChIJR0QQtw6QREgR_tpXfv_Ev-o/ChIJR0QQtw6QREgR_tpXfv_Ev-o_1753985903853_1.jpg","https://tysnkzmljlmmqpbotkxv.supabase.co/storage/v1/object/public/travel-app-images/wikidata-64cdedcc/trinity-presbyterian-church-filecork-trinity-pre-1757531947310-1.jpg","unknown","wikidata","1",""
"e9ddefea-ce73-4f0b-9dc4-11df0b17b06f","Fitzgerald Park","true","https://tysnkzmljlmmqpbotkxv.supabase.co/storage/v1/object/public/travel-app-images/ChIJ_QGvGzCQREgRLvWh4vSr3XU/ChIJ_QGvGzCQREgRLvWh4vSr3XU_1753985350787_1.jpg","https://tysnkzmljlmmqpbotkxv.supabase.co/storage/v1/object/public/travel-app-images/wikidata-e9ddefea/fitzgerald-park-filecork-father-matt-1757531946966-1.jpg","unknown","wikidata","1",""
"daf87720-a9eb-4bf0-a903-12792259b9f6","Saints Peter and Paul's Roman Catholic Church","true","https://tysnkzmljlmmqpbotkxv.supabase.co/storage/v1/object/public/travel-app-images/wikipedia-daf87720/saints-peter-and-pauls-roman-c-filecommonslogosvg-1757530387889-1.svg","https://tysnkzmljlmmqpbotkxv.supabase.co/storage/v1/object/public/travel-app-images/wikidata-daf87720/saints-peter-and-pauls-roman-c-filecork-saints-pete-1757531953716-1.jpg","wikipedia","wikidata","1",""
"ff9bafcf-59c0-44ca-97f1-5058d245abe8","Cork City Library","false","https://tysnkzmljlmmqpbotkxv.supabase.co/storage/v1/object/public/travel-app-images/ChIJp68pkhCQREgRmxEvoe-Bcdk/ChIJp68pkhCQREgRmxEvoe-Bcdk_1753986193518_1.jpg","","unknown","","","No images found in Wikidata"
"e935fbc0-118b-4b15-be75-5cad54c73484","Museu do Amanhã","true","https://tysnkzmljlmmqpbotkxv.supabase.co/storage/v1/object/public/travel-app-images/wikipedia-e935fbc0/museu-do-amanh-ficheirobandeira-da--1757530393151-1.svg","https://tysnkzmljlmmqpbotkxv.supabase.co/storage/v1/object/public/travel-app-images/wikidata-e935fbc0/museu-do-amanh-filemuseu-do-amanh-r-1757531953464-1.jpg","wikipedia","wikidata","1",""
"1dab939a-07c0-4cdc-bf1c-317b8ec3093e","Igreja Nossa Senhora do Carmo da Antiga Sé","true","https://tysnkzmljlmmqpbotkxv.supabase.co/storage/v1/object/public/travel-app-images/ChIJm2g1bV9_mQARapHw1bCoth8/ChIJm2g1bV9_mQARapHw1bCoth8_1754578577705_1.jpg","https://tysnkzmljlmmqpbotkxv.supabase.co/storage/v1/object/public/travel-app-images/wikidata-1dab939a/igreja-nossa-senhora-do-carmo--filecatedral1jpg-1757531959766-1.jpg","unknown","wikidata","1",""
"41c3761c-b64e-49be-a90b-07e524d1adeb","Arcos da Lapa | Aqueduto da Carioca","true","https://tysnkzmljlmmqpbotkxv.supabase.co/storage/v1/object/public/travel-app-images/wikipedia-41c3761c/arcos-da-lapa-aqueduto-da-cari-ficheiro2018-rio-de--1757530393926-1.jpg","https://tysnkzmljlmmqpbotkxv.supabase.co/storage/v1/object/public/travel-app-images/wikidata-41c3761c/arcos-da-lapa-aqueduto-da-cari-fileaqueduto-da-cari-1757531960399-1.jpg","wikipedia","wikidata","1",""
"d75a35a6-19d5-4858-b28c-3861cabdf0db","Casa da Memória de Itaquera","true","https://tysnkzmljlmmqpbotkxv.supabase.co/storage/v1/object/public/travel-app-images/ChIJCZSUC7lmzpQR3TrgaQ7IoDY/ChIJCZSUC7lmzpQR3TrgaQ7IoDY_1754680468457_1.jpg","https://tysnkzmljlmmqpbotkxv.supabase.co/storage/v1/object/public/travel-app-images/wikidata-d75a35a6/casa-da-memria-de-itaquera-fileestao-do-metr-co-1757531959340-1.jpg","unknown","wikidata","1",""
"fab75825-1537-4713-9d0d-580067c14e68","Shopping Center Norte","true","https://tysnkzmljlmmqpbotkxv.supabase.co/storage/v1/object/public/travel-app-images/ChIJU6Ztw5ZYzpQRH-wv8FA7VSc/ChIJU6Ztw5ZYzpQRH-wv8FA7VSc_1755010216405_1.jpg","https://tysnkzmljlmmqpbotkxv.supabase.co/storage/v1/object/public/travel-app-images/wikidata-fab75825/shopping-center-norte-fileshopping-center--1757531966080-1.jpg","unknown","wikidata","1",""
"15792d82-3f81-4e34-8c33-8d2e32afba68","Casa do Grito | Museu da Cidade de São Paulo","true","https://tysnkzmljlmmqpbotkxv.supabase.co/storage/v1/object/public/travel-app-images/ChIJ7S_FGeFbzpQRCNPvxbte2I0/ChIJ7S_FGeFbzpQRCNPvxbte2I0_1755011189313_1.jpg","https://tysnkzmljlmmqpbotkxv.supabase.co/storage/v1/object/public/travel-app-images/wikidata-15792d82/casa-do-grito-museu-da-cidade--filemuseu-paulista-2-1757531967119-1.jpg","unknown","wikidata","1",""
"b02e5ef7-54a4-4bb7-afc3-44d14e726ef9","Casa do Tatuapé / Museu da Cidade de São Paulo","true","https://tysnkzmljlmmqpbotkxv.supabase.co/storage/v1/object/public/travel-app-images/ChIJFXIyudlezpQRkwe1bef8S4Q/ChIJFXIyudlezpQRkwe1bef8S4Q_1755010181915_1.jpg","https://tysnkzmljlmmqpbotkxv.supabase.co/storage/v1/object/public/travel-app-images/wikidata-b02e5ef7/casa-do-tatuap-museu-da-cidade-file120129-121902-es-1757531965940-1.jpg","unknown","wikidata","1",""
"215ed69d-3424-4687-a3da-35370b692548","Casa Mário de Andrade","true","https://tysnkzmljlmmqpbotkxv.supabase.co/storage/v1/object/public/travel-app-images/wikipedia-215ed69d/casa-mrio-de-andrade-ficheirocasa-mario-d-1757530407156-1.jpg","https://tysnkzmljlmmqpbotkxv.supabase.co/storage/v1/object/public/travel-app-images/wikidata-215ed69d/casa-mrio-de-andrade-filecasa-mario-de-an-1757531974404-1.jpg","wikipedia","wikidata","1",""
"e9271c3d-e5b3-4360-a96a-5cbc45112a96","Casa Museu Ema Klabin","true","https://tysnkzmljlmmqpbotkxv.supabase.co/storage/v1/object/public/travel-app-images/wikipedia-e9271c3d/casa-museu-ema-klabin-ficheiroalessandro-a-1757530408413-1.jpg","https://tysnkzmljlmmqpbotkxv.supabase.co/storage/v1/object/public/travel-app-images/wikidata-e9271c3d/casa-museu-ema-klabin-filefcegkfachada1jpg-1757531973984-1.jpg","wikipedia","wikidata","1",""
"4015daac-cfc6-43ad-a66c-82f7d9551a61","Museu de Arte Moderna de São Paulo (MAM São Paulo)","true","https://tysnkzmljlmmqpbotkxv.supabase.co/storage/v1/object/public/travel-app-images/wikipedia-4015daac/museu-de-arte-moderna-de-so-pa-ficheiro20150330-000-1757530416346-1.jpg","https://tysnkzmljlmmqpbotkxv.supabase.co/storage/v1/object/public/travel-app-images/wikidata-4015daac/museu-de-arte-moderna-de-so-pa-filenovo-maspjpg-1757531973639-1.jpg","wikipedia","wikidata","1",""
"95575a76-924d-4218-a663-90ee2228ba65","Shopping Metrô Tucuruvi","true","https://tysnkzmljlmmqpbotkxv.supabase.co/storage/v1/object/public/travel-app-images/ChIJAQCws3L2zpQR7xTcuq_CLgU/ChIJAQCws3L2zpQR7xTcuq_CLgU_1755007526682_1.jpg","https://tysnkzmljlmmqpbotkxv.supabase.co/storage/v1/object/public/travel-app-images/wikidata-95575a76/shopping-metr-tucuruvi-fileshopping-metr-tu-1757531980042-1.jpg","unknown","wikidata","1",""
"36a70d10-38a9-4cf3-8b7f-553ef407f84a","Allianz Parque","true","https://tysnkzmljlmmqpbotkxv.supabase.co/storage/v1/object/public/travel-app-images/wikipedia-36a70d10/allianz-parque-ficheiroallianzparqu-1757530424664-1.jpg","https://tysnkzmljlmmqpbotkxv.supabase.co/storage/v1/object/public/travel-app-images/wikidata-36a70d10/allianz-parque-fileimagens-da-cidad-1757531979473-1.jpg","wikipedia","wikidata","1",""
"8df778cd-ed65-4206-9e39-0262102ecb2a","CienTec","true","https://tysnkzmljlmmqpbotkxv.supabase.co/storage/v1/object/public/travel-app-images/wikipedia-8df778cd/cientec-ficheirobandeira-da--1757530431509-1.svg","https://tysnkzmljlmmqpbotkxv.supabase.co/storage/v1/object/public/travel-app-images/wikidata-8df778cd/cientec-fileparque-cientec-d-1757531979121-1.jpg","wikipedia","wikidata","1",""
"8eb4c344-4538-4277-b0af-fa2c08048a1e","Plaza de Gaudí","true","https://tysnkzmljlmmqpbotkxv.supabase.co/storage/v1/object/public/travel-app-images/wikipedia-8eb4c344/plaza-de-gaud-fitxerabassvg-1757530437082-1.svg","https://tysnkzmljlmmqpbotkxv.supabase.co/storage/v1/object/public/travel-app-images/wikidata-8eb4c344/plaza-de-gaud-filegaudis-sagrada-f-1757531986349-1.jpg","wikipedia","wikidata","1",""
"a7f49d37-7fe0-46e9-a246-07055f63c6f5","Museo de Carrozas Fúnebres","true","https://tysnkzmljlmmqpbotkxv.supabase.co/storage/v1/object/public/travel-app-images/wikipedia-a7f49d37/museo-de-carrozas-fnebres-fitxerarbcom-ru-edit-1757530443588-1.svg","https://tysnkzmljlmmqpbotkxv.supabase.co/storage/v1/object/public/travel-app-images/wikidata-a7f49d37/museo-de-carrozas-fnebres-filecollecci-de-carr-1757531985925-1.jpg","wikipedia","wikidata","1",""
"53b2cb77-8d05-422d-a2cd-c2462eab1f3b","Biblioteca Les Corts - Miquel Llongueras","true","https://tysnkzmljlmmqpbotkxv.supabase.co/storage/v1/object/public/travel-app-images/ChIJIxuWa_SYpBIREzuOgH6eqGs/ChIJIxuWa_SYpBIREzuOgH6eqGs_1751570346723_1.jpg","https://tysnkzmljlmmqpbotkxv.supabase.co/storage/v1/object/public/travel-app-images/wikidata-53b2cb77/biblioteca-les-corts-miquel-ll-filebiblioteca-les-c-1757531985910-1.jpg","unknown","wikidata","1",""
"61082a23-85a5-4869-9ec8-a339c8a6624a","Poble Espanyol de Barcelona","true","https://tysnkzmljlmmqpbotkxv.supabase.co/storage/v1/object/public/travel-app-images/wikipedia-61082a23/poble-espanyol-de-barcelona-fitxerarbcom-ru-edit-1757530451973-1.svg","https://tysnkzmljlmmqpbotkxv.supabase.co/storage/v1/object/public/travel-app-images/wikidata-61082a23/poble-espanyol-de-barcelona-filepobleespanyolbcn-1757531992567-1.jpg","wikipedia","wikidata","1",""
"1131b7bc-4810-4bcb-a5f4-694b4a266380","CaixaForum Barcelona","true","https://tysnkzmljlmmqpbotkxv.supabase.co/storage/v1/object/public/travel-app-images/wikipedia-1131b7bc/caixaforum-barcelona-fitxerarbcom-ru-edit-1757530451936-1.svg","https://tysnkzmljlmmqpbotkxv.supabase.co/storage/v1/object/public/travel-app-images/wikidata-1131b7bc/caixaforum-barcelona-filepiccasarramona02-1757531993224-1.jpg","wikipedia","wikidata","1",""
"079ae7cf-7aeb-4185-85f7-367ff4934667","Fuente Monumental de la Avenida Gaudí","true","https://tysnkzmljlmmqpbotkxv.supabase.co/storage/v1/object/public/travel-app-images/wikipedia-079ae7cf/fuente-monumental-de-la-avenid-fitxerabassvg-1757530460759-1.svg","https://tysnkzmljlmmqpbotkxv.supabase.co/storage/v1/object/public/travel-app-images/wikidata-079ae7cf/fuente-monumental-de-la-avenid-filegaudis-sagrada-f-1757531993434-1.jpg","wikipedia","wikidata","1",""
"b657b606-e2ad-4ee8-9373-a7821e47588c","Biblioteca Joan Miró","true","https://tysnkzmljlmmqpbotkxv.supabase.co/storage/v1/object/public/travel-app-images/wikipedia-b657b606/biblioteca-joan-mir-fitxerarbcom-ru-edit-1757530468618-1.svg","https://tysnkzmljlmmqpbotkxv.supabase.co/storage/v1/object/public/travel-app-images/wikidata-b657b606/biblioteca-joan-mir-filebiblioteca-joan--1757532000596-1.jpg","wikipedia","wikidata","1",""
"613c5920-69f2-45e4-a5f4-83775d4dfc8f","Estadio Olímpico de Montjuic","true","https://tysnkzmljlmmqpbotkxv.supabase.co/storage/v1/object/public/travel-app-images/wikipedia-613c5920/estadio-olmpico-de-montjuic-fitxer151027vista-de-1757530469638-1.jpg","https://tysnkzmljlmmqpbotkxv.supabase.co/storage/v1/object/public/travel-app-images/wikidata-613c5920/estadio-olmpico-de-montjuic-filefale-spain-barce-1757531999339-1.jpg","wikipedia","wikidata","1",""
"db083708-b39e-4dc6-b294-1613f22c3209","Bairro do Ipiranga","true","https://tysnkzmljlmmqpbotkxv.supabase.co/storage/v1/object/public/travel-app-images/ChIJ9UjSowpbzpQRbKkbAl3V700/ChIJ9UjSowpbzpQRbKkbAl3V700_1755013691111_1.jpg","https://tysnkzmljlmmqpbotkxv.supabase.co/storage/v1/object/public/travel-app-images/wikidata-db083708/bairro-do-ipiranga-fileplataformaipiran-1757531999788-1.jpg","unknown","wikidata","1",""
"6084f6c8-d90c-45fd-af2e-992b04e7c21a","Parroquia Sant Ramon de Penyafort","true","https://tysnkzmljlmmqpbotkxv.supabase.co/storage/v1/object/public/travel-app-images/ChIJDbtkbpGipBIRRDx0c0R_S3I/ChIJDbtkbpGipBIRRDx0c0R_S3I_1751570891704_1.jpg","https://tysnkzmljlmmqpbotkxv.supabase.co/storage/v1/object/public/travel-app-images/wikidata-6084f6c8/parroquia-sant-ramon-de-penyaf-filedimmonestir-mont-1757532007315-1.jpg","unknown","wikidata","1",""
"10f825fe-efc4-45ec-acdf-ed341cd21413","Parque Anhanguera","true","https://tysnkzmljlmmqpbotkxv.supabase.co/storage/v1/object/public/travel-app-images/wikipedia-10f825fe/parque-anhanguera-ficheiroalameda-parq-1757530478574-1.jpg","https://tysnkzmljlmmqpbotkxv.supabase.co/storage/v1/object/public/travel-app-images/wikidata-10f825fe/parque-anhanguera-fileparque-anhanguer-1757532006567-1.jpg","wikipedia","wikidata","1",""
"d2b2e83e-5f55-4d23-99ad-20094cc610c5","Museu de Microbiologia Prof. Isaias Raw","true","https://tysnkzmljlmmqpbotkxv.supabase.co/storage/v1/object/public/travel-app-images/ChIJTeu-i09WzpQRzCkSguP-B48/ChIJTeu-i09WzpQRzCkSguP-B48_1752000890355_1.jpg","https://tysnkzmljlmmqpbotkxv.supabase.co/storage/v1/object/public/travel-app-images/wikidata-d2b2e83e/museu-de-microbiologia-prof-is-filemuseu-de-microbi-1757532006364-1.jpg","unknown","wikidata","1",""
"b1232c1c-d0d2-4e94-b26b-3c79e0c21791","Curraheen Park Greyhound Stadium","false","https://tysnkzmljlmmqpbotkxv.supabase.co/storage/v1/object/public/travel-app-images/ChIJwV24aAOOREgR7_YgpRzX55A/ChIJwV24aAOOREgR7_YgpRzX55A_1753985221804_1.jpg","","unknown","","","No images found in Wikidata"
"513b9548-b52c-4cbd-9c3f-9545c0ebea9b","SOLO SAGRADO DE GUARAPIRANGA","false","https://tysnkzmljlmmqpbotkxv.supabase.co/storage/v1/object/public/travel-app-images/ChIJ-2CfuZxOzpQRvk9hQk6W45E/ChIJ-2CfuZxOzpQRvk9hQk6W45E_1755019225064_1.jpg","","unknown","","","No images found in Wikidata"
"67aaba85-987d-4d01-ba3e-15290944fd2f","Basílica de Nossa Senhora da Penha","true","https://tysnkzmljlmmqpbotkxv.supabase.co/storage/v1/object/public/travel-app-images/ChIJobWGc1pezpQRCqtn648ZZD4/ChIJobWGc1pezpQRCqtn648ZZD4_1754680016347_1.jpg","https://tysnkzmljlmmqpbotkxv.supabase.co/storage/v1/object/public/travel-app-images/wikidata-67aaba85/baslica-de-nossa-senhora-da-pe-filemetr-de-superfci-1757532013305-1.jpg","unknown","wikidata","1",""
"40bf03f5-730e-4aaa-adcf-535e506f1cbe","Bishopstown Library","false","https://tysnkzmljlmmqpbotkxv.supabase.co/storage/v1/object/public/travel-app-images/ChIJYZgbIyuOREgR5_k5wYSDO7c/ChIJYZgbIyuOREgR5_k5wYSDO7c_1753985615024_1.jpg","","unknown","","","No images found in Wikidata"
"23c01fb2-ff3f-434b-b276-b6c7b4c96e69","Parque Buenos Aires","true","https://tysnkzmljlmmqpbotkxv.supabase.co/storage/v1/object/public/travel-app-images/ChIJXTuoaDpYzpQRjUwBYgaWWD8/ChIJXTuoaDpYzpQRjUwBYgaWWD8_1755016225498_1.jpg","https://tysnkzmljlmmqpbotkxv.supabase.co/storage/v1/object/public/travel-app-images/wikidata-23c01fb2/parque-buenos-aires-fileparque-buenos-ai-1757532027523-1.jpg","unknown","wikidata","1",""
"ffb99131-f7c5-4432-9b3c-06d0cbaccbb7","Parque de la Marquesa","true","https://tysnkzmljlmmqpbotkxv.supabase.co/storage/v1/object/public/travel-app-images/wikipedia-ffb99131/parque-de-la-marquesa-fitxerarbcom-ru-edit-1757530499088-1.svg","https://tysnkzmljlmmqpbotkxv.supabase.co/storage/v1/object/public/travel-app-images/wikidata-ffb99131/parque-de-la-marquesa-filela-marquesa-lhos-1757532019292-1.jpg","wikipedia","wikidata","1",""
"5bdf4f03-2072-4bb1-930b-1ae6ac7c1e93","Triskel Arts Centre","true","https://tysnkzmljlmmqpbotkxv.supabase.co/storage/v1/object/public/travel-app-images/ChIJkQEOvRCQREgRQfRdvGxF38c/ChIJkQEOvRCQREgRQfRdvGxF38c_1753986079032_1.jpg","https://tysnkzmljlmmqpbotkxv.supabase.co/storage/v1/object/public/travel-app-images/wikidata-5bdf4f03/triskel-arts-centre-filecounty-cork-cork-1757532032425-1.jpg","unknown","wikidata","1",""
"cb2103ad-af06-48c6-9ee6-853379bc390c","Cobh Museum","true","https://tysnkzmljlmmqpbotkxv.supabase.co/storage/v1/object/public/travel-app-images/ChIJlwMNtaODREgR4rvaNzJoizs/ChIJlwMNtaODREgR4rvaNzJoizs_1753986543374_1.jpg","https://tysnkzmljlmmqpbotkxv.supabase.co/storage/v1/object/public/travel-app-images/wikidata-cb2103ad/cobh-museum-filecounty-cork-cobh-1757532032224-1.jpg","unknown","wikidata","1",""
"75b29bb4-4ac0-4b55-b0e7-f3d4f80d5743","Saint Fin Barre's Cathedral","true","https://tysnkzmljlmmqpbotkxv.supabase.co/storage/v1/object/public/travel-app-images/wikipedia-75b29bb4/saint-fin-barres-cathedral-file01-st-fin-barres-1757530497397-1.png","https://tysnkzmljlmmqpbotkxv.supabase.co/storage/v1/object/public/travel-app-images/wikidata-75b29bb4/saint-fin-barres-cathedral-filecorkcathedralsun-1757532032393-1.jpg","wikipedia","wikidata","1",""
"5a7bd81b-2ed9-4b84-a294-3f07147a134c","Museu de Microbiologia Prof. Isaias Raw","true","https://tysnkzmljlmmqpbotkxv.supabase.co/storage/v1/object/public/travel-app-images/ChIJTeu-i09WzpQRzCkSguP-B48/ChIJTeu-i09WzpQRzCkSguP-B48_1755043215645_1.jpg","https://tysnkzmljlmmqpbotkxv.supabase.co/storage/v1/object/public/travel-app-images/wikidata-5a7bd81b/museu-de-microbiologia-prof-is-filemuseu-de-microbi-1757532048128-1.jpg","unknown","wikidata","1",""
"e8be1e6f-657b-4a7d-a44d-cf867e3cf6fc","Church Of The Immaculate Conception, Blarney","true","https://tysnkzmljlmmqpbotkxv.supabase.co/storage/v1/object/public/travel-app-images/ChIJx-nAQ2WRREgRhFeczl620EA/ChIJx-nAQ2WRREgRhFeczl620EA_1753984872562_1.jpg","https://tysnkzmljlmmqpbotkxv.supabase.co/storage/v1/object/public/travel-app-images/wikidata-e8be1e6f/church-of-the-immaculate-conce-fileblarney-church-o-1757532047557-1.jpg","unknown","wikidata","1",""
"efd4c2a3-6c48-49a5-8dca-991ba818252f","Estação Pinacoteca","true","https://tysnkzmljlmmqpbotkxv.supabase.co/storage/v1/object/public/travel-app-images/wikipedia-efd4c2a3/estao-pinacoteca-ficheirobandeira-da--1757530522774-1.svg","https://tysnkzmljlmmqpbotkxv.supabase.co/storage/v1/object/public/travel-app-images/wikidata-efd4c2a3/estao-pinacoteca-fileestao-pinacoteca-1757532047892-1.jpg","wikipedia","wikidata","1",""
"31a11fb3-2295-495e-9e77-35b2023fe264","Parque Cidade de Toronto","true","https://tysnkzmljlmmqpbotkxv.supabase.co/storage/v1/object/public/travel-app-images/ChIJJ1OeQuT4zpQRH2L4pbYolGY/ChIJJ1OeQuT4zpQRH2L4pbYolGY_1752001912071_1.jpg","https://tysnkzmljlmmqpbotkxv.supabase.co/storage/v1/object/public/travel-app-images/wikidata-31a11fb3/parque-cidade-de-toronto-fileparque-cidade-de-1757532053026-1.jpg","unknown","wikidata","1",""
"70b8ee79-9612-4ddc-b5c7-f8febf416a82","Biblioteca Álvaro Guerra","true","https://tysnkzmljlmmqpbotkxv.supabase.co/storage/v1/object/public/travel-app-images/ChIJIwUOlbBXzpQR0-5BO8iCRtw/ChIJIwUOlbBXzpQR0-5BO8iCRtw_1752001408690_1.jpg","https://tysnkzmljlmmqpbotkxv.supabase.co/storage/v1/object/public/travel-app-images/wikidata-70b8ee79/biblioteca-lvaro-guerra-filebiblioteca-pblic-1757532053490-1.jpg","unknown","wikidata","1",""
"09058654-cddf-411d-82b1-a7b8d4ccaa1d","Museu Oceanográfico - Instituto Oceanográfico","true","https://tysnkzmljlmmqpbotkxv.supabase.co/storage/v1/object/public/travel-app-images/wikipedia-09058654/museu-oceanogrfico-instituto-o-ficheirocincia-numa--1757530523924-1.jpg","https://tysnkzmljlmmqpbotkxv.supabase.co/storage/v1/object/public/travel-app-images/wikidata-09058654/museu-oceanogrfico-instituto-o-fileentrada-do-museu-1757532053203-1.jpg","wikipedia","wikidata","1",""
"cad980a7-64b3-4426-82b5-371f72bbb15e","Theatro Municipal de São Paulo","true","https://tysnkzmljlmmqpbotkxv.supabase.co/storage/v1/object/public/travel-app-images/ChIJi6GKOxFWzpQRHk7k7_d5Wyc/ChIJi6GKOxFWzpQRHk7k7_d5Wyc_1752002449938_1.jpg","https://tysnkzmljlmmqpbotkxv.supabase.co/storage/v1/object/public/travel-app-images/wikidata-cad980a7/theatro-municipal-de-so-paulo-fileteatro-municipal-1757532060574-1.jpg","unknown","wikidata","1",""
"0db02c46-ca4c-4927-888b-3a9eea4af586","Zoológico de São Paulo","true","https://tysnkzmljlmmqpbotkxv.supabase.co/storage/v1/object/public/travel-app-images/ChIJPYj0ATBbzpQRauOcRBu68bc/ChIJPYj0ATBbzpQRauOcRBu68bc_1755013884833_1.jpg","https://tysnkzmljlmmqpbotkxv.supabase.co/storage/v1/object/public/travel-app-images/wikidata-0db02c46/zoolgico-de-so-paulo-filezoo-safari-panor-1757532059134-1.jpg","unknown","wikidata","1",""
"c1e70466-3e03-4304-a617-ba73d7db2e7c","Fundação Energia e Saneamento","false","https://tysnkzmljlmmqpbotkxv.supabase.co/storage/v1/object/public/travel-app-images/ChIJL5aYRWhYzpQR8ARftAFyJWA/ChIJL5aYRWhYzpQR8ARftAFyJWA_1752001947811_1.jpg","","unknown","","","No images found in Wikidata"
"325bc041-d07b-4ee5-a151-7e4ce5a17103","MAB FAAP - Museu de Arte Brasileira","true","https://tysnkzmljlmmqpbotkxv.supabase.co/storage/v1/object/public/travel-app-images/ChIJretBo1RYzpQRMHGU5q8MzXg/ChIJretBo1RYzpQRMHGU5q8MzXg_1752002465831_1.jpg","https://tysnkzmljlmmqpbotkxv.supabase.co/storage/v1/object/public/travel-app-images/wikidata-325bc041/mab-faap-museu-de-arte-brasile-filemuseu-de-arte-br-1757532068220-1.jpg","unknown","wikidata","1",""
"b8510e56-de97-4ba2-b51f-61d06d3b3b81","Monumento a Ramos de Azevedo","true","https://tysnkzmljlmmqpbotkxv.supabase.co/storage/v1/object/public/travel-app-images/wikipedia-b8510e56/monumento-a-ramos-de-azevedo-ficheirobandeira-da--1757530548808-1.svg","https://tysnkzmljlmmqpbotkxv.supabase.co/storage/v1/object/public/travel-app-images/wikidata-b8510e56/monumento-a-ramos-de-azevedo-filewebysther-201603-1757532068539-1.jpg","wikipedia","wikidata","1",""
"63bbd8c1-8b84-44af-8ff1-6f1b0647ab6b","Itaú Cultural","true","https://tysnkzmljlmmqpbotkxv.supabase.co/storage/v1/object/public/travel-app-images/wikipedia-63bbd8c1/ita-cultural-ficheiroat-paulista--1757530558212-1.jpg","https://tysnkzmljlmmqpbotkxv.supabase.co/storage/v1/object/public/travel-app-images/wikidata-63bbd8c1/ita-cultural-fileita-cultural-ave-1757532068957-1.jpg","wikipedia","wikidata","2",""
"7dc205e2-b1c4-42b4-9221-f2b95ad960a1","Planetário do Ibirapuera Aristóteles Orsini","true","https://tysnkzmljlmmqpbotkxv.supabase.co/storage/v1/object/public/travel-app-images/ChIJabsYiu5ZzpQR15HhzAPvMFk/ChIJabsYiu5ZzpQR15HhzAPvMFk_1755016800074_1.jpg","https://tysnkzmljlmmqpbotkxv.supabase.co/storage/v1/object/public/travel-app-images/wikidata-7dc205e2/planetrio-do-ibirapuera-aristt-fileplanetrio-do-ibi-1757532074956-1.jpg","unknown","wikidata","1",""
"70e78426-d418-420a-be6c-b767de67679c","Mirante 9 de Julho","true","https://tysnkzmljlmmqpbotkxv.supabase.co/storage/v1/object/public/travel-app-images/ChIJr7EDVclZzpQRDAKnEOvWLKo/ChIJr7EDVclZzpQRDAKnEOvWLKo_1755016191061_1.jpg","https://tysnkzmljlmmqpbotkxv.supabase.co/storage/v1/object/public/travel-app-images/wikidata-70e78426/mirante-9-de-julho-fileviaduto-nove-de--1757532081240-1.jpg","unknown","wikidata","1",""
"33b5890a-d67c-48d2-9af5-1c9d9839ec3e","Mercado Livre Arena Pacaembu","true","https://tysnkzmljlmmqpbotkxv.supabase.co/storage/v1/object/public/travel-app-images/ChIJKznO5SVYzpQRJfeCtBpjv6E/ChIJKznO5SVYzpQRJfeCtBpjv6E_1752002704230_1.jpg","https://tysnkzmljlmmqpbotkxv.supabase.co/storage/v1/object/public/travel-app-images/wikidata-33b5890a/mercado-livre-arena-pacaembu-fileestadio-municipa-1757532074475-1.jpg","unknown","wikidata","1",""
"b89b5beb-013d-4d3f-9c9e-4e1c5d41f6a0","Mercado Municipal da Lapa","true","https://tysnkzmljlmmqpbotkxv.supabase.co/storage/v1/object/public/travel-app-images/wikipedia-b89b5beb/mercado-municipal-da-lapa-ficheirobandeira-da--1757530585072-1.svg","https://tysnkzmljlmmqpbotkxv.supabase.co/storage/v1/object/public/travel-app-images/wikidata-b89b5beb/mercado-municipal-da-lapa-filepasseio-de-helic-1757532088157-1.jpg","wikipedia","wikidata","1",""
"98369f87-447b-463d-8afb-cc9f837c9362","Museu da Cidade de São Paulo / Capela do Morumbi","true","https://tysnkzmljlmmqpbotkxv.supabase.co/storage/v1/object/public/travel-app-images/ChIJi87UUhFXzpQR0fu4rYXx9-4/ChIJi87UUhFXzpQR0fu4rYXx9-4_1755014333824_1.jpg","https://tysnkzmljlmmqpbotkxv.supabase.co/storage/v1/object/public/travel-app-images/wikidata-98369f87/museu-da-cidade-de-so-paulo-ca-filecapela-do-morumb-1757532086759-1.jpg","unknown","wikidata","1",""
"03a408d1-7ee8-43ac-82dd-930bd385bc22","Museu da Energia de São Paulo","false","https://tysnkzmljlmmqpbotkxv.supabase.co/storage/v1/object/public/travel-app-images/ChIJf7STQ2hYzpQR-0aRxl5foIM/ChIJf7STQ2hYzpQR-0aRxl5foIM_1755015437669_1.jpg","","unknown","","","No images found in Wikidata"
"db684d10-78f0-44d4-8193-99c231abcaae","Museu da Polícia Civil de São Paulo","true","https://tysnkzmljlmmqpbotkxv.supabase.co/storage/v1/object/public/travel-app-images/ChIJ3-4wXKpZzpQRMMe1XI-ew8Q/ChIJ3-4wXKpZzpQRMMe1XI-ew8Q_1752000703110_1.jpg","https://tysnkzmljlmmqpbotkxv.supabase.co/storage/v1/object/public/travel-app-images/wikidata-db684d10/museu-da-polcia-civil-de-so-pa-filemuseu-da-polcia--1757532092849-1.jpg","unknown","wikidata","1",""
"1f6fac51-e8eb-4136-a1ec-954b952a9d05","Museu de Arte de São Paulo Assis Chateaubriand","true","https://tysnkzmljlmmqpbotkxv.supabase.co/storage/v1/object/public/travel-app-images/wikipedia-1f6fac51/museu-de-arte-de-so-paulo-assi-ficheiro20150330-000-1757530612957-1.jpg","https://tysnkzmljlmmqpbotkxv.supabase.co/storage/v1/object/public/travel-app-images/wikidata-1f6fac51/museu-de-arte-de-so-paulo-assi-filenovo-maspjpg-1757532093963-1.jpg","wikipedia","wikidata","1",""
"36eabc7f-2b62-46a6-a130-9837f283b49e","Museu do Instituto Biológico","true","https://tysnkzmljlmmqpbotkxv.supabase.co/storage/v1/object/public/travel-app-images/ChIJwU5UdIxZzpQRzQPAQxJItWc/ChIJwU5UdIxZzpQRzQPAQxJItWc_1752002589505_1.jpg","https://tysnkzmljlmmqpbotkxv.supabase.co/storage/v1/object/public/travel-app-images/wikidata-36eabc7f/museu-do-instituto-biolgico-filemuseu-do-institu-1757532094459-1.jpg","unknown","wikidata","2",""
"63c5968f-53b1-4506-a9e6-c2135bcc30cc","Casa Bandeirista do Itaim","true","https://tysnkzmljlmmqpbotkxv.supabase.co/storage/v1/object/public/travel-app-images/wikipedia-63c5968f/casa-bandeirista-do-itaim-ficheirobandeira-da--1757530625928-1.svg","https://tysnkzmljlmmqpbotkxv.supabase.co/storage/v1/object/public/travel-app-images/wikidata-63c5968f/casa-bandeirista-do-itaim-filecasabanderistajp-1757532104687-1.jpg","wikipedia","wikidata","1",""
"76d3cf10-9e26-4c4a-b1e8-ae8569ae5965","Biblioteca Florestan Fernandes da FFLCH-USP","true","https://tysnkzmljlmmqpbotkxv.supabase.co/storage/v1/object/public/travel-app-images/ChIJdY5r_EBWzpQRP-QGEhoEj40/ChIJdY5r_EBWzpQRP-QGEhoEj40_1752001391703_1.jpg","https://tysnkzmljlmmqpbotkxv.supabase.co/storage/v1/object/public/travel-app-images/wikidata-76d3cf10/biblioteca-florestan-fernandes-filebiblioteca-flore-1757532104008-1.jpg","unknown","wikidata","1",""
"64cdbba6-c86b-4443-8278-b495e03f9ed7","Parque Estadual Jaraguá","true","https://tysnkzmljlmmqpbotkxv.supabase.co/storage/v1/object/public/travel-app-images/wikipedia-64cdbba6/parque-estadual-jaragu-ficheiroafonso-sardi-1757530638949-1.jpg","https://tysnkzmljlmmqpbotkxv.supabase.co/storage/v1/object/public/travel-app-images/wikidata-64cdbba6/parque-estadual-jaragu-filecaminho-para-o-p-1757532104208-1.jpg","wikipedia","wikidata","1",""
"c0a443ae-1b1a-42c0-b7fe-0a1f2748278d","Parque Jardim Helena","true","https://tysnkzmljlmmqpbotkxv.supabase.co/storage/v1/object/public/travel-app-images/ChIJV2zKdrBjzpQRRR5HvBtfGyg/ChIJV2zKdrBjzpQRRR5HvBtfGyg_1755012715785_1.jpg","https://tysnkzmljlmmqpbotkxv.supabase.co/storage/v1/object/public/travel-app-images/wikidata-c0a443ae/parque-jardim-helena-fileestacao-jd-helen-1757532110142-1.jpg","unknown","wikidata","1",""
"12971fc5-128b-4223-b5cf-3829779d465f","Parque Vila dos Remédios","false","https://tysnkzmljlmmqpbotkxv.supabase.co/storage/v1/object/public/travel-app-images/wikipedia-12971fc5/parque-vila-dos-remdios-ficheirobandeira-da--1757530645018-1.svg","","wikipedia","","","No images found in Wikidata"
"ae37001e-c474-4862-abb0-6fc18087a761","Parque Severo Gomes","false","https://tysnkzmljlmmqpbotkxv.supabase.co/storage/v1/object/public/travel-app-images/ChIJ_74lX-NQzpQRvy1smN0iAbw/ChIJ_74lX-NQzpQRvy1smN0iAbw_1755014486168_1.jpg","","unknown","","","No images found in Wikidata"
"14736c6b-5966-46e0-8a39-5640d3d309a2","Pinacoteca de São Paulo","true","https://tysnkzmljlmmqpbotkxv.supabase.co/storage/v1/object/public/travel-app-images/ChIJ52h-6FhYzpQRASMhc4Xaw9w/ChIJ52h-6FhYzpQRASMhc4Xaw9w_1752001875136_1.jpg","https://tysnkzmljlmmqpbotkxv.supabase.co/storage/v1/object/public/travel-app-images/wikidata-14736c6b/pinacoteca-de-so-paulo-filepinacoteca-de-so-1757532116185-1.jpg","unknown","wikidata","1",""
"1cee8fb4-dc8b-4a72-a0f5-bdd7f00b3810","Obelisco do Piques","true","https://tysnkzmljlmmqpbotkxv.supabase.co/storage/v1/object/public/travel-app-images/ChIJdXWG91JYzpQREfAMLGnTuEE/ChIJdXWG91JYzpQREfAMLGnTuEE_1755016181331_1.jpg","https://tysnkzmljlmmqpbotkxv.supabase.co/storage/v1/object/public/travel-app-images/wikidata-1cee8fb4/obelisco-do-piques-filelargo-da-memria--1757532115838-1.jpg","unknown","wikidata","1",""
"38610259-fb9a-4e79-89d5-cbe4a48ece98","Parque Lina e Paulo Raia","false","https://tysnkzmljlmmqpbotkxv.supabase.co/storage/v1/object/public/travel-app-images/wikipedia-38610259/parque-lina-e-paulo-raia-ficheirobandeira-da--1757530678474-1.svg","","wikipedia","","","No images found in Wikidata"
"fda3d6d8-d249-4cf7-afaa-848e44488eeb","Museu Lasar Segall","true","https://tysnkzmljlmmqpbotkxv.supabase.co/storage/v1/object/public/travel-app-images/wikipedia-fda3d6d8/museu-lasar-segall-ficheirobandeira-do--1757530685443-1.svg","https://tysnkzmljlmmqpbotkxv.supabase.co/storage/v1/object/public/travel-app-images/wikidata-fda3d6d8/museu-lasar-segall-filemuseu-lasar-sega-1757532122982-1.jpg","wikipedia","wikidata","1",""
"efb829ab-b9da-455a-a1e1-44352bb3100d","Parque Alfredo Volpi","false","https://tysnkzmljlmmqpbotkxv.supabase.co/storage/v1/object/public/travel-app-images/ChIJP1UFZxhXzpQRZM5i7c1Dx14/ChIJP1UFZxhXzpQRZM5i7c1Dx14_1755015782421_1.jpg","","unknown","","","No images found in Wikidata"
"47ccf7f8-a269-4ced-a49b-cd9f5446e414","Parque Piqueri","true","https://tysnkzmljlmmqpbotkxv.supabase.co/storage/v1/object/public/travel-app-images/ChIJT4t6sd9ezpQRI3XzArVFOsg/ChIJT4t6sd9ezpQRI3XzArVFOsg_1755010037523_1.jpg","https://tysnkzmljlmmqpbotkxv.supabase.co/storage/v1/object/public/travel-app-images/wikidata-47ccf7f8/parque-piqueri-fileadministracaopar-1757532122308-1.jpg","unknown","wikidata","1",""
"ba06dc7a-af2c-47d4-b3dc-e1a380c67f9b","Osasco","true","https://tysnkzmljlmmqpbotkxv.supabase.co/storage/v1/object/public/travel-app-images/ChIJB_KeWwj_zpQRTkyCTH3iIQ8/ChIJB_KeWwj_zpQRTkyCTH3iIQ8_1751983463036_1.jpg","https://tysnkzmljlmmqpbotkxv.supabase.co/storage/v1/object/public/travel-app-images/wikidata-ba06dc7a/osasco-fileestao-osasco-da--1757532128453-1.jpg","unknown","wikidata","1",""
"a0c3e90f-3f6f-4e85-9351-dad40be66a80","Borboletário Municipal de Osasco","true","https://tysnkzmljlmmqpbotkxv.supabase.co/storage/v1/object/public/travel-app-images/ChIJK7Gxavj-zpQR5TjRVWbAVJA/ChIJK7Gxavj-zpQR5TjRVWbAVJA_1751983166488_1.jpg","https://tysnkzmljlmmqpbotkxv.supabase.co/storage/v1/object/public/travel-app-images/wikidata-a0c3e90f/borboletrio-municipal-de-osasc-fileestao-osasco-da--1757532128514-1.jpg","unknown","wikidata","1",""
"a766ee10-058e-4c45-b243-ab5a7e452174","Mitra Diocesana de Osasco","true","https://tysnkzmljlmmqpbotkxv.supabase.co/storage/v1/object/public/travel-app-images/ChIJLV4SkOD-zpQRvtiOKyw8Jqk/ChIJLV4SkOD-zpQRvtiOKyw8Jqk_1751983924226_1.jpg","https://tysnkzmljlmmqpbotkxv.supabase.co/storage/v1/object/public/travel-app-images/wikidata-a766ee10/mitra-diocesana-de-osasco-fileestao-osasco-da--1757532128366-1.jpg","unknown","wikidata","1",""
"06cbed7e-b0f0-429f-a237-c214795f820f","Minas Shopping","true","https://tysnkzmljlmmqpbotkxv.supabase.co/storage/v1/object/public/travel-app-images/ChIJvzp-64qapgARyLE-xnHXmn0/ChIJvzp-64qapgARyLE-xnHXmn0_1751578852407_1.jpg","https://tysnkzmljlmmqpbotkxv.supabase.co/storage/v1/object/public/travel-app-images/wikidata-06cbed7e/minas-shopping-fileminas-shopping-t-1757532135795-1.jpg","unknown","wikidata","1",""
"daa1ffa3-992c-458f-b5e4-539fbe6b7e93","Museu de História Natural e Jardim Botânico da UFMG","true","https://tysnkzmljlmmqpbotkxv.supabase.co/storage/v1/object/public/travel-app-images/ChIJTejZF0mapgARM_l7HBMCq_4/ChIJTejZF0mapgARM_l7HBMCq_4_1751579401699_1.jpg","https://tysnkzmljlmmqpbotkxv.supabase.co/storage/v1/object/public/travel-app-images/wikidata-daa1ffa3/museu-de-histria-natural-e-jar-filemuseumorfologica-1757532135382-1.jpg","unknown","wikidata","1",""
"5681d505-d23d-4d56-ac6c-09e4c5c36396","Museu de Ciências Morfológicas UFMG","true","https://tysnkzmljlmmqpbotkxv.supabase.co/storage/v1/object/public/travel-app-images/ChIJTzswG_SQpgARy6Kd1QP0dzA/ChIJTzswG_SQpgARy6Kd1QP0dzA_1751578792009_1.jpg","https://tysnkzmljlmmqpbotkxv.supabase.co/storage/v1/object/public/travel-app-images/wikidata-5681d505/museu-de-cincias-morfolgicas-u-filemuseumorfologica-1757532135201-1.jpg","unknown","wikidata","1",""
"3966a9c4-f4ff-4f86-bc22-6595713ca870","Museu da Matemática UFMG","true","https://tysnkzmljlmmqpbotkxv.supabase.co/storage/v1/object/public/travel-app-images/ChIJb-Bhae6RpgARpknfZeFDdwY/ChIJb-Bhae6RpgARpknfZeFDdwY_1751578799324_1.jpg","https://tysnkzmljlmmqpbotkxv.supabase.co/storage/v1/object/public/travel-app-images/wikidata-3966a9c4/museu-da-matemtica-ufmg-filemuseumorfologica-1757532146036-1.jpg","unknown","wikidata","1",""
"6c15ad8a-ffa2-4492-aee0-327585d8edfc","Parque Guanabara","true","https://tysnkzmljlmmqpbotkxv.supabase.co/storage/v1/object/public/travel-app-images/ChIJkbAllFWQpgARV3lRFdxvLnI/ChIJkbAllFWQpgARV3lRFdxvLnI_1751578844864_1.jpg","https://tysnkzmljlmmqpbotkxv.supabase.co/storage/v1/object/public/travel-app-images/wikidata-6c15ad8a/parque-guanabara-filelagoa-da-pampulh-1757532141718-1.jpg","unknown","wikidata","1",""
"024f8e69-f352-47fa-93e4-5331dc5d9dca","Parque Ecológico","true","https://tysnkzmljlmmqpbotkxv.supabase.co/storage/v1/object/public/travel-app-images/wikipedia-024f8e69/parque-ecolgico-ficheirobandeiradebe-1757530715988-1.svg","https://tysnkzmljlmmqpbotkxv.supabase.co/storage/v1/object/public/travel-app-images/wikidata-024f8e69/parque-ecolgico-fileparque-primeiro--1757532141844-1.jpg","wikipedia","wikidata","1",""
"c3d5cd66-5b9f-48aa-8574-048fef8dd492","Jardim Botânico","true","https://tysnkzmljlmmqpbotkxv.supabase.co/storage/v1/object/public/travel-app-images/wikipedia-c3d5cd66/jardim-botnico-ficheiroaleia-barbos-1757530722091-1.jpg","https://tysnkzmljlmmqpbotkxv.supabase.co/storage/v1/object/public/travel-app-images/wikidata-c3d5cd66/jardim-botnico-filealeia-barbosa-ro-1757532151733-1.jpg","wikipedia","wikidata","1",""
"53a98f2b-a396-4948-8620-74d8e036f055","Ipanema","true","https://tysnkzmljlmmqpbotkxv.supabase.co/storage/v1/object/public/travel-app-images/wikipedia-53a98f2b/ipanema-ficheiro1-ipanema-be-1757530722963-1.jpg","https://tysnkzmljlmmqpbotkxv.supabase.co/storage/v1/object/public/travel-app-images/wikidata-53a98f2b/ipanema-fileipanemapng-1757532152276-1.png","wikipedia","wikidata","2",""
"a6a3486b-40a7-43af-b73d-d5da331cba85","Praça do Carmo","false","https://tysnkzmljlmmqpbotkxv.supabase.co/storage/v1/object/public/travel-app-images/wikipedia-a6a3486b/praa-do-carmo-fileflag-map-of-rio--1757530731794-1.png","","wikipedia","","","No images found in Wikidata"
"d1485199-d0b1-4a23-8ec4-be035fe354a1","Cachoeira do Quitite","false","https://tysnkzmljlmmqpbotkxv.supabase.co/storage/v1/object/public/travel-app-images/ChIJ2Su-JW3XmwAR_W0BauJ2af0/ChIJ2Su-JW3XmwAR_W0BauJ2af0_1754505659688_1.jpg","","unknown","","","No images found in Wikidata"
"74e3480e-a254-4f22-be1b-62153a8a35a1","Paredão da Pedra da Gávea","true","https://tysnkzmljlmmqpbotkxv.supabase.co/storage/v1/object/public/travel-app-images/wikipedia-74e3480e/paredo-da-pedra-da-gvea-ficheiro1867-p184-i--1757530748868-1.jpg","https://tysnkzmljlmmqpbotkxv.supabase.co/storage/v1/object/public/travel-app-images/wikidata-74e3480e/paredo-da-pedra-da-gvea-filepedra-da-gavea-p-1757532157424-1.jpg","wikipedia","wikidata","2",""
"bcd4d187-0b6c-4637-9117-98b435507ccd","Theatro Municipal do Rio de Janeiro","true","https://tysnkzmljlmmqpbotkxv.supabase.co/storage/v1/object/public/travel-app-images/ChIJUSQw7WF_mQARQKXFPmK9_6A/ChIJUSQw7WF_mQARQKXFPmK9_6A_1754578536861_1.jpg","https://tysnkzmljlmmqpbotkxv.supabase.co/storage/v1/object/public/travel-app-images/wikidata-bcd4d187/theatro-municipal-do-rio-de-ja-fileteatro-municipal-1757532157104-1.jpg","unknown","wikidata","1",""
"62dd5295-1315-44e5-9620-2df46ddc24a6","Igreja de Nossa Senhora da Glória do Outeiro","true","https://tysnkzmljlmmqpbotkxv.supabase.co/storage/v1/object/public/travel-app-images/ChIJY5-Azn1_mQAR1nohflxBA_8/ChIJY5-Azn1_mQAR1nohflxBA_8_1754578567142_1.jpg","https://tysnkzmljlmmqpbotkxv.supabase.co/storage/v1/object/public/travel-app-images/wikidata-62dd5295/igreja-de-nossa-senhora-da-glr-fileriogloriachurche-1757532162526-1.jpg","unknown","wikidata","1",""
"e7294a5d-1685-4c0f-bc53-4a0aca125da4","Museu do Açude","true","https://tysnkzmljlmmqpbotkxv.supabase.co/storage/v1/object/public/travel-app-images/ChIJnXa2jFfWmwARUrjnM0Rj4io/ChIJnXa2jFfWmwARUrjnM0Rj4io_1754579482421_1.jpg","https://tysnkzmljlmmqpbotkxv.supabase.co/storage/v1/object/public/travel-app-images/wikidata-e7294a5d/museu-do-aude-filemuseus-castro-ma-1757532162611-1.jpg","unknown","wikidata","1",""
"5da5dde7-d072-4d79-82f0-6f5b3d60e4c2","Rio de Janeiro","true","https://tysnkzmljlmmqpbotkxv.supabase.co/storage/v1/object/public/travel-app-images/ChIJW6AIkVXemwARTtIvZ2xC3FA/ChIJW6AIkVXemwARTtIvZ2xC3FA_1754579129501_1.jpg","https://tysnkzmljlmmqpbotkxv.supabase.co/storage/v1/object/public/travel-app-images/wikidata-5da5dde7/rio-de-janeiro-filemontagem-rjjpg-1757532162755-1.jpg","unknown","wikidata","1",""
"fae66ddf-0341-447c-89d6-632a8e169575","Orla de Padre Miguel","false","https://tysnkzmljlmmqpbotkxv.supabase.co/storage/v1/object/public/travel-app-images/wikipedia-fae66ddf/orla-de-padre-miguel-ficheirobandeira-da--1757530790070-1.svg","","wikipedia","","","No images found in Wikidata"
"1b61878c-10b0-449e-9131-f987db90783c","Ilha da Gigóia","true","https://tysnkzmljlmmqpbotkxv.supabase.co/storage/v1/object/public/travel-app-images/ChIJX_diOsjQmwARnSFwuz_l-cQ/ChIJX_diOsjQmwARnSFwuz_l-cQ_1754505641062_1.jpg","https://tysnkzmljlmmqpbotkxv.supabase.co/storage/v1/object/public/travel-app-images/wikidata-1b61878c/ilha-da-gigia-filerio-de-janeiro-s-1757532169783-1.jpg","unknown","wikidata","1",""
"7fd42c07-0f03-4810-82d8-552cbf0e4492","Pedra da Ponta Grossa (Vista)","true","https://tysnkzmljlmmqpbotkxv.supabase.co/storage/v1/object/public/travel-app-images/wikipedia-7fd42c07/pedra-da-ponta-grossa-vista-ficheirobandeira-da--1757530796211-1.svg","https://tysnkzmljlmmqpbotkxv.supabase.co/storage/v1/object/public/travel-app-images/wikidata-7fd42c07/pedra-da-ponta-grossa-vista-filepedradeguaratiba-1757532168360-1.jpg","wikipedia","wikidata","1",""
"74a9ff16-75c3-4168-835f-eee61ae73a35","Praia da Reserva","true","https://tysnkzmljlmmqpbotkxv.supabase.co/storage/v1/object/public/travel-app-images/wikipedia-74a9ff16/praia-da-reserva-ficheiroavenida-lcio-1757530798691-1.jpg","https://tysnkzmljlmmqpbotkxv.supabase.co/storage/v1/object/public/travel-app-images/wikidata-74a9ff16/praia-da-reserva-fileavenida-lcio-cos-1757532178118-1.jpg","wikipedia","wikidata","1",""
"27f53132-7f4c-4cdc-b337-0f3c7f9918f7","Parque Brig. Eduardo Gomes (Aterro do Flamengo)","true","https://tysnkzmljlmmqpbotkxv.supabase.co/storage/v1/object/public/travel-app-images/ChIJW0Vy7SqAmQARoPS6aIEAnZ0/ChIJW0Vy7SqAmQARoPS6aIEAnZ0_1754578746696_1.jpg","https://tysnkzmljlmmqpbotkxv.supabase.co/storage/v1/object/public/travel-app-images/wikidata-27f53132/parque-brig-eduardo-gomes-ater-fileparque-guinle-7j-1757532175607-1.jpg","unknown","wikidata","1",""
"32d412f4-6293-491d-b963-80abfdc0c58e","Penha","true","https://tysnkzmljlmmqpbotkxv.supabase.co/storage/v1/object/public/travel-app-images/wikipedia-32d412f4/penha-ficheiroaeroporto-do-1757530808252-1.jpg","https://tysnkzmljlmmqpbotkxv.supabase.co/storage/v1/object/public/travel-app-images/wikidata-32d412f4/penha-filebairro-da-penha--1757532175587-1.jpg","wikipedia","wikidata","1",""
"4e140f2b-b958-4e6c-a34a-3e3950c1b5de","Hospital São Vicente de Paulo","false","https://tysnkzmljlmmqpbotkxv.supabase.co/storage/v1/object/public/travel-app-images/ChIJs-tIy1R-mQARnkS-x4TuVP0/ChIJs-tIy1R-mQARnkS-x4TuVP0_1754579132351_1.jpg","","unknown","","","No images found in Wikidata"
"fc61d2ff-aa68-4393-9e8f-3b2b9ff9e12d","Tijuca","true","https://tysnkzmljlmmqpbotkxv.supabase.co/storage/v1/object/public/travel-app-images/wikipedia-fc61d2ff/tijuca-ficheiro20141113-sho-1757530821776-1.jpg","https://tysnkzmljlmmqpbotkxv.supabase.co/storage/v1/object/public/travel-app-images/wikidata-fc61d2ff/tijuca-filepraa-saens-pea-2-1757532182701-1.jpg","wikipedia","wikidata","1",""
"483f4caf-b5b9-43ab-88d3-6152f2875101","Catedral Metropolitana de São Sebastião do Rio de Janeiro","true","https://tysnkzmljlmmqpbotkxv.supabase.co/storage/v1/object/public/travel-app-images/wikipedia-483f4caf/catedral-metropolitana-de-so-s-ficheirobandeira-da--1757530825715-1.svg","https://tysnkzmljlmmqpbotkxv.supabase.co/storage/v1/object/public/travel-app-images/wikidata-483f4caf/catedral-metropolitana-de-so-s-filecatedral-rio-de--1757532183408-1.jpg","wikipedia","wikidata","1",""
"591e52aa-bad9-4395-99e6-a34ff42b7954","Lagoa Rodrigo de Freitas","true","https://tysnkzmljlmmqpbotkxv.supabase.co/storage/v1/object/public/travel-app-images/wikipedia-591e52aa/lagoa-rodrigo-de-freitas-ficheiro1-lagoa-rodr-1757530823629-1.jpg","https://tysnkzmljlmmqpbotkxv.supabase.co/storage/v1/object/public/travel-app-images/wikidata-591e52aa/lagoa-rodrigo-de-freitas-filelagoa-rodrigo-de-1757532189941-1.jpg","wikipedia","wikidata","2",""
"fa315319-6851-45a4-98b2-9a9cae197938","Píer da Pedra de Guaratiba","true","https://tysnkzmljlmmqpbotkxv.supabase.co/storage/v1/object/public/travel-app-images/wikipedia-fa315319/per-da-pedra-de-guaratiba-ficheirobandeira-da--1757530830641-1.svg","https://tysnkzmljlmmqpbotkxv.supabase.co/storage/v1/object/public/travel-app-images/wikidata-fa315319/per-da-pedra-de-guaratiba-filepedradeguaratiba-1757532189586-1.jpg","wikipedia","wikidata","1",""
"b26b4055-088b-49d5-a46c-84f77e18e2b0","Parque Eduardo Guinle","true","https://tysnkzmljlmmqpbotkxv.supabase.co/storage/v1/object/public/travel-app-images/ChIJr02tNYV_mQARYiP3ZAzKpZ8/ChIJr02tNYV_mQARYiP3ZAzKpZ8_1754578574216_1.jpg","https://tysnkzmljlmmqpbotkxv.supabase.co/storage/v1/object/public/travel-app-images/wikidata-b26b4055/parque-eduardo-guinle-fileparque-guinle-7j-1757532189309-1.jpg","unknown","wikidata","1",""
"c37aea23-c773-44bf-a7a7-4f985a82c556","Praia do Abricó","true","https://tysnkzmljlmmqpbotkxv.supabase.co/storage/v1/object/public/travel-app-images/wikipedia-c37aea23/praia-do-abric-ficheirobandeira-da--1757530842925-1.svg","https://tysnkzmljlmmqpbotkxv.supabase.co/storage/v1/object/public/travel-app-images/wikidata-c37aea23/praia-do-abric-filepraia-do-abricoj-1757532194925-1.jpg","wikipedia","wikidata","1",""
"0a9ec59f-506b-40c7-bb6d-948577f3b279","Jardim Botânico do Rio de Janeiro","true","https://tysnkzmljlmmqpbotkxv.supabase.co/storage/v1/object/public/travel-app-images/wikipedia-0a9ec59f/jardim-botnico-do-rio-de-janei-ficheiro584-gara-mou-1757530842853-1.jpg","https://tysnkzmljlmmqpbotkxv.supabase.co/storage/v1/object/public/travel-app-images/wikidata-0a9ec59f/jardim-botnico-do-rio-de-janei-filejdbotanico3ccbyj-1757532194517-1.jpg","wikipedia","wikidata","1",""
"2de95d02-0583-4f9b-9812-e57d16f97677","Praia de Fora","false","https://tysnkzmljlmmqpbotkxv.supabase.co/storage/v1/object/public/travel-app-images/ChIJ3w40mziAmQARoE2BZngTZmM/ChIJ3w40mziAmQARoE2BZngTZmM_1754580096212_1.jpg","","unknown","","","No images found in Wikidata"
"f1cce6d4-760e-41f6-8cf1-6b56de5bedf5","Recepção do Parque da Prainha","true","https://tysnkzmljlmmqpbotkxv.supabase.co/storage/v1/object/public/travel-app-images/ChIJnZPan-LpmwAR6Q8dpg8bOlg/ChIJnZPan-LpmwAR6Q8dpg8bOlg_1754502799891_1.jpg","https://tysnkzmljlmmqpbotkxv.supabase.co/storage/v1/object/public/travel-app-images/wikidata-f1cce6d4/recepo-do-parque-da-prainha-fileprainhabarradati-1757532201885-1.jpg","unknown","wikidata","1",""
"caa4f943-62b5-43d3-9579-3c10dcbdd047","Mirante Sacopã","false","https://tysnkzmljlmmqpbotkxv.supabase.co/storage/v1/object/public/travel-app-images/ChIJ8y135XLVmwARcfiAWZUS-cc/ChIJ8y135XLVmwARcfiAWZUS-cc_1754580783072_1.jpg","","unknown","","","No images found in Wikidata"
"eb6db8e2-7945-4970-8f29-7a6392351635","Parque Estadual da Chacrinha","true","https://tysnkzmljlmmqpbotkxv.supabase.co/storage/v1/object/public/travel-app-images/ChIJg3114f1_mQARi47mwUQtgMM/ChIJg3114f1_mQARi47mwUQtgMM_1754580014444_1.jpg","https://tysnkzmljlmmqpbotkxv.supabase.co/storage/v1/object/public/travel-app-images/wikidata-eb6db8e2/parque-estadual-da-chacrinha-filechacrinha1jpg-1757532199786-1.jpg","unknown","wikidata","1",""
"9b2d0ba2-806a-4df0-8054-f79befe9a1d5","Parque Glória Maria (Parque das Ruínas)","false","https://tysnkzmljlmmqpbotkxv.supabase.co/storage/v1/object/public/travel-app-images/ChIJ359FHhN_mQAR_EvrZI_83O0/ChIJ359FHhN_mQAR_EvrZI_83O0_1754578736196_1.jpg","","unknown","","","No images found in Wikidata"
"323076d6-2e64-4a41-8101-a3f4b638fda1","Forte de Copacabana (Museu Histórico do Exército e Forte de Copacabana)","true","https://tysnkzmljlmmqpbotkxv.supabase.co/storage/v1/object/public/travel-app-images/wikipedia-323076d6/forte-de-copacabana-museu-hist-ficheirobandeira-da--1757530865739-1.svg","https://tysnkzmljlmmqpbotkxv.supabase.co/storage/v1/object/public/travel-app-images/wikidata-323076d6/forte-de-copacabana-museu-hist-fileforte-de-copacab-1757532207686-1.jpg","wikipedia","wikidata","1",""
"41d19cab-780e-45c5-a627-78d5092b8d73","Parque Natural Municipal da Cidade","true","https://tysnkzmljlmmqpbotkxv.supabase.co/storage/v1/object/public/travel-app-images/wikipedia-41d19cab/parque-natural-municipal-da-ci-ficheiro1600001ejpg-1757530865875-1.jpg","https://tysnkzmljlmmqpbotkxv.supabase.co/storage/v1/object/public/travel-app-images/wikidata-41d19cab/parque-natural-municipal-da-ci-filepalacete-de-sant-1757532206909-1.jpg","wikipedia","wikidata","1",""
"0c6a05d0-61a1-4912-b991-11f9d0d965fc","Praia da Marambaia","false","https://tysnkzmljlmmqpbotkxv.supabase.co/storage/v1/object/public/travel-app-images/ChIJn3lrTirsmwARwLKWexowqPw/ChIJn3lrTirsmwARwLKWexowqPw_1754501428708_1.jpg","","unknown","","","No images found in Wikidata"
"d7495494-f242-42a8-9df4-1c82c77a67f8","Parque Estadual da Pedra Branca","true","https://tysnkzmljlmmqpbotkxv.supabase.co/storage/v1/object/public/travel-app-images/ChIJc5POXMXdmwAR3NQvmVoObwY/ChIJc5POXMXdmwAR3NQvmVoObwY_1754501741174_1.jpg","https://tysnkzmljlmmqpbotkxv.supabase.co/storage/v1/object/public/travel-app-images/wikidata-d7495494/parque-estadual-da-pedra-branc-filepepedrabrancajpg-1757532214788-1.jpg","unknown","wikidata","1",""
"f1cfa04b-98fd-401c-953d-e4c4ef011026","Praia do Leme","true","https://tysnkzmljlmmqpbotkxv.supabase.co/storage/v1/object/public/travel-app-images/ChIJpZuh0FTVmwARYRo4bvMdQho/ChIJpZuh0FTVmwARYRo4bvMdQho_1754580101982_1.jpg","https://tysnkzmljlmmqpbotkxv.supabase.co/storage/v1/object/public/travel-app-images/wikidata-f1cfa04b/praia-do-leme-filepraia-do-leme-5j-1757532211764-1.jpg","unknown","wikidata","1",""
"5e126f96-356e-4a7c-8a69-628389fe21aa","Paróquia da Ressurreição","true","https://tysnkzmljlmmqpbotkxv.supabase.co/storage/v1/object/public/travel-app-images/ChIJxY601zzVmwAR-EM4VFfsDxM/ChIJxY601zzVmwAR-EM4VFfsDxM_1754580660975_1.jpg","https://tysnkzmljlmmqpbotkxv.supabase.co/storage/v1/object/public/travel-app-images/wikidata-5e126f96/parquia-da-ressurreio-filerio-de-janeiro-g-1757532219457-1.jpg","unknown","wikidata","1",""
"e16f8c7d-eda6-4b21-a4d6-9d6bc17d671a","Praia dos Amores","false","https://tysnkzmljlmmqpbotkxv.supabase.co/storage/v1/object/public/travel-app-images/ChIJa-ZTcwDRmwAR_V6RHMdZvbw/ChIJa-ZTcwDRmwAR_V6RHMdZvbw_1754506538271_1.jpg","","unknown","","","No images found in Wikidata"
"cd0c3ad8-22be-406e-98f5-d45af17497f6","Centro Cultural Justiça Federal","true","https://tysnkzmljlmmqpbotkxv.supabase.co/storage/v1/object/public/travel-app-images/ChIJU3T_6GF_mQARytW2r_9slmM/ChIJU3T_6GF_mQARytW2r_9slmM_1754581077350_1.jpg","https://tysnkzmljlmmqpbotkxv.supabase.co/storage/v1/object/public/travel-app-images/wikidata-cd0c3ad8/centro-cultural-justia-federal-filecentro-cultural--1757532218818-1.jpg","unknown","wikidata","1",""
"542456a6-1c7f-4100-b9d1-582875d51d41","Estádio Luso Brasileiro","true","https://tysnkzmljlmmqpbotkxv.supabase.co/storage/v1/object/public/travel-app-images/ChIJEZmDMSp4mQARqpVSc4-oRKg/ChIJEZmDMSp4mQARqpVSc4-oRKg_1754581821202_1.jpg","https://tysnkzmljlmmqpbotkxv.supabase.co/storage/v1/object/public/travel-app-images/wikidata-542456a6/estdio-luso-brasileiro-fileestdio-lusobrasi-1757532224448-1.jpg","unknown","wikidata","1",""
"066c592d-e189-412a-8598-0d973c7e76e1","Shopping Leblon","false","https://tysnkzmljlmmqpbotkxv.supabase.co/storage/v1/object/public/travel-app-images/ChIJrzNrEanVmwARqMQNDNynlXY/ChIJrzNrEanVmwARqMQNDNynlXY_1754580969730_1.jpg","","unknown","","","No images found in Wikidata"
"4bbd1544-d83d-45e1-9b93-5093670d72f3","Praça General Tibúrcio","true","https://tysnkzmljlmmqpbotkxv.supabase.co/storage/v1/object/public/travel-app-images/ChIJa-u1ZxqAmQARb_SP1sVA3-0/ChIJa-u1ZxqAmQARb_SP1sVA3-0_1754580017955_1.jpg","https://tysnkzmljlmmqpbotkxv.supabase.co/storage/v1/object/public/travel-app-images/wikidata-4bbd1544/praa-general-tibrcio-fileat-rio-de-janeir-1757532225060-1.jpg","unknown","wikidata","2",""
"c4092461-de38-44fd-bbb1-d126d99109ba","Estádio José Bastos Padilha","true","https://tysnkzmljlmmqpbotkxv.supabase.co/storage/v1/object/public/travel-app-images/ChIJq8tg0cnVmwARC-VZQrTR8xs/ChIJq8tg0cnVmwARC-VZQrTR8xs_1754580965859_1.jpg","https://tysnkzmljlmmqpbotkxv.supabase.co/storage/v1/object/public/travel-app-images/wikidata-c4092461/estdio-jos-bastos-padilha-filegvea-hpim0892jpg-1757532230751-1.jpg","unknown","wikidata","1",""
"53217bb1-ded1-47e8-9bbc-f6940221e58a","Praça General Osório","true","https://tysnkzmljlmmqpbotkxv.supabase.co/storage/v1/object/public/travel-app-images/wikipedia-53217bb1/praa-general-osrio-ficheirobandeira-da--1757530908835-1.svg","https://tysnkzmljlmmqpbotkxv.supabase.co/storage/v1/object/public/travel-app-images/wikidata-53217bb1/praa-general-osrio-filesacuras-fountain-1757532232421-1.jpg","wikipedia","wikidata","1",""
"cdbb0c63-1a84-4ea2-b4e4-8410874408da","Museu Nacional de Belas Artes","true","https://tysnkzmljlmmqpbotkxv.supabase.co/storage/v1/object/public/travel-app-images/wikipedia-cdbb0c63/museu-nacional-de-belas-artes-ficheiroalmeida-jnio-1757530908512-1.jpg","https://tysnkzmljlmmqpbotkxv.supabase.co/storage/v1/object/public/travel-app-images/wikidata-cdbb0c63/museu-nacional-de-belas-artes-filemuseu-nacional-d-1757532231288-1.jpg","wikipedia","wikidata","1",""
"cb56754c-c999-4bcb-b96a-22ade96ae3fb","Praia da Urca","true","https://tysnkzmljlmmqpbotkxv.supabase.co/storage/v1/object/public/travel-app-images/ChIJg-DSEz2AmQARnwz6C65Vl-o/ChIJg-DSEz2AmQARnwz6C65Vl-o_1754580092518_1.jpg","https://tysnkzmljlmmqpbotkxv.supabase.co/storage/v1/object/public/travel-app-images/wikidata-cb56754c/praia-da-urca-filepraia-da-urca-rj-1757532238171-1.jpg","unknown","wikidata","1",""
"5c1e02ca-8c33-4d3d-a4b5-fb886340b78a","Pão de açúcar","true","https://tysnkzmljlmmqpbotkxv.supabase.co/storage/v1/object/public/travel-app-images/ChIJ_19VSwCBmQARj3UN0MmtIec/ChIJ_19VSwCBmQARj3UN0MmtIec_1754580050820_1.jpg","https://tysnkzmljlmmqpbotkxv.supabase.co/storage/v1/object/public/travel-app-images/wikidata-5c1e02ca/po-de-acar-filepodeacar-2jpg-1757532238759-1.jpg","unknown","wikidata","3",""
"b81edfda-750f-4e1c-b3c0-fe55d7c831f3","Praia Vermelha","true","https://tysnkzmljlmmqpbotkxv.supabase.co/storage/v1/object/public/travel-app-images/ChIJRx10dhqAmQARyCdpUnDfqZ8/ChIJRx10dhqAmQARyCdpUnDfqZ8_1754580089622_1.jpg","https://tysnkzmljlmmqpbotkxv.supabase.co/storage/v1/object/public/travel-app-images/wikidata-b81edfda/praia-vermelha-filepraia-vermelha-b-1757532237791-1.jpg","unknown","wikidata","3",""
"4ed9d346-bb69-4036-aee6-868a89f050f6","Museu Botafogo FR","true","https://tysnkzmljlmmqpbotkxv.supabase.co/storage/v1/object/public/travel-app-images/wikipedia-4ed9d346/museu-botafogo-fr-ficheiroantigomuseud-1757530921693-1.jpg","https://tysnkzmljlmmqpbotkxv.supabase.co/storage/v1/object/public/travel-app-images/wikidata-4ed9d346/museu-botafogo-fr-filefachada-museu-do-1757532247663-1.jpg","wikipedia","wikidata","1",""
"1ea04bff-52d4-40b8-9f0b-6f84ce878476","Igreja de Santa Luzia","true","https://tysnkzmljlmmqpbotkxv.supabase.co/storage/v1/object/public/travel-app-images/ChIJq-yms9-BmQARZwXN8wVlpiM/ChIJq-yms9-BmQARZwXN8wVlpiM_1754581291271_1.jpg","https://tysnkzmljlmmqpbotkxv.supabase.co/storage/v1/object/public/travel-app-images/wikidata-1ea04bff/igreja-de-santa-luzia-filefachada-da-igrej-1757532246302-1.jpg","unknown","wikidata","1",""
"e180a3d1-ef0f-4e7d-9611-6eb13b7c8e24","Cachoeira da gruta Camorim","true","https://tysnkzmljlmmqpbotkxv.supabase.co/storage/v1/object/public/travel-app-images/wikipedia-e180a3d1/cachoeira-da-gruta-camorim-ficheirobandeira-da--1757529243413-1.svg","https://tysnkzmljlmmqpbotkxv.supabase.co/storage/v1/object/public/travel-app-images/wikidata-e180a3d1/cachoeira-da-gruta-camorim-filecachoeira-vu-da--1757532246677-1.jpg","wikipedia","wikidata","1",""
"30be9ae4-08dd-4fbb-9553-c632334b4704","Iglesia de los Santos Gervasio y Protasio y Nuestra Señora de la Bonanova","true","https://tysnkzmljlmmqpbotkxv.supabase.co/storage/v1/object/public/travel-app-images/wikipedia-30be9ae4/iglesia-de-los-santos-gervasio-fitxeraiga-railtrans-1757529786435-1.svg","https://tysnkzmljlmmqpbotkxv.supabase.co/storage/v1/object/public/travel-app-images/wikidata-30be9ae4/iglesia-de-los-santos-gervasio-filebarcelona-metro--1757532254502-1.jpg","wikipedia","wikidata","1",""
"9f5f69f3-c890-49e3-8de3-941e98f619b8","Biblioteca Rector Gabriel Ferraté. UPC","true","https://tysnkzmljlmmqpbotkxv.supabase.co/storage/v1/object/public/travel-app-images/wikipedia-9f5f69f3/biblioteca-rector-gabriel-ferr-fitxer106-edifici-de-1757529786980-1.jpg","https://tysnkzmljlmmqpbotkxv.supabase.co/storage/v1/object/public/travel-app-images/wikidata-9f5f69f3/biblioteca-rector-gabriel-ferr-filenexus-i-barcelon-1757532255681-1.jpg","wikipedia","wikidata","1",""
"ebdf91a7-8692-4935-9e6d-fc470db6088c","Parroquia de Cristo Rey - La Sagrera","true","https://tysnkzmljlmmqpbotkxv.supabase.co/storage/v1/object/public/travel-app-images/wikipedia-ebdf91a7/parroquia-de-cristo-rey-la-sag-fitxeradif-wordmarks-1757529794231-1.svg","https://tysnkzmljlmmqpbotkxv.supabase.co/storage/v1/object/public/travel-app-images/wikidata-ebdf91a7/parroquia-de-cristo-rey-la-sag-filel9l10-la-sagrera-1757532255005-1.jpg","wikipedia","wikidata","3",""
"f9bb0ba9-6c74-4c1c-a775-1ebdc3937b98","Museu d'Art Contemporani de Barcelona","true","https://tysnkzmljlmmqpbotkxv.supabase.co/storage/v1/object/public/travel-app-images/wikipedia-f9bb0ba9/museu-dart-contemporani-de-bar-fitxer2023-facebook--1757529806373-1.svg","https://tysnkzmljlmmqpbotkxv.supabase.co/storage/v1/object/public/travel-app-images/wikidata-f9bb0ba9/museu-dart-contemporani-de-bar-filebarcelona-museu--1757532261173-1.jpg","wikipedia","wikidata","1",""
"3dd946ad-ef8b-4aa1-bde1-9176bfb7227d","Zoo de Barcelona","true","https://tysnkzmljlmmqpbotkxv.supabase.co/storage/v1/object/public/travel-app-images/wikipedia-3dd946ad/zoo-de-barcelona-fitxerarbcom-ru-edit-1757529839919-1.svg","https://tysnkzmljlmmqpbotkxv.supabase.co/storage/v1/object/public/travel-app-images/wikidata-3dd946ad/zoo-de-barcelona-filezoo-de-barcelona-1757532261048-1.jpg","wikipedia","wikidata","1",""
"7bd85ebb-ca62-40cc-9090-be4116f2410c","Jardines de los Tres Tombs","true","https://tysnkzmljlmmqpbotkxv.supabase.co/storage/v1/object/public/travel-app-images/wikipedia-7bd85ebb/jardines-de-los-tres-tombs-fitxerarbcom-ru-edit-1757529800875-1.svg","https://tysnkzmljlmmqpbotkxv.supabase.co/storage/v1/object/public/travel-app-images/wikidata-7bd85ebb/jardines-de-los-tres-tombs-filela-bellesa-josep-1757532261689-1.jpg","wikipedia","wikidata","1",""
"31bcb49c-1535-40cc-98bc-082752411355","La Pedrera - Casa Milà","true","https://tysnkzmljlmmqpbotkxv.supabase.co/storage/v1/object/public/travel-app-images/wikipedia-31bcb49c/la-pedrera-casa-mil-fitxerantoni-gaudijp-1757529800947-1.jpg","https://tysnkzmljlmmqpbotkxv.supabase.co/storage/v1/object/public/travel-app-images/wikidata-31bcb49c/la-pedrera-casa-mil-filecasa-mil-general-1757532266747-1.jpg","wikipedia","wikidata","1",""
"538d6fc9-bbbd-4042-8fce-4ccc5eebde3e","Parque de Antonio Santiburcio","true","https://tysnkzmljlmmqpbotkxv.supabase.co/storage/v1/object/public/travel-app-images/wikipedia-538d6fc9/parque-de-antonio-santiburcio-fitxerarbcom-ru-edit-1757529801153-1.svg","https://tysnkzmljlmmqpbotkxv.supabase.co/storage/v1/object/public/travel-app-images/wikidata-538d6fc9/parque-de-antonio-santiburcio-fileparc-antoni-sant-1757532267709-1.jpg","wikipedia","wikidata","1",""
"0e08eefd-59ea-45b3-b2ff-435095be95c6","Parque de la Estación del Norte","true","https://tysnkzmljlmmqpbotkxv.supabase.co/storage/v1/object/public/travel-app-images/wikipedia-0e08eefd/parque-de-la-estacin-del-norte-fitxerarbcom-ru-edit-1757529829212-1.svg","https://tysnkzmljlmmqpbotkxv.supabase.co/storage/v1/object/public/travel-app-images/wikidata-0e08eefd/parque-de-la-estacin-del-norte-fileparc-estaci-nord-1757532267255-1.jpg","wikipedia","wikidata","1",""
"bfbdd842-6c6b-40c3-9554-5a1cafca170c","Palau Güell","true","https://tysnkzmljlmmqpbotkxv.supabase.co/storage/v1/object/public/travel-app-images/wikipedia-bfbdd842/palau-gell-fitxeralsina-ars-sec-1757529806979-1.jpg","https://tysnkzmljlmmqpbotkxv.supabase.co/storage/v1/object/public/travel-app-images/wikidata-bfbdd842/palau-gell-filepalau-gell-anton-1757532273298-1.jpg","wikipedia","wikidata","1",""
"4127d92e-7a39-448b-b731-21ea1475daec","Basílica de la Mercè","true","https://tysnkzmljlmmqpbotkxv.supabase.co/storage/v1/object/public/travel-app-images/wikipedia-4127d92e/baslica-de-la-merc-fitxerarbcom-ru-edit-1757529815190-1.svg","https://tysnkzmljlmmqpbotkxv.supabase.co/storage/v1/object/public/travel-app-images/wikidata-4127d92e/baslica-de-la-merc-filebaslica-de-la-me-1757532273884-1.jpg","wikipedia","wikidata","1",""
"1861d160-df15-4931-8399-bb3ad95b1643","Biblioteca Joaquim Folch i Torres del Museo Nacional de Arte de Cataluña","true","https://tysnkzmljlmmqpbotkxv.supabase.co/storage/v1/object/public/travel-app-images/wikipedia-1861d160/biblioteca-joaquim-folch-i-tor-fitxer2023-facebook--1757529840347-1.svg","https://tysnkzmljlmmqpbotkxv.supabase.co/storage/v1/object/public/travel-app-images/wikidata-1861d160/biblioteca-joaquim-folch-i-tor-filebiblioteca-de-ca-1757532273300-1.jpg","wikipedia","wikidata","1",""
"87a07b05-d502-4989-8e1f-eb2c1d49de4f","Parque de Can Rigal","true","https://tysnkzmljlmmqpbotkxv.supabase.co/storage/v1/object/public/travel-app-images/wikipedia-87a07b05/parque-de-can-rigal-fitxerarbcom-ru-edit-1757529820976-1.svg","https://tysnkzmljlmmqpbotkxv.supabase.co/storage/v1/object/public/travel-app-images/wikidata-87a07b05/parque-de-can-rigal-filecan-rigaljpg-1757532279821-1.jpg","wikipedia","wikidata","1",""
"1b8bb690-121d-4d41-9566-1ff332c584e8","Centro Cultural Banco do Brasil","true","https://tysnkzmljlmmqpbotkxv.supabase.co/storage/v1/object/public/travel-app-images/wikipedia-1b8bb690/centro-cultural-banco-do-brasi-ficheirobblogo1-crop-1757529860274-1.jpg","https://tysnkzmljlmmqpbotkxv.supabase.co/storage/v1/object/public/travel-app-images/wikidata-1b8bb690/centro-cultural-banco-do-brasi-filerioccbbjpg-1757532279661-1.jpg","wikipedia","wikidata","1",""
"0c35983f-a8ae-495f-bf94-cd8e3001577c","Parque del Castillo de la Oreneta","true","https://tysnkzmljlmmqpbotkxv.supabase.co/storage/v1/object/public/travel-app-images/wikipedia-0c35983f/parque-del-castillo-de-la-oren-fitxer064-parc-de-lo-1757529822247-1.jpg","https://tysnkzmljlmmqpbotkxv.supabase.co/storage/v1/object/public/travel-app-images/wikidata-0c35983f/parque-del-castillo-de-la-oren-file064-parc-de-lore-1757532279855-1.jpg","wikipedia","wikidata","1",""
"d4d95822-cab3-4639-9ef8-02e1fb9b6721","Parroquia del Bon Pastor","true","https://tysnkzmljlmmqpbotkxv.supabase.co/storage/v1/object/public/travel-app-images/wikipedia-d4d95822/parroquia-del-bon-pastor-fitxeravegsvg-1757529828482-1.svg","https://tysnkzmljlmmqpbotkxv.supabase.co/storage/v1/object/public/travel-app-images/wikidata-d4d95822/parroquia-del-bon-pastor-filel10-009jpg-1757532284968-1.jpg","wikipedia","wikidata","1",""
"09d54f27-7b9d-4b42-ad50-2dbad076806f","Iglesia de Santa Ana","true","https://tysnkzmljlmmqpbotkxv.supabase.co/storage/v1/object/public/travel-app-images/wikipedia-09d54f27/iglesia-de-santa-ana-fitxerarbcom-ru-edit-1757529829185-1.svg","https://tysnkzmljlmmqpbotkxv.supabase.co/storage/v1/object/public/travel-app-images/wikidata-09d54f27/iglesia-de-santa-ana-filesanta-maria-de-l-1757532285894-1.jpg","wikipedia","wikidata","1",""
"d282b9b2-afad-4f43-b643-962e2142dbf9","Museu Bispo do Rosario Arte Contemporânea","true","https://tysnkzmljlmmqpbotkxv.supabase.co/storage/v1/object/public/travel-app-images/wikipedia-d282b9b2/museu-bispo-do-rosario-arte-co-ficheirocommonslogos-1757529972916-1.svg","https://tysnkzmljlmmqpbotkxv.supabase.co/storage/v1/object/public/travel-app-images/wikidata-d282b9b2/museu-bispo-do-rosario-arte-co-filemuseu-de-arte-co-1757532285204-1.jpg","wikipedia","wikidata","1",""
"4c66655f-4aa1-4b5c-841e-94a0489ba9ac","Filmoteca de Cataluña","true","https://tysnkzmljlmmqpbotkxv.supabase.co/storage/v1/object/public/travel-app-images/wikipedia-4c66655f/filmoteca-de-catalua-fitxerarbcom-ru-edit-1757529840024-1.svg","https://tysnkzmljlmmqpbotkxv.supabase.co/storage/v1/object/public/travel-app-images/wikidata-4c66655f/filmoteca-de-catalua-filefilmoteca-de-cat-1757532293143-1.jpg","wikipedia","wikidata","1",""
"a068186c-689a-4ba7-929e-eb94e48f1cb5","Parque de Can Dragó","true","https://tysnkzmljlmmqpbotkxv.supabase.co/storage/v1/object/public/travel-app-images/wikipedia-a068186c/parque-de-can-drag-fitxerarbcom-ru-edit-1757529845789-1.svg","https://tysnkzmljlmmqpbotkxv.supabase.co/storage/v1/object/public/travel-app-images/wikidata-a068186c/parque-de-can-drag-fileparc-can-drag-av-1757532292722-1.jpg","wikipedia","wikidata","1",""
"2a3c17be-06ef-485b-a63b-46413cb506f2","Museu Histórico E Pedagógico Casa Do Anhangüera","true","https://tysnkzmljlmmqpbotkxv.supabase.co/storage/v1/object/public/travel-app-images/wikipedia-2a3c17be/museu-histrico-e-pedaggico-cas-ficheirobandeira-de--1757529852164-1.png","https://tysnkzmljlmmqpbotkxv.supabase.co/storage/v1/object/public/travel-app-images/wikidata-2a3c17be/museu-histrico-e-pedaggico-cas-filewebysther-201907-1757532292262-1.jpg","wikipedia","wikidata","1",""
"feb7f267-0321-4b1b-9401-b8b92b9dec29","Parque Nossa Senhora da Piedade","true","https://tysnkzmljlmmqpbotkxv.supabase.co/storage/v1/object/public/travel-app-images/wikipedia-feb7f267/parque-nossa-senhora-da-piedad-ficheirobandeiradebe-1757529880726-1.svg","https://tysnkzmljlmmqpbotkxv.supabase.co/storage/v1/object/public/travel-app-images/wikidata-feb7f267/parque-nossa-senhora-da-piedad-fileparque-nossa-sen-1757532299003-1.jpg","wikipedia","wikidata","1",""
"309e528c-13b9-4beb-a719-5a928ca8c1a0","Parque Estadual da Serra do Rola-Moça","true","https://tysnkzmljlmmqpbotkxv.supabase.co/storage/v1/object/public/travel-app-images/wikipedia-309e528c/parque-estadual-da-serra-do-ro-ficheirobandeira-de--1757529866216-1.svg","https://tysnkzmljlmmqpbotkxv.supabase.co/storage/v1/object/public/travel-app-images/wikidata-309e528c/parque-estadual-da-serra-do-ro-fileescarpas-da-serr-1757532298790-1.jpg","wikipedia","wikidata","1",""
"ac16e195-a2f0-4abb-b58a-26a20a79965d","La Masia de Can Planes barcelona","true","https://tysnkzmljlmmqpbotkxv.supabase.co/storage/v1/object/public/travel-app-images/wikipedia-ac16e195/la-masia-de-can-planes-barcelo-fitxerarbcom-ru-edit-1757529978257-1.svg","https://tysnkzmljlmmqpbotkxv.supabase.co/storage/v1/object/public/travel-app-images/wikidata-ac16e195/la-masia-de-can-planes-barcelo-filela-masia-can-pla-1757532298801-1.jpg","wikipedia","wikidata","1",""
"68086a88-472d-44f3-9c57-fab3854c6c9a","Museo del Chocolate","true","https://tysnkzmljlmmqpbotkxv.supabase.co/storage/v1/object/public/travel-app-images/wikipedia-68086a88/museo-del-chocolate-fitxer2023-facebook--1757529889971-1.svg","https://tysnkzmljlmmqpbotkxv.supabase.co/storage/v1/object/public/travel-app-images/wikidata-68086a88/museo-del-chocolate-filemuseu-de-la-xoco-1757532305400-1.jpg","wikipedia","wikidata","1",""
"640de94c-5996-4ac3-93bc-67ffc17d02e7","Espaço Cultural da Marinha","true","https://tysnkzmljlmmqpbotkxv.supabase.co/storage/v1/object/public/travel-app-images/wikipedia-640de94c/espao-cultural-da-marinha-ficheirobandeira-da--1757529905348-1.svg","https://tysnkzmljlmmqpbotkxv.supabase.co/storage/v1/object/public/travel-app-images/wikidata-640de94c/espao-cultural-da-marinha-fileecm-s22-riachuel-1757532304892-1.jpg","wikipedia","wikidata","1",""
"a5936405-1c97-4155-8dbb-4460f9b6d15b","Igreja Evangélica Congregacional de Senador Camará","false","https://tysnkzmljlmmqpbotkxv.supabase.co/storage/v1/object/public/travel-app-images/wikipedia-a5936405/igreja-evanglica-congregaciona-ficheirobandeira-da--1757529906766-1.svg","","wikipedia","","","No images found in Wikidata"
"1d1935a6-f131-4b2b-9e6e-532327f7bed0","Museo Olímpico y del Deporte Joan Antoni Samaranch","true","https://tysnkzmljlmmqpbotkxv.supabase.co/storage/v1/object/public/travel-app-images/wikipedia-1d1935a6/museo-olmpico-y-del-deporte-jo-fitxerarbcom-ru-edit-1757529919747-1.svg","https://tysnkzmljlmmqpbotkxv.supabase.co/storage/v1/object/public/travel-app-images/wikidata-1d1935a6/museo-olmpico-y-del-deporte-jo-filemuseu-olmpic-joa-1757532311044-1.jpg","wikipedia","wikidata","1",""
"a3cc16f8-67c0-43b4-8d37-0460fb88ca4f","Parroquia de San Francisco de Asís","true","https://tysnkzmljlmmqpbotkxv.supabase.co/storage/v1/object/public/travel-app-images/wikipedia-a3cc16f8/parroquia-de-san-francisco-de--fitxer141-esglsia-de-1757529994340-1.jpg","https://tysnkzmljlmmqpbotkxv.supabase.co/storage/v1/object/public/travel-app-images/wikidata-a3cc16f8/parroquia-de-san-francisco-de--file141-esglsia-de-s-1757532310711-1.jpg","wikipedia","wikidata","1",""
"010131e9-cbe4-4d28-8e72-54349d835c10","Parque de la Nova Icària","true","https://tysnkzmljlmmqpbotkxv.supabase.co/storage/v1/object/public/travel-app-images/wikipedia-010131e9/parque-de-la-nova-icria-fitxerarbcom-ru-edit-1757530024907-1.svg","https://tysnkzmljlmmqpbotkxv.supabase.co/storage/v1/object/public/travel-app-images/wikidata-010131e9/parque-de-la-nova-icria-fileparc-nova-icriaj-1757532311270-1.jpg","wikipedia","wikidata","1",""
"9b1508b3-6d60-4ac1-b0a6-5a31d64f5147","Parque de Cervantes","true","https://tysnkzmljlmmqpbotkxv.supabase.co/storage/v1/object/public/travel-app-images/wikipedia-9b1508b3/parque-de-cervantes-fitxeradam-jacinto-b-1757529919810-1.jpg","https://tysnkzmljlmmqpbotkxv.supabase.co/storage/v1/object/public/travel-app-images/wikidata-9b1508b3/parque-de-cervantes-fileparque-cervantes-1757532317623-1.jpg","wikipedia","wikidata","1",""
"a4868f57-dc49-4d3f-a0ef-f56507aa334e","Biblioteca Mário de Andrade","true","https://tysnkzmljlmmqpbotkxv.supabase.co/storage/v1/object/public/travel-app-images/wikipedia-a4868f57/biblioteca-mrio-de-andrade-ficheirobandeira-da--1757530040529-1.svg","https://tysnkzmljlmmqpbotkxv.supabase.co/storage/v1/object/public/travel-app-images/wikidata-a4868f57/biblioteca-mrio-de-andrade-filebibmarioandrade0-1757532316720-1.jpg","wikipedia","wikidata","1",""
"11b70583-27be-4f7b-8a29-319f1c57686d","Jardim Biblioteca Nacional","true","https://tysnkzmljlmmqpbotkxv.supabase.co/storage/v1/object/public/travel-app-images/wikipedia-11b70583/jardim-biblioteca-nacional-ficheiroamericana-19-1757529927778-1.jpg","https://tysnkzmljlmmqpbotkxv.supabase.co/storage/v1/object/public/travel-app-images/wikidata-11b70583/jardim-biblioteca-nacional-filebiblioteca-nacio-1757532317020-1.jpg","wikipedia","wikidata","2",""
"8abfc1ee-3128-4c31-9144-ecfe6f3e1f05","Jardines de Mossén Costa Llobera","true","https://tysnkzmljlmmqpbotkxv.supabase.co/storage/v1/object/public/travel-app-images/wikipedia-8abfc1ee/jardines-de-mossn-costa-llober-fitxerarbcom-ru-edit-1757529935273-1.svg","https://tysnkzmljlmmqpbotkxv.supabase.co/storage/v1/object/public/travel-app-images/wikidata-8abfc1ee/jardines-de-mossn-costa-llober-filejardins-mossn-co-1757532324069-1.jpg","wikipedia","wikidata","1",""
"9d27eaa1-011b-4fce-824a-5ca7ee0bb886","Parque Estadual do Juquery","true","https://tysnkzmljlmmqpbotkxv.supabase.co/storage/v1/object/public/travel-app-images/wikipedia-9d27eaa1/parque-estadual-do-juquery-ficheirobandeira-do--1757529948515-1.svg","https://tysnkzmljlmmqpbotkxv.supabase.co/storage/v1/object/public/travel-app-images/wikidata-9d27eaa1/parque-estadual-do-juquery-filejuquerifrancojpg-1757532324691-1.jpg","wikipedia","wikidata","1",""
"69eed298-5b7a-46b8-9980-ab6e410c0b5c","Nova Icaria beach","true","https://tysnkzmljlmmqpbotkxv.supabase.co/storage/v1/object/public/travel-app-images/wikipedia-69eed298/nova-icaria-beach-fitxerarbcom-ru-edit-1757529958120-1.svg","https://tysnkzmljlmmqpbotkxv.supabase.co/storage/v1/object/public/travel-app-images/wikidata-69eed298/nova-icaria-beach-fileplatja-de-la-nov-1757532323900-1.jpg","wikipedia","wikidata","1",""
"8ad7045b-f3a0-40d8-a81d-1d7e01d1bb54","Estádio Leônidas da Silva","true","https://tysnkzmljlmmqpbotkxv.supabase.co/storage/v1/object/public/travel-app-images/wikipedia-8ad7045b/estdio-lenidas-da-silva-ficheiroemojione1-1f-1757529959369-1.svg","https://tysnkzmljlmmqpbotkxv.supabase.co/storage/v1/object/public/travel-app-images/wikidata-8ad7045b/estdio-lenidas-da-silva-fileestdio-lenidas-d-1757532330717-1.jpg","wikipedia","wikidata","1",""
"da020474-4a7b-4322-b7bd-353e417214a8","Parque Central del Poblenou","true","https://tysnkzmljlmmqpbotkxv.supabase.co/storage/v1/object/public/travel-app-images/wikipedia-da020474/parque-central-del-poblenou-fitxerarbcom-ru-edit-1757530031599-1.svg","https://tysnkzmljlmmqpbotkxv.supabase.co/storage/v1/object/public/travel-app-images/wikidata-da020474/parque-central-del-poblenou-fileparc-centre-pobl-1757532330090-1.jpg","wikipedia","wikidata","1",""
"a1654bba-3940-45ad-90fd-c6b838856e6f","Playa de Bogatell","true","https://tysnkzmljlmmqpbotkxv.supabase.co/storage/v1/object/public/travel-app-images/wikipedia-a1654bba/playa-de-bogatell-fitxerarbcom-ru-edit-1757529964623-1.svg","https://tysnkzmljlmmqpbotkxv.supabase.co/storage/v1/object/public/travel-app-images/wikidata-a1654bba/playa-de-bogatell-filebarcelonas-lifeg-1757532330499-1.jpg","wikipedia","wikidata","1",""
"2cb39704-b2b6-44e4-bdbc-314da65c14c2","Shopping RioSul","true","https://tysnkzmljlmmqpbotkxv.supabase.co/storage/v1/object/public/travel-app-images/wikipedia-2cb39704/shopping-riosul-ficheirobandeira-da--1757529994066-1.svg","https://tysnkzmljlmmqpbotkxv.supabase.co/storage/v1/object/public/travel-app-images/wikidata-2cb39704/shopping-riosul-filetorre-riosul-02j-1757532335857-1.jpg","wikipedia","wikidata","1",""
"f2a5e46b-5c7c-4e6b-854a-98e61cc0a300","Museo de Historia de Barcelona. Plaza del Rey","true","https://tysnkzmljlmmqpbotkxv.supabase.co/storage/v1/object/public/travel-app-images/wikipedia-f2a5e46b/museo-de-historia-de-barcelona-fitxerarbcom-ru-edit-1757529970863-1.svg","https://tysnkzmljlmmqpbotkxv.supabase.co/storage/v1/object/public/travel-app-images/wikidata-f2a5e46b/museo-de-historia-de-barcelona-filepalau-meca-patij-1757532336518-1.jpg","wikipedia","wikidata","1",""
"34aed681-540e-48d2-8333-1a98b3a87b37","Parque de Josep Serra Martí","true","https://tysnkzmljlmmqpbotkxv.supabase.co/storage/v1/object/public/travel-app-images/wikipedia-34aed681/parque-de-josep-serra-mart-fitxer198-alegras-di-1757529972300-1.jpg","https://tysnkzmljlmmqpbotkxv.supabase.co/storage/v1/object/public/travel-app-images/wikidata-34aed681/parque-de-josep-serra-mart-filejosep-serra-mart-1757532336587-1.jpg","wikipedia","wikidata","1",""
"f58f01e7-354d-4d53-a0f3-ed6f1f60dc3e","Playa de San Sebastián","true","https://tysnkzmljlmmqpbotkxv.supabase.co/storage/v1/object/public/travel-app-images/wikipedia-f58f01e7/playa-de-san-sebastin-fitxerarbcom-ru-edit-1757530018350-1.svg","https://tysnkzmljlmmqpbotkxv.supabase.co/storage/v1/object/public/travel-app-images/wikidata-f58f01e7/playa-de-san-sebastin-filew-barcelona-by-r-1757532341981-1.jpg","wikipedia","wikidata","1",""
"4e27134e-f69e-48b7-80d5-1947540376c1","Museu do Futebol","true","https://tysnkzmljlmmqpbotkxv.supabase.co/storage/v1/object/public/travel-app-images/wikipedia-4e27134e/museu-do-futebol-ficheirobandeira-da--1757530032352-1.svg","https://tysnkzmljlmmqpbotkxv.supabase.co/storage/v1/object/public/travel-app-images/wikidata-4e27134e/museu-do-futebol-fileestdio-do-pacaem-1757532342118-1.jpg","wikipedia","wikidata","1",""
"dd072c2d-1b50-4560-9458-f8f0c05b6523","Museu Penitenciário Paulista","true","https://tysnkzmljlmmqpbotkxv.supabase.co/storage/v1/object/public/travel-app-images/wikipedia-dd072c2d/museu-penitencirio-paulista-ficheiroaugustin-sal-1757530084881-1.jpg","https://tysnkzmljlmmqpbotkxv.supabase.co/storage/v1/object/public/travel-app-images/wikidata-dd072c2d/museu-penitencirio-paulista-filemuseuipiranga1jp-1757532341743-1.jpg","wikipedia","wikidata","1",""
"f71a7d06-6a62-4ae1-af52-a7b66232e40e","Casa do Caboclo do Parque da Água Branca","true","https://tysnkzmljlmmqpbotkxv.supabase.co/storage/v1/object/public/travel-app-images/wikipedia-f71a7d06/casa-do-caboclo-do-parque-da-g-ficheirobandeira-do--1757530130854-1.svg","https://tysnkzmljlmmqpbotkxv.supabase.co/storage/v1/object/public/travel-app-images/wikidata-f71a7d06/casa-do-caboclo-do-parque-da-g-filecasa-branca-cath-1757532348113-1.jpg","wikipedia","wikidata","1",""
"b58ab4ab-bdb6-404b-9239-2c3bb89f9f96","Parque de la Creueta del Coll","true","https://tysnkzmljlmmqpbotkxv.supabase.co/storage/v1/object/public/travel-app-images/wikipedia-b58ab4ab/parque-de-la-creueta-del-coll-fitxerarbcom-ru-edit-1757530146491-1.svg","https://tysnkzmljlmmqpbotkxv.supabase.co/storage/v1/object/public/travel-app-images/wikidata-b58ab4ab/parque-de-la-creueta-del-coll-fileclaw-sculpture-a-1757532347856-1.jpg","wikipedia","wikidata","1",""
"9e6aaa1e-2245-4de2-9ed7-18ca76d2ff57","Museo de Arqueología de Cataluña MAC Barcelona","true","https://tysnkzmljlmmqpbotkxv.supabase.co/storage/v1/object/public/travel-app-images/wikipedia-9e6aaa1e/museo-de-arqueologa-de-catalua-fitxer2023-facebook--1757530094109-1.svg","https://tysnkzmljlmmqpbotkxv.supabase.co/storage/v1/object/public/travel-app-images/wikidata-9e6aaa1e/museo-de-arqueologa-de-catalua-fileedifici-cccbjpg-1757532347793-1.jpg","wikipedia","wikidata","1",""
"e90911cc-47a0-4842-b0fd-de01b679425b","Casa Batlló","true","https://tysnkzmljlmmqpbotkxv.supabase.co/storage/v1/object/public/travel-app-images/wikipedia-e90911cc/casa-batll-fitxer05-casa-batllj-1757530095134-1.jpg","https://tysnkzmljlmmqpbotkxv.supabase.co/storage/v1/object/public/travel-app-images/wikidata-e90911cc/casa-batll-filecasa-batllo-over-1757532353981-1.jpg","wikipedia","wikidata","1",""
"a2a9c710-2acc-45d5-9742-3c61f17c016f","Boulevard butantã","true","https://tysnkzmljlmmqpbotkxv.supabase.co/storage/v1/object/public/travel-app-images/wikipedia-a2a9c710/boulevard-butant-ficheiroaiga-elevato-1757530102277-1.svg","https://tysnkzmljlmmqpbotkxv.supabase.co/storage/v1/object/public/travel-app-images/wikidata-a2a9c710/boulevard-butant-filebutant-metro-sta-1757532353063-1.jpg","wikipedia","wikidata","1",""
"7da794fd-a522-4c31-891c-ffbe01bdc270","Capela Santa Cruz","true","https://tysnkzmljlmmqpbotkxv.supabase.co/storage/v1/object/public/travel-app-images/wikipedia-7da794fd/capela-santa-cruz-ficheirobandeira-da--1757530117569-1.svg","https://tysnkzmljlmmqpbotkxv.supabase.co/storage/v1/object/public/travel-app-images/wikidata-7da794fd/capela-santa-cruz-filecapela-santa-cru-1757532353693-1.jpg","wikipedia","wikidata","1",""
"43106b92-905c-4ae4-835a-e662985416c3","Bosque do Pau-Brasil","false","https://tysnkzmljlmmqpbotkxv.supabase.co/storage/v1/object/public/travel-app-images/wikipedia-43106b92/bosque-do-paubrasil-ficheirobandeira-da--1757530102237-1.svg","","wikipedia","","","No images found in Wikidata"
"7d065467-bb13-482e-ad20-d930e212ff88","Museu Espírita de São Paulo","true","https://tysnkzmljlmmqpbotkxv.supabase.co/storage/v1/object/public/travel-app-images/wikipedia-7d065467/museu-esprita-de-so-paulo-ficheiro20150330-000-1757530108148-1.jpg","https://tysnkzmljlmmqpbotkxv.supabase.co/storage/v1/object/public/travel-app-images/wikidata-7d065467/museu-esprita-de-so-paulo-filenovo-maspjpg-1757532360281-1.jpg","wikipedia","wikidata","1",""
"f5b58d6a-0591-4459-89bb-07f0551f5a7b","Horto Oswaldo Cruz","true","https://tysnkzmljlmmqpbotkxv.supabase.co/storage/v1/object/public/travel-app-images/wikipedia-f5b58d6a/horto-oswaldo-cruz-ficheiroampliao-e-mo-1757530138967-1.jpg","https://tysnkzmljlmmqpbotkxv.supabase.co/storage/v1/object/public/travel-app-images/wikidata-f5b58d6a/horto-oswaldo-cruz-fileinstituto-butant-1757532359967-1.jpg","wikipedia","wikidata","1",""
"5e8a946f-b271-46ca-9c16-1bbb55e4f0aa","Museu Histórico do Instituto Butantan","true","https://tysnkzmljlmmqpbotkxv.supabase.co/storage/v1/object/public/travel-app-images/wikipedia-5e8a946f/museu-histrico-do-instituto-bu-ficheirocommonslogos-1757530124197-1.svg","https://tysnkzmljlmmqpbotkxv.supabase.co/storage/v1/object/public/travel-app-images/wikidata-5e8a946f/museu-histrico-do-instituto-bu-filemacusp-fachada-6-1757532366959-1.jpg","wikipedia","wikidata","1",""
"c6805ca2-e26b-4a84-a0be-6b4d199e9f37","Museu Histórico do Instituto Butantan - Espaço Terra Firme","true","https://tysnkzmljlmmqpbotkxv.supabase.co/storage/v1/object/public/travel-app-images/wikipedia-c6805ca2/museu-histrico-do-instituto-bu-ficheiroampliao-e-mo-1757530124987-1.jpg","https://tysnkzmljlmmqpbotkxv.supabase.co/storage/v1/object/public/travel-app-images/wikidata-c6805ca2/museu-histrico-do-instituto-bu-fileinstituto-butant-1757532367232-1.jpg","wikipedia","wikidata","1",""
"925abfb4-6fa1-4c30-9c68-266c19b3087a","CRAI UPF Biblioteca del Poblenou","true","https://tysnkzmljlmmqpbotkxv.supabase.co/storage/v1/object/public/travel-app-images/wikipedia-925abfb4/crai-upf-biblioteca-del-poblen-fitxeravegsvg-1757530138478-1.svg","https://tysnkzmljlmmqpbotkxv.supabase.co/storage/v1/object/public/travel-app-images/wikidata-925abfb4/crai-upf-biblioteca-del-poblen-filemetropoblenoul42-1757532367438-1.jpg","wikipedia","wikidata","1",""
"d7f774be-e191-40f1-8fcd-4c74aef093a2","Paróquia Nossa Senhora do Bom Conselho","true","https://tysnkzmljlmmqpbotkxv.supabase.co/storage/v1/object/public/travel-app-images/wikipedia-d7f774be/parquia-nossa-senhora-do-bom-c-ficheiroblue-pencils-1757530147049-1.svg","https://tysnkzmljlmmqpbotkxv.supabase.co/storage/v1/object/public/travel-app-images/wikidata-d7f774be/parquia-nossa-senhora-do-bom-c-fileparquia-nossa-se-1757532372870-1.jpg","wikipedia","wikidata","1",""
"ba4672b6-9d56-4502-96f0-70cb3fb36b30","Shopping Light","true","https://tysnkzmljlmmqpbotkxv.supabase.co/storage/v1/object/public/travel-app-images/wikipedia-ba4672b6/shopping-light-ficheiroalexandre-ma-1757530174910-1.jpg","https://tysnkzmljlmmqpbotkxv.supabase.co/storage/v1/object/public/travel-app-images/wikidata-ba4672b6/shopping-light-fileedifcio-alexandr-1757532372675-1.jpg","wikipedia","wikidata","1",""
"ff02677c-741b-4d0c-85b0-a026b1e01fb8","Cinemateca Brasileira","true","https://tysnkzmljlmmqpbotkxv.supabase.co/storage/v1/object/public/travel-app-images/wikipedia-ff02677c/cinemateca-brasileira-ficheirobandeira-da--1757530159879-1.svg","https://tysnkzmljlmmqpbotkxv.supabase.co/storage/v1/object/public/travel-app-images/wikidata-ff02677c/cinemateca-brasileira-filecinemateca-brasi-1757532373682-1.jpg","wikipedia","wikidata","1",""
"c3d9058d-b053-4799-b6e5-8f32385d57f1","Estádio Alfredo Schürig","true","https://tysnkzmljlmmqpbotkxv.supabase.co/storage/v1/object/public/travel-app-images/wikipedia-c3d9058d/estdio-alfredo-schrig-ficheiroarena-corint-1757530166023-1.jpg","https://tysnkzmljlmmqpbotkxv.supabase.co/storage/v1/object/public/travel-app-images/wikidata-c3d9058d/estdio-alfredo-schrig-filemosaico-3d-arena-1757532379411-1.jpg","wikipedia","wikidata","1",""
"fd20b848-2623-4a5c-8e72-0b808cb6c202","Paróquia Nossa Senhora do Ó","false","https://tysnkzmljlmmqpbotkxv.supabase.co/storage/v1/object/public/travel-app-images/wikipedia-fd20b848/parquia-nossa-senhora-do--ficheirobandeira-da--1757530166203-1.svg","","wikipedia","","","No images found in Wikidata"
"896fb10b-c8ce-4d2d-b403-33b5949bc1b8","Biblioteca Poblenou - Manuel Arranz","true","https://tysnkzmljlmmqpbotkxv.supabase.co/storage/v1/object/public/travel-app-images/wikipedia-896fb10b/biblioteca-poblenou-manuel-arr-fitxerarbcom-ru-edit-1757530222686-1.svg","https://tysnkzmljlmmqpbotkxv.supabase.co/storage/v1/object/public/travel-app-images/wikidata-896fb10b/biblioteca-poblenou-manuel-arr-filebarcelona-biblio-1757532379838-1.jpg","wikipedia","wikidata","1",""
"62e45079-4bbf-473e-9083-8970bc52dda8","Casa do Bandeirante (Butantã) / Museu da Cidade de São Paulo","true","https://tysnkzmljlmmqpbotkxv.supabase.co/storage/v1/object/public/travel-app-images/wikipedia-62e45079/casa-do-bandeirante-butant-mus-ficheirobandeira-da--1757530166535-1.svg","https://tysnkzmljlmmqpbotkxv.supabase.co/storage/v1/object/public/travel-app-images/wikidata-62e45079/casa-do-bandeirante-butant-mus-filecasa-do-bandeira-1757532384012-1.jpg","wikipedia","wikidata","1",""
"26a1cf78-64c9-4032-ba4a-5a4d37c4b9c6","Museu da Cidade de São Paulo / Sítio da Ressaca","true","https://tysnkzmljlmmqpbotkxv.supabase.co/storage/v1/object/public/travel-app-images/wikipedia-26a1cf78/museu-da-cidade-de-so-paulo-st-ficheirobandeira-da--1757530183792-1.svg","https://tysnkzmljlmmqpbotkxv.supabase.co/storage/v1/object/public/travel-app-images/wikidata-26a1cf78/museu-da-cidade-de-so-paulo-st-filecasa-stio-da-res-1757532384480-1.jpg","wikipedia","wikidata","1",""
"ff8bcf2f-a9f8-451e-bdd0-b1db2548ce88","Museo Egipcio de Barcelona","true","https://tysnkzmljlmmqpbotkxv.supabase.co/storage/v1/object/public/travel-app-images/wikipedia-ff8bcf2f/museo-egipcio-de-barcelona-fitxerarbcom-ru-edit-1757530240446-1.svg","https://tysnkzmljlmmqpbotkxv.supabase.co/storage/v1/object/public/travel-app-images/wikidata-ff8bcf2f/museo-egipcio-de-barcelona-fileinterior-museu-e-1757532385061-1.jpg","wikipedia","wikidata","1",""
"fe53fd73-99bd-4446-9a0c-2f83b0a805b2","Biblioteca IME-USP","true","https://tysnkzmljlmmqpbotkxv.supabase.co/storage/v1/object/public/travel-app-images/wikipedia-fe53fd73/biblioteca-imeusp-ficheirobandeira-da--1757530171969-1.svg","https://tysnkzmljlmmqpbotkxv.supabase.co/storage/v1/object/public/travel-app-images/wikidata-fe53fd73/biblioteca-imeusp-fileime-uspjpg-1757532390218-1.jpg","wikipedia","wikidata","3",""
"e4b81999-02ae-4b5d-a42a-6cfd3adada87","Monumento à Independência","true","https://tysnkzmljlmmqpbotkxv.supabase.co/storage/v1/object/public/travel-app-images/wikipedia-e4b81999/monumento-independncia-ficheirobandeira-da--1757530172505-1.svg","https://tysnkzmljlmmqpbotkxv.supabase.co/storage/v1/object/public/travel-app-images/wikidata-e4b81999/monumento-independncia-filemonumento-indepe-1757532390110-1.jpg","wikipedia","wikidata","1",""
"6fa03bd7-8ad5-4d48-8fff-6838b4993353","Maracanã","true","https://tysnkzmljlmmqpbotkxv.supabase.co/storage/v1/object/public/travel-app-images/wikipedia-6fa03bd7/maracan-ficheiro2016-summer--1757530184280-1.jpg","https://tysnkzmljlmmqpbotkxv.supabase.co/storage/v1/object/public/travel-app-images/wikidata-6fa03bd7/maracan-filemaracana-2022jpg-1757532390422-1.jpg","wikipedia","wikidata","1",""
"69b25f60-c2d6-4d93-974f-396edc7dcfe9","Biblioteca","true","https://tysnkzmljlmmqpbotkxv.supabase.co/storage/v1/object/public/travel-app-images/wikipedia-69b25f60/biblioteca-fitxer2023-facebook--1757530241175-1.svg","https://tysnkzmljlmmqpbotkxv.supabase.co/storage/v1/object/public/travel-app-images/wikidata-69b25f60/biblioteca-filebiblioteca-de-ca-1757532397483-1.jpg","wikipedia","wikidata","1",""
"29b529dc-af7d-4eda-bf50-044436221dbe","Casa de Vidro Lina Bo Bardi","true","https://tysnkzmljlmmqpbotkxv.supabase.co/storage/v1/object/public/travel-app-images/wikipedia-29b529dc/casa-de-vidro-lina-bo-bardi-ficheirobandeira-da--1757530191338-1.svg","https://tysnkzmljlmmqpbotkxv.supabase.co/storage/v1/object/public/travel-app-images/wikidata-29b529dc/casa-de-vidro-lina-bo-bardi-filecasa-de-vidro-13-1757532397075-1.jpg","wikipedia","wikidata","1",""
"5c32f466-4da4-49f4-8dee-00e05606b442","Palau de la Música Catalana","true","https://tysnkzmljlmmqpbotkxv.supabase.co/storage/v1/object/public/travel-app-images/wikipedia-5c32f466/palau-de-la-msica-catalana-fitxer22-11-01-palau-1757530215719-1.jpg","https://tysnkzmljlmmqpbotkxv.supabase.co/storage/v1/object/public/travel-app-images/wikidata-5c32f466/palau-de-la-msica-catalana-filepalau-msica-cata-1757532397359-1.jpg","wikipedia","wikidata","1",""
"0dfca7e2-81c5-42a5-b2f5-bff03714f8a2","Museo de Cera de Barcelona","true","https://tysnkzmljlmmqpbotkxv.supabase.co/storage/v1/object/public/travel-app-images/wikipedia-0dfca7e2/museo-de-cera-de-barcelona-fitxerarbcom-ru-edit-1757530234116-1.svg","https://tysnkzmljlmmqpbotkxv.supabase.co/storage/v1/object/public/travel-app-images/wikidata-0dfca7e2/museo-de-cera-de-barcelona-filemuseu-de-cera-al-1757532403599-1.jpg","wikipedia","wikidata","1",""
"1b45813d-66de-464a-8332-83e3f70a07be","Casa de Portugal","true","https://tysnkzmljlmmqpbotkxv.supabase.co/storage/v1/object/public/travel-app-images/wikipedia-1b45813d/casa-de-portugal-ficheirocasa-de-port-1757530191345-1.jpg","https://tysnkzmljlmmqpbotkxv.supabase.co/storage/v1/object/public/travel-app-images/wikidata-1b45813d/casa-de-portugal-filecasa-de-portugal-1757532403108-1.jpg","wikipedia","wikidata","1",""
"7c5813a1-45a9-48c9-92a4-d46dca59b360","Museu da Maré","false","https://tysnkzmljlmmqpbotkxv.supabase.co/storage/v1/object/public/travel-app-images/wikipedia-7c5813a1/museu-da-mar-ficheirobandeira-da--1757530198945-1.svg","","wikipedia","","","No images found in Wikidata"
"f6984a26-232e-44cb-8813-b2184e3af92c","Arco de Triunfo de Barcelona","true","https://tysnkzmljlmmqpbotkxv.supabase.co/storage/v1/object/public/travel-app-images/wikipedia-f6984a26/arco-de-triunfo-de-barcelona-fitxer118-fames-de-l-1757530205408-1.jpg","https://tysnkzmljlmmqpbotkxv.supabase.co/storage/v1/object/public/travel-app-images/wikidata-f6984a26/arco-de-triunfo-de-barcelona-filearc-de-triomf-ba-1757532409638-1.jpg","wikipedia","wikidata","1",""
"71e9c2e9-4e21-40be-99d0-c1f016478cf4","Ateneu Barcelonès","true","https://tysnkzmljlmmqpbotkxv.supabase.co/storage/v1/object/public/travel-app-images/wikipedia-71e9c2e9/ateneu-barcelons-fitxerarbcom-ru-edit-1757530222748-1.svg","https://tysnkzmljlmmqpbotkxv.supabase.co/storage/v1/object/public/travel-app-images/wikidata-71e9c2e9/ateneu-barcelons-fileateneu-barcelons-1757532409950-1.jpg","wikipedia","wikidata","1",""
"537fc88b-d845-4472-888f-09e9bc177af4","Basílica de Santa María del Pi","true","https://tysnkzmljlmmqpbotkxv.supabase.co/storage/v1/object/public/travel-app-images/wikipedia-537fc88b/baslica-de-santa-mara-del-pi-fitxerarbcom-ru-edit-1757530234173-1.svg","https://tysnkzmljlmmqpbotkxv.supabase.co/storage/v1/object/public/travel-app-images/wikidata-537fc88b/baslica-de-santa-mara-del-pi-filebasilique-ste-ma-1757532410853-1.jpg","wikipedia","wikidata","1",""
"b753c57f-625c-4a70-b9b8-2b6eae27431f","Casa Amatller","true","https://tysnkzmljlmmqpbotkxv.supabase.co/storage/v1/object/public/travel-app-images/wikipedia-b753c57f/casa-amatller-fitxerarbcom-ru-edit-1757530292662-1.svg","https://tysnkzmljlmmqpbotkxv.supabase.co/storage/v1/object/public/travel-app-images/wikidata-b753c57f/casa-amatller-filecasaamatllerjpg-1757532417909-1.jpg","wikipedia","wikidata","1",""
"02074c28-b200-4077-94a4-89114d4d14bb","Centre Excursionista de Catalunya","true","https://tysnkzmljlmmqpbotkxv.supabase.co/storage/v1/object/public/travel-app-images/wikipedia-02074c28/centre-excursionista-de-catalu-fitxer2023-facebook--1757530293485-1.svg","https://tysnkzmljlmmqpbotkxv.supabase.co/storage/v1/object/public/travel-app-images/wikidata-02074c28/centre-excursionista-de-catalu-filecec-vitrallsjpg-1757532421039-1.jpg","wikipedia","wikidata","1",""
"d9e65661-1cac-4272-b0dc-cdcdfb17ef11","Serpentário de Visitação","true","https://tysnkzmljlmmqpbotkxv.supabase.co/storage/v1/object/public/travel-app-images/wikipedia-d9e65661/serpentrio-de-visitao-ficheiroampliao-e-mo-1757530619503-1.jpg","https://tysnkzmljlmmqpbotkxv.supabase.co/storage/v1/object/public/travel-app-images/wikidata-d9e65661/serpentrio-de-visitao-fileinstituto-butant-1757532418607-1.jpg","wikipedia","wikidata","1",""
"507239e2-cf3e-4e3d-821f-78ecaec265a8","Casa França-Brasil","true","https://tysnkzmljlmmqpbotkxv.supabase.co/storage/v1/object/public/travel-app-images/wikipedia-507239e2/casa-franabrasil-ficheirobandeira-da--1757530795815-1.svg","https://tysnkzmljlmmqpbotkxv.supabase.co/storage/v1/object/public/travel-app-images/wikidata-507239e2/casa-franabrasil-filecasa-franabrasil-1757532426340-1.jpg","wikipedia","wikidata","1",""
"f5fbeb76-e25b-4803-a886-09485b639dff","Estádio Aniceto Moscoso","false","https://tysnkzmljlmmqpbotkxv.supabase.co/storage/v1/object/public/travel-app-images/wikipedia-f5fbeb76/estdio-aniceto-moscoso-ficheirobandeira-da--1757530810685-1.svg","","wikipedia","","","No images found in Wikidata"
"5b1695cb-1ec2-401d-a149-8aa58d66a33e","Museo Erótico de Barcelona","true","https://tysnkzmljlmmqpbotkxv.supabase.co/storage/v1/object/public/travel-app-images/wikipedia-5b1695cb/museo-ertico-de-barcelona-archivocommonslogosv-1757530299203-1.svg","https://tysnkzmljlmmqpbotkxv.supabase.co/storage/v1/object/public/travel-app-images/wikidata-5b1695cb/museo-ertico-de-barcelona-filemuseo-ertico-as--1757532426407-1.jpg","wikipedia","wikidata","2",""
"ce173514-4af5-48bc-bb24-78ac79390193","Auditório Ibirapuera - Oscar Niemeyer","true","https://tysnkzmljlmmqpbotkxv.supabase.co/storage/v1/object/public/travel-app-images/wikipedia-ce173514/auditrio-ibirapuera-oscar-niem-ficheiroauditorio-ib-1757530430807-1.jpg","https://tysnkzmljlmmqpbotkxv.supabase.co/storage/v1/object/public/travel-app-images/wikidata-ce173514/auditrio-ibirapuera-oscar-niem-fileauditrio-ibirapu-1757532432813-1.jpg","wikipedia","wikidata","1",""
"407b1280-fe80-48a8-b875-a771271c18b9","Cork Public Museum","true","https://tysnkzmljlmmqpbotkxv.supabase.co/storage/v1/object/public/travel-app-images/wikipedia-407b1280/cork-public-museum-filecork-public-muse-1757530495578-1.jpg","https://tysnkzmljlmmqpbotkxv.supabase.co/storage/v1/object/public/travel-app-images/wikidata-407b1280/cork-public-museum-filecorkpublicmuseum-1757532431962-1.jpg","wikipedia","wikidata","1",""
"9f16875c-6252-47ac-ad1d-4180b2de2ed9","Spotify Camp Nou Tour & Museo FC Barcelona","true","https://tysnkzmljlmmqpbotkxv.supabase.co/storage/v1/object/public/travel-app-images/wikipedia-9f16875c/spotify-camp-nou-tour-museo-fc-filebcnestadiolimpic-1757530309998-1.jpg","https://tysnkzmljlmmqpbotkxv.supabase.co/storage/v1/object/public/travel-app-images/wikidata-9f16875c/spotify-camp-nou-tour-museo-fc-filecamp-nou-aerial--1757532431679-1.jpg","wikipedia","wikidata","1",""
"187cfd00-4e43-4dd8-9552-f68fb090cb9c","Casa Do Sertanista (Caxingui) - Museu da Cidade de São Paulo","true","https://tysnkzmljlmmqpbotkxv.supabase.co/storage/v1/object/public/travel-app-images/wikipedia-187cfd00/casa-do-sertanista-caxingui-mu-ficheirobandeira-da--1757530400828-1.svg","https://tysnkzmljlmmqpbotkxv.supabase.co/storage/v1/object/public/travel-app-images/wikidata-187cfd00/casa-do-sertanista-caxingui-mu-filep-20160927-12325-1757532439129-1.jpg","wikipedia","wikidata","1",""
"436de258-72b2-4437-b77e-a11b33ca37de","Estadio Municipal Joan Serrahima","true","https://tysnkzmljlmmqpbotkxv.supabase.co/storage/v1/object/public/travel-app-images/wikipedia-436de258/estadio-municipal-joan-serrahi-fitxerarbcom-ru-edit-1757530437895-1.svg","https://tysnkzmljlmmqpbotkxv.supabase.co/storage/v1/object/public/travel-app-images/wikidata-436de258/estadio-municipal-joan-serrahi-fileestadi-joan-serr-1757532439499-1.jpg","wikipedia","wikidata","1",""
"a3bd069f-fb90-438b-9c97-064a8292e1e7","Parque Turó","true","https://tysnkzmljlmmqpbotkxv.supabase.co/storage/v1/object/public/travel-app-images/wikipedia-a3bd069f/parque-tur-fitxer015-francesc-v-1757530486861-1.jpg","https://tysnkzmljlmmqpbotkxv.supabase.co/storage/v1/object/public/travel-app-images/wikidata-a3bd069f/parque-tur-filetur-park1jpg-1757532439699-1.jpg","wikipedia","wikidata","1",""
"33813381-9475-4c2c-bd36-0f3d3de826be","Parque de atracciones Tibidabo","true","https://tysnkzmljlmmqpbotkxv.supabase.co/storage/v1/object/public/travel-app-images/wikipedia-33813381/parque-de-atracciones-tibidabo-fitxerbarcelona-el-t-1757530311907-1.jpg","https://tysnkzmljlmmqpbotkxv.supabase.co/storage/v1/object/public/travel-app-images/wikidata-33813381/parque-de-atracciones-tibidabo-file032-parc-datracc-1757532446531-1.jpg","wikipedia","wikidata","1",""
"ebf50d3b-1d49-44b1-a296-20593157addd","Cilindro de Horta","true","https://tysnkzmljlmmqpbotkxv.supabase.co/storage/v1/object/public/travel-app-images/wikipedia-ebf50d3b/cilindro-de-horta-fitxeravesvg-1757530333605-1.svg","https://tysnkzmljlmmqpbotkxv.supabase.co/storage/v1/object/public/travel-app-images/wikidata-ebf50d3b/cilindro-de-horta-fileestaci-dhortajpg-1757532445335-1.jpg","wikipedia","wikidata","1",""
"678418a8-1144-4097-85c6-c36e0d27e86b","Shopping Iguatemi São Paulo","true","https://tysnkzmljlmmqpbotkxv.supabase.co/storage/v1/object/public/travel-app-images/wikipedia-678418a8/shopping-iguatemi-so-paulo-ficheirobandeira-da--1757530400901-1.svg","https://tysnkzmljlmmqpbotkxv.supabase.co/storage/v1/object/public/travel-app-images/wikidata-678418a8/shopping-iguatemi-so-paulo-fileservice-in-brazi-1757532445583-1.jpg","wikipedia","wikidata","1",""
"93c7d87c-4e05-43e6-840e-d9b939d55caa","Museu de Arte Contemporânea da Universidade de São Paulo","true","https://tysnkzmljlmmqpbotkxv.supabase.co/storage/v1/object/public/travel-app-images/wikipedia-93c7d87c/museu-de-arte-contempornea-da--ficheirocommonslogos-1757530612005-1.svg","https://tysnkzmljlmmqpbotkxv.supabase.co/storage/v1/object/public/travel-app-images/wikidata-93c7d87c/museu-de-arte-contempornea-da--filemacusp-fachada-6-1757532453224-1.jpg","wikipedia","wikidata","1",""
"bf19d832-0227-4a50-850b-e022c3b1fad3","Biblioteca del Parlamento de Cataluña","true","https://tysnkzmljlmmqpbotkxv.supabase.co/storage/v1/object/public/travel-app-images/wikipedia-bf19d832/biblioteca-del-parlamento-de-c-fitxer2023-facebook--1757530317734-1.svg","https://tysnkzmljlmmqpbotkxv.supabase.co/storage/v1/object/public/travel-app-images/wikidata-bf19d832/biblioteca-del-parlamento-de-c-filebiblioteca-de-ca-1757532453673-1.jpg","wikipedia","wikidata","1",""
"f1a75aad-42b6-4ede-9e53-ebbd1282b09b","Centro de Memória do Circo","true","https://tysnkzmljlmmqpbotkxv.supabase.co/storage/v1/object/public/travel-app-images/wikipedia-f1a75aad/centro-de-memria-do-circo-ficheirobandeira-da--1757530431311-1.svg","https://tysnkzmljlmmqpbotkxv.supabase.co/storage/v1/object/public/travel-app-images/wikidata-f1a75aad/centro-de-memria-do-circo-filelargo-da-memriaj-1757532453228-1.jpg","wikipedia","wikidata","1",""
"9e96fbe4-f9d7-45be-ad12-993df2d10d79","Parque CienTec da USP - Parque de Ciência e Tecnologia da Universidade de São Paulo","true","https://tysnkzmljlmmqpbotkxv.supabase.co/storage/v1/object/public/travel-app-images/wikipedia-9e96fbe4/parque-cientec-da-usp-parque-d-ficheirobandeira-da--1757530530425-1.svg","https://tysnkzmljlmmqpbotkxv.supabase.co/storage/v1/object/public/travel-app-images/wikidata-9e96fbe4/parque-cientec-da-usp-parque-d-fileparque-cientec-d-1757532458619-1.jpg","wikipedia","wikidata","1",""
"2f8855b2-e0f0-4dc4-b74f-a19ec019d0d3","MAS SP - Museu de Arte Sacra de São Paulo","true","https://tysnkzmljlmmqpbotkxv.supabase.co/storage/v1/object/public/travel-app-images/wikipedia-2f8855b2/mas-sp-museu-de-arte-sacra-de--ficheiro20150330-000-1757530557749-1.jpg","https://tysnkzmljlmmqpbotkxv.supabase.co/storage/v1/object/public/travel-app-images/wikidata-2f8855b2/mas-sp-museu-de-arte-sacra-de--filenovo-maspjpg-1757532458443-1.jpg","wikipedia","wikidata","1",""
"89839479-0b15-442a-927c-c9df83841bc4","The Butter Museum","true","https://tysnkzmljlmmqpbotkxv.supabase.co/storage/v1/object/public/travel-app-images/wikipedia-89839479/the-butter-museum-filecorkbuttermuseum-1757530353199-1.jpg","https://tysnkzmljlmmqpbotkxv.supabase.co/storage/v1/object/public/travel-app-images/wikidata-89839479/the-butter-museum-filecorkbuttermuseum-1757532459252-1.jpg","wikipedia","wikidata","1",""
"bc58b66b-5602-4a61-be53-ca291753df1c","Cork Opera House","true","https://tysnkzmljlmmqpbotkxv.supabase.co/storage/v1/object/public/travel-app-images/wikipedia-bc58b66b/cork-opera-house-filecorkoperahouse20-1757530380264-1.jpg","https://tysnkzmljlmmqpbotkxv.supabase.co/storage/v1/object/public/travel-app-images/wikidata-bc58b66b/cork-opera-house-filecorkoperahouse20-1757532465920-1.jpg","wikipedia","wikidata","1",""
"45a05208-882f-4b57-a704-ee361d3be3ed","Museu Pq. Do Carmo","true","https://tysnkzmljlmmqpbotkxv.supabase.co/storage/v1/object/public/travel-app-images/wikipedia-45a05208/museu-pq-do-carmo-ficheirobandeira-da--1757530486243-1.svg","https://tysnkzmljlmmqpbotkxv.supabase.co/storage/v1/object/public/travel-app-images/wikidata-45a05208/museu-pq-do-carmo-fileplanetrio-do-car-1757532465376-1.jpg","wikipedia","wikidata","1",""
"f4ecb478-d0ae-4b38-9f9f-001d5dbd5f1a","Templo de São Paulo Brasil","true","https://tysnkzmljlmmqpbotkxv.supabase.co/storage/v1/object/public/travel-app-images/wikipedia-f4ecb478/templo-de-so-paulo-brasil-fileblank-south-amer-1757530504440-1.png","https://tysnkzmljlmmqpbotkxv.supabase.co/storage/v1/object/public/travel-app-images/wikidata-f4ecb478/templo-de-so-paulo-brasil-filetemplo-de-sao-pa-1757532464814-1.jpg","wikipedia","wikidata","1",""
"2876c7cc-45ba-422b-892b-23b190aa9947","Museo de la Ciencia CosmoCaixa","true","https://tysnkzmljlmmqpbotkxv.supabase.co/storage/v1/object/public/travel-app-images/wikipedia-2876c7cc/museo-de-la-ciencia-cosmocaixa-fitxer2023-facebook--1757530360016-1.svg","https://tysnkzmljlmmqpbotkxv.supabase.co/storage/v1/object/public/travel-app-images/wikidata-2876c7cc/museo-de-la-ciencia-cosmocaixa-filecosmocaixa-build-1757532472212-1.jpg","wikipedia","wikidata","1",""
"67bef9d1-4eb5-4f76-8d0d-b1f0940a8495","Páirc Uí Chaoimh","true","https://tysnkzmljlmmqpbotkxv.supabase.co/storage/v1/object/public/travel-app-images/wikipedia-67bef9d1/pirc-u-chaoimh-filecommonslogosvg-1757530373955-1.svg","https://tysnkzmljlmmqpbotkxv.supabase.co/storage/v1/object/public/travel-app-images/wikidata-67bef9d1/pirc-u-chaoimh-filecork-stadiumjpg-1757532471878-1.jpg","wikipedia","wikidata","1",""
"cdd7d88a-5237-4d0d-8962-38af76c89cbe","Mercado de Sants","true","https://tysnkzmljlmmqpbotkxv.supabase.co/storage/v1/object/public/travel-app-images/wikipedia-cdd7d88a/mercado-de-sants-fitxerarbcom-ru-edit-1757530368200-1.svg","https://tysnkzmljlmmqpbotkxv.supabase.co/storage/v1/object/public/travel-app-images/wikidata-cdd7d88a/mercado-de-sants-filefesta-major-de-s-1757532472711-1.jpg","wikipedia","wikidata","1",""
"71497231-1f8a-4699-847d-ae267b3027a0","Palau Sant Jordi","true","https://tysnkzmljlmmqpbotkxv.supabase.co/storage/v1/object/public/travel-app-images/wikipedia-71497231/palau-sant-jordi-fitxer151027vista-de-1757530444553-1.jpg","https://tysnkzmljlmmqpbotkxv.supabase.co/storage/v1/object/public/travel-app-images/wikidata-71497231/palau-sant-jordi-filefale-spain-barce-1757532478504-1.jpg","wikipedia","wikidata","1",""
"b8803d83-2d50-4516-9718-8a419d325a41","Cobh Heritage Centre","true","https://tysnkzmljlmmqpbotkxv.supabase.co/storage/v1/object/public/travel-app-images/wikipedia-b8803d83/cobh-heritage-centre-filecobh-heritage-ce-1757530387823-1.png","https://tysnkzmljlmmqpbotkxv.supabase.co/storage/v1/object/public/travel-app-images/wikidata-b8803d83/cobh-heritage-centre-fileheritage-centre--1757532478344-1.jpg","wikipedia","wikidata","1",""
"1d617b6d-c9f1-4d5c-9fd6-95722f3e2403","Catedral Metropolitana Nossa Sra. da Assunção","true","https://tysnkzmljlmmqpbotkxv.supabase.co/storage/v1/object/public/travel-app-images/wikipedia-1d617b6d/catedral-metropolitana-nossa-s-ficheirobandeira-da--1757530416332-1.svg","https://tysnkzmljlmmqpbotkxv.supabase.co/storage/v1/object/public/travel-app-images/wikidata-1d617b6d/catedral-metropolitana-nossa-s-filecatedral-metropo-1757532477965-1.jpg","wikipedia","wikidata","2",""
"91ec0d9f-42f8-481e-ab7d-894db5e61bd2","Plaça de Catalunya","true","https://tysnkzmljlmmqpbotkxv.supabase.co/storage/v1/object/public/travel-app-images/wikipedia-91ec0d9f/plaa-de-catalunya-fitxeravesvg-1757530442965-1.svg","https://tysnkzmljlmmqpbotkxv.supabase.co/storage/v1/object/public/travel-app-images/wikidata-91ec0d9f/plaa-de-catalunya-filebarcelona-metro--1757532484026-1.jpg","wikipedia","wikidata","1",""
"8142df1d-da35-4c5d-a8c9-8a93c7494449","Ballintemple Graveyard","false","https://tysnkzmljlmmqpbotkxv.supabase.co/storage/v1/object/public/travel-app-images/wikipedia-8142df1d/ballintemple-graveyard-fileredirect-arrow-w-1757530476825-1.svg","","wikipedia","","","No images found in Wikidata"
"988b171c-b95f-4d95-9868-3c63852d74aa","Museu da Vacina","true","https://tysnkzmljlmmqpbotkxv.supabase.co/storage/v1/object/public/travel-app-images/wikipedia-988b171c/museu-da-vacina-ficheiroampliao-e-mo-1757530400591-1.jpg","https://tysnkzmljlmmqpbotkxv.supabase.co/storage/v1/object/public/travel-app-images/wikidata-988b171c/museu-da-vacina-fileinstituto-butant-1757532483493-1.jpg","wikipedia","wikidata","1",""
"f95a34ba-955f-49e5-8b70-d796a40e0217","Museu de Ciències Naturals de Barcelona","true","https://tysnkzmljlmmqpbotkxv.supabase.co/storage/v1/object/public/travel-app-images/wikipedia-f95a34ba/museu-de-cincies-naturals-de-b-fitxerarbcom-ru-edit-1757530457059-1.svg","https://tysnkzmljlmmqpbotkxv.supabase.co/storage/v1/object/public/travel-app-images/wikidata-f95a34ba/museu-de-cincies-naturals-de-b-fileedifici-frum-bar-1757532490159-1.jpg","wikipedia","wikidata","1",""
"fc73847e-6510-4066-b179-dec4e1cd69f3","Mesquita Brasil","true","https://tysnkzmljlmmqpbotkxv.supabase.co/storage/v1/object/public/travel-app-images/wikipedia-fc73847e/mesquita-brasil-ficheiropahl-meitapn-1757530585289-1.png","https://tysnkzmljlmmqpbotkxv.supabase.co/storage/v1/object/public/travel-app-images/wikidata-fc73847e/mesquita-brasil-filemesquitajpg-1757532488538-1.jpg","wikipedia","wikidata","1",""
"ddf85456-5f6e-421c-b4fa-5003d85e6353","Museu Catavento","true","https://tysnkzmljlmmqpbotkxv.supabase.co/storage/v1/object/public/travel-app-images/wikipedia-ddf85456/museu-catavento-ficheiroa-coloured-v-1757530598030-1.svg","https://tysnkzmljlmmqpbotkxv.supabase.co/storage/v1/object/public/travel-app-images/wikidata-ddf85456/museu-catavento-filepalcio-das-indst-1757532491490-1.jpg","wikipedia","wikidata","3",""
"e19ce4c7-b60e-4ec9-a458-ada29fe456bd","Praia de Copacabana","true","https://tysnkzmljlmmqpbotkxv.supabase.co/storage/v1/object/public/travel-app-images/wikipedia-e19ce4c7/praia-de-copacabana-ficheiroaerial-view--1757530755845-1.jpg","https://tysnkzmljlmmqpbotkxv.supabase.co/storage/v1/object/public/travel-app-images/wikidata-e19ce4c7/praia-de-copacabana-fileaerial-view-of-c-1757532500440-1.jpg","wikipedia","wikidata","2",""
"ee14bf22-9bd4-44da-870b-f1aeb9196f95","Aeroporto de São Paulo/Congonhas–Deputado Freitas Nobre","true","https://tysnkzmljlmmqpbotkxv.supabase.co/storage/v1/object/public/travel-app-images/wikipedia-ee14bf22/aeroporto-de-so-paulocongonhas-ficheiroaerobox-airp-1757530407321-1.png","https://tysnkzmljlmmqpbotkxv.supabase.co/storage/v1/object/public/travel-app-images/wikidata-ee14bf22/aeroporto-de-so-paulocongonhas-fileaeroporto-de-con-1757532500030-1.jpg","wikipedia","wikidata","1",""
"f9c4fb24-47d0-48b4-89f7-cf6bf00da455","Casa Museu de Gaudí","true","https://tysnkzmljlmmqpbotkxv.supabase.co/storage/v1/object/public/travel-app-images/wikipedia-f9c4fb24/casa-museu-de-gaud-fitxerabassvg-1757530463577-1.svg","https://tysnkzmljlmmqpbotkxv.supabase.co/storage/v1/object/public/travel-app-images/wikidata-f9c4fb24/casa-museu-de-gaud-filegaudis-sagrada-f-1757532501015-1.jpg","wikipedia","wikidata","1",""
"c65c81f6-a182-461a-86f0-0febf1c59885","Sesc Interlagos","true","https://tysnkzmljlmmqpbotkxv.supabase.co/storage/v1/object/public/travel-app-images/wikipedia-c65c81f6/sesc-interlagos-ficheirosesc-interla-1757530625726-1.jpg","https://tysnkzmljlmmqpbotkxv.supabase.co/storage/v1/object/public/travel-app-images/wikidata-c65c81f6/sesc-interlagos-filesede-do-clube-pa-1757532507366-1.jpg","wikipedia","wikidata","1",""
"16ad48fe-ae77-4ad6-ab5f-f51a9da6f027","Parque Ecológico do Santa Maria","false","https://tysnkzmljlmmqpbotkxv.supabase.co/storage/v1/object/public/travel-app-images/wikipedia-16ad48fe/parque-ecolgico-do-santa-maria-ficheirobandeira-do--1757530697361-1.svg","","wikipedia","","","No images found in Wikidata"
"e8cb8369-5e08-43a4-8ea1-a5514065f8dc","Aeroporto do Campo de Marte","true","https://tysnkzmljlmmqpbotkxv.supabase.co/storage/v1/object/public/travel-app-images/wikipedia-e8cb8369/aeroporto-do-campo-de-marte-ficheiro14-bis-santa-1757530417020-1.jpg","https://tysnkzmljlmmqpbotkxv.supabase.co/storage/v1/object/public/travel-app-images/wikidata-e8cb8369/aeroporto-do-campo-de-marte-fileavio-campo-de-ma-1757532507739-1.jpg","wikipedia","wikidata","1",""
"76c296e2-de44-4d2a-8e6e-dd6196f19eda","Parque da Água Branca","true","https://tysnkzmljlmmqpbotkxv.supabase.co/storage/v1/object/public/travel-app-images/wikipedia-76c296e2/parque-da-gua-branca-ficheiroarena-parque-1757530542896-1.jpg","https://tysnkzmljlmmqpbotkxv.supabase.co/storage/v1/object/public/travel-app-images/wikidata-76c296e2/parque-da-gua-branca-fileparque-da-gua-br-1757532515052-1.jpg","wikipedia","wikidata","1",""
"da8b0f31-2ec6-47f1-8628-e359558e7f1d","Cemitério Gethsêmani Morumbi","true","https://tysnkzmljlmmqpbotkxv.supabase.co/storage/v1/object/public/travel-app-images/wikipedia-da8b0f31/cemitrio-gethsmani-morumbi-ficheirobandeira-da--1757530423731-1.svg","https://tysnkzmljlmmqpbotkxv.supabase.co/storage/v1/object/public/travel-app-images/wikidata-da8b0f31/cemitrio-gethsmani-morumbi-filecemitrio-gethsma-1757532515256-1.jpg","wikipedia","wikidata","1",""
"8bb47ff8-c28b-48e2-8013-96216d52ce40","Palau Robert","true","https://tysnkzmljlmmqpbotkxv.supabase.co/storage/v1/object/public/travel-app-images/wikipedia-8bb47ff8/palau-robert-fitxerarbcom-ru-edit-1757530436986-1.svg","https://tysnkzmljlmmqpbotkxv.supabase.co/storage/v1/object/public/travel-app-images/wikidata-8bb47ff8/palau-robert-filepalaurobertbarce-1757532514969-1.jpg","wikipedia","wikidata","1",""
"9e4af057-8b70-460f-a60f-8c4f1a8058da","Mas d'en Jover","false","https://tysnkzmljlmmqpbotkxv.supabase.co/storage/v1/object/public/travel-app-images/wikipedia-9e4af057/mas-den-jover-fitxerarbcom-ru-edit-1757530450994-1.svg","","wikipedia","","","No images found in Wikidata"
"f5879372-cc40-4376-bf04-a0b05ac5782c","Galeria do Rock","true","https://tysnkzmljlmmqpbotkxv.supabase.co/storage/v1/object/public/travel-app-images/wikipedia-f5879372/galeria-do-rock-ficheirobandeira-da--1757530535899-1.svg","https://tysnkzmljlmmqpbotkxv.supabase.co/storage/v1/object/public/travel-app-images/wikidata-f5879372/galeria-do-rock-filegaleria-do-rock--1757532521295-1.jpg","wikipedia","wikidata","1",""
"03218b05-cb36-4d9e-8f8b-c421eca2106d","Museu da Cidade de São Paulo / Solar da Marquesa de Santos","true","https://tysnkzmljlmmqpbotkxv.supabase.co/storage/v1/object/public/travel-app-images/wikipedia-03218b05/museu-da-cidade-de-so-paulo-so-ficheiroala-ldica-da-1757530592140-1.jpg","https://tysnkzmljlmmqpbotkxv.supabase.co/storage/v1/object/public/travel-app-images/wikidata-03218b05/museu-da-cidade-de-so-paulo-so-filemuseu-de-pesca-s-1757532521142-1.jpg","wikipedia","wikidata","1",""
"9e6e7ec9-6ba8-4365-a9e7-206939ad361c","Castelinho do Jardim Botânico de São Paulo","true","https://tysnkzmljlmmqpbotkxv.supabase.co/storage/v1/object/public/travel-app-images/wikipedia-9e6e7ec9/castelinho-do-jardim-botnico-d-ficheirobandeira-do--1757530619278-1.svg","https://tysnkzmljlmmqpbotkxv.supabase.co/storage/v1/object/public/travel-app-images/wikidata-9e6e7ec9/castelinho-do-jardim-botnico-d-filejardim-botnico-d-1757532532512-1.jpg","wikipedia","wikidata","1",""
"032ed771-3ba8-4201-9b81-4dab7404edcc","Jardim Botânico de São Paulo","true","https://tysnkzmljlmmqpbotkxv.supabase.co/storage/v1/object/public/travel-app-images/wikipedia-032ed771/jardim-botnico-de-so-paulo-ficheirobandeira-da--1757530666872-1.svg","https://tysnkzmljlmmqpbotkxv.supabase.co/storage/v1/object/public/travel-app-images/wikidata-032ed771/jardim-botnico-de-so-paulo-filephoto-323-jardim-1757532527319-1.jpg","wikipedia","wikidata","1",""
"15e2f502-d142-47fc-8a17-adca8274e424","Parque do Carmo – Olavo Egydio Setúbal","true","https://tysnkzmljlmmqpbotkxv.supabase.co/storage/v1/object/public/travel-app-images/wikipedia-15e2f502/parque-do-carmo-olavo-egydio-s-ficheirobandeira-da--1757530678201-1.svg","https://tysnkzmljlmmqpbotkxv.supabase.co/storage/v1/object/public/travel-app-images/wikidata-15e2f502/parque-do-carmo-olavo-egydio-s-fileplanetrio-do-car-1757532527067-1.jpg","wikipedia","wikidata","1",""
"ac35de51-830c-4fb2-9489-41a46cef5b1b","Ballincollig Royal Gunpowder Mills","true","https://tysnkzmljlmmqpbotkxv.supabase.co/storage/v1/object/public/travel-app-images/wikipedia-ac35de51/ballincollig-royal-gunpowder-m-file06-07-ballincoll-1757530486745-1.jpg","https://tysnkzmljlmmqpbotkxv.supabase.co/storage/v1/object/public/travel-app-images/wikidata-ac35de51/ballincollig-royal-gunpowder-m-fileballincollig-col-1757532540710-1.jpg","wikipedia","wikidata","1",""
"ce4d3974-7a64-49c4-a907-09cae4624f5b","Tramore Valley Park","true","https://tysnkzmljlmmqpbotkxv.supabase.co/storage/v1/object/public/travel-app-images/wikipedia-ce4d3974/tramore-valley-park-filepfeil-linkssvg-1757530504765-1.svg","https://tysnkzmljlmmqpbotkxv.supabase.co/storage/v1/object/public/travel-app-images/wikidata-ce4d3974/tramore-valley-park-filetramore-valley-p-1757532541320-1.jpg","wikipedia","wikidata","1",""
"c9304b46-c24f-4410-9690-b12e8e6ac774","Biblioteca Brasiliana Guita e José Mindlin","true","https://tysnkzmljlmmqpbotkxv.supabase.co/storage/v1/object/public/travel-app-images/wikipedia-c9304b46/biblioteca-brasiliana-guita-e--ficheirobandeira-da--1757530523019-1.svg","https://tysnkzmljlmmqpbotkxv.supabase.co/storage/v1/object/public/travel-app-images/wikidata-c9304b46/biblioteca-brasiliana-guita-e--filebbm-20141014-072-1757532541356-1.jpg","wikipedia","wikidata","1",""
"d852ae61-3b45-4a42-a05f-ba7c22a655b3","Eu Amo Vila Matilde","false","https://tysnkzmljlmmqpbotkxv.supabase.co/storage/v1/object/public/travel-app-images/wikipedia-d852ae61/eu-amo-vila-matilde-ficheirobandeira-da--1757530536716-1.svg","","wikipedia","","","No images found in Wikidata"
"b5ec8ec0-edf5-4b5c-ba39-060aa53a8c9f","Cork","true","https://tysnkzmljlmmqpbotkxv.supabase.co/storage/v1/object/public/travel-app-images/wikipedia-b5ec8ec0/cork-file16th-century-map-1757530505379-1.png","https://tysnkzmljlmmqpbotkxv.supabase.co/storage/v1/object/public/travel-app-images/wikidata-b5ec8ec0/cork-filecentre-cork-irel-1757532548314-1.jpg","wikipedia","wikidata","1",""
"1002188f-75d3-4fc9-8dd6-2865eb48d0f8","Museu Botânico do Jardim Botânico","true","https://tysnkzmljlmmqpbotkxv.supabase.co/storage/v1/object/public/travel-app-images/wikipedia-1002188f/museu-botnico-do-jardim-botnic-ficheirobandeira-da--1757530619185-1.svg","https://tysnkzmljlmmqpbotkxv.supabase.co/storage/v1/object/public/travel-app-images/wikidata-1002188f/museu-botnico-do-jardim-botnic-filephoto-323-jardim-1757532548152-1.jpg","wikipedia","wikidata","1",""
"23773009-c6f7-4ab6-a3ff-1252e3099177","Pateo do Collegio","true","https://tysnkzmljlmmqpbotkxv.supabase.co/storage/v1/object/public/travel-app-images/wikipedia-23773009/pateo-do-collegio-ficheirobandeira-da--1757530651505-1.svg","https://tysnkzmljlmmqpbotkxv.supabase.co/storage/v1/object/public/travel-app-images/wikidata-23773009/pateo-do-collegio-fileptio-do-colgio-0-1757532554686-1.jpg","wikipedia","wikidata","2",""
"7b860efc-de78-4d4b-b770-265d9597d96d","Ginásio de Esportes José Corrêa","false","https://tysnkzmljlmmqpbotkxv.supabase.co/storage/v1/object/public/travel-app-images/wikipedia-7b860efc/ginsio-de-esportes-jos-corra-ficheirofarmfresh-en-1757530690900-1.png","","wikipedia","","","No images found in Wikidata"
"1bf975d1-b5af-431e-9dd2-3da07af47055","Parque Ecológico Primeiro de Maio","true","https://tysnkzmljlmmqpbotkxv.supabase.co/storage/v1/object/public/travel-app-images/wikipedia-1bf975d1/parque-ecolgico-primeiro-de-ma-ficheirobandeiradebe-1757530708976-1.svg","https://tysnkzmljlmmqpbotkxv.supabase.co/storage/v1/object/public/travel-app-images/wikidata-1bf975d1/parque-ecolgico-primeiro-de-ma-fileparque-primeiro--1757532554869-1.jpg","wikipedia","wikidata","1",""
"d294e2bf-fdc2-47b0-a887-0c9e2d7aedcd","Blarney Stone","true","https://tysnkzmljlmmqpbotkxv.supabase.co/storage/v1/object/public/travel-app-images/wikipedia-d294e2bf/blarney-stone-fileblarneycastlevie-1757530512676-1.jpg","https://tysnkzmljlmmqpbotkxv.supabase.co/storage/v1/object/public/travel-app-images/wikidata-d294e2bf/blarney-stone-fileblarneycastlevie-1757532560293-1.jpg","wikipedia","wikidata","1",""
"9795d2c3-085d-485b-a1ea-f61e43455e2b","Parque da Ciência Butantan","true","https://tysnkzmljlmmqpbotkxv.supabase.co/storage/v1/object/public/travel-app-images/wikipedia-9795d2c3/parque-da-cincia-butantan-ficheiroinfo-simples-1757530542305-1.svg","https://tysnkzmljlmmqpbotkxv.supabase.co/storage/v1/object/public/travel-app-images/wikidata-9795d2c3/parque-da-cincia-butantan-fileparque-da-fonte--1757532562947-1.jpg","wikipedia","wikidata","1",""
"f0d8442a-c9e8-4738-8feb-82eee475d320","Ballincollig Castle(Caisleán Bhaile an Chollaigh)","true","https://tysnkzmljlmmqpbotkxv.supabase.co/storage/v1/object/public/travel-app-images/wikipedia-f0d8442a/ballincollig-castlecaislen-bha-file06-07-ballincoll-1757530512664-1.jpg","https://tysnkzmljlmmqpbotkxv.supabase.co/storage/v1/object/public/travel-app-images/wikidata-f0d8442a/ballincollig-castlecaislen-bha-fileballincollig-col-1757532560249-1.jpg","wikipedia","wikidata","1",""
"22087f94-3dbb-45ff-b07a-995f60ac0d12","Estádio do Canindé - Portuguesa","false","https://tysnkzmljlmmqpbotkxv.supabase.co/storage/v1/object/public/travel-app-images/wikipedia-22087f94/estdio-do-canind-portuguesa-ficheiroarrowsmovesv-1757530530567-1.svg","","wikipedia","","","No images found in Wikidata"
"198ef769-1b33-47d5-9e31-cad7f3e4d95a","Memorial da América Latina","true","https://tysnkzmljlmmqpbotkxv.supabase.co/storage/v1/object/public/travel-app-images/wikipedia-198ef769/memorial-da-amrica-latina-ficheiroauditrio-sim-1757530557591-1.jpg","https://tysnkzmljlmmqpbotkxv.supabase.co/storage/v1/object/public/travel-app-images/wikidata-198ef769/memorial-da-amrica-latina-filememorial-da-amri-1757532568789-1.jpg","wikipedia","wikidata","2",""
"2201a3c1-64eb-42cc-8e15-a419a75b24ad","Basílica de la Sagrada Família","true","https://tysnkzmljlmmqpbotkxv.supabase.co/storage/v1/object/public/travel-app-images/wikipedia-2201a3c1/baslica-de-la-sagrada-famlia-fitxer019-sagrada-fa-1757530516871-1.jpg","https://tysnkzmljlmmqpbotkxv.supabase.co/storage/v1/object/public/travel-app-images/wikidata-2201a3c1/baslica-de-la-sagrada-famlia-filesagrada-familia--1757532568687-1.jpg","wikipedia","wikidata","1",""
"aa1264b6-855a-4e12-b7bd-59fd0f793af4","Parque Barragem de Guarapiranga","true","https://tysnkzmljlmmqpbotkxv.supabase.co/storage/v1/object/public/travel-app-images/wikipedia-aa1264b6/parque-barragem-de-guarapirang-ficheirobandeira-da--1757530684687-1.svg","https://tysnkzmljlmmqpbotkxv.supabase.co/storage/v1/object/public/travel-app-images/wikidata-aa1264b6/parque-barragem-de-guarapirang-filevista-da-represa-1757532575133-1.jpg","wikipedia","wikidata","1",""
"4362ed28-e308-426c-b257-1d912c7d0589","Parque da Aclimação","true","https://tysnkzmljlmmqpbotkxv.supabase.co/storage/v1/object/public/travel-app-images/wikipedia-4362ed28/parque-da-aclimao-ficheirobandeira-da--1757530536543-1.svg","https://tysnkzmljlmmqpbotkxv.supabase.co/storage/v1/object/public/travel-app-images/wikidata-4362ed28/parque-da-aclimao-filepqaclimao7jpg-1757532574229-1.jpg","wikipedia","wikidata","1",""
"9a7b4f4d-2f5e-4731-be1c-ad362fffb086","Museu da Imigração do Estado de São Paulo","true","https://tysnkzmljlmmqpbotkxv.supabase.co/storage/v1/object/public/travel-app-images/wikipedia-9a7b4f4d/museu-da-imigrao-do-estado-de--ficheirobandeira-da--1757530606890-1.svg","https://tysnkzmljlmmqpbotkxv.supabase.co/storage/v1/object/public/travel-app-images/wikidata-9a7b4f4d/museu-da-imigrao-do-estado-de--filefachada-do-museu-1757532575048-1.jpg","wikipedia","wikidata","3",""
"cc8e91aa-34e3-4c92-a22d-7b5415dc8417","Instituto Tomie Ohtake","true","https://tysnkzmljlmmqpbotkxv.supabase.co/storage/v1/object/public/travel-app-images/wikipedia-cc8e91aa/instituto-tomie-ohtake-ficheirobandeira-da--1757530677997-1.svg","https://tysnkzmljlmmqpbotkxv.supabase.co/storage/v1/object/public/travel-app-images/wikidata-cc8e91aa/instituto-tomie-ohtake-fileinstituto-tomie--1757532581533-1.jpg","wikipedia","wikidata","1",""
"cc0fe171-97e4-4fd8-9caa-0fff39271dad","Parque da Ciência do Instituto Butantan","true","https://tysnkzmljlmmqpbotkxv.supabase.co/storage/v1/object/public/travel-app-images/wikipedia-cc0fe171/parque-da-cincia-do-instituto--ficheiroinfo-simples-1757530549375-1.svg","https://tysnkzmljlmmqpbotkxv.supabase.co/storage/v1/object/public/travel-app-images/wikidata-cc0fe171/parque-da-cincia-do-instituto--fileparque-da-fonte--1757532581903-1.jpg","wikipedia","wikidata","1",""
"eb0cbe0e-ce54-4435-a437-8aed561f5516","Parque Villa-Lobos","true","https://tysnkzmljlmmqpbotkxv.supabase.co/storage/v1/object/public/travel-app-images/wikipedia-eb0cbe0e/parque-villalobos-ficheirobandeira-da--1757530650510-1.svg","https://tysnkzmljlmmqpbotkxv.supabase.co/storage/v1/object/public/travel-app-images/wikidata-eb0cbe0e/parque-villalobos-fileso-paulo-skyline-1757532581140-1.jpg","wikipedia","wikidata","1",""
"9e705409-b74b-48e4-9c5a-cb831a70ffe7","Copan","true","https://tysnkzmljlmmqpbotkxv.supabase.co/storage/v1/object/public/travel-app-images/wikipedia-9e705409/copan-ficheirobandeira-da--1757530666631-1.svg","https://tysnkzmljlmmqpbotkxv.supabase.co/storage/v1/object/public/travel-app-images/wikidata-9e705409/copan-fileedifcio-copan-sp-1757532587707-1.jpg","wikipedia","wikidata","1",""
"9c7c5bec-83f7-4d97-b978-a022fa98e344","Instituto Butantan","true","https://tysnkzmljlmmqpbotkxv.supabase.co/storage/v1/object/public/travel-app-images/wikipedia-9c7c5bec/instituto-butantan-ficheiroampliao-e-mo-1757530551746-1.jpg","https://tysnkzmljlmmqpbotkxv.supabase.co/storage/v1/object/public/travel-app-images/wikidata-9c7c5bec/instituto-butantan-fileinstituto-butant-1757532587533-1.jpg","wikipedia","wikidata","1",""
"08ad4abd-c967-40de-9457-d6e4d6c09127","Memorial da Resistência de São Paulo","true","https://tysnkzmljlmmqpbotkxv.supabase.co/storage/v1/object/public/travel-app-images/wikipedia-08ad4abd/memorial-da-resistncia-de-so-p-ficheirocela-memoria-1757530579022-1.jpg","https://tysnkzmljlmmqpbotkxv.supabase.co/storage/v1/object/public/travel-app-images/wikidata-08ad4abd/memorial-da-resistncia-de-so-p-filememorial-da-resi-1757532588206-1.jpg","wikipedia","wikidata","1",""
"d493b304-9d5d-495f-8957-db0f2ade9048","Museu da Obra Salesiana no Brasil","true","https://tysnkzmljlmmqpbotkxv.supabase.co/storage/v1/object/public/travel-app-images/wikipedia-d493b304/museu-da-obra-salesiana-no-bra-ficheiro67838jpeg-1757530606691-1.jpeg","https://tysnkzmljlmmqpbotkxv.supabase.co/storage/v1/object/public/travel-app-images/wikidata-d493b304/museu-da-obra-salesiana-no-bra-filemuseu-afro-brasi-1757532592998-1.jpg","wikipedia","wikidata","1",""
"aca58e1f-94ef-40f4-a171-60200689240c","Pedalinho do lago - Parque Ecológico","true","https://tysnkzmljlmmqpbotkxv.supabase.co/storage/v1/object/public/travel-app-images/wikipedia-aca58e1f/pedalinho-do-lago-parque-ecolg-ficheirobandeira-gua-1757530651598-1.png","https://tysnkzmljlmmqpbotkxv.supabase.co/storage/v1/object/public/travel-app-images/wikidata-aca58e1f/pedalinho-do-lago-parque-ecolg-fileparque-ecolgico--1757532593589-1.jpg","wikipedia","wikidata","1",""
"8ba8d138-a283-48f2-b4be-4ddfbe61a6b3","Morumbi Shopping","true","https://tysnkzmljlmmqpbotkxv.supabase.co/storage/v1/object/public/travel-app-images/wikipedia-8ba8d138/morumbi-shopping-ficheirobandeira-da--1757530591847-1.svg","https://tysnkzmljlmmqpbotkxv.supabase.co/storage/v1/object/public/travel-app-images/wikidata-8ba8d138/morumbi-shopping-filemorumbi-shopping-1757532593589-1.jpg","wikipedia","wikidata","1",""
"9680fe8f-de50-40be-95ae-eaf74018950d","Museu de Artes e Ofícios","true","https://tysnkzmljlmmqpbotkxv.supabase.co/storage/v1/object/public/travel-app-images/wikipedia-9680fe8f/museu-de-artes-e-ofcios-ficheirobandeira-de--1757530702844-1.svg","https://tysnkzmljlmmqpbotkxv.supabase.co/storage/v1/object/public/travel-app-images/wikidata-9680fe8f/museu-de-artes-e-ofcios-filemuseu-de-artes-e-1757532598966-1.jpg","wikipedia","wikidata","1",""
"2f6c8362-33b9-4b47-9a10-a1e4d8a88f3a","Museu Histórico do Corpo de Bombeiros Militar do Rio de Janeiro","true","https://tysnkzmljlmmqpbotkxv.supabase.co/storage/v1/object/public/travel-app-images/wikipedia-2f6c8362/museu-histrico-do-corpo-de-bom-ficheiro1600001ejpg-1757530857981-1.jpg","https://tysnkzmljlmmqpbotkxv.supabase.co/storage/v1/object/public/travel-app-images/wikidata-2f6c8362/museu-histrico-do-corpo-de-bom-filepalacete-de-sant-1757532599335-1.jpg","wikipedia","wikidata","1",""
"971ab97e-36ee-41dc-8112-2e742f7967f3","Monumento às Bandeiras","true","https://tysnkzmljlmmqpbotkxv.supabase.co/storage/v1/object/public/travel-app-images/wikipedia-971ab97e/monumento-s-bandeiras-ficheirobandeira-da--1757530590939-1.svg","https://tysnkzmljlmmqpbotkxv.supabase.co/storage/v1/object/public/travel-app-images/wikidata-971ab97e/monumento-s-bandeiras-filemonumento-s-band-1757532598897-1.jpg","wikipedia","wikidata","2",""
"c90c6935-515b-4fdd-9809-ccb54fea20df","Paróquia Nossa Senhora de Copacabana","true","https://tysnkzmljlmmqpbotkxv.supabase.co/storage/v1/object/public/travel-app-images/wikipedia-c90c6935/parquia-nossa-senhora-de-copac-ficheiroavenidaatlan-1757530770435-1.jpg","https://tysnkzmljlmmqpbotkxv.supabase.co/storage/v1/object/public/travel-app-images/wikidata-c90c6935/parquia-nossa-senhora-de-copac-fileaerial-view-of-c-1757532606306-1.jpg","wikipedia","wikidata","1",""
"77af52b1-70b5-4282-bfd5-7a0718c07538","Museu Villa-Lobos","true","https://tysnkzmljlmmqpbotkxv.supabase.co/storage/v1/object/public/travel-app-images/wikipedia-77af52b1/museu-villalobos-ficheirogclefsvg-1757530887909-1.svg","https://tysnkzmljlmmqpbotkxv.supabase.co/storage/v1/object/public/travel-app-images/wikidata-77af52b1/museu-villalobos-filemuseu-villalobos-1757532606869-1.jpg","wikipedia","wikidata","1",""
"e4911d1c-0f67-490b-972e-3e52176a1f35","União da Ilha do Governador","true","https://tysnkzmljlmmqpbotkxv.supabase.co/storage/v1/object/public/travel-app-images/wikipedia-e4911d1c/unio-da-ilha-do-governador-ficheirofesta-profan-1757530897108-1.jpg","https://tysnkzmljlmmqpbotkxv.supabase.co/storage/v1/object/public/travel-app-images/wikidata-e4911d1c/unio-da-ilha-do-governador-file200409-apresenta-1757532606791-1.jpg","wikipedia","wikidata","1",""
"1c3a60f2-6bc4-49f1-a178-03e027399fc1","São Paulo","true","https://tysnkzmljlmmqpbotkxv.supabase.co/storage/v1/object/public/travel-app-images/wikipedia-1c3a60f2/so-paulo-ficheiroabertura-ami-1757530599450-1.jpg","https://tysnkzmljlmmqpbotkxv.supabase.co/storage/v1/object/public/travel-app-images/wikidata-1c3a60f2/so-paulo-filecatedral-da-s-so-1757532613268-1.jpg","wikipedia","wikidata","3",""
"31eda555-b4df-499f-bcf5-7d7df731ef1b","Píer da Capela - Pedra de Guaratiba","true","https://tysnkzmljlmmqpbotkxv.supabase.co/storage/v1/object/public/travel-app-images/wikipedia-31eda555/per-da-capela-pedra-de-guarati-ficheirobandeira-da--1757530722556-1.svg","https://tysnkzmljlmmqpbotkxv.supabase.co/storage/v1/object/public/travel-app-images/wikidata-31eda555/per-da-capela-pedra-de-guarati-filepedradeguaratiba-1757532612141-1.jpg","wikipedia","wikidata","1",""
"158951df-ed08-4e06-aa76-460eb02d2468","Praça Nossa Senhora da Paz","true","https://tysnkzmljlmmqpbotkxv.supabase.co/storage/v1/object/public/travel-app-images/wikipedia-158951df/praa-nossa-senhora-da-paz-ficheirobandeira-da--1757530841319-1.svg","https://tysnkzmljlmmqpbotkxv.supabase.co/storage/v1/object/public/travel-app-images/wikidata-158951df/praa-nossa-senhora-da-paz-filemonumento-a-pinh-1757532611813-1.jpg","wikipedia","wikidata","1",""
"0d3df17e-01f8-49bc-9461-fd30c4a9d4be","AquaRio","true","https://tysnkzmljlmmqpbotkxv.supabase.co/storage/v1/object/public/travel-app-images/wikipedia-0d3df17e/aquario-ficheiroanimal-diver-1757530897171-1.jpg","https://tysnkzmljlmmqpbotkxv.supabase.co/storage/v1/object/public/travel-app-images/wikidata-0d3df17e/aquario-filecrivella-no-aqua-1757532619761-1.jpg","wikipedia","wikidata","1",""
"6f098a87-f718-4815-b87c-385e4624368f","Museu A CASA do Objeto Brasileiro","true","https://tysnkzmljlmmqpbotkxv.supabase.co/storage/v1/object/public/travel-app-images/wikipedia-6f098a87/museu-a-casa-do-objeto-brasile-ficheirobruma-da-art-1757530599434-1.jpg","https://tysnkzmljlmmqpbotkxv.supabase.co/storage/v1/object/public/travel-app-images/wikidata-6f098a87/museu-a-casa-do-objeto-brasile-filemuseu-brasileiro-1757532619618-1.jpg","wikipedia","wikidata","1",""
"01015557-d8c8-4061-bc1c-bb05271185d0","Parque Dom Pedro II","true","https://tysnkzmljlmmqpbotkxv.supabase.co/storage/v1/object/public/travel-app-images/wikipedia-01015557/parque-dom-pedro-ii-ficheirobandeira-da--1757530672441-1.svg","https://tysnkzmljlmmqpbotkxv.supabase.co/storage/v1/object/public/travel-app-images/wikidata-01015557/parque-dom-pedro-ii-fileparque-dom-pedro-1757532618969-1.jpg","wikipedia","wikidata","1",""
"7ddd10e6-1812-472d-8b30-e3887559f69d","Parque Raposo Tavares","true","https://tysnkzmljlmmqpbotkxv.supabase.co/storage/v1/object/public/travel-app-images/wikipedia-7ddd10e6/parque-raposo-tavares-ficheirobandeira-da--1757530684388-1.svg","https://tysnkzmljlmmqpbotkxv.supabase.co/storage/v1/object/public/travel-app-images/wikidata-7ddd10e6/parque-raposo-tavares-fileparque-raposo-ta-1757532625415-1.jpg","wikipedia","wikidata","1",""
"11a7825b-cb65-4bb3-b280-f32a85a8fd35","Parque Ary Barroso","false","https://tysnkzmljlmmqpbotkxv.supabase.co/storage/v1/object/public/travel-app-images/wikipedia-11a7825b/parque-ary-barroso-ficheirobandeira-da--1757530780465-1.svg","","wikipedia","","","No images found in Wikidata"
"8101fe29-5c55-4c30-a04b-5ebaac67b169","Museu da Educação e do Brinquedo","false","https://tysnkzmljlmmqpbotkxv.supabase.co/storage/v1/object/public/travel-app-images/wikipedia-8101fe29/museu-da-educao-e-do-brinquedo-ficheiroeditclearsvg-1757530606716-1.svg","","wikipedia","","","No images found in Wikidata"
"64450d38-0560-4b63-86d2-ea257bb3dc23","Catedral Metropolitana Ortodoxa Antioquina de São Paulo","true","https://tysnkzmljlmmqpbotkxv.supabase.co/storage/v1/object/public/travel-app-images/wikipedia-64450d38/catedral-metropolitana-ortodox-ficheirobandeira-da--1757530638216-1.svg","https://tysnkzmljlmmqpbotkxv.supabase.co/storage/v1/object/public/travel-app-images/wikidata-64450d38/catedral-metropolitana-ortodox-filecatedral-metropo-1757532630244-1.jpg","wikipedia","wikidata","2",""
"6016a50a-a1ae-4a45-91ad-cd80c6978029","Biblioteca de Manguinhos","true","https://tysnkzmljlmmqpbotkxv.supabase.co/storage/v1/object/public/travel-app-images/wikipedia-6016a50a/biblioteca-de-manguinhos-ficheirobandeira-do--1757530773114-1.svg","https://tysnkzmljlmmqpbotkxv.supabase.co/storage/v1/object/public/travel-app-images/wikidata-6016a50a/biblioteca-de-manguinhos-filebibliotecaparque-1757532630423-1.jpg","wikipedia","wikidata","1",""
"ddd32e5a-1f66-4597-9903-25f8251d4472","Museu de Arqueologia e Etnologia","true","https://tysnkzmljlmmqpbotkxv.supabase.co/storage/v1/object/public/travel-app-images/wikipedia-ddd32e5a/museu-de-arqueologia-e-etnolog-ficheirobandeira-da--1757530612024-1.svg","https://tysnkzmljlmmqpbotkxv.supabase.co/storage/v1/object/public/travel-app-images/wikidata-ddd32e5a/museu-de-arqueologia-e-etnolog-filecermicas-gregas--1757532630460-1.jpg","wikipedia","wikidata","1",""
"d31eebd4-b619-4ec9-acf2-c420e249ae07","Ponte Estaiada Octavio Frias de Oliveira","true","https://tysnkzmljlmmqpbotkxv.supabase.co/storage/v1/object/public/travel-app-images/wikipedia-d31eebd4/ponte-estaiada-octavio-frias-d-ficheiro29-04-2021-f-1757530658686-1.jpg","https://tysnkzmljlmmqpbotkxv.supabase.co/storage/v1/object/public/travel-app-images/wikidata-d31eebd4/ponte-estaiada-octavio-frias-d-fileponte-estaiada-o-1757532635946-1.jpg","wikipedia","wikidata","1",""
"19f19073-abb4-4fc1-9448-7ae3916074d0","Parque Municipal Juscelino Kubitschek","true","https://tysnkzmljlmmqpbotkxv.supabase.co/storage/v1/object/public/travel-app-images/wikipedia-19f19073/parque-municipal-juscelino-kub-ficheiro10anosjkjpg-1757530709519-1.jpg","https://tysnkzmljlmmqpbotkxv.supabase.co/storage/v1/object/public/travel-app-images/wikidata-19f19073/parque-municipal-juscelino-kub-filepraca-jkjpg-1757532636344-1.jpg","wikipedia","wikidata","1",""
"7545e40b-6481-4910-8482-630340dcb168","Gruta da Joatinga","true","https://tysnkzmljlmmqpbotkxv.supabase.co/storage/v1/object/public/travel-app-images/wikipedia-7545e40b/gruta-da-joatinga-ficheirobandeira-da--1757530757879-1.svg","https://tysnkzmljlmmqpbotkxv.supabase.co/storage/v1/object/public/travel-app-images/wikidata-7545e40b/gruta-da-joatinga-filejoatinga-ijpg-1757532635623-1.jpg","wikipedia","wikidata","1",""
"62749436-dc66-4893-8c62-ac8b64e830e2","Trem Turístico - Parque Ecológico","true","https://tysnkzmljlmmqpbotkxv.supabase.co/storage/v1/object/public/travel-app-images/wikipedia-62749436/trem-turstico-parque-ecolgico-ficheirobandeira-gua-1757530625171-1.png","https://tysnkzmljlmmqpbotkxv.supabase.co/storage/v1/object/public/travel-app-images/wikidata-62749436/trem-turstico-parque-ecolgico-fileparque-ecolgico--1757532641802-1.jpg","wikipedia","wikidata","1",""
"7fc47294-003e-40c5-9b96-8cff73f7529e","Parque Guarapiranga","true","https://tysnkzmljlmmqpbotkxv.supabase.co/storage/v1/object/public/travel-app-images/wikipedia-7fc47294/parque-guarapiranga-ficheirobandeira-da--1757530645199-1.svg","https://tysnkzmljlmmqpbotkxv.supabase.co/storage/v1/object/public/travel-app-images/wikidata-7fc47294/parque-guarapiranga-filevista-da-represa-1757532642275-1.jpg","wikipedia","wikidata","1",""
"fecd65fc-2c76-4ad4-a42f-63873e225349","Museu da Polícia Militar de São Paulo","true","https://tysnkzmljlmmqpbotkxv.supabase.co/storage/v1/object/public/travel-app-images/wikipedia-fecd65fc/museu-da-polcia-militar-de-so--ficheiro20150330-000-1757530672641-1.jpg","https://tysnkzmljlmmqpbotkxv.supabase.co/storage/v1/object/public/travel-app-images/wikidata-fecd65fc/museu-da-polcia-militar-de-so--filenovo-maspjpg-1757532641756-1.jpg","wikipedia","wikidata","1",""
"a4e1a546-4539-4b08-af48-a3d647674196","Museu de Arte do Rio","true","https://tysnkzmljlmmqpbotkxv.supabase.co/storage/v1/object/public/travel-app-images/wikipedia-a4e1a546/museu-de-arte-do-rio-ficheirobandeira-da--1757530919586-1.svg","https://tysnkzmljlmmqpbotkxv.supabase.co/storage/v1/object/public/travel-app-images/wikidata-a4e1a546/museu-de-arte-do-rio-filepraa-mau-11-2015-1757532648253-1.jpg","wikipedia","wikidata","1",""
"01919174-19ad-446c-9371-e503055b44d6","Parque do Povo Mário Pimenta Camargo","true","https://tysnkzmljlmmqpbotkxv.supabase.co/storage/v1/object/public/travel-app-images/wikipedia-01919174/parque-do-povo-mrio-pimenta-ca-ficheiroambox-import-1757530632592-1.svg","https://tysnkzmljlmmqpbotkxv.supabase.co/storage/v1/object/public/travel-app-images/wikidata-01919174/parque-do-povo-mrio-pimenta-ca-fileparque-do-povo8j-1757532648581-1.jpg","wikipedia","wikidata","1",""
"48d35d87-3e09-40a5-bfd0-1f312eb52a1d","Templo Kinkaku Ji","true","https://tysnkzmljlmmqpbotkxv.supabase.co/storage/v1/object/public/travel-app-images/wikipedia-48d35d87/templo-kinkaku-ji-ficheirobandeira-do--1757530691105-1.svg","https://tysnkzmljlmmqpbotkxv.supabase.co/storage/v1/object/public/travel-app-images/wikidata-48d35d87/templo-kinkaku-ji-filekinkakuji-brazil-1757532648175-1.jpg","wikipedia","wikidata","1",""
"4baa8dcd-37ec-474e-bd0f-d50d3354ab0d","Parque Ecológico Guarapiranga","true","https://tysnkzmljlmmqpbotkxv.supabase.co/storage/v1/object/public/travel-app-images/wikipedia-4baa8dcd/parque-ecolgico-guarapiranga-ficheirobandeira-da--1757530632326-1.svg","https://tysnkzmljlmmqpbotkxv.supabase.co/storage/v1/object/public/travel-app-images/wikidata-4baa8dcd/parque-ecolgico-guarapiranga-filevista-da-represa-1757532654425-1.jpg","wikipedia","wikidata","1",""
"66e082b7-744a-4c93-8fbb-f039d3f34e64","Parque Ibirapuera","true","https://tysnkzmljlmmqpbotkxv.supabase.co/storage/v1/object/public/travel-app-images/wikipedia-66e082b7/parque-ibirapuera-ficheirobandeira-da--1757530691339-1.svg","https://tysnkzmljlmmqpbotkxv.supabase.co/storage/v1/object/public/travel-app-images/wikidata-66e082b7/parque-ibirapuera-fileparque-do-ibirap-1757532654487-1.jpg","wikipedia","wikidata","1",""
"90b029af-0780-4283-ad29-13e33b82977d","Mineirão","true","https://tysnkzmljlmmqpbotkxv.supabase.co/storage/v1/object/public/travel-app-images/wikipedia-90b029af/mineiro-ficheirobandeiradebe-1757530702589-1.svg","https://tysnkzmljlmmqpbotkxv.supabase.co/storage/v1/object/public/travel-app-images/wikidata-90b029af/mineiro-filemineiro-areajpg-1757532654288-1.jpg","wikipedia","wikidata","1",""
"bb14afed-9c8c-4eca-8350-ed014e69dbd7","Parque Ecológico do Tietê","true","https://tysnkzmljlmmqpbotkxv.supabase.co/storage/v1/object/public/travel-app-images/wikipedia-bb14afed/parque-ecolgico-do-tiet-ficheirobandeira-gua-1757530632510-1.png","https://tysnkzmljlmmqpbotkxv.supabase.co/storage/v1/object/public/travel-app-images/wikidata-bb14afed/parque-ecolgico-do-tiet-fileparque-ecolgico--1757532660673-1.jpg","wikipedia","wikidata","1",""
"b18a0c20-0557-432d-a874-7c7d42b93b7e","Parque Estadual Serra do Mar - Núcleo Curucutu","false","https://tysnkzmljlmmqpbotkxv.supabase.co/storage/v1/object/public/travel-app-images/wikipedia-b18a0c20/parque-estadual-serra-do-mar-n-ficheirobandeira-do--1757530645328-1.svg","","wikipedia","","","No images found in Wikidata"
"f321cf95-565b-4ec2-9f82-d385d939e1a9","Pico do Jaraguá","true","https://tysnkzmljlmmqpbotkxv.supabase.co/storage/v1/object/public/travel-app-images/wikipedia-f321cf95/pico-do-jaragu-ficheirobandeira-do--1757530656946-1.svg","https://tysnkzmljlmmqpbotkxv.supabase.co/storage/v1/object/public/travel-app-images/wikidata-f321cf95/pico-do-jaragu-filepico-do-jaragu-1-1757532660346-1.jpg","wikipedia","wikidata","1",""
"c6728a67-1dad-48c8-bc24-3471207df4fd","Shopping Aricanduva","true","https://tysnkzmljlmmqpbotkxv.supabase.co/storage/v1/object/public/travel-app-images/wikipedia-c6728a67/shopping-aricanduva-ficheirobandeira-da--1757530672277-1.svg","https://tysnkzmljlmmqpbotkxv.supabase.co/storage/v1/object/public/travel-app-images/wikidata-c6728a67/shopping-aricanduva-fileshopping-aricand-1757532665251-1.jpg","wikipedia","wikidata","1",""
"04039263-8f1c-4de5-957d-2e9e8a2dc104","Parque Estadual das Fontes do Ipiranga","true","https://tysnkzmljlmmqpbotkxv.supabase.co/storage/v1/object/public/travel-app-images/wikipedia-04039263/parque-estadual-das-fontes-do--ficheirobandeira-da--1757530637981-1.svg","https://tysnkzmljlmmqpbotkxv.supabase.co/storage/v1/object/public/travel-app-images/wikidata-04039263/parque-estadual-das-fontes-do--fileparque-cientec-d-1757532665741-1.jpg","wikipedia","wikidata","1",""
"7867949f-e0be-461f-af69-f966e2511104","Biblioteca Padre Alberto Antoniazzi","true","https://tysnkzmljlmmqpbotkxv.supabase.co/storage/v1/object/public/travel-app-images/wikipedia-7867949f/biblioteca-padre-alberto-anton-ficheiroadriana-araj-1757530697566-1.jpg","https://tysnkzmljlmmqpbotkxv.supabase.co/storage/v1/object/public/travel-app-images/wikidata-7867949f/biblioteca-padre-alberto-anton-filepucminasgif-1757532665636-1.gif","wikipedia","wikidata","1",""
"bb79f62b-9eff-4671-ab53-4d9c35104f9b","Ponta da Joatinga","true","https://tysnkzmljlmmqpbotkxv.supabase.co/storage/v1/object/public/travel-app-images/wikipedia-bb79f62b/ponta-da-joatinga-ficheirobandeira-da--1757530746874-1.svg","https://tysnkzmljlmmqpbotkxv.supabase.co/storage/v1/object/public/travel-app-images/wikidata-bb79f62b/ponta-da-joatinga-filejoatinga-ijpg-1757532670939-1.jpg","wikipedia","wikidata","1",""
"25c0bc96-bb1c-4b3d-9d7b-8a91c6025271","Norte Shopping","false","https://tysnkzmljlmmqpbotkxv.supabase.co/storage/v1/object/public/travel-app-images/wikipedia-25c0bc96/norte-shopping-ficheiro20130929-nor-1757530874092-1.jpg","","wikipedia","","","No images found in Wikidata"
"6e5ea6be-e03b-4871-826b-37c47d5ae7b7","Sala São Paulo","true","https://tysnkzmljlmmqpbotkxv.supabase.co/storage/v1/object/public/travel-app-images/wikipedia-6e5ea6be/sala-so-paulo-ficheirobandeira-da--1757530666740-1.svg","https://tysnkzmljlmmqpbotkxv.supabase.co/storage/v1/object/public/travel-app-images/wikidata-6e5ea6be/sala-so-paulo-filesala-so-paulo-16-1757532671154-1.jpg","wikipedia","wikidata","1",""
"57c076d7-a7bb-40bd-af33-202ecb0e40eb","Memorial Minas Gerais Vale","true","https://tysnkzmljlmmqpbotkxv.supabase.co/storage/v1/object/public/travel-app-images/wikipedia-57c076d7/memorial-minas-gerais-vale-ficheirobandeira-de--1757530703324-1.svg","https://tysnkzmljlmmqpbotkxv.supabase.co/storage/v1/object/public/travel-app-images/wikidata-57c076d7/memorial-minas-gerais-vale-filememorial-minas-g-1757532676768-1.jpg","wikipedia","wikidata","1",""
"d9f5b8a9-3165-4121-ae0b-917daa8fcd61","Estádio Presidente Manoel Schwartz","true","https://tysnkzmljlmmqpbotkxv.supabase.co/storage/v1/object/public/travel-app-images/wikipedia-d9f5b8a9/estdio-presidente-manoel-schwa-ficheiroaerial-view--1757530804088-1.jpg","https://tysnkzmljlmmqpbotkxv.supabase.co/storage/v1/object/public/travel-app-images/wikidata-d9f5b8a9/estdio-presidente-manoel-schwa-filefluminense-laran-1757532676439-1.jpg","wikipedia","wikidata","1",""
"1927d16a-0505-4794-b9b0-ce8bfe01b387","PNM da Serra Da Capoeira Grande","false","https://tysnkzmljlmmqpbotkxv.supabase.co/storage/v1/object/public/travel-app-images/wikipedia-1927d16a/pnm-da-serra-da-capoeira-grand-ficheirobraso-de-nit-1757530835440-1.svg","","wikipedia","","","No images found in Wikidata"
"66e384cc-6502-44a5-b3e6-5054189e9500","Estação Ecológica da UFMG","true","https://tysnkzmljlmmqpbotkxv.supabase.co/storage/v1/object/public/travel-app-images/wikipedia-66e384cc/estao-ecolgica-da-ufmg-ficheirobandeira-de--1757530697078-1.svg","https://tysnkzmljlmmqpbotkxv.supabase.co/storage/v1/object/public/travel-app-images/wikidata-66e384cc/estao-ecolgica-da-ufmg-fileprediocad2017jpg-1757532682539-1.jpg","wikipedia","wikidata","1",""
"77637790-25d7-4453-a30d-bc611a81257a",""PRAIA" DE MADUREIRA","true","https://tysnkzmljlmmqpbotkxv.supabase.co/storage/v1/object/public/travel-app-images/wikipedia-77637790/praia-de-madureira-ficheiro20110524-01--1757530739746-1.jpg","https://tysnkzmljlmmqpbotkxv.supabase.co/storage/v1/object/public/travel-app-images/wikidata-77637790/praia-de-madureira-filemadureirasvg-1757532682416-1.svg","wikipedia","wikidata","1",""
"ad380089-8926-4946-bff7-2cadbc28b648","Centro Cultural da Policia Militar","true","https://tysnkzmljlmmqpbotkxv.supabase.co/storage/v1/object/public/travel-app-images/wikipedia-ad380089/centro-cultural-da-policia-mil-ficheirocommonslogos-1757530787952-1.svg","https://tysnkzmljlmmqpbotkxv.supabase.co/storage/v1/object/public/travel-app-images/wikidata-ad380089/centro-cultural-da-policia-mil-filemuseu-da-polcia--1757532681742-1.jpg","wikipedia","wikidata","1",""
"28c7264c-8136-48e5-9a7a-633903218a9d","Biblioteca Parque Estadual","true","https://tysnkzmljlmmqpbotkxv.supabase.co/storage/v1/object/public/travel-app-images/wikipedia-28c7264c/biblioteca-parque-estadual-ficheirobandeira-da--1757530850115-1.svg","https://tysnkzmljlmmqpbotkxv.supabase.co/storage/v1/object/public/travel-app-images/wikidata-28c7264c/biblioteca-parque-estadual-filebiblioteca-parqu-1757532687717-1.jpg","wikipedia","wikidata","1",""
"1fa8a22b-a28d-4c3c-8945-e0ade242a580","Museu Histórico Abílio Barreto","true","https://tysnkzmljlmmqpbotkxv.supabase.co/storage/v1/object/public/travel-app-images/wikipedia-1fa8a22b/museu-histrico-ablio-barreto-ficheiro2017-04-17-m-1757530709474-1.jpg","https://tysnkzmljlmmqpbotkxv.supabase.co/storage/v1/object/public/travel-app-images/wikidata-1fa8a22b/museu-histrico-ablio-barreto-file2017-04-17-mhab--1757532689220-1.jpg","wikipedia","wikidata","1",""
"e241b659-f7ca-4cec-9b01-1c9a243ac569","Catedral Presbiteriana do Rio de Janeiro","true","https://tysnkzmljlmmqpbotkxv.supabase.co/storage/v1/object/public/travel-app-images/wikipedia-e241b659/catedral-presbiteriana-do-rio--ficheiro2018-rio-de--1757530730194-1.jpg","https://tysnkzmljlmmqpbotkxv.supabase.co/storage/v1/object/public/travel-app-images/wikidata-e241b659/catedral-presbiteriana-do-rio--filecatedral-presbit-1757532687916-1.jpg","wikipedia","wikidata","1",""
"8de984f7-c88f-4e2f-b752-e2ca8aff6f1b","Barra Plaza","true","https://tysnkzmljlmmqpbotkxv.supabase.co/storage/v1/object/public/travel-app-images/wikipedia-8de984f7/barra-plaza-ficheirobandeira-da--1757530757582-1.svg","https://tysnkzmljlmmqpbotkxv.supabase.co/storage/v1/object/public/travel-app-images/wikidata-8de984f7/barra-plaza-filecidade-da-musica-1757532695002-1.jpg","wikipedia","wikidata","1",""
"4abc0895-39d3-4977-ba1b-1f5498d679c2","Barra Square Shopping Center","true","https://tysnkzmljlmmqpbotkxv.supabase.co/storage/v1/object/public/travel-app-images/wikipedia-4abc0895/barra-square-shopping-center-ficheirobandeira-da--1757530765107-1.svg","https://tysnkzmljlmmqpbotkxv.supabase.co/storage/v1/object/public/travel-app-images/wikidata-4abc0895/barra-square-shopping-center-filecidade-da-musica-1757532695072-1.jpg","wikipedia","wikidata","1",""
"961d67ae-44ef-41ac-9a48-32b785b24c00","Jardim Botânico de Belo Horizonte","true","https://tysnkzmljlmmqpbotkxv.supabase.co/storage/v1/object/public/travel-app-images/wikipedia-961d67ae/jardim-botnico-de-belo-horizon-ficheirobrasobelohor-1757530715158-1.svg","https://tysnkzmljlmmqpbotkxv.supabase.co/storage/v1/object/public/travel-app-images/wikidata-961d67ae/jardim-botnico-de-belo-horizon-filetigre-zoologico--1757532695339-1.jpg","wikipedia","wikidata","1",""
"6d058257-623f-441f-8e3a-2e7e9e218b06","Estádio São Januário","true","https://tysnkzmljlmmqpbotkxv.supabase.co/storage/v1/object/public/travel-app-images/wikipedia-6d058257/estdio-so-janurio-ficheirobandeira-da--1757530737720-1.svg","https://tysnkzmljlmmqpbotkxv.supabase.co/storage/v1/object/public/travel-app-images/wikidata-6d058257/estdio-so-janurio-fileestdio-de-so-jan-1757532702161-1.jpg","wikipedia","wikidata","1",""
"10b90da7-eb3e-4ec2-b9de-59c8ac047bfe","Campo Olímpico de Golfe","true","https://tysnkzmljlmmqpbotkxv.supabase.co/storage/v1/object/public/travel-app-images/wikipedia-10b90da7/campo-olmpico-de-golfe-ficheirobandeira-da--1757530780999-1.svg","https://tysnkzmljlmmqpbotkxv.supabase.co/storage/v1/object/public/travel-app-images/wikidata-10b90da7/campo-olmpico-de-golfe-filecampoolimpicodeg-1757532700568-1.jpg","wikipedia","wikidata","1",""
"b8ae95f8-381c-4f0f-8cff-305478b77649","Museu Casa Kubitschek","true","https://tysnkzmljlmmqpbotkxv.supabase.co/storage/v1/object/public/travel-app-images/wikipedia-b8ae95f8/museu-casa-kubitschek-ficheirocasa-kubitsc-1757530716046-1.jpg","https://tysnkzmljlmmqpbotkxv.supabase.co/storage/v1/object/public/travel-app-images/wikidata-b8ae95f8/museu-casa-kubitschek-filecasa-kubitschek--1757532700817-1.jpg","wikipedia","wikidata","1",""
"7eb7855b-e204-4dcf-a070-8db8b06fbb96","Cascata do Parque de Madureira","true","https://tysnkzmljlmmqpbotkxv.supabase.co/storage/v1/object/public/travel-app-images/wikipedia-7eb7855b/cascata-do-parque-de-madureira-ficheiroaiga-elevato-1757530739335-1.svg","https://tysnkzmljlmmqpbotkxv.supabase.co/storage/v1/object/public/travel-app-images/wikidata-7eb7855b/cascata-do-parque-de-madureira-filemra3jpg-1757532708378-1.jpg","wikipedia","wikidata","1",""
"178ae5d4-24c2-4d6c-82b8-e85fd293f0f0","Solar dos Araújos","true","https://tysnkzmljlmmqpbotkxv.supabase.co/storage/v1/object/public/travel-app-images/wikipedia-178ae5d4/solar-dos-arajos-ficheirobandeira-do--1757530879991-1.svg","https://tysnkzmljlmmqpbotkxv.supabase.co/storage/v1/object/public/travel-app-images/wikidata-178ae5d4/solar-dos-arajos-filesolar-dos-arajos-1757532708295-1.jpg","wikipedia","wikidata","1",""
"c3cfbeb5-fa14-43d7-82f0-cf304769be5f","Fundação Biblioteca Nacional","true","https://tysnkzmljlmmqpbotkxv.supabase.co/storage/v1/object/public/travel-app-images/wikipedia-c3cfbeb5/fundao-biblioteca-nacional-ficheiroamericana-19-1757530730036-1.jpg","https://tysnkzmljlmmqpbotkxv.supabase.co/storage/v1/object/public/travel-app-images/wikidata-c3cfbeb5/fundao-biblioteca-nacional-filebiblioteca-nacio-1757532708889-1.jpg","wikipedia","wikidata","2",""
"272f4b33-54b9-4d0b-b65b-1fd7caa676f3","Parque Lage","true","https://tysnkzmljlmmqpbotkxv.supabase.co/storage/v1/object/public/travel-app-images/wikipedia-272f4b33/parque-lage-ficheirobandeira-da--1757530788754-1.svg","https://tysnkzmljlmmqpbotkxv.supabase.co/storage/v1/object/public/travel-app-images/wikidata-272f4b33/parque-lage-filearquitetura-do-p-1757532714960-1.jpg","wikipedia","wikidata","1",""
"e61e46a2-4303-45bc-b550-a8c4a74f4ae4","Base Aérea dos Afonsos","true","https://tysnkzmljlmmqpbotkxv.supabase.co/storage/v1/object/public/travel-app-images/wikipedia-e61e46a2/base-area-dos-afonsos-fileaerospatiale-pum-1757530859671-1.jpg","https://tysnkzmljlmmqpbotkxv.supabase.co/storage/v1/object/public/travel-app-images/wikidata-e61e46a2/base-area-dos-afonsos-filemusal-frontjpg-1757532714271-1.jpg","wikipedia","wikidata","1",""
"9712e6f7-d045-454b-9b36-5e2bc202372b","Teatro dos Grandes Atores - Barra Square","true","https://tysnkzmljlmmqpbotkxv.supabase.co/storage/v1/object/public/travel-app-images/wikipedia-9712e6f7/teatro-dos-grandes-atores-barr-ficheirobandeira-da--1757530882066-1.svg","https://tysnkzmljlmmqpbotkxv.supabase.co/storage/v1/object/public/travel-app-images/wikidata-9712e6f7/teatro-dos-grandes-atores-barr-filecidade-da-musica-1757532713900-1.jpg","wikipedia","wikidata","1",""
"b842d518-dbc1-4d5a-9d3a-6342063f26e1","Museu da Polícia Civil do Estado do Rio de Janeiro","true","https://tysnkzmljlmmqpbotkxv.supabase.co/storage/v1/object/public/travel-app-images/wikipedia-b842d518/museu-da-polcia-civil-do-estad-ficheiro1600001ejpg-1757530763731-1.jpg","https://tysnkzmljlmmqpbotkxv.supabase.co/storage/v1/object/public/travel-app-images/wikidata-b842d518/museu-da-polcia-civil-do-estad-filepalacete-de-sant-1757532720653-1.jpg","wikipedia","wikidata","1",""
"5cc0909d-cc17-443d-8763-4b0eb87ddab5","Estádio Olímpico Nilton Santos","true","https://tysnkzmljlmmqpbotkxv.supabase.co/storage/v1/object/public/travel-app-images/wikipedia-5cc0909d/estdio-olmpico-nilton-santos-ficheiroandrea-hernn-1757530773145-1.jpg","https://tysnkzmljlmmqpbotkxv.supabase.co/storage/v1/object/public/travel-app-images/wikidata-5cc0909d/estdio-olmpico-nilton-santos-filestitched-003jpg-1757532720667-1.jpg","wikipedia","wikidata","1",""
"2a61753e-6872-4da6-a91c-6e5ff3b16f6b","Igreja de Nossa Senhora da Candelária","true","https://tysnkzmljlmmqpbotkxv.supabase.co/storage/v1/object/public/travel-app-images/wikipedia-2a61753e/igreja-de-nossa-senhora-da-can-ficheirobandeira-da--1757530880218-1.svg","https://tysnkzmljlmmqpbotkxv.supabase.co/storage/v1/object/public/travel-app-images/wikidata-2a61753e/igreja-de-nossa-senhora-da-can-fileigreja-da-candel-1757532721527-1.jpg","wikipedia","wikidata","2",""
"b307397e-f17d-4e02-9281-8bef67d1f49c","Fundação Casa de Rui Barbosa","true","https://tysnkzmljlmmqpbotkxv.supabase.co/storage/v1/object/public/travel-app-images/wikipedia-b307397e/fundao-casa-de-rui-barbosa-ficheirobiblioteca-n-1757530903173-1.jpg","https://tysnkzmljlmmqpbotkxv.supabase.co/storage/v1/object/public/travel-app-images/wikidata-b307397e/fundao-casa-de-rui-barbosa-filecasa-de-rui-barb-1757532727105-1.jpg","wikipedia","wikidata","1",""
"7769a19c-6035-4391-9cf7-513f76875325","Morro Cara de Cão","true","https://tysnkzmljlmmqpbotkxv.supabase.co/storage/v1/object/public/travel-app-images/wikipedia-7769a19c/morro-cara-de-co-ficheiromorro-cara-d-1757530764553-1.jpg","https://tysnkzmljlmmqpbotkxv.supabase.co/storage/v1/object/public/travel-app-images/wikidata-7769a19c/morro-cara-de-co-filemorro-cara-de-co-1757532727807-1.jpg","wikipedia","wikidata","1",""
"839bc15d-c573-4236-af59-63c8e74bc992","Real Gabinete Português de Leitura","true","https://tysnkzmljlmmqpbotkxv.supabase.co/storage/v1/object/public/travel-app-images/wikipedia-839bc15d/real-gabinete-portugus-de-leit-ficheirobandeira-da--1757530850404-1.svg","https://tysnkzmljlmmqpbotkxv.supabase.co/storage/v1/object/public/travel-app-images/wikidata-839bc15d/real-gabinete-portugus-de-leit-filereal-gabinete-po-1757532726569-1.jpg","wikipedia","wikidata","1",""
"19c39e06-f945-44f4-bbca-82b44774fc79","Museu Carmen Miranda","true","https://tysnkzmljlmmqpbotkxv.supabase.co/storage/v1/object/public/travel-app-images/wikipedia-19c39e06/museu-carmen-miranda-ficheirobandeira-da--1757530914485-1.svg","https://tysnkzmljlmmqpbotkxv.supabase.co/storage/v1/object/public/travel-app-images/wikidata-19c39e06/museu-carmen-miranda-fileo-museu-carmen-m-1757532732977-1.jpg","wikipedia","wikidata","1",""
"eefb25c5-25fc-4ad0-992d-8662af599d31","Píer da Praia Pedra De Guaratiba","true","https://tysnkzmljlmmqpbotkxv.supabase.co/storage/v1/object/public/travel-app-images/wikipedia-eefb25c5/per-da-praia-pedra-de-guaratib-ficheirobandeira-da--1757530830651-1.svg","https://tysnkzmljlmmqpbotkxv.supabase.co/storage/v1/object/public/travel-app-images/wikidata-eefb25c5/per-da-praia-pedra-de-guaratib-filepedradeguaratiba-1757532732760-1.jpg","wikipedia","wikidata","1",""
"9171774a-c650-4c83-bdbf-c98ae4c98af8","Sítio Arqueológico Casa dos Pilões","true","https://tysnkzmljlmmqpbotkxv.supabase.co/storage/v1/object/public/travel-app-images/wikipedia-9171774a/stio-arqueolgico-casa-dos-pile-ficheiro584-gara-mou-1757530850658-1.jpg","https://tysnkzmljlmmqpbotkxv.supabase.co/storage/v1/object/public/travel-app-images/wikidata-9171774a/stio-arqueolgico-casa-dos-pile-filejdbotanico3ccbyj-1757532733039-1.jpg","wikipedia","wikidata","1",""
"67a849aa-5cd9-4e71-8004-869c4fad61c6","Museu Aeroespacial","true","https://tysnkzmljlmmqpbotkxv.supabase.co/storage/v1/object/public/travel-app-images/wikipedia-67a849aa/museu-aeroespacial-ficheiro14bis-musalj-1757530859209-1.jpg","https://tysnkzmljlmmqpbotkxv.supabase.co/storage/v1/object/public/travel-app-images/wikidata-67a849aa/museu-aeroespacial-file14bis-musaljpg-1757532738889-1.jpg","wikipedia","wikidata","1",""
"49f1e5af-a9ac-40fb-8e83-3a2bf8061fda","Parque Garota de Ipanema","false","https://tysnkzmljlmmqpbotkxv.supabase.co/storage/v1/object/public/travel-app-images/wikipedia-49f1e5af/parque-garota-de-ipanema-ficheirobandeira-da--1757530903009-1.svg","","wikipedia","","","No images found in Wikidata"
"01940cf7-6352-4ed8-9c9f-841fcd6ff79a","Shopping da Gávea","false","https://tysnkzmljlmmqpbotkxv.supabase.co/storage/v1/object/public/travel-app-images/wikipedia-01940cf7/shopping-da-gvea-ficheirobrazil-rio-d-1757530865328-1.svg","","wikipedia","","","No images found in Wikidata"
"dd0ced4a-eaab-43f3-be3f-673a4943fb0c","Parque dos Atletas","false","https://tysnkzmljlmmqpbotkxv.supabase.co/storage/v1/object/public/travel-app-images/wikipedia-dd0ced4a/parque-dos-atletas-ficheirovistaaereada-1757530873181-1.jpg","","wikipedia","","","No images found in Wikidata"
"8bd83c0a-5bea-4b13-b452-d6926967a307","Museu de Ciências da Terra","true","https://tysnkzmljlmmqpbotkxv.supabase.co/storage/v1/object/public/travel-app-images/wikipedia-8bd83c0a/museu-de-cincias-da-terra-ficheirobandeira-do--1757530902583-1.svg","https://tysnkzmljlmmqpbotkxv.supabase.co/storage/v1/object/public/travel-app-images/wikidata-8bd83c0a/museu-de-cincias-da-terra-filemuseu-de-ciencia-1757532744018-1.jpg","wikipedia","wikidata","1",""
"6e237160-fc44-4906-9af6-42cefff27021","Paróquia São Paulo Apóstolo - Copacabana RJ","true","https://tysnkzmljlmmqpbotkxv.supabase.co/storage/v1/object/public/travel-app-images/wikipedia-6e237160/parquia-so-paulo-apstolo-copac-ficheiroavenidaatlan-1757530887729-1.jpg","https://tysnkzmljlmmqpbotkxv.supabase.co/storage/v1/object/public/travel-app-images/wikidata-6e237160/parquia-so-paulo-apstolo-copac-fileaerial-view-of-c-1757532744009-1.jpg","wikipedia","wikidata","1",""
"ae3a6d91-feef-46f7-aae2-a34c3db12c04","Cristo Redentor","true","https://tysnkzmljlmmqpbotkxv.supabase.co/storage/v1/object/public/travel-app-images/wikipedia-ae3a6d91/cristo-redentor-ficheiro1-cristor-re-1757530888843-1.jpg","https://tysnkzmljlmmqpbotkxv.supabase.co/storage/v1/object/public/travel-app-images/wikidata-ae3a6d91/cristo-redentor-filechrist-the-redee-1757532750049-1.jpg","wikipedia","wikidata","1",""
"5e168e36-2d1f-4569-a3e8-cdf8950831a3","Bondinho Pão de Açúcar","true","https://tysnkzmljlmmqpbotkxv.supabase.co/storage/v1/object/public/travel-app-images/wikipedia-5e168e36/bondinho-po-de-acar-ficheiro63734937-bon-1757530914453-1.jpg","https://tysnkzmljlmmqpbotkxv.supabase.co/storage/v1/object/public/travel-app-images/wikidata-5e168e36/bondinho-po-de-acar-filesugarloaf-mounta-1757532750975-1.jpg","wikipedia","wikidata","3",""
"cd609368-54d6-407e-8370-b0294b9e132d","Forte Duque de Caxias","true","https://tysnkzmljlmmqpbotkxv.supabase.co/storage/v1/object/public/travel-app-images/wikipedia-cd609368/forte-duque-de-caxias-ficheirobrazilian-st-1757530908553-1.png","https://tysnkzmljlmmqpbotkxv.supabase.co/storage/v1/object/public/travel-app-images/wikidata-cd609368/forte-duque-de-caxias-filemorro-do-leme-rj-1757532749890-1.jpg","wikipedia","wikidata","1",""
"bfced6d3-5d64-452e-a3a5-8e22b5f1c48e","Museu da Justiça do Estado do Rio de Janeiro","true","https://tysnkzmljlmmqpbotkxv.supabase.co/storage/v1/object/public/travel-app-images/wikipedia-bfced6d3/museu-da-justia-do-estado-do-r-ficheiro1600001ejpg-1757530928111-1.jpg","https://tysnkzmljlmmqpbotkxv.supabase.co/storage/v1/object/public/travel-app-images/wikidata-bfced6d3/museu-da-justia-do-estado-do-r-filepalacete-de-sant-1757532756589-1.jpg","wikipedia","wikidata","1",""
"489ed3b4-dfab-43a9-afe4-0397d7023d0e","Museu Flamengo","true","https://tysnkzmljlmmqpbotkxv.supabase.co/storage/v1/object/public/travel-app-images/wikipedia-489ed3b4/museu-flamengo-ficheirobandeira-da--1757530928746-1.svg","https://tysnkzmljlmmqpbotkxv.supabase.co/storage/v1/object/public/travel-app-images/wikidata-489ed3b4/museu-flamengo-fileo-museu-carmen-m-1757532756521-1.jpg","wikipedia","wikidata","1",""
"626055bf-cab7-4c39-ae11-87425bea3108","Itapevi","true","https://tysnkzmljlmmqpbotkxv.supabase.co/storage/v1/object/public/travel-app-images/ChIJveaX3gUGz5QRn5jstWtwElM/ChIJveaX3gUGz5QRn5jstWtwElM_1751976202105_1.jpg","https://tysnkzmljlmmqpbotkxv.supabase.co/storage/v1/object/public/travel-app-images/wikidata-626055bf/itapevi-fileestao-itapevijpg-1757532756715-1.jpg","unknown","wikidata","2",""
"6971ea42-94f0-4e03-9094-57d701ff2e5a","Copacabana","true","https://tysnkzmljlmmqpbotkxv.supabase.co/storage/v1/object/public/travel-app-images/wikipedia-6971ea42/copacabana-ficheiroavenidaatlan-1757530928852-1.jpg","https://tysnkzmljlmmqpbotkxv.supabase.co/storage/v1/object/public/travel-app-images/wikidata-6971ea42/copacabana-fileaerial-view-of-c-1757532762605-1.jpg","wikipedia","wikidata","1",""
"653bcccc-9865-4e24-8d03-22e761a5aa76","Museu de Arte Moderna do Rio de Janeiro","true","https://tysnkzmljlmmqpbotkxv.supabase.co/storage/v1/object/public/travel-app-images/wikipedia-653bcccc/museu-de-arte-moderna-do-rio-d-ficheiro1600001ejpg-1757530934609-1.jpg","https://tysnkzmljlmmqpbotkxv.supabase.co/storage/v1/object/public/travel-app-images/wikidata-653bcccc/museu-de-arte-moderna-do-rio-d-filepalacete-de-sant-1757532762460-1.jpg","wikipedia","wikidata","1",""