Attraction_ID,Attraction_Name,Success,Old_Image_URL,New_Image_URL,Old_Source,New_Source,Images_Found,Error
"9f5f69f3-c890-49e3-8de3-941e98f619b8","Biblioteca Rector Gabriel Ferraté. UPC","true","https://tysnkzmljlmmqpbotkxv.supabase.co/storage/v1/object/public/travel-app-images/ChIJ4XcnO1GYpBIROHJmxgZDMfc/ChIJ4XcnO1GYpBIROHJmxgZDMfc_1751570310232_1.jpg","https://tysnkzmljlmmqpbotkxv.supabase.co/storage/v1/object/public/travel-app-images/wikipedia-9f5f69f3/biblioteca-rector-gabriel-ferr-fitxer106-edifici-de-1757529786980-1.jpg","unknown","wikipedia","3",""
"5c7a1a89-dd86-4327-ba54-38279cc478af","Iglesia de los Hogares Mundet","true","https://tysnkzmljlmmqpbotkxv.supabase.co/storage/v1/object/public/travel-app-images/ChIJ_WO00Fi9pBIRuWyLmefcK-E/ChIJ_WO00Fi9pBIRuWyLmefcK-E_1751574375006_1.jpg","https://tysnkzmljlmmqpbotkxv.supabase.co/storage/v1/object/public/travel-app-images/wikipedia-5c7a1a89/iglesia-de-los-hogares-mundet-fitxeravesvg-1757529786156-1.svg","unknown","wikipedia","3",""
"30be9ae4-08dd-4fbb-9553-c632334b4704","Iglesia de los Santos Gervasio y Protasio y Nuestra Señora de la Bonanova","true","https://tysnkzmljlmmqpbotkxv.supabase.co/storage/v1/object/public/travel-app-images/ChIJ4edbgRGYpBIRqJ_tdDuGpnE/ChIJ4edbgRGYpBIRqJ_tdDuGpnE_1751574931163_1.jpg","https://tysnkzmljlmmqpbotkxv.supabase.co/storage/v1/object/public/travel-app-images/wikipedia-30be9ae4/iglesia-de-los-santos-gervasio-fitxeraiga-railtrans-1757529786435-1.svg","unknown","wikipedia","3",""
"ebdf91a7-8692-4935-9e6d-fc470db6088c","Parroquia de Cristo Rey - La Sagrera","true","https://tysnkzmljlmmqpbotkxv.supabase.co/storage/v1/object/public/travel-app-images/ChIJ7cx6adS8pBIRbPlnOAOzXog/ChIJ7cx6adS8pBIRbPlnOAOzXog_1751572687557_1.jpg","https://tysnkzmljlmmqpbotkxv.supabase.co/storage/v1/object/public/travel-app-images/wikipedia-ebdf91a7/parroquia-de-cristo-rey-la-sag-fitxeradif-wordmarks-1757529794231-1.svg","unknown","wikipedia","3",""
"f326bbd7-e78f-4a2b-8b0f-fdb68dacf65f","Spotify Camp Nou","true","https://tysnkzmljlmmqpbotkxv.supabase.co/storage/v1/object/public/travel-app-images/ChIJr3spdvWYpBIRuQQb_jBT9kQ/ChIJr3spdvWYpBIRuQQb_jBT9kQ_1751569869819_1.jpg","https://tysnkzmljlmmqpbotkxv.supabase.co/storage/v1/object/public/travel-app-images/wikipedia-f326bbd7/spotify-camp-nou-filebcnestadiolimpic-1757529793587-1.jpg","unknown","wikipedia","3",""
"61ca0a15-3643-45f4-a9ac-75f82bc7bd37","Museu de la Música de Barcelona","true","https://tysnkzmljlmmqpbotkxv.supabase.co/storage/v1/object/public/travel-app-images/ChIJAf77yB-jpBIRZ1_I-azNYdU/ChIJAf77yB-jpBIRZ1_I-azNYdU_1751567322639_1.jpg","https://tysnkzmljlmmqpbotkxv.supabase.co/storage/v1/object/public/travel-app-images/wikipedia-61ca0a15/museu-de-la-msica-de-barcelona-fitxerarbcom-ru-edit-1757529793527-1.svg","unknown","wikipedia","3",""
"7bd85ebb-ca62-40cc-9090-be4116f2410c","Jardines de los Tres Tombs","true","https://tysnkzmljlmmqpbotkxv.supabase.co/storage/v1/object/public/travel-app-images/ChIJyRbuSmGipBIRmuSMWtF3kTs/ChIJyRbuSmGipBIRmuSMWtF3kTs_1751569274199_1.jpg","https://tysnkzmljlmmqpbotkxv.supabase.co/storage/v1/object/public/travel-app-images/wikipedia-7bd85ebb/jardines-de-los-tres-tombs-fitxerarbcom-ru-edit-1757529800875-1.svg","unknown","wikipedia","3",""
"538d6fc9-bbbd-4042-8fce-4ccc5eebde3e","Parque de Antonio Santiburcio","true","https://tysnkzmljlmmqpbotkxv.supabase.co/storage/v1/object/public/travel-app-images/ChIJ5XWA1-W8pBIROqJ6aSMePM0/ChIJ5XWA1-W8pBIROqJ6aSMePM0_1751573090688_1.jpg","https://tysnkzmljlmmqpbotkxv.supabase.co/storage/v1/object/public/travel-app-images/wikipedia-538d6fc9/parque-de-antonio-santiburcio-fitxerarbcom-ru-edit-1757529801153-1.svg","unknown","wikipedia","3",""
"31bcb49c-1535-40cc-98bc-082752411355","La Pedrera - Casa Milà","true","https://tysnkzmljlmmqpbotkxv.supabase.co/storage/v1/object/public/travel-app-images/ChIJ1eGKmZOipBIRah43T2Kjn8Q/ChIJ1eGKmZOipBIRah43T2Kjn8Q_1751570671963_1.jpg","https://tysnkzmljlmmqpbotkxv.supabase.co/storage/v1/object/public/travel-app-images/wikipedia-31bcb49c/la-pedrera-casa-mil-fitxerantoni-gaudijp-1757529800947-1.jpg","unknown","wikipedia","3",""
"bfbdd842-6c6b-40c3-9554-5a1cafca170c","Palau Güell","true","https://tysnkzmljlmmqpbotkxv.supabase.co/storage/v1/object/public/travel-app-images/ChIJ3fHTIFiipBIRpKXCn_E_oJY/ChIJ3fHTIFiipBIRpKXCn_E_oJY_1751567893490_1.jpg","https://tysnkzmljlmmqpbotkxv.supabase.co/storage/v1/object/public/travel-app-images/wikipedia-bfbdd842/palau-gell-fitxeralsina-ars-sec-1757529806979-1.jpg","unknown","wikipedia","3",""
"778c3192-a756-4cc7-8598-0ab0aba04026","Mercado de La Boqueria","true","https://tysnkzmljlmmqpbotkxv.supabase.co/storage/v1/object/public/travel-app-images/ChIJAVoetfeipBIR1a1z3FTGCoY/ChIJAVoetfeipBIR1a1z3FTGCoY_1751567925921_1.jpg","https://tysnkzmljlmmqpbotkxv.supabase.co/storage/v1/object/public/travel-app-images/wikipedia-778c3192/mercado-de-la-boqueria-fitxer394-la-boqueri-1757529808502-1.jpg","unknown","wikipedia","3",""
"f9bb0ba9-6c74-4c1c-a775-1ebdc3937b98","Museu d'Art Contemporani de Barcelona","true","https://tysnkzmljlmmqpbotkxv.supabase.co/storage/v1/object/public/travel-app-images/ChIJ0V6MrPWipBIRKnssXv0o_Y4/ChIJ0V6MrPWipBIRKnssXv0o_Y4_1751567970837_1.jpg","https://tysnkzmljlmmqpbotkxv.supabase.co/storage/v1/object/public/travel-app-images/wikipedia-f9bb0ba9/museu-dart-contemporani-de-bar-fitxer2023-facebook--1757529806373-1.svg","unknown","wikipedia","3",""
"b3ae3f8e-39b0-4621-ba7b-d4aa514b31ec","L'Aquàrium de Barcelona","true","https://tysnkzmljlmmqpbotkxv.supabase.co/storage/v1/object/public/travel-app-images/ChIJtWCztVSipBIRYJl5aFMSIDs/ChIJtWCztVSipBIRYJl5aFMSIDs_1751567953002_1.jpg","https://tysnkzmljlmmqpbotkxv.supabase.co/storage/v1/object/public/travel-app-images/wikipedia-b3ae3f8e/laqurium-de-barcelona-fitxerarbcom-ru-edit-1757529815054-1.svg","unknown","wikipedia","3",""
"4127d92e-7a39-448b-b731-21ea1475daec","Basílica de la Mercè","true","https://tysnkzmljlmmqpbotkxv.supabase.co/storage/v1/object/public/travel-app-images/ChIJJeErd1aipBIRbYMDeU4nJtA/ChIJJeErd1aipBIRbYMDeU4nJtA_1751568630837_1.jpg","https://tysnkzmljlmmqpbotkxv.supabase.co/storage/v1/object/public/travel-app-images/wikipedia-4127d92e/baslica-de-la-merc-fitxerarbcom-ru-edit-1757529815190-1.svg","unknown","wikipedia","3",""
"069110d9-6638-43b5-8a62-1a4c70b92266","Museo Frederic Marès","true","https://tysnkzmljlmmqpbotkxv.supabase.co/storage/v1/object/public/travel-app-images/ChIJDQeJ-PiipBIRRKhLu4wgf-U/ChIJDQeJ-PiipBIRRKhLu4wgf-U_1751568098719_1.jpg","https://tysnkzmljlmmqpbotkxv.supabase.co/storage/v1/object/public/travel-app-images/wikipedia-069110d9/museo-frederic-mars-fitxerarbcom-ru-edit-1757529815367-1.svg","unknown","wikipedia","3",""
"87a07b05-d502-4989-8e1f-eb2c1d49de4f","Parque de Can Rigal","true","https://tysnkzmljlmmqpbotkxv.supabase.co/storage/v1/object/public/travel-app-images/ChIJ-zH5NP6YpBIRRLrlgUH5wcM/ChIJ-zH5NP6YpBIRRLrlgUH5wcM_1751570084687_1.jpg","https://tysnkzmljlmmqpbotkxv.supabase.co/storage/v1/object/public/travel-app-images/wikipedia-87a07b05/parque-de-can-rigal-fitxerarbcom-ru-edit-1757529820976-1.svg","unknown","wikipedia","3",""
"3c9f7e6d-c7e1-4199-97fe-000bc6b177af","Plaza de Tetuán","true","https://tysnkzmljlmmqpbotkxv.supabase.co/storage/v1/object/public/travel-app-images/ChIJI5hy6eWipBIRU8mbeDSg0YA/ChIJI5hy6eWipBIRU8mbeDSg0YA_1751570841935_1.jpg","https://tysnkzmljlmmqpbotkxv.supabase.co/storage/v1/object/public/travel-app-images/wikipedia-3c9f7e6d/plaza-de-tetun-fitxeravegsvg-1757529821612-1.svg","unknown","wikipedia","3",""
"0c35983f-a8ae-495f-bf94-cd8e3001577c","Parque del Castillo de la Oreneta","true","https://tysnkzmljlmmqpbotkxv.supabase.co/storage/v1/object/public/travel-app-images/ChIJ3Qa6XJiipBIRHLyV5Auamas/ChIJ3Qa6XJiipBIRHLyV5Auamas_1751569941478_1.jpg","https://tysnkzmljlmmqpbotkxv.supabase.co/storage/v1/object/public/travel-app-images/wikipedia-0c35983f/parque-del-castillo-de-la-oren-fitxer064-parc-de-lo-1757529822247-1.jpg","unknown","wikipedia","3",""
"09d54f27-7b9d-4b42-ad50-2dbad076806f","Iglesia de Santa Ana","true","https://tysnkzmljlmmqpbotkxv.supabase.co/storage/v1/object/public/travel-app-images/ChIJvQRctfaipBIR0GYjV3a1RXU/ChIJvQRctfaipBIR0GYjV3a1RXU_1751568612591_1.jpg","https://tysnkzmljlmmqpbotkxv.supabase.co/storage/v1/object/public/travel-app-images/wikipedia-09d54f27/iglesia-de-santa-ana-fitxerarbcom-ru-edit-1757529829185-1.svg","unknown","wikipedia","3",""
"d4d95822-cab3-4639-9ef8-02e1fb9b6721","Parroquia del Bon Pastor","true","https://tysnkzmljlmmqpbotkxv.supabase.co/storage/v1/object/public/travel-app-images/ChIJ16wkTL-8pBIRUikj1987aCA/ChIJ16wkTL-8pBIRUikj1987aCA_1751572678789_1.jpg","https://tysnkzmljlmmqpbotkxv.supabase.co/storage/v1/object/public/travel-app-images/wikipedia-d4d95822/parroquia-del-bon-pastor-fitxeravegsvg-1757529828482-1.svg","unknown","wikipedia","3",""
"0e08eefd-59ea-45b3-b2ff-435095be95c6","Parque de la Estación del Norte","true","https://tysnkzmljlmmqpbotkxv.supabase.co/storage/v1/object/public/travel-app-images/ChIJ9S-O9OKipBIRb-z20hucrYo/ChIJ9S-O9OKipBIRb-z20hucrYo_1751568421731_1.jpg","https://tysnkzmljlmmqpbotkxv.supabase.co/storage/v1/object/public/travel-app-images/wikipedia-0e08eefd/parque-de-la-estacin-del-norte-fitxerarbcom-ru-edit-1757529829212-1.svg","unknown","wikipedia","3",""
"5ac78dd4-7329-4a7e-86c5-fbf5b2e367ec","Playa de la Barceloneta","true","https://tysnkzmljlmmqpbotkxv.supabase.co/storage/v1/object/public/travel-app-images/ChIJJ5Y4CaijpBIR-2VJP9cOjh4/ChIJJ5Y4CaijpBIR-2VJP9cOjh4_1751568461354_1.jpg","https://tysnkzmljlmmqpbotkxv.supabase.co/storage/v1/object/public/travel-app-images/wikipedia-5ac78dd4/playa-de-la-barceloneta-fitxerarbcom-ru-edit-1757529834374-1.svg","unknown","wikipedia","3",""
"db33d6a2-3181-4cb7-b766-363356ca934b","Parroquia de San Pedro de las Puel·las","true","https://tysnkzmljlmmqpbotkxv.supabase.co/storage/v1/object/public/travel-app-images/ChIJj9FBW_uipBIR_TimKi61stY/ChIJj9FBW_uipBIR_TimKi61stY_1751568685321_1.jpg","https://tysnkzmljlmmqpbotkxv.supabase.co/storage/v1/object/public/travel-app-images/wikipedia-db33d6a2/parroquia-de-san-pedro-de-las--fitxerarbcom-ru-edit-1757529834318-1.svg","unknown","wikipedia","3",""
"b126b13d-00eb-450d-b0fc-b0c60f5e9d6e","Parque de la Maquinista","false","https://tysnkzmljlmmqpbotkxv.supabase.co/storage/v1/object/public/travel-app-images/ChIJG7FZasO8pBIRED9RH-H6AA8/ChIJG7FZasO8pBIRED9RH-H6AA8_1751572614247_1.jpg","","unknown","","","No images found on Wikipedia page"
"1861d160-df15-4931-8399-bb3ad95b1643","Biblioteca Joaquim Folch i Torres del Museo Nacional de Arte de Cataluña","true","https://tysnkzmljlmmqpbotkxv.supabase.co/storage/v1/object/public/travel-app-images/ChIJMU59xHGipBIRaqBlqSdjKRU/ChIJMU59xHGipBIRaqBlqSdjKRU_1751569316825_1.jpg","https://tysnkzmljlmmqpbotkxv.supabase.co/storage/v1/object/public/travel-app-images/wikipedia-1861d160/biblioteca-joaquim-folch-i-tor-fitxer2023-facebook--1757529840347-1.svg","unknown","wikipedia","3",""
"4c66655f-4aa1-4b5c-841e-94a0489ba9ac","Filmoteca de Cataluña","true","https://tysnkzmljlmmqpbotkxv.supabase.co/storage/v1/object/public/travel-app-images/ChIJJysg51iipBIRSso7Q1Y9nd4/ChIJJysg51iipBIRSso7Q1Y9nd4_1751568806407_1.jpg","https://tysnkzmljlmmqpbotkxv.supabase.co/storage/v1/object/public/travel-app-images/wikipedia-4c66655f/filmoteca-de-catalua-fitxerarbcom-ru-edit-1757529840024-1.svg","unknown","wikipedia","3",""
"3dd946ad-ef8b-4aa1-bde1-9176bfb7227d","Zoo de Barcelona","true","https://tysnkzmljlmmqpbotkxv.supabase.co/storage/v1/object/public/travel-app-images/ChIJ7_YXNP6ipBIRGZsTMoXFZ3w/ChIJ7_YXNP6ipBIRGZsTMoXFZ3w_1751568900909_1.jpg","https://tysnkzmljlmmqpbotkxv.supabase.co/storage/v1/object/public/travel-app-images/wikipedia-3dd946ad/zoo-de-barcelona-fitxerarbcom-ru-edit-1757529839919-1.svg","unknown","wikipedia","3",""
"bc8c588e-9af4-46ec-bd40-30d424426fe7","Parròquia de Sant Andreu de Palomar","true","https://tysnkzmljlmmqpbotkxv.supabase.co/storage/v1/object/public/travel-app-images/ChIJb7OkYty8pBIRcsbrrwXoY9w/ChIJb7OkYty8pBIRcsbrrwXoY9w_1751573101066_1.jpg","https://tysnkzmljlmmqpbotkxv.supabase.co/storage/v1/object/public/travel-app-images/wikipedia-bc8c588e/parrquia-de-sant-andreu-de-pal-fitxerarbcom-ru-edit-1757529845738-1.svg","unknown","wikipedia","3",""
"a068186c-689a-4ba7-929e-eb94e48f1cb5","Parque de Can Dragó","true","https://tysnkzmljlmmqpbotkxv.supabase.co/storage/v1/object/public/travel-app-images/ChIJ97ocMye9pBIRibw3hrjxqmA/ChIJ97ocMye9pBIRibw3hrjxqmA_1751574140854_1.jpg","https://tysnkzmljlmmqpbotkxv.supabase.co/storage/v1/object/public/travel-app-images/wikipedia-a068186c/parque-de-can-drag-fitxerarbcom-ru-edit-1757529845789-1.svg","unknown","wikipedia","3",""
"126c5cec-9093-4294-bcba-edc95328ec86","Ermita de Santa Cruz de Olorda","true","https://tysnkzmljlmmqpbotkxv.supabase.co/storage/v1/object/public/travel-app-images/ChIJoWT4N56bpBIRQpdQXyfSo3M/ChIJoWT4N56bpBIRQpdQXyfSo3M_1751574997074_1.jpg","https://tysnkzmljlmmqpbotkxv.supabase.co/storage/v1/object/public/travel-app-images/wikipedia-126c5cec/ermita-de-santa-cruz-de-olorda-fitxerarbcom-ru-edit-1757529846297-1.svg","unknown","wikipedia","3",""
"2a3c17be-06ef-485b-a63b-46413cb506f2","Museu Histórico E Pedagógico Casa Do Anhangüera","true","https://tysnkzmljlmmqpbotkxv.supabase.co/storage/v1/object/public/travel-app-images/ChIJdeHyuk8bz5QRbPgZ89KtLUQ/ChIJdeHyuk8bz5QRbPgZ89KtLUQ_1751980446973_1.jpg","https://tysnkzmljlmmqpbotkxv.supabase.co/storage/v1/object/public/travel-app-images/wikipedia-2a3c17be/museu-histrico-e-pedaggico-cas-ficheirobandeira-de--1757529852164-1.png","unknown","wikipedia","3",""
"f5e3475b-96c3-4e9b-9d15-f9ed71d10f07","Gran Teatro del Liceu","true","https://tysnkzmljlmmqpbotkxv.supabase.co/storage/v1/object/public/travel-app-images/ChIJW8xABViipBIRnWNZEAqOXaA/ChIJW8xABViipBIRnWNZEAqOXaA_1751567986348_1.jpg","https://tysnkzmljlmmqpbotkxv.supabase.co/storage/v1/object/public/travel-app-images/wikipedia-f5e3475b/gran-teatro-del-liceu-fitxer149-gran-teatr-1757529852562-1.jpg","unknown","wikipedia","3",""
"89e4e2e7-145d-42c9-b970-80e04d19c1c5","Hash Marihuana & Hemp Museum Barcelona","true","https://tysnkzmljlmmqpbotkxv.supabase.co/storage/v1/object/public/travel-app-images/ChIJMfl8WP-ipBIRU2_wJBJJC58/ChIJMfl8WP-ipBIRU2_wJBJJC58_1751568174953_1.jpg","https://tysnkzmljlmmqpbotkxv.supabase.co/storage/v1/object/public/travel-app-images/wikipedia-89e4e2e7/hash-marihuana-hemp-museum-bar-fitxerarbcom-ru-edit-1757529851598-1.svg","unknown","wikipedia","3",""
"1b8bb690-121d-4d41-9566-1ff332c584e8","Centro Cultural Banco do Brasil","true","https://tysnkzmljlmmqpbotkxv.supabase.co/storage/v1/object/public/travel-app-images/ChIJ-y9fS9yZpgARW-N0ni10mlU/ChIJ-y9fS9yZpgARW-N0ni10mlU_1751579147627_1.jpg","https://tysnkzmljlmmqpbotkxv.supabase.co/storage/v1/object/public/travel-app-images/wikipedia-1b8bb690/centro-cultural-banco-do-brasi-ficheirobblogo1-crop-1757529860274-1.jpg","unknown","wikipedia","3",""
"7da6dc35-590e-4bf1-a204-8b4fc1c01e6b","Paredão da Ponta Grossa","true","https://tysnkzmljlmmqpbotkxv.supabase.co/storage/v1/object/public/travel-app-images/ChIJDceG5y3xmwAR0_ITHunLAiE/ChIJDceG5y3xmwAR0_ITHunLAiE_1754500923365_1.jpg","https://tysnkzmljlmmqpbotkxv.supabase.co/storage/v1/object/public/travel-app-images/wikipedia-7da6dc35/paredo-da-ponta-grossa-ficheirobandeira-da--1757529859836-1.svg","unknown","wikipedia","3",""
"a51b71e7-b75b-4ffe-8864-b3ad1be13581","Museu de Ciências Naturais PUC Minas","true","https://tysnkzmljlmmqpbotkxv.supabase.co/storage/v1/object/public/travel-app-images/ChIJl4qBO-WWpgARku8koP87GgI/ChIJl4qBO-WWpgARku8koP87GgI_1751579058888_1.jpg","https://tysnkzmljlmmqpbotkxv.supabase.co/storage/v1/object/public/travel-app-images/wikipedia-a51b71e7/museu-de-cincias-naturais-puc--ficheiromap-symbol-m-1757529859279-1.svg","unknown","wikipedia","3",""
"38b12624-d5e8-4743-b2bf-cc78381d4ed9","Cantão de Realengo","true","https://tysnkzmljlmmqpbotkxv.supabase.co/storage/v1/object/public/travel-app-images/ChIJeRszgkVhmQARcgWbJssoa0w/ChIJeRszgkVhmQARcgWbJssoa0w_1754502979471_1.jpg","https://tysnkzmljlmmqpbotkxv.supabase.co/storage/v1/object/public/travel-app-images/wikipedia-38b12624/canto-de-realengo-ficheiro1plafernande-1757529865754-1.jpg","unknown","wikipedia","3",""
"309e528c-13b9-4beb-a719-5a928ca8c1a0","Parque Estadual da Serra do Rola-Moça","true","https://tysnkzmljlmmqpbotkxv.supabase.co/storage/v1/object/public/travel-app-images/ChIJG4hpdK27pgARyZ5bdC2HZ1Q/ChIJG4hpdK27pgARyZ5bdC2HZ1Q_1751564518019_1.jpg","https://tysnkzmljlmmqpbotkxv.supabase.co/storage/v1/object/public/travel-app-images/wikipedia-309e528c/parque-estadual-da-serra-do-ro-ficheirobandeira-de--1757529866216-1.svg","unknown","wikipedia","3",""
"44ab039e-a64e-43f0-aa50-d5e8b19e2033","BH Shopping","false","https://tysnkzmljlmmqpbotkxv.supabase.co/storage/v1/object/public/travel-app-images/ChIJ9zkBafmXpgARPuHqzYAXq90/ChIJ9zkBafmXpgARPuHqzYAXq90_1751579788713_1.jpg","","unknown","","","Edge function error: 500 Internal Server Error - {"error":"Failed to upload image: The object exceeded the maximum allowed size"}"
"f450f36b-e6ae-428c-b9b6-19bf6d6b0a92","Sítio Roberto Burle Marx - IPHAN","true","https://tysnkzmljlmmqpbotkxv.supabase.co/storage/v1/object/public/travel-app-images/ChIJlb-Zf9vomwAR-8FWvwJvOUU/ChIJlb-Zf9vomwAR-8FWvwJvOUU_1754502430814_1.jpg","https://tysnkzmljlmmqpbotkxv.supabase.co/storage/v1/object/public/travel-app-images/wikipedia-f450f36b/stio-roberto-burle-marx-iphan-dateiblick-in-den-pa-1757529884071-1.jpg","unknown","wikipedia","3",""
"feb7f267-0321-4b1b-9401-b8b92b9dec29","Parque Nossa Senhora da Piedade","true","https://tysnkzmljlmmqpbotkxv.supabase.co/storage/v1/object/public/travel-app-images/ChIJocXg2LmapgARwnGZZ67lWzc/ChIJocXg2LmapgARwnGZZ67lWzc_1751578764745_1.jpg","https://tysnkzmljlmmqpbotkxv.supabase.co/storage/v1/object/public/travel-app-images/wikipedia-feb7f267/parque-nossa-senhora-da-piedad-ficheirobandeiradebe-1757529880726-1.svg","unknown","wikipedia","2",""
"84b92064-b0dd-4ce2-9623-569e31babfdf","Praça da Liberdade","true","https://tysnkzmljlmmqpbotkxv.supabase.co/storage/v1/object/public/travel-app-images/ChIJ-0ZjM9yZpgARK3KL0Sml12w/ChIJ-0ZjM9yZpgARK3KL0Sml12w_1751579050119_1.jpg","https://tysnkzmljlmmqpbotkxv.supabase.co/storage/v1/object/public/travel-app-images/wikipedia-84b92064/praa-da-liberdade-ficheiroalamedabhjpg-1757529881462-1.jpg","unknown","wikipedia","3",""
"dd51417c-5a52-484b-9978-c63805bb2ab5","Centro Cultural Banco do Brasil (CCBB)","true","https://tysnkzmljlmmqpbotkxv.supabase.co/storage/v1/object/public/travel-app-images/ChIJT0hbxVh_mQARr0EoWZhw0rA/ChIJT0hbxVh_mQARr0EoWZhw0rA_1754578631114_1.jpg","https://tysnkzmljlmmqpbotkxv.supabase.co/storage/v1/object/public/travel-app-images/wikipedia-dd51417c/centro-cultural-banco-do-brasi-ficheirobblogo1-crop-1757529889361-1.jpg","unknown","wikipedia","3",""
"68086a88-472d-44f3-9c57-fab3854c6c9a","Museo del Chocolate","true","https://tysnkzmljlmmqpbotkxv.supabase.co/storage/v1/object/public/travel-app-images/ChIJC6CEtf2ipBIRkFQaF95uL1Q/ChIJC6CEtf2ipBIRkFQaF95uL1Q_1751567994667_1.jpg","https://tysnkzmljlmmqpbotkxv.supabase.co/storage/v1/object/public/travel-app-images/wikipedia-68086a88/museo-del-chocolate-fitxer2023-facebook--1757529889971-1.svg","unknown","wikipedia","3",""
"8921921c-9099-4a75-aa6c-d67d3a90a241","Parque Central de Nou Barris","true","https://tysnkzmljlmmqpbotkxv.supabase.co/storage/v1/object/public/travel-app-images/ChIJA_JuQD-9pBIRAEBRH-H6AA8/ChIJA_JuQD-9pBIRAEBRH-H6AA8_1751574131130_1.jpg","https://tysnkzmljlmmqpbotkxv.supabase.co/storage/v1/object/public/travel-app-images/wikipedia-8921921c/parque-central-de-nou-barris-fitxeraqeducte-dosri-1757529890873-1.jpg","unknown","wikipedia","3",""
"3373b530-98ca-4c0b-a58c-b99064a69565","Escultura Els Mistos","false","https://tysnkzmljlmmqpbotkxv.supabase.co/storage/v1/object/public/travel-app-images/ChIJG0K8ZwC9pBIRS-PB7Lw6s8I/ChIJG0K8ZwC9pBIRS-PB7Lw6s8I_1751574216772_1.jpg","","unknown","","","No images found on Wikipedia page"
"4ebbeb06-0019-465e-b86b-6a9abf92dc4a","Ecomuseu do Quarteirão Cultural do Matadouro de Santa Cruz","true","https://tysnkzmljlmmqpbotkxv.supabase.co/storage/v1/object/public/travel-app-images/ChIJ95IH8Wr6mwARUh54hCVQ1JM/ChIJ95IH8Wr6mwARUh54hCVQ1JM_1754499805222_1.jpg","https://tysnkzmljlmmqpbotkxv.supabase.co/storage/v1/object/public/travel-app-images/wikipedia-4ebbeb06/ecomuseu-do-quarteiro-cultural-ficheiroflag-of-braz-1757529897724-1.svg","unknown","wikipedia","3",""
"99e8456d-e199-496b-8859-25e8b58093e5","Quilombo do Camorim","true","https://tysnkzmljlmmqpbotkxv.supabase.co/storage/v1/object/public/travel-app-images/ChIJ-flOhL7dmwAR8bpQyEswD-o/ChIJ-flOhL7dmwAR8bpQyEswD-o_1754503598475_1.jpg","https://tysnkzmljlmmqpbotkxv.supabase.co/storage/v1/object/public/travel-app-images/wikipedia-99e8456d/quilombo-do-camorim-ficheirobandeira-da--1757529899475-1.svg","unknown","wikipedia","3",""
"53f1a32f-6178-4fea-9c20-6b9fe77b5fe0","Parc del Laberint d'Horta","true","https://tysnkzmljlmmqpbotkxv.supabase.co/storage/v1/object/public/travel-app-images/ChIJ1Xj8vF-9pBIRAyIuSGQxzd0/ChIJ1Xj8vF-9pBIRAyIuSGQxzd0_1751574113864_1.jpg","https://tysnkzmljlmmqpbotkxv.supabase.co/storage/v1/object/public/travel-app-images/wikipedia-53f1a32f/parc-del-laberint-dhorta-fitxeragapanto-1jpg-1757529906877-1.jpg","unknown","wikipedia","3",""
"a5936405-1c97-4155-8dbb-4460f9b6d15b","Igreja Evangélica Congregacional de Senador Camará","true","https://tysnkzmljlmmqpbotkxv.supabase.co/storage/v1/object/public/travel-app-images/ChIJTYUoSgngmwARCSjL-uka9ws/ChIJTYUoSgngmwARCSjL-uka9ws_1754501874983_1.jpg","https://tysnkzmljlmmqpbotkxv.supabase.co/storage/v1/object/public/travel-app-images/wikipedia-a5936405/igreja-evanglica-congregaciona-ficheirobandeira-da--1757529906766-1.svg","unknown","wikipedia","3",""
"640de94c-5996-4ac3-93bc-67ffc17d02e7","Espaço Cultural da Marinha","true","https://tysnkzmljlmmqpbotkxv.supabase.co/storage/v1/object/public/travel-app-images/ChIJ3Vt-cOKBmQARV_PYv8SfH2A/ChIJ3Vt-cOKBmQARV_PYv8SfH2A_1754578664840_1.jpg","https://tysnkzmljlmmqpbotkxv.supabase.co/storage/v1/object/public/travel-app-images/wikipedia-640de94c/espao-cultural-da-marinha-ficheirobandeira-da--1757529905348-1.svg","unknown","wikipedia","3",""
"1ed742ca-3102-41d2-bf9e-b788d316c3df","Museu Universitário Solar Grandjean de Montigny (PUC-Rio)","true","https://tysnkzmljlmmqpbotkxv.supabase.co/storage/v1/object/public/travel-app-images/ChIJW3X-98nVmwARE8tQMAB9Jgc/ChIJW3X-98nVmwARE8tQMAB9Jgc_1754579464940_1.jpg","https://tysnkzmljlmmqpbotkxv.supabase.co/storage/v1/object/public/travel-app-images/wikipedia-1ed742ca/museu-universitrio-solar-grand-ficheirosolar-grandj-1757529920384-1.jpg","unknown","wikipedia","2",""
"1d1935a6-f131-4b2b-9e6e-532327f7bed0","Museo Olímpico y del Deporte Joan Antoni Samaranch","true","https://tysnkzmljlmmqpbotkxv.supabase.co/storage/v1/object/public/travel-app-images/ChIJWXeRhm6ipBIREeK1txBkGTM/ChIJWXeRhm6ipBIREeK1txBkGTM_1751569190112_1.jpg","https://tysnkzmljlmmqpbotkxv.supabase.co/storage/v1/object/public/travel-app-images/wikipedia-1d1935a6/museo-olmpico-y-del-deporte-jo-fitxerarbcom-ru-edit-1757529919747-1.svg","unknown","wikipedia","3",""
"9b1508b3-6d60-4ac1-b0a6-5a31d64f5147","Parque de Cervantes","true","https://tysnkzmljlmmqpbotkxv.supabase.co/storage/v1/object/public/travel-app-images/ChIJ5XPgx1uYpBIRepd2FUDpLwg/ChIJ5XPgx1uYpBIRepd2FUDpLwg_1751569934180_1.jpg","https://tysnkzmljlmmqpbotkxv.supabase.co/storage/v1/object/public/travel-app-images/wikipedia-9b1508b3/parque-de-cervantes-fitxeradam-jacinto-b-1757529919810-1.jpg","unknown","wikipedia","3",""
"f932ab04-459a-45fa-97fa-312cb07c497e","Mirante da Praia da Joatinga","true","https://tysnkzmljlmmqpbotkxv.supabase.co/storage/v1/object/public/travel-app-images/ChIJPUvB3pnRmwARENb-sYpCYfU/ChIJPUvB3pnRmwARENb-sYpCYfU_1754508818732_1.jpg","https://tysnkzmljlmmqpbotkxv.supabase.co/storage/v1/object/public/travel-app-images/wikipedia-f932ab04/mirante-da-praia-da-joatinga-ficheirobandeira-da--1757529929576-1.svg","unknown","wikipedia","3",""
"11b70583-27be-4f7b-8a29-319f1c57686d","Jardim Biblioteca Nacional","true","https://tysnkzmljlmmqpbotkxv.supabase.co/storage/v1/object/public/travel-app-images/ChIJNx6U02F_mQAR-eLMjfKLe9U/ChIJNx6U02F_mQAR-eLMjfKLe9U_1754578739967_1.jpg","https://tysnkzmljlmmqpbotkxv.supabase.co/storage/v1/object/public/travel-app-images/wikipedia-11b70583/jardim-biblioteca-nacional-ficheiroamericana-19-1757529927778-1.jpg","unknown","wikipedia","3",""
"f931f4ba-d95c-467d-9f68-80b6470009cc","Copacabana","true","https://tysnkzmljlmmqpbotkxv.supabase.co/storage/v1/object/public/travel-app-images/ChIJU5wP0iPVmwARDWteYzJhPGk/ChIJU5wP0iPVmwARDWteYzJhPGk_1754579550774_1.jpg","https://tysnkzmljlmmqpbotkxv.supabase.co/storage/v1/object/public/travel-app-images/wikipedia-f931f4ba/copacabana-ficheiroavenidaatlan-1757529926572-1.jpg","unknown","wikipedia","3",""
"f0279a0e-7848-4de3-8ac8-4c726d7daf29","Parque de la Ciutadella","true","https://tysnkzmljlmmqpbotkxv.supabase.co/storage/v1/object/public/travel-app-images/ChIJ4QmWQ_2ipBIRcD1a5hhhOEI/ChIJ4QmWQ_2ipBIRcD1a5hhhOEI_1751568402547_1.jpg","https://tysnkzmljlmmqpbotkxv.supabase.co/storage/v1/object/public/travel-app-images/wikipedia-f0279a0e/parque-de-la-ciutadella-fitxer1993barcelona--1757529936396-1.webm","unknown","wikipedia","3",""
"8abfc1ee-3128-4c31-9144-ecfe6f3e1f05","Jardines de Mossén Costa Llobera","true","https://tysnkzmljlmmqpbotkxv.supabase.co/storage/v1/object/public/travel-app-images/ChIJF3a0_USipBIRm7MkeaAwyfY/ChIJF3a0_USipBIRm7MkeaAwyfY_1751569237672_1.jpg","https://tysnkzmljlmmqpbotkxv.supabase.co/storage/v1/object/public/travel-app-images/wikipedia-8abfc1ee/jardines-de-mossn-costa-llober-fitxerarbcom-ru-edit-1757529935273-1.svg","unknown","wikipedia","3",""
"1e788fe3-dfb5-42a7-9ac5-46907655c482","Placa Eu Amo Franca","true","https://tysnkzmljlmmqpbotkxv.supabase.co/storage/v1/object/public/travel-app-images/ChIJPWnhLACnsJQRsETneJPfmrw/ChIJPWnhLACnsJQRsETneJPfmrw_1757333949808_1.jpg","https://tysnkzmljlmmqpbotkxv.supabase.co/storage/v1/object/public/travel-app-images/wikipedia-1e788fe3/placa-eu-amo-franca-ficheiroaa-francanap-1757529936541-1.png","unknown","wikipedia","3",""
"0603b591-c903-4776-9b80-6c98fb1f4e4b","Parque del Guinardó","true","https://tysnkzmljlmmqpbotkxv.supabase.co/storage/v1/object/public/travel-app-images/ChIJDzyZ6MyipBIRN8o_qdw8A0g/ChIJDzyZ6MyipBIRN8o_qdw8A0g_1751574083697_1.jpg","https://tysnkzmljlmmqpbotkxv.supabase.co/storage/v1/object/public/travel-app-images/wikipedia-0603b591/parque-del-guinard-fitxerarbcom-ru-edit-1757529943446-1.svg","unknown","wikipedia","3",""
"93518e61-7629-4012-b7fe-53c0d3286abd","Centro Cultural Casa da FEB Força Expedicionária Brasileira","true","https://tysnkzmljlmmqpbotkxv.supabase.co/storage/v1/object/public/travel-app-images/ChIJr2Omv2N_mQARiQ7y0K4jV1o/ChIJr2Omv2N_mQARiQ7y0K4jV1o_1754578668146_1.jpg","https://tysnkzmljlmmqpbotkxv.supabase.co/storage/v1/object/public/travel-app-images/wikipedia-93518e61/centro-cultural-casa-da-feb-fo-ficheirobblogo1-crop-1757529943092-1.jpg","unknown","wikipedia","3",""
"a55700fa-3751-4072-93ad-074ad1ce4648","Parque de Xavier Montsalvatge","true","https://tysnkzmljlmmqpbotkxv.supabase.co/storage/v1/object/public/travel-app-images/ChIJU5FCbl29pBIRHAHDuQuB0r4/ChIJU5FCbl29pBIRHAHDuQuB0r4_1751574207837_1.jpg","https://tysnkzmljlmmqpbotkxv.supabase.co/storage/v1/object/public/travel-app-images/wikipedia-a55700fa/parque-de-xavier-montsalvatge-fitxerarbcom-ru-edit-1757529943198-1.svg","unknown","wikipedia","3",""
"519857c3-cc53-451d-bb24-f21de1b9e46c","Parroquia Sagrada Familia de Barcelona y Cripta","true","https://tysnkzmljlmmqpbotkxv.supabase.co/storage/v1/object/public/travel-app-images/ChIJV81QorOjpBIRA0NK9EDLPBE/ChIJV81QorOjpBIRA0NK9EDLPBE_1751566411532_1.jpg","https://tysnkzmljlmmqpbotkxv.supabase.co/storage/v1/object/public/travel-app-images/wikipedia-519857c3/parroquia-sagrada-familia-de-b-fitxer141-esglsia-de-1757529950354-1.jpg","unknown","wikipedia","3",""
"9d27eaa1-011b-4fce-824a-5ca7ee0bb886","Parque Estadual do Juquery","true","https://tysnkzmljlmmqpbotkxv.supabase.co/storage/v1/object/public/travel-app-images/ChIJ0yE4xQzlzpQRMcwGfPubWtE/ChIJ0yE4xQzlzpQRMcwGfPubWtE_1752866684652_1.jpg","https://tysnkzmljlmmqpbotkxv.supabase.co/storage/v1/object/public/travel-app-images/wikipedia-9d27eaa1/parque-estadual-do-juquery-ficheirobandeira-do--1757529948515-1.svg","unknown","wikipedia","3",""
"7d3bb621-b7a8-4477-a596-aa1b268cb409","Fundação Planetário da Cidade do Rio de Janeiro","false","https://tysnkzmljlmmqpbotkxv.supabase.co/storage/v1/object/public/travel-app-images/ChIJXbKphbbVmwARkyFh0LoSTOY/ChIJXbKphbbVmwARkyFh0LoSTOY_1754579277304_1.jpg","","unknown","","","No images found on Wikipedia page"
"69eed298-5b7a-46b8-9980-ab6e410c0b5c","Nova Icaria beach","true","https://tysnkzmljlmmqpbotkxv.supabase.co/storage/v1/object/public/travel-app-images/ChIJz9cDEQ2jpBIRyPyyZbHXCkA/ChIJz9cDEQ2jpBIRyPyyZbHXCkA_1751567695932_1.jpg","https://tysnkzmljlmmqpbotkxv.supabase.co/storage/v1/object/public/travel-app-images/wikipedia-69eed298/nova-icaria-beach-fitxerarbcom-ru-edit-1757529958120-1.svg","unknown","wikipedia","3",""
"3e038d36-e8bf-40b0-b472-7c3f1c089a8d","El Auditorio - L'Auditori","true","https://tysnkzmljlmmqpbotkxv.supabase.co/storage/v1/object/public/travel-app-images/ChIJ2bpMNB6jpBIR2NwxeNl0Glk/ChIJ2bpMNB6jpBIR2NwxeNl0Glk_1751567296410_1.jpg","https://tysnkzmljlmmqpbotkxv.supabase.co/storage/v1/object/public/travel-app-images/wikipedia-3e038d36/el-auditorio-lauditori-fitxer050529-barcelo-1757529958249-1.jpg","unknown","wikipedia","3",""
"8ad7045b-f3a0-40d8-a81d-1d7e01d1bb54","Estádio Leônidas da Silva","true","https://tysnkzmljlmmqpbotkxv.supabase.co/storage/v1/object/public/travel-app-images/ChIJ8TGVbQB8mQARGuVB84CBDuM/ChIJ8TGVbQB8mQARGuVB84CBDuM_1754505526802_1.jpg","https://tysnkzmljlmmqpbotkxv.supabase.co/storage/v1/object/public/travel-app-images/wikipedia-8ad7045b/estdio-lenidas-da-silva-ficheiroemojione1-1f-1757529959369-1.svg","unknown","wikipedia","3",""
"a1654bba-3940-45ad-90fd-c6b838856e6f","Playa de Bogatell","true","https://tysnkzmljlmmqpbotkxv.supabase.co/storage/v1/object/public/travel-app-images/ChIJibPmkGyjpBIRxPI0BvxiAjM/ChIJibPmkGyjpBIRxPI0BvxiAjM_1751567686809_1.jpg","https://tysnkzmljlmmqpbotkxv.supabase.co/storage/v1/object/public/travel-app-images/wikipedia-a1654bba/playa-de-bogatell-fitxerarbcom-ru-edit-1757529964623-1.svg","unknown","wikipedia","3",""
"68c6c548-61ad-4fe7-9078-dd2731df7949","Maracanãzinho | Ginásio Gilberto Cardoso","true","https://tysnkzmljlmmqpbotkxv.supabase.co/storage/v1/object/public/travel-app-images/ChIJDYuIul1-mQARAafCRTkkdAQ/ChIJDYuIul1-mQARAafCRTkkdAQ_1754578562862_1.jpg","https://tysnkzmljlmmqpbotkxv.supabase.co/storage/v1/object/public/travel-app-images/wikipedia-68c6c548/maracanzinho-ginsio-gilberto-c-ficheirobandeira-da--1757529965308-1.svg","unknown","wikipedia","3",""
"dbe094df-5abb-4174-b3ee-c5ffe51f3819","Quinta da Boa Vista","true","https://tysnkzmljlmmqpbotkxv.supabase.co/storage/v1/object/public/travel-app-images/ChIJFSDbUvd-mQARBpYtFtksZxs/ChIJFSDbUvd-mQARBpYtFtksZxs_1754578732307_1.jpg","https://tysnkzmljlmmqpbotkxv.supabase.co/storage/v1/object/public/travel-app-images/wikipedia-dbe094df/quinta-da-boa-vista-ficheirobandeira-da--1757529964388-1.svg","unknown","wikipedia","3",""
"34aed681-540e-48d2-8333-1a98b3a87b37","Parque de Josep Serra Martí","true","https://tysnkzmljlmmqpbotkxv.supabase.co/storage/v1/object/public/travel-app-images/ChIJn8IFGhW9pBIRID1RH-H6AA8/ChIJn8IFGhW9pBIRID1RH-H6AA8_1751574093934_1.jpg","https://tysnkzmljlmmqpbotkxv.supabase.co/storage/v1/object/public/travel-app-images/wikipedia-34aed681/parque-de-josep-serra-mart-fitxer198-alegras-di-1757529972300-1.jpg","unknown","wikipedia","3",""
"d282b9b2-afad-4f43-b643-962e2142dbf9","Museu Bispo do Rosario Arte Contemporânea","true","https://tysnkzmljlmmqpbotkxv.supabase.co/storage/v1/object/public/travel-app-images/ChIJY5onyC_ZmwARhcfcZqOlBUQ/ChIJY5onyC_ZmwARhcfcZqOlBUQ_1754502961115_1.jpg","https://tysnkzmljlmmqpbotkxv.supabase.co/storage/v1/object/public/travel-app-images/wikipedia-d282b9b2/museu-bispo-do-rosario-arte-co-ficheirocommonslogos-1757529972916-1.svg","unknown","wikipedia","3",""
"f2a5e46b-5c7c-4e6b-854a-98e61cc0a300","Museo de Historia de Barcelona. Plaza del Rey","true","https://tysnkzmljlmmqpbotkxv.supabase.co/storage/v1/object/public/travel-app-images/ChIJc0WMe_GipBIRJiU_pUq_bRc/ChIJc0WMe_GipBIRJiU_pUq_bRc_1751568073829_1.jpg","https://tysnkzmljlmmqpbotkxv.supabase.co/storage/v1/object/public/travel-app-images/wikipedia-f2a5e46b/museo-de-historia-de-barcelona-fitxerarbcom-ru-edit-1757529970863-1.svg","unknown","wikipedia","3",""
"ac16e195-a2f0-4abb-b58a-26a20a79965d","La Masia de Can Planes barcelona","true","https://tysnkzmljlmmqpbotkxv.supabase.co/storage/v1/object/public/travel-app-images/ChIJD_8NoV-YpBIRAqCA9t4fJLY/ChIJD_8NoV-YpBIRAqCA9t4fJLY_1751569909213_1.jpg","https://tysnkzmljlmmqpbotkxv.supabase.co/storage/v1/object/public/travel-app-images/wikipedia-ac16e195/la-masia-de-can-planes-barcelo-fitxerarbcom-ru-edit-1757529978257-1.svg","unknown","wikipedia","3",""
"e14bdf78-66dc-4915-bd70-70562269fe57","Parque Nacional da Tijuca","true","https://tysnkzmljlmmqpbotkxv.supabase.co/storage/v1/object/public/travel-app-images/ChIJ4zqbyNV_mQAR_BSfApu9sEY/ChIJ4zqbyNV_mQAR_BSfApu9sEY_1754579802104_1.jpg","https://tysnkzmljlmmqpbotkxv.supabase.co/storage/v1/object/public/travel-app-images/wikipedia-e14bdf78/parque-nacional-da-tijuca-ficheiroacudeftrjjpg-1757529978466-1.jpg","unknown","wikipedia","3",""
"70a74fbc-838f-47a6-a9c1-f7c92fd09331","Jardines de la Tamarita","true","https://tysnkzmljlmmqpbotkxv.supabase.co/storage/v1/object/public/travel-app-images/ChIJR2tfABCYpBIRGbL-voRUfCQ/ChIJR2tfABCYpBIRGbL-voRUfCQ_1751574607453_1.jpg","https://tysnkzmljlmmqpbotkxv.supabase.co/storage/v1/object/public/travel-app-images/wikipedia-70a74fbc/jardines-de-la-tamarita-fitxer014-jardins-de-1757529979386-1.jpg","unknown","wikipedia","3",""
"5aceb1b0-4c6f-4c3b-95f2-0d46b63defa9","Estádio Nabi Abi Chedid - Arena Red Bull","true","https://tysnkzmljlmmqpbotkxv.supabase.co/storage/v1/object/public/travel-app-images/ChIJxzT_Gr_JzpQRVCvh-VFwjY8/ChIJxzT_Gr_JzpQRVCvh-VFwjY8_1751414172561_1.jpg","https://tysnkzmljlmmqpbotkxv.supabase.co/storage/v1/object/public/travel-app-images/wikipedia-5aceb1b0/estdio-nabi-abi-chedid-arena-r-ficheirobandeira-do--1757529985874-1.svg","unknown","wikipedia","3",""
"99a5b65d-8fba-4417-b50b-2dc988d02daf","Templo do Rio de Janeiro","true","https://tysnkzmljlmmqpbotkxv.supabase.co/storage/v1/object/public/travel-app-images/ChIJZ-alwY3cmwAR2HD9pXu40kk/ChIJZ-alwY3cmwAR2HD9pXu40kk_1754503920025_1.jpg","https://tysnkzmljlmmqpbotkxv.supabase.co/storage/v1/object/public/travel-app-images/wikipedia-99a5b65d/templo-do-rio-de-janeiro-fileblank-south-amer-1757529988142-1.png","unknown","wikipedia","3",""
"5eeccd43-f7c8-4701-871a-07c8f0a3fb58","Parque de la España Industrial","false","https://tysnkzmljlmmqpbotkxv.supabase.co/storage/v1/object/public/travel-app-images/ChIJG_VbN4GYpBIRwEJRH-H6AA8/ChIJG_VbN4GYpBIRwEJRH-H6AA8_1751569884162_1.jpg","","unknown","","","No images found on Wikipedia page"
"5618c044-7bcf-46d4-8179-82811e649a75","Teatre Grec","true","https://tysnkzmljlmmqpbotkxv.supabase.co/storage/v1/object/public/travel-app-images/ChIJtbzjNG-ipBIRmkPWQX76rOo/ChIJtbzjNG-ipBIRmkPWQX76rOo_1751569246584_1.jpg","https://tysnkzmljlmmqpbotkxv.supabase.co/storage/v1/object/public/travel-app-images/wikipedia-5618c044/teatre-grec-fitxerarbcom-ru-edit-1757529993810-1.svg","unknown","wikipedia","3",""
"a3cc16f8-67c0-43b4-8d37-0460fb88ca4f","Parroquia de San Francisco de Asís","true","https://tysnkzmljlmmqpbotkxv.supabase.co/storage/v1/object/public/travel-app-images/ChIJscURuBajpBIRzSB7HMTyI3A/ChIJscURuBajpBIRzSB7HMTyI3A_1751567369474_1.jpg","https://tysnkzmljlmmqpbotkxv.supabase.co/storage/v1/object/public/travel-app-images/wikipedia-a3cc16f8/parroquia-de-san-francisco-de--fitxer141-esglsia-de-1757529994340-1.jpg","unknown","wikipedia","3",""
"2cb39704-b2b6-44e4-bdbc-314da65c14c2","Shopping RioSul","true","https://tysnkzmljlmmqpbotkxv.supabase.co/storage/v1/object/public/travel-app-images/ChIJGbC2UPh_mQARaQ-EQH_-1IY/ChIJGbC2UPh_mQARaQ-EQH_-1IY_1754579806059_1.jpg","https://tysnkzmljlmmqpbotkxv.supabase.co/storage/v1/object/public/travel-app-images/wikipedia-2cb39704/shopping-riosul-ficheirobandeira-da--1757529994066-1.svg","unknown","wikipedia","3",""
"0718d64b-1771-4375-872d-30a610837038","Castell de Montjuïc","true","https://tysnkzmljlmmqpbotkxv.supabase.co/storage/v1/object/public/travel-app-images/ChIJN7FiCkGipBIR1PJn6ohejww/ChIJN7FiCkGipBIR1PJn6ohejww_1751569128217_1.jpg","https://tysnkzmljlmmqpbotkxv.supabase.co/storage/v1/object/public/travel-app-images/wikipedia-0718d64b/castell-de-montjuc-fitxerarbcom-ru-edit-1757530002154-1.svg","unknown","wikipedia","3",""
"76f30b2b-9fd2-4e6d-93e2-0b66b7c4f764","Bangu Shopping","true","https://tysnkzmljlmmqpbotkxv.supabase.co/storage/v1/object/public/travel-app-images/ChIJ89a-ofLfmwARouUV9oiUy14/ChIJ89a-ofLfmwARouUV9oiUy14_1754503284696_1.jpg","https://tysnkzmljlmmqpbotkxv.supabase.co/storage/v1/object/public/travel-app-images/wikipedia-76f30b2b/bangu-shopping-ficheirocommonslogos-1757530003725-1.svg","unknown","wikipedia","3",""
"15202b1d-7e3d-41cb-9973-6b42e85e9936","Basílica de los Santos Mártires Justo y Pastor","true","https://tysnkzmljlmmqpbotkxv.supabase.co/storage/v1/object/public/travel-app-images/ChIJJy9B3PiipBIR5MDxIuw0yxA/ChIJJy9B3PiipBIR5MDxIuw0yxA_1751568622314_1.jpg","https://tysnkzmljlmmqpbotkxv.supabase.co/storage/v1/object/public/travel-app-images/wikipedia-15202b1d/baslica-de-los-santos-mrtires--fitxer12-sant-just-i-1757530003274-1.jpg","unknown","wikipedia","3",""
"8db029d3-217e-4f9d-bb6b-7e0266650075","Barra da Tijuca","true","https://tysnkzmljlmmqpbotkxv.supabase.co/storage/v1/object/public/travel-app-images/ChIJXf62J0ramwARTg-e2NH2w2M/ChIJXf62J0ramwARTg-e2NH2w2M_1754503911433_1.jpg","https://tysnkzmljlmmqpbotkxv.supabase.co/storage/v1/object/public/travel-app-images/wikipedia-8db029d3/barra-da-tijuca-ficheirobandeira-da--1757530011577-1.svg","unknown","wikipedia","3",""
"0e5291b2-c25e-4ddf-bddd-6d298a7c3a2d","Mirante da Penha","true","https://tysnkzmljlmmqpbotkxv.supabase.co/storage/v1/object/public/travel-app-images/ChIJR4c9_NB7mQAR4RhSAJPUjHg/ChIJR4c9_NB7mQAR4RhSAJPUjHg_1754504208091_1.jpg","https://tysnkzmljlmmqpbotkxv.supabase.co/storage/v1/object/public/travel-app-images/wikipedia-0e5291b2/mirante-da-penha-ficheiroaeroporto-do-1757530012083-1.jpg","unknown","wikipedia","3",""
"96be1479-6b7f-45f4-940a-98384b47e552","Arena Barueri","true","https://tysnkzmljlmmqpbotkxv.supabase.co/storage/v1/object/public/travel-app-images/ChIJaYzWI_cDz5QRd07oLoO1OBU/ChIJaYzWI_cDz5QRd07oLoO1OBU_1751975005429_1.jpg","https://tysnkzmljlmmqpbotkxv.supabase.co/storage/v1/object/public/travel-app-images/wikipedia-96be1479/arena-barueri-ficheiroarena-baruer-1757530009618-1.jpg","unknown","wikipedia","3",""
"1834fdbf-2e51-41d1-9efe-e64268684682","Estádio Municipal Carlos Ferracini","true","https://tysnkzmljlmmqpbotkxv.supabase.co/storage/v1/object/public/travel-app-images/ChIJMyF5XIPkzpQR27kugYlIYs8/ChIJMyF5XIPkzpQR27kugYlIYs8_1752869251085_1.jpg","https://tysnkzmljlmmqpbotkxv.supabase.co/storage/v1/object/public/travel-app-images/wikipedia-1834fdbf/estdio-municipal-carlos-ferrac-plikbrazil-location--1757530018796-1.svg","unknown","wikipedia","3",""
"f58f01e7-354d-4d53-a0f3-ed6f1f60dc3e","Playa de San Sebastián","true","https://tysnkzmljlmmqpbotkxv.supabase.co/storage/v1/object/public/travel-app-images/ChIJC6mQ3aijpBIRD8INAMYw_hg/ChIJC6mQ3aijpBIRD8INAMYw_hg_1751568470572_1.jpg","https://tysnkzmljlmmqpbotkxv.supabase.co/storage/v1/object/public/travel-app-images/wikipedia-f58f01e7/playa-de-san-sebastin-fitxerarbcom-ru-edit-1757530018350-1.svg","unknown","wikipedia","3",""
"b7412a3e-7a20-4700-a6cc-a23846b2351a","BioParque do Rio","true","https://tysnkzmljlmmqpbotkxv.supabase.co/storage/v1/object/public/travel-app-images/ChIJ8bDN5_Z-mQAROixoqiaG1gY/ChIJ8bDN5_Z-mQAROixoqiaG1gY_1754578559140_1.jpg","https://tysnkzmljlmmqpbotkxv.supabase.co/storage/v1/object/public/travel-app-images/wikipedia-b7412a3e/bioparque-do-rio-ficheirobandeira-da--1757530017926-1.svg","unknown","wikipedia","3",""
"9fb3a226-98af-4c91-a4be-a4a01eb37546","Basílica Santuário de Nossa Senhora da Penha de França","true","https://tysnkzmljlmmqpbotkxv.supabase.co/storage/v1/object/public/travel-app-images/ChIJIfBQ-I57mQARl1uy2YWX4AE/ChIJIfBQ-I57mQARl1uy2YWX4AE_1754504121365_1.jpg","https://tysnkzmljlmmqpbotkxv.supabase.co/storage/v1/object/public/travel-app-images/wikipedia-9fb3a226/baslica-santurio-de-nossa-senh-ficheirobandeira-da--1757530026387-1.svg","unknown","wikipedia","3",""
"010131e9-cbe4-4d28-8e72-54349d835c10","Parque de la Nova Icària","true","https://tysnkzmljlmmqpbotkxv.supabase.co/storage/v1/object/public/travel-app-images/ChIJweED9RKjpBIR_wbBiKtTxhM/ChIJweED9RKjpBIR_wbBiKtTxhM_1751567313130_1.jpg","https://tysnkzmljlmmqpbotkxv.supabase.co/storage/v1/object/public/travel-app-images/wikipedia-010131e9/parque-de-la-nova-icria-fitxerarbcom-ru-edit-1757530024907-1.svg","unknown","wikipedia","3",""
"4365120a-603f-402c-90e0-934577d33a88","Real Monasterio de Santa María de Pedralbes","true","https://tysnkzmljlmmqpbotkxv.supabase.co/storage/v1/object/public/travel-app-images/ChIJNd4Y3k6YpBIRrCCwNOSJg48/ChIJNd4Y3k6YpBIRrCCwNOSJg48_1751569876915_1.jpg","https://tysnkzmljlmmqpbotkxv.supabase.co/storage/v1/object/public/travel-app-images/wikipedia-4365120a/real-monasterio-de-santa-mara--fitxer2023-facebook--1757530024980-1.svg","unknown","wikipedia","3",""
"0679192c-ee6f-49be-b071-23f755af124c","Museu de Geociências","true","https://tysnkzmljlmmqpbotkxv.supabase.co/storage/v1/object/public/travel-app-images/ChIJcV5tE0BWzpQR5SDsZGYWHu8/ChIJcV5tE0BWzpQR5SDsZGYWHu8_1752000649842_1.jpg","https://tysnkzmljlmmqpbotkxv.supabase.co/storage/v1/object/public/travel-app-images/wikipedia-0679192c/museu-de-geocincias-ficheiromuseu-de-geo-1757530033329-1.jpg","unknown","wikipedia","3",""
"4e27134e-f69e-48b7-80d5-1947540376c1","Museu do Futebol","true","https://tysnkzmljlmmqpbotkxv.supabase.co/storage/v1/object/public/travel-app-images/ChIJf7Cs2iVYzpQRzp6ZfOjJ3s8/ChIJf7Cs2iVYzpQRzp6ZfOjJ3s8_1755015957719_1.jpg","https://tysnkzmljlmmqpbotkxv.supabase.co/storage/v1/object/public/travel-app-images/wikipedia-4e27134e/museu-do-futebol-ficheirobandeira-da--1757530032352-1.svg","unknown","wikipedia","3",""
"da020474-4a7b-4322-b7bd-353e417214a8","Parque Central del Poblenou","true","https://tysnkzmljlmmqpbotkxv.supabase.co/storage/v1/object/public/travel-app-images/ChIJBW_GCTmjpBIRDgFaZmQ7uT8/ChIJBW_GCTmjpBIRDgFaZmQ7uT8_1751567350104_1.jpg","https://tysnkzmljlmmqpbotkxv.supabase.co/storage/v1/object/public/travel-app-images/wikipedia-da020474/parque-central-del-poblenou-fitxerarbcom-ru-edit-1757530031599-1.svg","unknown","wikipedia","3",""
"35844861-ef9e-4d4b-9328-d47adf070db8","Biblioteca Infanto Juvenil Monteiro Lobato","false","https://tysnkzmljlmmqpbotkxv.supabase.co/storage/v1/object/public/travel-app-images/ChIJV3IvZEhYzpQRyv5t2k7h4Hc/ChIJV3IvZEhYzpQRyv5t2k7h4Hc_1752002729507_1.jpg","","unknown","","","Edge function error: 520  - <!DOCTYPE html>
<!--[if lt IE 7]> <html class="no-js ie6 oldie" lang="en-US"> <![endif]-->
<!--[if IE 7]>    <html class="no-js ie7 oldie" lang="en-US"> <![endif]-->
<!--[if IE 8]>    <html class="no-js ie8 oldie" lang="en-US"> <![endif]-->
<!--[if gt IE 8]><!--> <html class="no-js" lang="en-US"> <!--<![endif]-->
<head>


<title>edge-runtime.supabase.com | 520: Web server is returning an unknown error</title>
<meta charset="UTF-8" />
<meta http-equiv="Content-Type" content="text/html; charset=UTF-8" />
<meta http-equiv="X-UA-Compatible" content="IE=Edge" />
<meta name="robots" content="noindex, nofollow" />
<meta name="viewport" content="width=device-width,initial-scale=1" />
<link rel="stylesheet" id="cf_styles-css" href="/cdn-cgi/styles/main.css" />


</head>
<body>
<div id="cf-wrapper">
    <div id="cf-error-details" class="p-0">
        <header class="mx-auto pt-10 lg:pt-6 lg:px-8 w-240 lg:w-full mb-8">
            <h1 class="inline-block sm:block sm:mb-2 font-light text-60 lg:text-4xl text-black-dark leading-tight mr-2">
              <span class="inline-block">Web server is returning an unknown error</span>
              <span class="code-label">Error code 520</span>
            </h1>
            <div>
               Visit <a href="https://www.cloudflare.com/5xx-error-landing?utm_source=errorcode_520&utm_campaign=edge-runtime.supabase.com" target="_blank" rel="noopener noreferrer">cloudflare.com</a> for more information.
            </div>
            <div class="mt-3">2025-09-10 18:47:59 UTC</div>
        </header>
        <div class="my-8 bg-gradient-gray">
            <div class="w-240 lg:w-full mx-auto">
                <div class="clearfix md:px-8">
                  
<div id="cf-browser-status" class=" relative w-1/3 md:w-full py-15 md:p-0 md:py-8 md:text-left md:border-solid md:border-0 md:border-b md:border-gray-400 overflow-hidden float-left md:float-none text-center">
  <div class="relative mb-10 md:m-0">
    
    <span class="cf-icon-browser block md:hidden h-20 bg-center bg-no-repeat"></span>
    <span class="cf-icon-ok w-12 h-12 absolute left-1/2 md:left-auto md:right-0 md:top-0 -ml-6 -bottom-4"></span>
    
  </div>
  <span class="md:block w-full truncate">You</span>
  <h3 class="md:inline-block mt-3 md:mt-0 text-2xl text-gray-600 font-light leading-1.3">
    
    Browser
    
  </h3>
  <span class="leading-1.3 text-2xl text-green-success">Working</span>
</div>

<div id="cf-cloudflare-status" class=" relative w-1/3 md:w-full py-15 md:p-0 md:py-8 md:text-left md:border-solid md:border-0 md:border-b md:border-gray-400 overflow-hidden float-left md:float-none text-center">
  <div class="relative mb-10 md:m-0">
    <a href="https://www.cloudflare.com/5xx-error-landing?utm_source=errorcode_520&utm_campaign=edge-runtime.supabase.com" target="_blank" rel="noopener noreferrer">
    <span class="cf-icon-cloud block md:hidden h-20 bg-center bg-no-repeat"></span>
    <span class="cf-icon-ok w-12 h-12 absolute left-1/2 md:left-auto md:right-0 md:top-0 -ml-6 -bottom-4"></span>
    </a>
  </div>
  <span class="md:block w-full truncate">São Paulo</span>
  <h3 class="md:inline-block mt-3 md:mt-0 text-2xl text-gray-600 font-light leading-1.3">
    <a href="https://www.cloudflare.com/5xx-error-landing?utm_source=errorcode_520&utm_campaign=edge-runtime.supabase.com" target="_blank" rel="noopener noreferrer">
    Cloudflare
    </a>
  </h3>
  <span class="leading-1.3 text-2xl text-green-success">Working</span>
</div>

<div id="cf-host-status" class="cf-error-source relative w-1/3 md:w-full py-15 md:p-0 md:py-8 md:text-left md:border-solid md:border-0 md:border-b md:border-gray-400 overflow-hidden float-left md:float-none text-center">
  <div class="relative mb-10 md:m-0">
    
    <span class="cf-icon-server block md:hidden h-20 bg-center bg-no-repeat"></span>
    <span class="cf-icon-error w-12 h-12 absolute left-1/2 md:left-auto md:right-0 md:top-0 -ml-6 -bottom-4"></span>
    
  </div>
  <span class="md:block w-full truncate">edge-runtime.supabase.com</span>
  <h3 class="md:inline-block mt-3 md:mt-0 text-2xl text-gray-600 font-light leading-1.3">
    
    Host
    
  </h3>
  <span class="leading-1.3 text-2xl text-red-error">Error</span>
</div>

                </div>
            </div>
        </div>

        <div class="w-240 lg:w-full mx-auto mb-8 lg:px-8">
            <div class="clearfix">
                <div class="w-1/2 md:w-full float-left pr-6 md:pb-10 md:pr-0 leading-relaxed">
                    <h2 class="text-3xl font-normal leading-1.3 mb-4">What happened?</h2>
                    <p>There is an unknown connection issue between Cloudflare and the origin web server. As a result, the web page can not be displayed.</p>
                </div>
                <div class="w-1/2 md:w-full float-left leading-relaxed">
                    <h2 class="text-3xl font-normal leading-1.3 mb-4">What can I do?</h2>
                          <h3 class="text-15 font-semibold mb-2">If you are a visitor of this website:</h3>
      <p class="mb-6">Please try again in a few minutes.</p>

      <h3 class="text-15 font-semibold mb-2">If you are the owner of this website:</h3>
      <p><span>There is an issue between Cloudflare's cache and your origin web server. Cloudflare monitors for these errors and automatically investigates the cause. To help support the investigation, you can pull the corresponding error log from your web server and submit it our support team.  Please include the Ray ID (which is at the bottom of this error page).</span> <a rel="noopener noreferrer" href="https://developers.cloudflare.com/support/troubleshooting/http-status-codes/cloudflare-5xx-errors/error-520/">Additional troubleshooting resources</a>.</p>
                </div>
            </div>
        </div>

        <div class="cf-error-footer cf-wrapper w-240 lg:w-full py-10 sm:py-4 sm:px-8 mx-auto text-center sm:text-left border-solid border-0 border-t border-gray-300">
  <p class="text-13">
    <span class="cf-footer-item sm:block sm:mb-1">Cloudflare Ray ID: <strong class="font-semibold">97d117daf17da4c9</strong></span>
    <span class="cf-footer-separator sm:hidden">&bull;</span>
    <span id="cf-footer-item-ip" class="cf-footer-item hidden sm:block sm:mb-1">
      Your IP:
      <button type="button" id="cf-footer-ip-reveal" class="cf-footer-ip-reveal-btn">Click to reveal</button>
      <span class="hidden" id="cf-footer-ip">186.195.237.143</span>
      <span class="cf-footer-separator sm:hidden">&bull;</span>
    </span>
    <span class="cf-footer-item sm:block sm:mb-1"><span>Performance &amp; security by</span> <a rel="noopener noreferrer" href="https://www.cloudflare.com/5xx-error-landing?utm_source=errorcode_520&utm_campaign=edge-runtime.supabase.com" id="brand_link" target="_blank">Cloudflare</a></span>
    
  </p>
  <script>(function(){function d(){var b=a.getElementById("cf-footer-item-ip"),c=a.getElementById("cf-footer-ip-reveal");b&&"classList"in b&&(b.classList.remove("hidden"),c.addEventListener("click",function(){c.classList.add("hidden");a.getElementById("cf-footer-ip").classList.remove("hidden")}))}var a=document;document.addEventListener&&a.addEventListener("DOMContentLoaded",d)})();</script>
</div><!-- /.error-footer -->


    </div>
</div>
</body>
</html>
"
"4eacd913-226b-4cb0-96c0-9ac068647d94","Museu Judaico de São Paulo","true","https://tysnkzmljlmmqpbotkxv.supabase.co/storage/v1/object/public/travel-app-images/ChIJSxE9mExYzpQRkGjKllIjR-M/ChIJSxE9mExYzpQRkGjKllIjR-M_1755016171394_1.jpg","https://tysnkzmljlmmqpbotkxv.supabase.co/storage/v1/object/public/travel-app-images/wikipedia-4eacd913/museu-judaico-de-so-paulo-ficheirobandeira-do--1757530040998-1.svg","unknown","wikipedia","3",""
"a4868f57-dc49-4d3f-a0ef-f56507aa334e","Biblioteca Mário de Andrade","true","https://tysnkzmljlmmqpbotkxv.supabase.co/storage/v1/object/public/travel-app-images/ChIJYW3KkU1YzpQRTfJFX79doGs/ChIJYW3KkU1YzpQRTfJFX79doGs_1752002720328_1.jpg","https://tysnkzmljlmmqpbotkxv.supabase.co/storage/v1/object/public/travel-app-images/wikipedia-a4868f57/biblioteca-mrio-de-andrade-ficheirobandeira-da--1757530040529-1.svg","unknown","wikipedia","3",""
"a02f7550-fcbd-42f9-b8c5-d6b12266d64f","Fundació Joan Miró","true","https://tysnkzmljlmmqpbotkxv.supabase.co/storage/v1/object/public/travel-app-images/ChIJLcelLmmipBIRqmlJrcEfypY/ChIJLcelLmmipBIRqmlJrcEfypY_1751569145480_1.jpg","https://tysnkzmljlmmqpbotkxv.supabase.co/storage/v1/object/public/travel-app-images/wikipedia-a02f7550/fundaci-joan-mir-fitxer2023-facebook--1757530083838-1.svg","unknown","wikipedia","3",""
"dd072c2d-1b50-4560-9458-f8f0c05b6523","Museu Penitenciário Paulista","true","https://tysnkzmljlmmqpbotkxv.supabase.co/storage/v1/object/public/travel-app-images/ChIJRyEY555YzpQRyOhjiS0MaFQ/ChIJRyEY555YzpQRyOhjiS0MaFQ_1755007485014_1.jpg","https://tysnkzmljlmmqpbotkxv.supabase.co/storage/v1/object/public/travel-app-images/wikipedia-dd072c2d/museu-penitencirio-paulista-ficheiroaugustin-sal-1757530084881-1.jpg","unknown","wikipedia","3",""
"16442285-8df5-4945-9ec6-b319a773e720","Jardines de Ramon Margalef López","true","https://tysnkzmljlmmqpbotkxv.supabase.co/storage/v1/object/public/travel-app-images/ChIJe2_NJXKipBIRDbn_RsPn7d8/ChIJe2_NJXKipBIRDbn_RsPn7d8_1751569219842_1.jpg","https://tysnkzmljlmmqpbotkxv.supabase.co/storage/v1/object/public/travel-app-images/wikipedia-16442285/jardines-de-ramon-margalef-lpe-fitxer151027vista-de-1757530086710-1.jpg","unknown","wikipedia","3",""
"a040cdb8-c390-46ab-bcf3-fad256c1de61","Museu de Zoologia da Universidade de São Paulo","true","https://tysnkzmljlmmqpbotkxv.supabase.co/storage/v1/object/public/travel-app-images/ChIJa2SLe-hbzpQRA4D0nebFESA/ChIJa2SLe-hbzpQRA4D0nebFESA_1755011219659_1.jpg","https://tysnkzmljlmmqpbotkxv.supabase.co/storage/v1/object/public/travel-app-images/wikipedia-a040cdb8/museu-de-zoologia-da-universid-ficheiro20150330-000-1757530096041-1.jpg","unknown","wikipedia","3",""
"9e6aaa1e-2245-4de2-9ed7-18ca76d2ff57","Museo de Arqueología de Cataluña MAC Barcelona","true","https://tysnkzmljlmmqpbotkxv.supabase.co/storage/v1/object/public/travel-app-images/ChIJr-_dbm-ipBIRglWvPSN40mc/ChIJr-_dbm-ipBIRglWvPSN40mc_1751569164539_1.jpg","https://tysnkzmljlmmqpbotkxv.supabase.co/storage/v1/object/public/travel-app-images/wikipedia-9e6aaa1e/museo-de-arqueologa-de-catalua-fitxer2023-facebook--1757530094109-1.svg","unknown","wikipedia","3",""
"e90911cc-47a0-4842-b0fd-de01b679425b","Casa Batlló","true","https://tysnkzmljlmmqpbotkxv.supabase.co/storage/v1/object/public/travel-app-images/ChIJYUFLSe2ipBIRD04uni940kA/ChIJYUFLSe2ipBIRD04uni940kA_1751570678809_1.jpg","https://tysnkzmljlmmqpbotkxv.supabase.co/storage/v1/object/public/travel-app-images/wikipedia-e90911cc/casa-batll-fitxer05-casa-batllj-1757530095134-1.jpg","unknown","wikipedia","3",""
"1e0c41af-6ffc-45fb-af10-5e65ab13f6f1","Jardines de Laribal","true","https://tysnkzmljlmmqpbotkxv.supabase.co/storage/v1/object/public/travel-app-images/ChIJ____226ipBIRTFkTWSZyzhE/ChIJ____226ipBIRTFkTWSZyzhE_1751569229223_1.jpg","https://tysnkzmljlmmqpbotkxv.supabase.co/storage/v1/object/public/travel-app-images/wikipedia-1e0c41af/jardines-de-laribal-fitxerarbcom-ru-edit-1757530102115-1.svg","unknown","wikipedia","3",""
"a2a9c710-2acc-45d5-9742-3c61f17c016f","Boulevard butantã","true","https://tysnkzmljlmmqpbotkxv.supabase.co/storage/v1/object/public/travel-app-images/ChIJB4-N3UhXzpQR5UkDB1rpgFI/ChIJB4-N3UhXzpQR5UkDB1rpgFI_1755043249408_1.jpg","https://tysnkzmljlmmqpbotkxv.supabase.co/storage/v1/object/public/travel-app-images/wikipedia-a2a9c710/boulevard-butant-ficheiroaiga-elevato-1757530102277-1.svg","unknown","wikipedia","3",""
"43106b92-905c-4ae4-835a-e662985416c3","Bosque do Pau-Brasil","true","https://tysnkzmljlmmqpbotkxv.supabase.co/storage/v1/object/public/travel-app-images/ChIJKTjdCgBbzpQR6qrtz_sK8WE/ChIJKTjdCgBbzpQR6qrtz_sK8WE_1755013901110_1.jpg","https://tysnkzmljlmmqpbotkxv.supabase.co/storage/v1/object/public/travel-app-images/wikipedia-43106b92/bosque-do-paubrasil-ficheirobandeira-da--1757530102237-1.svg","unknown","wikipedia","3",""
"c52eb499-e437-4e1e-8ae7-684fdf1395d4","Museu do Ipiranga","true","https://tysnkzmljlmmqpbotkxv.supabase.co/storage/v1/object/public/travel-app-images/ChIJI2BHUOZbzpQRsQU4bg45Myw/ChIJI2BHUOZbzpQRsQU4bg45Myw_1755011212931_1.jpg","https://tysnkzmljlmmqpbotkxv.supabase.co/storage/v1/object/public/travel-app-images/wikipedia-c52eb499/museu-do-ipiranga-ficheiroaugustin-sal-1757530108784-1.jpg","unknown","wikipedia","3",""
"7d065467-bb13-482e-ad20-d930e212ff88","Museu Espírita de São Paulo","true","https://tysnkzmljlmmqpbotkxv.supabase.co/storage/v1/object/public/travel-app-images/ChIJw9y6wIn4zpQRq8iniLrJWZQ/ChIJw9y6wIn4zpQRq8iniLrJWZQ_1755014763061_1.jpg","https://tysnkzmljlmmqpbotkxv.supabase.co/storage/v1/object/public/travel-app-images/wikipedia-7d065467/museu-esprita-de-so-paulo-ficheiro20150330-000-1757530108148-1.jpg","unknown","wikipedia","3",""
"924acf0b-3020-4ce6-9e32-bff9df7863d7","Biblioteca del Museu Marítim de Barcelona","true","https://tysnkzmljlmmqpbotkxv.supabase.co/storage/v1/object/public/travel-app-images/ChIJs26rSFeipBIRcrQkmue_kAs/ChIJs26rSFeipBIRcrQkmue_kAs_1751568842385_1.jpg","https://tysnkzmljlmmqpbotkxv.supabase.co/storage/v1/object/public/travel-app-images/wikipedia-924acf0b/biblioteca-del-museu-martim-de-fitxerarbcom-ru-edit-1757530111532-1.svg","unknown","wikipedia","3",""
"af9320ca-ed1f-4c38-b9c2-fdffe6a0bf2d","Capela de São Miguel Arcanjo","false","https://tysnkzmljlmmqpbotkxv.supabase.co/storage/v1/object/public/travel-app-images/ChIJa2iHPHthzpQRJS3iQDE9pb0/ChIJa2iHPHthzpQRJS3iQDE9pb0_1754680025148_1.jpg","","unknown","","","No images found on Wikipedia page"
"3ef5efe4-1966-48df-8404-6d392f5a1d7d","Capela Nossa Senhora da Misericórdia","true","https://tysnkzmljlmmqpbotkxv.supabase.co/storage/v1/object/public/travel-app-images/ChIJB1eplUdYzpQRuEiu50TBR_A/ChIJB1eplUdYzpQRuEiu50TBR_A_1755016168182_1.jpg","https://tysnkzmljlmmqpbotkxv.supabase.co/storage/v1/object/public/travel-app-images/wikipedia-3ef5efe4/capela-nossa-senhora-da-miseri-ficheirobandeira-da--1757530117305-1.svg","unknown","wikipedia","3",""
"7da794fd-a522-4c31-891c-ffbe01bdc270","Capela Santa Cruz","true","https://tysnkzmljlmmqpbotkxv.supabase.co/storage/v1/object/public/travel-app-images/ChIJ29zBwjH2zpQRHzVxxicXvR8/ChIJ29zBwjH2zpQRHzVxxicXvR8_1755007488442_1.jpg","https://tysnkzmljlmmqpbotkxv.supabase.co/storage/v1/object/public/travel-app-images/wikipedia-7da794fd/capela-santa-cruz-ficheirobandeira-da--1757530117569-1.svg","unknown","wikipedia","3",""
"5e8a946f-b271-46ca-9c16-1bbb55e4f0aa","Museu Histórico do Instituto Butantan","true","https://tysnkzmljlmmqpbotkxv.supabase.co/storage/v1/object/public/travel-app-images/ChIJ9Qv36kVWzpQR1KG0mG2VNMU/ChIJ9Qv36kVWzpQR1KG0mG2VNMU_1752000667001_1.jpg","https://tysnkzmljlmmqpbotkxv.supabase.co/storage/v1/object/public/travel-app-images/wikipedia-5e8a946f/museu-histrico-do-instituto-bu-ficheirocommonslogos-1757530124197-1.svg","unknown","wikipedia","3",""
"7cd2f9c3-c02f-4348-b1fb-d278832c9202","Orla da Praia do Leblon","false","https://tysnkzmljlmmqpbotkxv.supabase.co/storage/v1/object/public/travel-app-images/ChIJsZYcFADVmwARcNVH6rWWSUk/ChIJsZYcFADVmwARcNVH6rWWSUk_1754580654306_1.jpg","","unknown","","","No images found on Wikipedia page"
"c6805ca2-e26b-4a84-a0be-6b4d199e9f37","Museu Histórico do Instituto Butantan - Espaço Terra Firme","true","https://tysnkzmljlmmqpbotkxv.supabase.co/storage/v1/object/public/travel-app-images/ChIJx7ZDWQBXzpQRqAgTZiGyxro/ChIJx7ZDWQBXzpQRqAgTZiGyxro_1755043233719_1.jpg","https://tysnkzmljlmmqpbotkxv.supabase.co/storage/v1/object/public/travel-app-images/wikipedia-c6805ca2/museu-histrico-do-instituto-bu-ficheiroampliao-e-mo-1757530124987-1.jpg","unknown","wikipedia","3",""
"b094bbc6-0c44-4ac1-bdde-7a8c1684136d","Eu Amo Pirituba","true","https://tysnkzmljlmmqpbotkxv.supabase.co/storage/v1/object/public/travel-app-images/ChIJNzxr4rj5zpQRZCxQ_bBoZbM/ChIJNzxr4rj5zpQRZCxQ_bBoZbM_1755014770058_1.jpg","https://tysnkzmljlmmqpbotkxv.supabase.co/storage/v1/object/public/travel-app-images/wikipedia-b094bbc6/eu-amo-pirituba-ficheirobandeira-do--1757530131286-1.svg","unknown","wikipedia","3",""
"d2a041e9-5017-47ff-8c94-9dda6de319b3","Park Güell","true","https://tysnkzmljlmmqpbotkxv.supabase.co/storage/v1/object/public/travel-app-images/ChIJq0HUUq6ipBIRWM6qGqALmok/ChIJq0HUUq6ipBIRWM6qGqALmok_1751574536140_1.jpg","https://tysnkzmljlmmqpbotkxv.supabase.co/storage/v1/object/public/travel-app-images/wikipedia-d2a041e9/park-gell-fitxer27-parc-gell-s-1757530130656-1.jpg","unknown","wikipedia","3",""
"f71a7d06-6a62-4ae1-af52-a7b66232e40e","Casa do Caboclo do Parque da Água Branca","true","https://tysnkzmljlmmqpbotkxv.supabase.co/storage/v1/object/public/travel-app-images/ChIJHUuKkwlXzpQReAolBD5NyZA/ChIJHUuKkwlXzpQReAolBD5NyZA_1755015245897_1.jpg","https://tysnkzmljlmmqpbotkxv.supabase.co/storage/v1/object/public/travel-app-images/wikipedia-f71a7d06/casa-do-caboclo-do-parque-da-g-ficheirobandeira-do--1757530130854-1.svg","unknown","wikipedia","3",""
"07a3b396-98f0-472c-9718-8c2a865a6c9a","Parque Natural Municipal Chico Mendes","true","https://tysnkzmljlmmqpbotkxv.supabase.co/storage/v1/object/public/travel-app-images/ChIJKa9S6LDCmwAR7i_a8ZaicQg/ChIJKa9S6LDCmwAR7i_a8ZaicQg_1754502265978_1.jpg","https://tysnkzmljlmmqpbotkxv.supabase.co/storage/v1/object/public/travel-app-images/wikipedia-07a3b396/parque-natural-municipal-chico-ficheirobandeira-da--1757530140895-1.svg","unknown","wikipedia","3",""
"f5b58d6a-0591-4459-89bb-07f0551f5a7b","Horto Oswaldo Cruz","true","https://tysnkzmljlmmqpbotkxv.supabase.co/storage/v1/object/public/travel-app-images/ChIJG1aOP1BXzpQRxcDnS4zqBkY/ChIJG1aOP1BXzpQRxcDnS4zqBkY_1755043243402_1.jpg","https://tysnkzmljlmmqpbotkxv.supabase.co/storage/v1/object/public/travel-app-images/wikipedia-f5b58d6a/horto-oswaldo-cruz-ficheiroampliao-e-mo-1757530138967-1.jpg","unknown","wikipedia","3",""
"925abfb4-6fa1-4c30-9c68-266c19b3087a","CRAI UPF Biblioteca del Poblenou","true","https://tysnkzmljlmmqpbotkxv.supabase.co/storage/v1/object/public/travel-app-images/ChIJBwndMCOjpBIRm1RiIYMVWKs/ChIJBwndMCOjpBIRm1RiIYMVWKs_1751567427138_1.jpg","https://tysnkzmljlmmqpbotkxv.supabase.co/storage/v1/object/public/travel-app-images/wikipedia-925abfb4/crai-upf-biblioteca-del-poblen-fitxeravegsvg-1757530138478-1.svg","unknown","wikipedia","3",""
"73f9dc2d-f4da-4ef8-bce0-a94374540db3","Neo Química Arena","true","https://tysnkzmljlmmqpbotkxv.supabase.co/storage/v1/object/public/travel-app-images/ChIJVbiPyd5mzpQR-OzSvP9hsPI/ChIJVbiPyd5mzpQR-OzSvP9hsPI_1754680476804_1.jpg","https://tysnkzmljlmmqpbotkxv.supabase.co/storage/v1/object/public/travel-app-images/wikipedia-73f9dc2d/neo-qumica-arena-ficheiroarena-corint-1757530147060-1.jpg","unknown","wikipedia","3",""
"d7f774be-e191-40f1-8fcd-4c74aef093a2","Paróquia Nossa Senhora do Bom Conselho","true","https://tysnkzmljlmmqpbotkxv.supabase.co/storage/v1/object/public/travel-app-images/ChIJeyP-vbFezpQRt5NeysfNab8/ChIJeyP-vbFezpQRt5NeysfNab8_1755011198925_1.jpg","https://tysnkzmljlmmqpbotkxv.supabase.co/storage/v1/object/public/travel-app-images/wikipedia-d7f774be/parquia-nossa-senhora-do-bom-c-ficheiroblue-pencils-1757530147049-1.svg","unknown","wikipedia","3",""
"b58ab4ab-bdb6-404b-9239-2c3bb89f9f96","Parque de la Creueta del Coll","true","https://tysnkzmljlmmqpbotkxv.supabase.co/storage/v1/object/public/travel-app-images/ChIJZYks8aqipBIR8D5RH-H6AA8/ChIJZYks8aqipBIR8D5RH-H6AA8_1751574567396_1.jpg","https://tysnkzmljlmmqpbotkxv.supabase.co/storage/v1/object/public/travel-app-images/wikipedia-b58ab4ab/parque-de-la-creueta-del-coll-fitxerarbcom-ru-edit-1757530146491-1.svg","unknown","wikipedia","3",""
"d7460596-6c6e-4bb1-964f-0d5dedcf8c6d","Monasterio de Santa María de Valldonzella","true","https://tysnkzmljlmmqpbotkxv.supabase.co/storage/v1/object/public/travel-app-images/ChIJUSMmBBqYpBIRVVfY4GkTdrQ/ChIJUSMmBBqYpBIRVVfY4GkTdrQ_1751574559215_1.jpg","https://tysnkzmljlmmqpbotkxv.supabase.co/storage/v1/object/public/travel-app-images/wikipedia-d7460596/monasterio-de-santa-mara-de-va-fitxerarbcom-ru-edit-1757530151938-1.svg","unknown","wikipedia","3",""
"53e2edbd-bc09-456c-92ce-88893f0b560d","Paróquia Nossa Senhora da Consolação","false","https://tysnkzmljlmmqpbotkxv.supabase.co/storage/v1/object/public/travel-app-images/ChIJI1maUElYzpQRXVrgcflFObY/ChIJI1maUElYzpQRXVrgcflFObY_1755016175103_1.jpg","","unknown","","","No images found on Wikipedia page"
"1a4cc78a-bccd-4b1a-81ac-a96ce9698ed7","Cementerio de Montjuïc","true","https://tysnkzmljlmmqpbotkxv.supabase.co/storage/v1/object/public/travel-app-images/ChIJI_qx1A6ipBIRc5TA2IQ9dZE/ChIJI_qx1A6ipBIRc5TA2IQ9dZE_1751569155229_1.jpg","https://tysnkzmljlmmqpbotkxv.supabase.co/storage/v1/object/public/travel-app-images/wikipedia-1a4cc78a/cementerio-de-montjuc-fitxer024-pante-batl-1757530153981-1.jpg","unknown","wikipedia","3",""
"48b1cfac-3430-47d1-a0a8-2bb028c0edde","Museu do Teleférico","true","https://tysnkzmljlmmqpbotkxv.supabase.co/storage/v1/object/public/travel-app-images/ChIJo0dQYniBmQARc-pUtuT0Wxo/ChIJo0dQYniBmQARc-pUtuT0Wxo_1754580028261_1.jpg","https://tysnkzmljlmmqpbotkxv.supabase.co/storage/v1/object/public/travel-app-images/wikipedia-48b1cfac/museu-do-telefrico-ficheiro63734937-bon-1757530160770-1.jpg","unknown","wikipedia","3",""
"1b8deec9-3ae8-4cfa-af4c-49924702293e","Instituto Butantan","true","https://tysnkzmljlmmqpbotkxv.supabase.co/storage/v1/object/public/travel-app-images/ChIJC-Fs_U9WzpQROnQtskcz5aU/ChIJC-Fs_U9WzpQROnQtskcz5aU_1752000899115_1.jpg","https://tysnkzmljlmmqpbotkxv.supabase.co/storage/v1/object/public/travel-app-images/wikipedia-1b8deec9/instituto-butantan-ficheiroampliao-e-mo-1757530160739-1.jpg","unknown","wikipedia","3",""
"ff02677c-741b-4d0c-85b0-a026b1e01fb8","Cinemateca Brasileira","true","https://tysnkzmljlmmqpbotkxv.supabase.co/storage/v1/object/public/travel-app-images/ChIJP4C4yyBazpQRL7SDfLyXF4g/ChIJP4C4yyBazpQRL7SDfLyXF4g_1752002756527_1.jpg","https://tysnkzmljlmmqpbotkxv.supabase.co/storage/v1/object/public/travel-app-images/wikipedia-ff02677c/cinemateca-brasileira-ficheirobandeira-da--1757530159879-1.svg","unknown","wikipedia","3",""
"62e45079-4bbf-473e-9083-8970bc52dda8","Casa do Bandeirante (Butantã) / Museu da Cidade de São Paulo","true","https://tysnkzmljlmmqpbotkxv.supabase.co/storage/v1/object/public/travel-app-images/ChIJVRSj7kxWzpQRuh7wQebhnIg/ChIJVRSj7kxWzpQRuh7wQebhnIg_1755015654624_1.jpg","https://tysnkzmljlmmqpbotkxv.supabase.co/storage/v1/object/public/travel-app-images/wikipedia-62e45079/casa-do-bandeirante-butant-mus-ficheirobandeira-da--1757530166535-1.svg","unknown","wikipedia","3",""
"c3d9058d-b053-4799-b6e5-8f32385d57f1","Estádio Alfredo Schürig","true","https://tysnkzmljlmmqpbotkxv.supabase.co/storage/v1/object/public/travel-app-images/ChIJHUV2O-JezpQRSJSufR5jocw/ChIJHUV2O-JezpQRSJSufR5jocw_1755010196855_1.jpg","https://tysnkzmljlmmqpbotkxv.supabase.co/storage/v1/object/public/travel-app-images/wikipedia-c3d9058d/estdio-alfredo-schrig-ficheiroarena-corint-1757530166023-1.jpg","unknown","wikipedia","3",""
"fd20b848-2623-4a5c-8e72-0b808cb6c202","Paróquia Nossa Senhora do Ó","true","https://tysnkzmljlmmqpbotkxv.supabase.co/storage/v1/object/public/travel-app-images/ChIJXeSgyU_4zpQR_EvncBm3D_0/ChIJXeSgyU_4zpQR_EvncBm3D_0_1752001971542_1.jpg","https://tysnkzmljlmmqpbotkxv.supabase.co/storage/v1/object/public/travel-app-images/wikipedia-fd20b848/parquia-nossa-senhora-do--ficheirobandeira-da--1757530166203-1.svg","unknown","wikipedia","3",""
"e4b81999-02ae-4b5d-a42a-6cfd3adada87","Monumento à Independência","true","https://tysnkzmljlmmqpbotkxv.supabase.co/storage/v1/object/public/travel-app-images/ChIJVaV5NOBbzpQR-_pP7ZadNrE/ChIJVaV5NOBbzpQR-_pP7ZadNrE_1755011195852_1.jpg","https://tysnkzmljlmmqpbotkxv.supabase.co/storage/v1/object/public/travel-app-images/wikipedia-e4b81999/monumento-independncia-ficheirobandeira-da--1757530172505-1.svg","unknown","wikipedia","3",""
"fe53fd73-99bd-4446-9a0c-2f83b0a805b2","Biblioteca IME-USP","true","https://tysnkzmljlmmqpbotkxv.supabase.co/storage/v1/object/public/travel-app-images/ChIJrTNUQhRWzpQRrhi-RNJr1ic/ChIJrTNUQhRWzpQRrhi-RNJr1ic_1752001379333_1.jpg","https://tysnkzmljlmmqpbotkxv.supabase.co/storage/v1/object/public/travel-app-images/wikipedia-fe53fd73/biblioteca-imeusp-ficheirobandeira-da--1757530171969-1.svg","unknown","wikipedia","3",""
"ba4672b6-9d56-4502-96f0-70cb3fb36b30","Shopping Light","true","https://tysnkzmljlmmqpbotkxv.supabase.co/storage/v1/object/public/travel-app-images/ChIJGbrer1NYzpQR_S2XHV3Y4hA/ChIJGbrer1NYzpQR_S2XHV3Y4hA_1755016240277_1.jpg","https://tysnkzmljlmmqpbotkxv.supabase.co/storage/v1/object/public/travel-app-images/wikipedia-ba4672b6/shopping-light-ficheiroalexandre-ma-1757530174910-1.jpg","unknown","wikipedia","3",""
"6fa03bd7-8ad5-4d48-8fff-6838b4993353","Maracanã","true","https://tysnkzmljlmmqpbotkxv.supabase.co/storage/v1/object/public/travel-app-images/ChIJDYuIul1-mQAR5XRi7ogx8_U/ChIJDYuIul1-mQAR5XRi7ogx8_U_1754578540352_1.jpg","https://tysnkzmljlmmqpbotkxv.supabase.co/storage/v1/object/public/travel-app-images/wikipedia-6fa03bd7/maracan-ficheiro2016-summer--1757530184280-1.jpg","unknown","wikipedia","3",""
"83e760e5-d17f-47f6-aeee-adbb3e1475c6","Pedra de Guaratiba","true","https://tysnkzmljlmmqpbotkxv.supabase.co/storage/v1/object/public/travel-app-images/ChIJXS0lUwDxmwARWcyo9owMMNg/ChIJXS0lUwDxmwARWcyo9owMMNg_1754500902660_1.jpg","https://tysnkzmljlmmqpbotkxv.supabase.co/storage/v1/object/public/travel-app-images/wikipedia-83e760e5/pedra-de-guaratiba-ficheirobandeira-da--1757530183415-1.svg","unknown","wikipedia","3",""
"26a1cf78-64c9-4032-ba4a-5a4d37c4b9c6","Museu da Cidade de São Paulo / Sítio da Ressaca","true","https://tysnkzmljlmmqpbotkxv.supabase.co/storage/v1/object/public/travel-app-images/ChIJhYr8lMNazpQR23FO7K85Jh8/ChIJhYr8lMNazpQR23FO7K85Jh8_1755014132598_1.jpg","https://tysnkzmljlmmqpbotkxv.supabase.co/storage/v1/object/public/travel-app-images/wikipedia-26a1cf78/museu-da-cidade-de-so-paulo-st-ficheirobandeira-da--1757530183792-1.svg","unknown","wikipedia","3",""
"29b529dc-af7d-4eda-bf50-044436221dbe","Casa de Vidro Lina Bo Bardi","true","https://tysnkzmljlmmqpbotkxv.supabase.co/storage/v1/object/public/travel-app-images/ChIJIeI52NRWzpQRf2LIZ2XjG4k/ChIJIeI52NRWzpQRf2LIZ2XjG4k_1755014358795_1.jpg","https://tysnkzmljlmmqpbotkxv.supabase.co/storage/v1/object/public/travel-app-images/wikipedia-29b529dc/casa-de-vidro-lina-bo-bardi-ficheirobandeira-da--1757530191338-1.svg","unknown","wikipedia","3",""
"1b45813d-66de-464a-8332-83e3f70a07be","Casa de Portugal","true","https://tysnkzmljlmmqpbotkxv.supabase.co/storage/v1/object/public/travel-app-images/ChIJyxr9Ua9ZzpQRRakvbcbwzk4/ChIJyxr9Ua9ZzpQRRakvbcbwzk4_1752002712548_1.jpg","https://tysnkzmljlmmqpbotkxv.supabase.co/storage/v1/object/public/travel-app-images/wikipedia-1b45813d/casa-de-portugal-ficheirocasa-de-port-1757530191345-1.jpg","unknown","wikipedia","2",""
"2356d588-a76e-471c-9ca2-8e2b4f361e09","Playa Mar Bella","true","https://tysnkzmljlmmqpbotkxv.supabase.co/storage/v1/object/public/travel-app-images/ChIJVdPs-2ijpBIRut8R8zb6omY/ChIJVdPs-2ijpBIRut8R8zb6omY_1751567704965_1.jpg","https://tysnkzmljlmmqpbotkxv.supabase.co/storage/v1/object/public/travel-app-images/wikipedia-2356d588/playa-mar-bella-fitxerarbcom-ru-edit-1757530191127-1.svg","unknown","wikipedia","3",""
"7c5813a1-45a9-48c9-92a4-d46dca59b360","Museu da Maré","true","https://tysnkzmljlmmqpbotkxv.supabase.co/storage/v1/object/public/travel-app-images/ChIJ1ZtHzbJ-mQARSHwXFVEqQ4A/ChIJ1ZtHzbJ-mQARSHwXFVEqQ4A_1754504141649_1.jpg","https://tysnkzmljlmmqpbotkxv.supabase.co/storage/v1/object/public/travel-app-images/wikipedia-7c5813a1/museu-da-mar-ficheirobandeira-da--1757530198945-1.svg","unknown","wikipedia","2",""
"a3156d21-1581-4003-8fed-f06d07ed2db6","Museo Tàpies","false","https://tysnkzmljlmmqpbotkxv.supabase.co/storage/v1/object/public/travel-app-images/ChIJ5XvzpJKipBIRrTCSZXbotTo/ChIJ5XvzpJKipBIRrTCSZXbotTo_1751570706471_1.jpg","","unknown","","","No images found on Wikipedia page"
"b0ff5009-3466-4960-891a-0486c85c03fe","Biblioteca Escolar Municipal da Glória Pedro Nava","true","https://tysnkzmljlmmqpbotkxv.supabase.co/storage/v1/object/public/travel-app-images/ChIJC8w_AH1_mQARGo0299yOPG4/ChIJC8w_AH1_mQARGo0299yOPG4_1754579147861_1.jpg","https://tysnkzmljlmmqpbotkxv.supabase.co/storage/v1/object/public/travel-app-images/wikipedia-b0ff5009/biblioteca-escolar-municipal-d-ficheiroamericana-19-1757530197994-1.jpg","unknown","wikipedia","3",""
"61674d19-0335-4ed2-abe7-6646225a6c13","Antiguo monasterio de San Pau del Campo","true","https://tysnkzmljlmmqpbotkxv.supabase.co/storage/v1/object/public/travel-app-images/ChIJkfKHpl6ipBIR8tKD_Gnha58/ChIJkfKHpl6ipBIR8tKD_Gnha58_1751568594159_1.jpg","https://tysnkzmljlmmqpbotkxv.supabase.co/storage/v1/object/public/travel-app-images/wikipedia-61674d19/antiguo-monasterio-de-san-pau--fitxerantiguo-monast-1757530205797-1.jpg","unknown","wikipedia","3",""
"5c32f466-4da4-49f4-8dee-00e05606b442","Palau de la Música Catalana","true","https://tysnkzmljlmmqpbotkxv.supabase.co/storage/v1/object/public/travel-app-images/ChIJQQSrd_qipBIRQ2xzarVkqn8/ChIJQQSrd_qipBIRQ2xzarVkqn8_1751567908899_1.jpg","https://tysnkzmljlmmqpbotkxv.supabase.co/storage/v1/object/public/travel-app-images/wikipedia-5c32f466/palau-de-la-msica-catalana-fitxer22-11-01-palau-1757530215719-1.jpg","unknown","wikipedia","3",""
"f6984a26-232e-44cb-8813-b2184e3af92c","Arco de Triunfo de Barcelona","true","https://tysnkzmljlmmqpbotkxv.supabase.co/storage/v1/object/public/travel-app-images/ChIJoXZqNuOipBIRsZU39a8r_qk/ChIJoXZqNuOipBIRsZU39a8r_qk_1751568010893_1.jpg","https://tysnkzmljlmmqpbotkxv.supabase.co/storage/v1/object/public/travel-app-images/wikipedia-f6984a26/arco-de-triunfo-de-barcelona-fitxer118-fames-de-l-1757530205408-1.jpg","unknown","wikipedia","3",""
"71e9c2e9-4e21-40be-99d0-c1f016478cf4","Ateneu Barcelonès","true","https://tysnkzmljlmmqpbotkxv.supabase.co/storage/v1/object/public/travel-app-images/ChIJI96t3faipBIRLQVI9EYIVJ8/ChIJI96t3faipBIRLQVI9EYIVJ8_1751567943535_1.jpg","https://tysnkzmljlmmqpbotkxv.supabase.co/storage/v1/object/public/travel-app-images/wikipedia-71e9c2e9/ateneu-barcelons-fitxerarbcom-ru-edit-1757530222748-1.svg","unknown","wikipedia","3",""
"896fb10b-c8ce-4d2d-b403-33b5949bc1b8","Biblioteca Poblenou - Manuel Arranz","true","https://tysnkzmljlmmqpbotkxv.supabase.co/storage/v1/object/public/travel-app-images/ChIJ-ePn_D-jpBIR6FKmYQiw_pU/ChIJ-ePn_D-jpBIR6FKmYQiw_pU_1751567392547_1.jpg","https://tysnkzmljlmmqpbotkxv.supabase.co/storage/v1/object/public/travel-app-images/wikipedia-896fb10b/biblioteca-poblenou-manuel-arr-fitxerarbcom-ru-edit-1757530222686-1.svg","unknown","wikipedia","3",""
"7c3710d1-a7d5-46b2-a76e-6f7dea9a318b","Museu Picasso de Barcelona","true","https://tysnkzmljlmmqpbotkxv.supabase.co/storage/v1/object/public/travel-app-images/ChIJa-K8mf6ipBIRY8wAB3EeASc/ChIJa-K8mf6ipBIRY8wAB3EeASc_1751567901738_1.jpg","https://tysnkzmljlmmqpbotkxv.supabase.co/storage/v1/object/public/travel-app-images/wikipedia-7c3710d1/museu-picasso-de-barcelona-fitxerarbcom-ru-edit-1757530228463-1.svg","unknown","wikipedia","3",""
"0dfca7e2-81c5-42a5-b2f5-bff03714f8a2","Museo de Cera de Barcelona","true","https://tysnkzmljlmmqpbotkxv.supabase.co/storage/v1/object/public/travel-app-images/ChIJSXLa41aipBIR8O0eAyi4epg/ChIJSXLa41aipBIR8O0eAyi4epg_1751567962513_1.jpg","https://tysnkzmljlmmqpbotkxv.supabase.co/storage/v1/object/public/travel-app-images/wikipedia-0dfca7e2/museo-de-cera-de-barcelona-fitxerarbcom-ru-edit-1757530234116-1.svg","unknown","wikipedia","3",""
"f9df6190-598d-43a3-941a-2382f3df1bc0","Basílica de Santa Maria del Mar","true","https://tysnkzmljlmmqpbotkxv.supabase.co/storage/v1/object/public/travel-app-images/ChIJV6QNXv6ipBIRYOHAH1yUvLQ/ChIJV6QNXv6ipBIRYOHAH1yUvLQ_1751567934415_1.jpg","https://tysnkzmljlmmqpbotkxv.supabase.co/storage/v1/object/public/travel-app-images/wikipedia-f9df6190/baslica-de-santa-maria-del-mar-fitxer090511barcinos-1757530234391-1.jpg","unknown","wikipedia","3",""
"537fc88b-d845-4472-888f-09e9bc177af4","Basílica de Santa María del Pi","true","https://tysnkzmljlmmqpbotkxv.supabase.co/storage/v1/object/public/travel-app-images/ChIJx5adlPeipBIRKWosvaChtG0/ChIJx5adlPeipBIRKWosvaChtG0_1751568002926_1.jpg","https://tysnkzmljlmmqpbotkxv.supabase.co/storage/v1/object/public/travel-app-images/wikipedia-537fc88b/baslica-de-santa-mara-del-pi-fitxerarbcom-ru-edit-1757530234173-1.svg","unknown","wikipedia","3",""
"ff8bcf2f-a9f8-451e-bdd0-b1db2548ce88","Museo Egipcio de Barcelona","true","https://tysnkzmljlmmqpbotkxv.supabase.co/storage/v1/object/public/travel-app-images/ChIJkeeo1OyipBIR---OHUceofI/ChIJkeeo1OyipBIR---OHUceofI_1751570687831_1.jpg","https://tysnkzmljlmmqpbotkxv.supabase.co/storage/v1/object/public/travel-app-images/wikipedia-ff8bcf2f/museo-egipcio-de-barcelona-fitxerarbcom-ru-edit-1757530240446-1.svg","unknown","wikipedia","3",""
"69b25f60-c2d6-4d93-974f-396edc7dcfe9","Biblioteca","true","https://tysnkzmljlmmqpbotkxv.supabase.co/storage/v1/object/public/travel-app-images/ChIJ4b3BCGC9pBIRXf1xrVP-TQs/ChIJ4b3BCGC9pBIRXf1xrVP-TQs_1751574385353_1.jpg","https://tysnkzmljlmmqpbotkxv.supabase.co/storage/v1/object/public/travel-app-images/wikipedia-69b25f60/biblioteca-fitxer2023-facebook--1757530241175-1.svg","unknown","wikipedia","3",""
"97b9dccf-545f-417a-947c-890e0303361e","Catedral de Barcelona","true","https://tysnkzmljlmmqpbotkxv.supabase.co/storage/v1/object/public/travel-app-images/ChIJg2xxlvmipBIRg1jhdSQR9hY/ChIJg2xxlvmipBIRg1jhdSQR9hY_1751567917872_1.jpg","https://tysnkzmljlmmqpbotkxv.supabase.co/storage/v1/object/public/travel-app-images/wikipedia-97b9dccf/catedral-de-barcelona-fitxerbarcelona-cath-1757530242494-1.jpg","unknown","wikipedia","3",""
"57c14259-d468-410b-865c-d16423808ee6","Biblioteca de Catalunya","true","https://tysnkzmljlmmqpbotkxv.supabase.co/storage/v1/object/public/travel-app-images/ChIJ8aUupFiipBIRA9FcIk8i2ao/ChIJ8aUupFiipBIRA9FcIk8i2ao_1751568797227_1.jpg","https://tysnkzmljlmmqpbotkxv.supabase.co/storage/v1/object/public/travel-app-images/wikipedia-57c14259/biblioteca-de-catalunya-fitxer2023-facebook--1757530250386-1.svg","unknown","wikipedia","3",""
"8642265d-55a6-4dc1-b253-9cd9637fafc2","Cala Jovera","true","https://tysnkzmljlmmqpbotkxv.supabase.co/storage/v1/object/public/travel-app-images/ChIJN2Jiv8D6oxIRnwDiKQNQg1s/ChIJN2Jiv8D6oxIRnwDiKQNQg1s_1752613466451_1.jpg","https://tysnkzmljlmmqpbotkxv.supabase.co/storage/v1/object/public/travel-app-images/wikipedia-8642265d/cala-jovera-fitxerarbcom-ru-edit-1757530249979-1.svg","unknown","wikipedia","3",""
"e9aedc3b-7a88-46cd-aa42-9123c2bbfb00","Biblioteca Gabriel García Márquez","false","https://tysnkzmljlmmqpbotkxv.supabase.co/storage/v1/object/public/travel-app-images/ChIJa4p625ejpBIRcOVg7l6DpoI/ChIJa4p625ejpBIRcOVg7l6DpoI_1751572696649_1.jpg","","unknown","","","Edge function error: 520  - <!DOCTYPE html>
<!--[if lt IE 7]> <html class="no-js ie6 oldie" lang="en-US"> <![endif]-->
<!--[if IE 7]>    <html class="no-js ie7 oldie" lang="en-US"> <![endif]-->
<!--[if IE 8]>    <html class="no-js ie8 oldie" lang="en-US"> <![endif]-->
<!--[if gt IE 8]><!--> <html class="no-js" lang="en-US"> <!--<![endif]-->
<head>


<title>edge-runtime.supabase.com | 520: Web server is returning an unknown error</title>
<meta charset="UTF-8" />
<meta http-equiv="Content-Type" content="text/html; charset=UTF-8" />
<meta http-equiv="X-UA-Compatible" content="IE=Edge" />
<meta name="robots" content="noindex, nofollow" />
<meta name="viewport" content="width=device-width,initial-scale=1" />
<link rel="stylesheet" id="cf_styles-css" href="/cdn-cgi/styles/main.css" />


</head>
<body>
<div id="cf-wrapper">
    <div id="cf-error-details" class="p-0">
        <header class="mx-auto pt-10 lg:pt-6 lg:px-8 w-240 lg:w-full mb-8">
            <h1 class="inline-block sm:block sm:mb-2 font-light text-60 lg:text-4xl text-black-dark leading-tight mr-2">
              <span class="inline-block">Web server is returning an unknown error</span>
              <span class="code-label">Error code 520</span>
            </h1>
            <div>
               Visit <a href="https://www.cloudflare.com/5xx-error-landing?utm_source=errorcode_520&utm_campaign=edge-runtime.supabase.com" target="_blank" rel="noopener noreferrer">cloudflare.com</a> for more information.
            </div>
            <div class="mt-3">2025-09-10 18:51:28 UTC</div>
        </header>
        <div class="my-8 bg-gradient-gray">
            <div class="w-240 lg:w-full mx-auto">
                <div class="clearfix md:px-8">
                  
<div id="cf-browser-status" class=" relative w-1/3 md:w-full py-15 md:p-0 md:py-8 md:text-left md:border-solid md:border-0 md:border-b md:border-gray-400 overflow-hidden float-left md:float-none text-center">
  <div class="relative mb-10 md:m-0">
    
    <span class="cf-icon-browser block md:hidden h-20 bg-center bg-no-repeat"></span>
    <span class="cf-icon-ok w-12 h-12 absolute left-1/2 md:left-auto md:right-0 md:top-0 -ml-6 -bottom-4"></span>
    
  </div>
  <span class="md:block w-full truncate">You</span>
  <h3 class="md:inline-block mt-3 md:mt-0 text-2xl text-gray-600 font-light leading-1.3">
    
    Browser
    
  </h3>
  <span class="leading-1.3 text-2xl text-green-success">Working</span>
</div>

<div id="cf-cloudflare-status" class=" relative w-1/3 md:w-full py-15 md:p-0 md:py-8 md:text-left md:border-solid md:border-0 md:border-b md:border-gray-400 overflow-hidden float-left md:float-none text-center">
  <div class="relative mb-10 md:m-0">
    <a href="https://www.cloudflare.com/5xx-error-landing?utm_source=errorcode_520&utm_campaign=edge-runtime.supabase.com" target="_blank" rel="noopener noreferrer">
    <span class="cf-icon-cloud block md:hidden h-20 bg-center bg-no-repeat"></span>
    <span class="cf-icon-ok w-12 h-12 absolute left-1/2 md:left-auto md:right-0 md:top-0 -ml-6 -bottom-4"></span>
    </a>
  </div>
  <span class="md:block w-full truncate">São Paulo</span>
  <h3 class="md:inline-block mt-3 md:mt-0 text-2xl text-gray-600 font-light leading-1.3">
    <a href="https://www.cloudflare.com/5xx-error-landing?utm_source=errorcode_520&utm_campaign=edge-runtime.supabase.com" target="_blank" rel="noopener noreferrer">
    Cloudflare
    </a>
  </h3>
  <span class="leading-1.3 text-2xl text-green-success">Working</span>
</div>

<div id="cf-host-status" class="cf-error-source relative w-1/3 md:w-full py-15 md:p-0 md:py-8 md:text-left md:border-solid md:border-0 md:border-b md:border-gray-400 overflow-hidden float-left md:float-none text-center">
  <div class="relative mb-10 md:m-0">
    
    <span class="cf-icon-server block md:hidden h-20 bg-center bg-no-repeat"></span>
    <span class="cf-icon-error w-12 h-12 absolute left-1/2 md:left-auto md:right-0 md:top-0 -ml-6 -bottom-4"></span>
    
  </div>
  <span class="md:block w-full truncate">edge-runtime.supabase.com</span>
  <h3 class="md:inline-block mt-3 md:mt-0 text-2xl text-gray-600 font-light leading-1.3">
    
    Host
    
  </h3>
  <span class="leading-1.3 text-2xl text-red-error">Error</span>
</div>

                </div>
            </div>
        </div>

        <div class="w-240 lg:w-full mx-auto mb-8 lg:px-8">
            <div class="clearfix">
                <div class="w-1/2 md:w-full float-left pr-6 md:pb-10 md:pr-0 leading-relaxed">
                    <h2 class="text-3xl font-normal leading-1.3 mb-4">What happened?</h2>
                    <p>There is an unknown connection issue between Cloudflare and the origin web server. As a result, the web page can not be displayed.</p>
                </div>
                <div class="w-1/2 md:w-full float-left leading-relaxed">
                    <h2 class="text-3xl font-normal leading-1.3 mb-4">What can I do?</h2>
                          <h3 class="text-15 font-semibold mb-2">If you are a visitor of this website:</h3>
      <p class="mb-6">Please try again in a few minutes.</p>

      <h3 class="text-15 font-semibold mb-2">If you are the owner of this website:</h3>
      <p><span>There is an issue between Cloudflare's cache and your origin web server. Cloudflare monitors for these errors and automatically investigates the cause. To help support the investigation, you can pull the corresponding error log from your web server and submit it our support team.  Please include the Ray ID (which is at the bottom of this error page).</span> <a rel="noopener noreferrer" href="https://developers.cloudflare.com/support/troubleshooting/http-status-codes/cloudflare-5xx-errors/error-520/">Additional troubleshooting resources</a>.</p>
                </div>
            </div>
        </div>

        <div class="cf-error-footer cf-wrapper w-240 lg:w-full py-10 sm:py-4 sm:px-8 mx-auto text-center sm:text-left border-solid border-0 border-t border-gray-300">
  <p class="text-13">
    <span class="cf-footer-item sm:block sm:mb-1">Cloudflare Ray ID: <strong class="font-semibold">97d11cf5d6ff02fd</strong></span>
    <span class="cf-footer-separator sm:hidden">&bull;</span>
    <span id="cf-footer-item-ip" class="cf-footer-item hidden sm:block sm:mb-1">
      Your IP:
      <button type="button" id="cf-footer-ip-reveal" class="cf-footer-ip-reveal-btn">Click to reveal</button>
      <span class="hidden" id="cf-footer-ip">186.195.237.143</span>
      <span class="cf-footer-separator sm:hidden">&bull;</span>
    </span>
    <span class="cf-footer-item sm:block sm:mb-1"><span>Performance &amp; security by</span> <a rel="noopener noreferrer" href="https://www.cloudflare.com/5xx-error-landing?utm_source=errorcode_520&utm_campaign=edge-runtime.supabase.com" id="brand_link" target="_blank">Cloudflare</a></span>
    
  </p>
  <script>(function(){function d(){var b=a.getElementById("cf-footer-item-ip"),c=a.getElementById("cf-footer-ip-reveal");b&&"classList"in b&&(b.classList.remove("hidden"),c.addEventListener("click",function(){c.classList.add("hidden");a.getElementById("cf-footer-ip").classList.remove("hidden")}))}var a=document;document.addEventListener&&a.addEventListener("DOMContentLoaded",d)})();</script>
</div><!-- /.error-footer -->


    </div>
</div>
</body>
</html>
"
"3661895c-ac46-45ef-87cc-f7f106b0b0fe","Bonanova","true","https://tysnkzmljlmmqpbotkxv.supabase.co/storage/v1/object/public/travel-app-images/ChIJnX4D9RGYpBIRQ2uhMdY_gMw/ChIJnX4D9RGYpBIRQ2uhMdY_gMw_1751574939887_1.jpg","https://tysnkzmljlmmqpbotkxv.supabase.co/storage/v1/object/public/travel-app-images/wikipedia-3661895c/bonanova-fitxerarbcom-ru-edit-1757530293105-1.svg","unknown","wikipedia","3",""
"b753c57f-625c-4a70-b9b8-2b6eae27431f","Casa Amatller","true","https://tysnkzmljlmmqpbotkxv.supabase.co/storage/v1/object/public/travel-app-images/ChIJdTx2T-2ipBIRQM8Gwarzfik/ChIJdTx2T-2ipBIRQM8Gwarzfik_1751570696532_1.jpg","https://tysnkzmljlmmqpbotkxv.supabase.co/storage/v1/object/public/travel-app-images/wikipedia-b753c57f/casa-amatller-fitxerarbcom-ru-edit-1757530292662-1.svg","unknown","wikipedia","3",""
"02074c28-b200-4077-94a4-89114d4d14bb","Centre Excursionista de Catalunya","true","https://tysnkzmljlmmqpbotkxv.supabase.co/storage/v1/object/public/travel-app-images/ChIJ7a7JAPmipBIR1qextblCuZM/ChIJ7a7JAPmipBIR1qextblCuZM_1751568411384_1.jpg","https://tysnkzmljlmmqpbotkxv.supabase.co/storage/v1/object/public/travel-app-images/wikipedia-02074c28/centre-excursionista-de-catalu-fitxer2023-facebook--1757530293485-1.svg","unknown","wikipedia","3",""
"9223758a-420b-4bf2-9355-71d1ca7cb892","Museo de Historia de la Inmigración de Cataluña","true","https://tysnkzmljlmmqpbotkxv.supabase.co/storage/v1/object/public/travel-app-images/ChIJ0xXdnbG8pBIR7qtS7VVfrKM/ChIJ0xXdnbG8pBIR7qtS7VVfrKM_1751572651952_1.jpg","https://tysnkzmljlmmqpbotkxv.supabase.co/storage/v1/object/public/travel-app-images/wikipedia-9223758a/museo-de-historia-de-la-inmigr-fitxerbarcelona-absi-1757530301475-1.jpg","unknown","wikipedia","3",""
"2e7eb039-55b3-4423-911a-f36c952102c5","Museo de Historia de Cataluña","true","https://tysnkzmljlmmqpbotkxv.supabase.co/storage/v1/object/public/travel-app-images/ChIJBTfBbwCjpBIRK-jjm940utc/ChIJBTfBbwCjpBIRK-jjm940utc_1751568091089_1.jpg","https://tysnkzmljlmmqpbotkxv.supabase.co/storage/v1/object/public/travel-app-images/wikipedia-2e7eb039/museo-de-historia-de-catalua-fitxer029-palau-de-m-1757530300589-1.jpg","unknown","wikipedia","3",""
"5b1695cb-1ec2-401d-a149-8aa58d66a33e","Museo Erótico de Barcelona","true","https://tysnkzmljlmmqpbotkxv.supabase.co/storage/v1/object/public/travel-app-images/ChIJfdDpi6iCpBIR5Sd8iLJd5KE/ChIJfdDpi6iCpBIR5Sd8iLJd5KE_1751568082873_1.jpg","https://tysnkzmljlmmqpbotkxv.supabase.co/storage/v1/object/public/travel-app-images/wikipedia-5b1695cb/museo-ertico-de-barcelona-archivocommonslogosv-1757530299203-1.svg","unknown","wikipedia","3",""
"1fe5993c-0d40-44c7-bdbb-6d9502d7b5df","Museo Europeo de Arte Moderno","true","https://tysnkzmljlmmqpbotkxv.supabase.co/storage/v1/object/public/travel-app-images/ChIJveK7vP6ipBIRiegu-jsxGX8/ChIJveK7vP6ipBIRiegu-jsxGX8_1751567978788_1.jpg","https://tysnkzmljlmmqpbotkxv.supabase.co/storage/v1/object/public/travel-app-images/wikipedia-1fe5993c/museo-europeo-de-arte-moderno-fitxerarbcom-ru-edit-1757530310763-1.svg","unknown","wikipedia","3",""
"33813381-9475-4c2c-bd36-0f3d3de826be","Parque de atracciones Tibidabo","true","https://tysnkzmljlmmqpbotkxv.supabase.co/storage/v1/object/public/travel-app-images/ChIJwYnKYCeYpBIRyz3MKkhZ5C8/ChIJwYnKYCeYpBIRyz3MKkhZ5C8_1751574585118_1.jpg","https://tysnkzmljlmmqpbotkxv.supabase.co/storage/v1/object/public/travel-app-images/wikipedia-33813381/parque-de-atracciones-tibidabo-fitxerbarcelona-el-t-1757530311907-1.jpg","unknown","wikipedia","3",""
"9f16875c-6252-47ac-ad1d-4180b2de2ed9","Spotify Camp Nou Tour & Museo FC Barcelona","true","https://tysnkzmljlmmqpbotkxv.supabase.co/storage/v1/object/public/travel-app-images/ChIJ8Xo6PvSYpBIRL-dJTf5d_Ws/ChIJ8Xo6PvSYpBIRL-dJTf5d_Ws_1751569924863_1.jpg","https://tysnkzmljlmmqpbotkxv.supabase.co/storage/v1/object/public/travel-app-images/wikipedia-9f16875c/spotify-camp-nou-tour-museo-fc-filebcnestadiolimpic-1757530309998-1.jpg","unknown","wikipedia","3",""
"05bb8ea5-748e-44ed-b1be-86151f0cee50","Feira de Embu","false","https://tysnkzmljlmmqpbotkxv.supabase.co/storage/v1/object/public/travel-app-images/ChIJ51ETyXGrz5QRek2g83fueaE/ChIJ51ETyXGrz5QRek2g83fueaE_1751982980013_1.jpg","","unknown","","","No images found on Wikipedia page"
"bf19d832-0227-4a50-850b-e022c3b1fad3","Biblioteca del Parlamento de Cataluña","true","https://tysnkzmljlmmqpbotkxv.supabase.co/storage/v1/object/public/travel-app-images/ChIJfYPfiAGjpBIR9MApTJdbaF4/ChIJfYPfiAGjpBIR9MApTJdbaF4_1751568852131_1.jpg","https://tysnkzmljlmmqpbotkxv.supabase.co/storage/v1/object/public/travel-app-images/wikipedia-bf19d832/biblioteca-del-parlamento-de-c-fitxer2023-facebook--1757530317734-1.svg","unknown","wikipedia","3",""
"162ea1aa-c531-4557-b9b0-537910d3bedb","Parque de las Rieras de Horta","true","https://tysnkzmljlmmqpbotkxv.supabase.co/storage/v1/object/public/travel-app-images/ChIJb7TxVUW9pBIRwX5R6L5Rs4c/ChIJb7TxVUW9pBIRwX5R6L5Rs4c_1751574104493_1.jpg","https://tysnkzmljlmmqpbotkxv.supabase.co/storage/v1/object/public/travel-app-images/wikipedia-162ea1aa/parque-de-las-rieras-de-horta-fitxeragapanto-1jpg-1757530318552-1.jpg","unknown","wikipedia","3",""
"37a18478-33d4-4777-9b69-8db8cd568252","Iglesia de San Vicente de Sarrià","true","https://tysnkzmljlmmqpbotkxv.supabase.co/storage/v1/object/public/travel-app-images/ChIJ27srMkeYpBIRJ1DArQ5tfBY/ChIJ27srMkeYpBIRJ1DArQ5tfBY_1751570219202_1.jpg","https://tysnkzmljlmmqpbotkxv.supabase.co/storage/v1/object/public/travel-app-images/wikipedia-37a18478/iglesia-de-san-vicente-de-sarr-fitxerarbcom-ru-edit-1757530325710-1.svg","unknown","wikipedia","3",""
"ebdfd551-fc9d-452b-9969-3aa654f2e742","Biblioteca Fort Pienc - Ana María Moix","false","https://tysnkzmljlmmqpbotkxv.supabase.co/storage/v1/object/public/travel-app-images/ChIJ155fqOOipBIRh4B1_jGbo3o/ChIJ155fqOOipBIRh4B1_jGbo3o_1751567419756_1.jpg","","unknown","","","No images found on Wikipedia page"
"4d96deab-f657-484c-9ee4-3a73ed06ab13","Capilla de Marcús","true","https://tysnkzmljlmmqpbotkxv.supabase.co/storage/v1/object/public/travel-app-images/ChIJFf0mA_yipBIRmrj06fT0Zfc/ChIJFf0mA_yipBIRmrj06fT0Zfc_1751567882371_1.jpg","https://tysnkzmljlmmqpbotkxv.supabase.co/storage/v1/object/public/travel-app-images/wikipedia-4d96deab/capilla-de-marcs-fitxer118-capella-de-1757530326617-1.jpg","unknown","wikipedia","3",""
"ebf50d3b-1d49-44b1-a296-20593157addd","Cilindro de Horta","true","https://tysnkzmljlmmqpbotkxv.supabase.co/storage/v1/object/public/travel-app-images/ChIJp0Wdq0-9pBIRKVBHv7M07vg/ChIJp0Wdq0-9pBIRKVBHv7M07vg_1751574178211_1.jpg","https://tysnkzmljlmmqpbotkxv.supabase.co/storage/v1/object/public/travel-app-images/wikipedia-ebf50d3b/cilindro-de-horta-fitxeravesvg-1757530333605-1.svg","unknown","wikipedia","3",""
"4968c57a-c6e2-4632-81c9-4b27ae5ed32f","Funicular del Tibidabo (Cuca de Llum)","true","https://tysnkzmljlmmqpbotkxv.supabase.co/storage/v1/object/public/travel-app-images/ChIJTT0v9BuYpBIR-6dL7HmK5Yg/ChIJTT0v9BuYpBIR-6dL7HmK5Yg_1751574575965_1.jpg","https://tysnkzmljlmmqpbotkxv.supabase.co/storage/v1/object/public/travel-app-images/wikipedia-4968c57a/funicular-del-tibidabo-cuca-de-fitxercommonslogosvg-1757530334418-1.svg","unknown","wikipedia","3",""
"77e393da-9a01-450e-883b-2cf4ab90c227","Bosque de la Marquesa","true","https://tysnkzmljlmmqpbotkxv.supabase.co/storage/v1/object/public/travel-app-images/ChIJb83PdMP6oxIR11LaMYAMU4k/ChIJb83PdMP6oxIR11LaMYAMU4k_1752613422989_1.jpg","https://tysnkzmljlmmqpbotkxv.supabase.co/storage/v1/object/public/travel-app-images/wikipedia-77e393da/bosque-de-la-marquesa-fitxerarbcom-ru-edit-1757530334520-1.svg","unknown","wikipedia","3",""
"a7ed1345-198d-4027-814b-ceb820017a29","Arzobispado de Barcelona","true","https://tysnkzmljlmmqpbotkxv.supabase.co/storage/v1/object/public/travel-app-images/ChIJt7wPyPmipBIR0CkfuljdyIw/ChIJt7wPyPmipBIR0CkfuljdyIw_1751568603600_1.jpg","https://tysnkzmljlmmqpbotkxv.supabase.co/storage/v1/object/public/travel-app-images/wikipedia-a7ed1345/arzobispado-de-barcelona-fitxer050529-barcelo-1757530339733-1.jpg","unknown","wikipedia","3",""
"33a6f572-349f-4bbf-9ea2-8070a5faf9fd","Praia do Diabo","false","https://tysnkzmljlmmqpbotkxv.supabase.co/storage/v1/object/public/travel-app-images/ChIJ6ZjFVCPVmwAR6Y6TY2W5oFM/ChIJ6ZjFVCPVmwAR6Y6TY2W5oFM_1754580230199_1.jpg","","unknown","","","No images found on Wikipedia page"
"e8fe1967-bb20-496a-b93d-d01fc4dd477f","Saint Colman's Park Cobh Ramblers","true","https://tysnkzmljlmmqpbotkxv.supabase.co/storage/v1/object/public/travel-app-images/ChIJP4HVvaGDREgRAJZpLes9bvE/ChIJP4HVvaGDREgRAJZpLes9bvE_1753986726142_1.jpg","https://tysnkzmljlmmqpbotkxv.supabase.co/storage/v1/object/public/travel-app-images/wikipedia-e8fe1967/saint-colmans-park-cobh-ramble-filequestion-booknew-1757530339143-1.svg","unknown","wikipedia","1",""
"81631d9e-038a-40c9-ac59-5da52d97b559","Jardines de Can Mantega","true","https://tysnkzmljlmmqpbotkxv.supabase.co/storage/v1/object/public/travel-app-images/ChIJBaaqqomYpBIRbsr1J7gdmJ8/ChIJBaaqqomYpBIRbsr1J7gdmJ8_1751569893180_1.jpg","https://tysnkzmljlmmqpbotkxv.supabase.co/storage/v1/object/public/travel-app-images/wikipedia-81631d9e/jardines-de-can-mantega-fitxerarbcom-ru-edit-1757530346359-1.svg","unknown","wikipedia","3",""
"4d42b642-85ff-4299-9b13-794e92860094","Cattedrale di San Colman","true","https://tysnkzmljlmmqpbotkxv.supabase.co/storage/v1/object/public/travel-app-images/ChIJt8aHmaaDREgRxxynYFWKg4w/ChIJt8aHmaaDREgRxxynYFWKg4w_1753986573792_1.jpg","https://tysnkzmljlmmqpbotkxv.supabase.co/storage/v1/object/public/travel-app-images/wikipedia-4d42b642/cattedrale-di-san-colman-file046cupolaspietro-1757530346617-1.jpg","unknown","wikipedia","3",""
"8a00588c-f9cd-4fb2-b924-c56552953d95","Cork City Gaol","true","https://tysnkzmljlmmqpbotkxv.supabase.co/storage/v1/object/public/travel-app-images/ChIJjSbJCTqQREgRPE3ogkSLAJU/ChIJjSbJCTqQREgRPE3ogkSLAJU_1753985211344_1.jpg","https://tysnkzmljlmmqpbotkxv.supabase.co/storage/v1/object/public/travel-app-images/wikipedia-8a00588c/cork-city-gaol-filecommonslogosvg-1757530345790-1.svg","unknown","wikipedia","3",""
"19fffcb2-957f-43e0-8c12-5a9df8e7b9a0","Musgrave Park","true","https://tysnkzmljlmmqpbotkxv.supabase.co/storage/v1/object/public/travel-app-images/ChIJG85odeSPREgRVdegpp_DiJw/ChIJG85odeSPREgRVdegpp_DiJw_1753986174874_1.jpg","https://tysnkzmljlmmqpbotkxv.supabase.co/storage/v1/object/public/travel-app-images/wikipedia-19fffcb2/musgrave-park-filecommonslogosvg-1757530352747-1.svg","unknown","wikipedia","3",""
"a5b06008-7c5d-454b-b9b4-32aa7bc31b92","Blackrock Castle Observatory","true","https://tysnkzmljlmmqpbotkxv.supabase.co/storage/v1/object/public/travel-app-images/ChIJb3Yr0NeaREgRhwKkKC9pPPc/ChIJb3Yr0NeaREgRhwKkKC9pPPc_1753986088797_1.jpg","https://tysnkzmljlmmqpbotkxv.supabase.co/storage/v1/object/public/travel-app-images/wikipedia-a5b06008/blackrock-castle-observatory-fileunidentified-cas-1757530352308-1.jpg","unknown","wikipedia","3",""
"89839479-0b15-442a-927c-c9df83841bc4","The Butter Museum","true","https://tysnkzmljlmmqpbotkxv.supabase.co/storage/v1/object/public/travel-app-images/ChIJmbkaxROQREgRLf0QXRFL0w8/ChIJmbkaxROQREgRLf0QXRFL0w8_1753985842204_1.jpg","https://tysnkzmljlmmqpbotkxv.supabase.co/storage/v1/object/public/travel-app-images/wikipedia-89839479/the-butter-museum-filecorkbuttermuseum-1757530353199-1.jpg","unknown","wikipedia","3",""
"25ac87e9-d9ab-4841-a99c-6be8914a5c32","Basílica de San José Oriol","true","https://tysnkzmljlmmqpbotkxv.supabase.co/storage/v1/object/public/travel-app-images/ChIJRwjAB4mipBIR0f6GOlrikLQ/ChIJRwjAB4mipBIR0f6GOlrikLQ_1751570933025_1.jpg","https://tysnkzmljlmmqpbotkxv.supabase.co/storage/v1/object/public/travel-app-images/wikipedia-25ac87e9/baslica-de-san-jos-oriol-fitxer006-esglsia-de-1757530361319-1.jpg","unknown","wikipedia","3",""
"2876c7cc-45ba-422b-892b-23b190aa9947","Museo de la Ciencia CosmoCaixa","true","https://tysnkzmljlmmqpbotkxv.supabase.co/storage/v1/object/public/travel-app-images/ChIJzdmhJBqYpBIR83dP63GAFSA/ChIJzdmhJBqYpBIR83dP63GAFSA_1751574544000_1.jpg","https://tysnkzmljlmmqpbotkxv.supabase.co/storage/v1/object/public/travel-app-images/wikipedia-2876c7cc/museo-de-la-ciencia-cosmocaixa-fitxer2023-facebook--1757530360016-1.svg","unknown","wikipedia","3",""
"437e73bd-9307-4c0e-bfee-3648a25922e0","Biblioteca Josep Janés","false","https://tysnkzmljlmmqpbotkxv.supabase.co/storage/v1/object/public/travel-app-images/ChIJGRaJyfOYpBIRaVEDPi82PS8/ChIJGRaJyfOYpBIRaVEDPi82PS8_1751570320221_1.jpg","","unknown","","","No images found on Wikipedia page"
"5ec2b7b7-8647-49e6-97c5-c133f07b4518","Casa Vicens Gaudí","true","https://tysnkzmljlmmqpbotkxv.supabase.co/storage/v1/object/public/travel-app-images/ChIJoYA0MqKipBIRRwJG2R8H8s4/ChIJoYA0MqKipBIRRwJG2R8H8s4_1751570730387_1.jpg","https://tysnkzmljlmmqpbotkxv.supabase.co/storage/v1/object/public/travel-app-images/wikipedia-5ec2b7b7/casa-vicens-gaud-fitxerabassvg-1757530368756-1.svg","unknown","wikipedia","3",""
"5bf4d888-8218-4f0f-8067-7a574f7be6a0","Parroquia del Inmaculado Corazón de María","true","https://tysnkzmljlmmqpbotkxv.supabase.co/storage/v1/object/public/travel-app-images/ChIJkdY3zsCipBIRcQcFsk9gj-Y/ChIJkdY3zsCipBIRcQcFsk9gj-Y_1751571373972_1.jpg","https://tysnkzmljlmmqpbotkxv.supabase.co/storage/v1/object/public/travel-app-images/wikipedia-5bf4d888/parroquia-del-inmaculado-coraz-fitxerarbcom-ru-edit-1757530368886-1.svg","unknown","wikipedia","3",""
"cdd7d88a-5237-4d0d-8962-38af76c89cbe","Mercado de Sants","true","https://tysnkzmljlmmqpbotkxv.supabase.co/storage/v1/object/public/travel-app-images/ChIJs6E4Eo-YpBIRLUDtfcSKtQM/ChIJs6E4Eo-YpBIRLUDtfcSKtQM_1751571119093_1.jpg","https://tysnkzmljlmmqpbotkxv.supabase.co/storage/v1/object/public/travel-app-images/wikipedia-cdd7d88a/mercado-de-sants-fitxerarbcom-ru-edit-1757530368200-1.svg","unknown","wikipedia","3",""
"176bb1c2-43f9-41bb-9b42-91f418f8d518","Jardines del Baix Guinardó","true","https://tysnkzmljlmmqpbotkxv.supabase.co/storage/v1/object/public/travel-app-images/ChIJvbo4PsaipBIRX4EWvNCefdA/ChIJvbo4PsaipBIRX4EWvNCefdA_1751571298144_1.jpg","https://tysnkzmljlmmqpbotkxv.supabase.co/storage/v1/object/public/travel-app-images/wikipedia-176bb1c2/jardines-del-baix-guinard-fitxerarbcom-ru-edit-1757530374369-1.svg","unknown","wikipedia","3",""
"c76ae235-a690-4895-9869-01b70db2887d","La Monumental","true","https://tysnkzmljlmmqpbotkxv.supabase.co/storage/v1/object/public/travel-app-images/ChIJx8yWmuCipBIRmGHSaNmc5l8/ChIJx8yWmuCipBIRmGHSaNmc5l8_1751565715789_1.jpg","https://tysnkzmljlmmqpbotkxv.supabase.co/storage/v1/object/public/travel-app-images/wikipedia-c76ae235/la-monumental-fitxer050529-barcelo-1757530373932-1.jpg","unknown","wikipedia","3",""
"67bef9d1-4eb5-4f76-8d0d-b1f0940a8495","Páirc Uí Chaoimh","true","https://tysnkzmljlmmqpbotkxv.supabase.co/storage/v1/object/public/travel-app-images/ChIJKaYG4bmaREgRCr8rVE1m3ag/ChIJKaYG4bmaREgRCr8rVE1m3ag_1753986183255_1.jpg","https://tysnkzmljlmmqpbotkxv.supabase.co/storage/v1/object/public/travel-app-images/wikipedia-67bef9d1/pirc-u-chaoimh-filecommonslogosvg-1757530373955-1.svg","unknown","wikipedia","3",""
"c1abe7f0-94ae-4cdc-87b6-ea559e38f63b","Crawford Municipal Art Gallery","true","https://tysnkzmljlmmqpbotkxv.supabase.co/storage/v1/object/public/travel-app-images/ChIJr8WrNBCQREgRG3XarqkXQl0/ChIJr8WrNBCQREgRG3XarqkXQl0_1753986120358_1.jpg","https://tysnkzmljlmmqpbotkxv.supabase.co/storage/v1/object/public/travel-app-images/wikipedia-c1abe7f0/crawford-municipal-art-gallery-filecommonslogosvg-1757530379758-1.svg","unknown","wikipedia","3",""
"bc58b66b-5602-4a61-be53-ca291753df1c","Cork Opera House","true","https://tysnkzmljlmmqpbotkxv.supabase.co/storage/v1/object/public/travel-app-images/ChIJUeARxhGQREgR5_0a58W6hfg/ChIJUeARxhGQREgR5_0a58W6hfg_1753985819241_1.jpg","https://tysnkzmljlmmqpbotkxv.supabase.co/storage/v1/object/public/travel-app-images/wikipedia-bc58b66b/cork-opera-house-filecorkoperahouse20-1757530380264-1.jpg","unknown","wikipedia","3",""
"8006bdf5-4994-4627-bde1-4abdd0142582","Palacete Princesa Isabel","true","https://tysnkzmljlmmqpbotkxv.supabase.co/storage/v1/object/public/travel-app-images/ChIJc26h8Wr6mwARYLNM8oVosSE/ChIJc26h8Wr6mwARYLNM8oVosSE_1754499643657_1.jpg","https://tysnkzmljlmmqpbotkxv.supabase.co/storage/v1/object/public/travel-app-images/wikipedia-8006bdf5/palacete-princesa-isabel-ficheiroblue-pencils-1757530380493-1.svg","unknown","wikipedia","3",""
"b6a96070-15ee-4edd-9493-abd061a86801","Pàrquing Mèdol","true","https://tysnkzmljlmmqpbotkxv.supabase.co/storage/v1/object/public/travel-app-images/ChIJ78fqxdb7oxIRA8t75F1XK1U/ChIJ78fqxdb7oxIRA8t75F1XK1U_1752613516853_1.jpg","https://tysnkzmljlmmqpbotkxv.supabase.co/storage/v1/object/public/travel-app-images/wikipedia-b6a96070/prquing-mdol-fitxerarbcom-ru-edit-1757530387616-1.svg","unknown","wikipedia","3",""
"b8803d83-2d50-4516-9718-8a419d325a41","Cobh Heritage Centre","true","https://tysnkzmljlmmqpbotkxv.supabase.co/storage/v1/object/public/travel-app-images/ChIJF1abUqKDREgRRcjE8VQwCg0/ChIJF1abUqKDREgRRcjE8VQwCg0_1753986584173_1.jpg","https://tysnkzmljlmmqpbotkxv.supabase.co/storage/v1/object/public/travel-app-images/wikipedia-b8803d83/cobh-heritage-centre-filecobh-heritage-ce-1757530387823-1.png","unknown","wikipedia","3",""
"daf87720-a9eb-4bf0-a903-12792259b9f6","Saints Peter and Paul's Roman Catholic Church","true","https://tysnkzmljlmmqpbotkxv.supabase.co/storage/v1/object/public/travel-app-images/ChIJ-bJu-BCQREgRPBT0Z_BMN4U/ChIJ-bJu-BCQREgRPBT0Z_BMN4U_1753986131129_1.jpg","https://tysnkzmljlmmqpbotkxv.supabase.co/storage/v1/object/public/travel-app-images/wikipedia-daf87720/saints-peter-and-pauls-roman-c-filecommonslogosvg-1757530387889-1.svg","unknown","wikipedia","3",""
"e935fbc0-118b-4b15-be75-5cad54c73484","Museu do Amanhã","true","https://tysnkzmljlmmqpbotkxv.supabase.co/storage/v1/object/public/travel-app-images/ChIJMSqhMld_mQAR4QxmcfkBaTE/ChIJMSqhMld_mQAR4QxmcfkBaTE_1754581137940_1.jpg","https://tysnkzmljlmmqpbotkxv.supabase.co/storage/v1/object/public/travel-app-images/wikipedia-e935fbc0/museu-do-amanh-ficheirobandeira-da--1757530393151-1.svg","unknown","wikipedia","3",""
"1dab939a-07c0-4cdc-bf1c-317b8ec3093e","Igreja Nossa Senhora do Carmo da Antiga Sé","false","https://tysnkzmljlmmqpbotkxv.supabase.co/storage/v1/object/public/travel-app-images/ChIJm2g1bV9_mQARapHw1bCoth8/ChIJm2g1bV9_mQARapHw1bCoth8_1754578577705_1.jpg","","unknown","","","No images found on Wikipedia page"
"41c3761c-b64e-49be-a90b-07e524d1adeb","Arcos da Lapa | Aqueduto da Carioca","true","https://tysnkzmljlmmqpbotkxv.supabase.co/storage/v1/object/public/travel-app-images/ChIJV30alGR_mQARXw03wD-LgiI/ChIJV30alGR_mQARXw03wD-LgiI_1754578571074_1.jpg","https://tysnkzmljlmmqpbotkxv.supabase.co/storage/v1/object/public/travel-app-images/wikipedia-41c3761c/arcos-da-lapa-aqueduto-da-cari-ficheiro2018-rio-de--1757530393926-1.jpg","unknown","wikipedia","3",""
"678418a8-1144-4097-85c6-c36e0d27e86b","Shopping Iguatemi São Paulo","true","https://tysnkzmljlmmqpbotkxv.supabase.co/storage/v1/object/public/travel-app-images/ChIJtb39eG1XzpQRrsiFJG_8XwA/ChIJtb39eG1XzpQRrsiFJG_8XwA_1752002793467_1.jpg","https://tysnkzmljlmmqpbotkxv.supabase.co/storage/v1/object/public/travel-app-images/wikipedia-678418a8/shopping-iguatemi-so-paulo-ficheirobandeira-da--1757530400901-1.svg","unknown","wikipedia","3",""
"988b171c-b95f-4d95-9868-3c63852d74aa","Museu da Vacina","true","https://tysnkzmljlmmqpbotkxv.supabase.co/storage/v1/object/public/travel-app-images/ChIJZdASPVRXzpQRcg5Mao6VEiM/ChIJZdASPVRXzpQRcg5Mao6VEiM_1755043228175_1.jpg","https://tysnkzmljlmmqpbotkxv.supabase.co/storage/v1/object/public/travel-app-images/wikipedia-988b171c/museu-da-vacina-ficheiroampliao-e-mo-1757530400591-1.jpg","unknown","wikipedia","3",""
"187cfd00-4e43-4dd8-9552-f68fb090cb9c","Casa Do Sertanista (Caxingui) - Museu da Cidade de São Paulo","true","https://tysnkzmljlmmqpbotkxv.supabase.co/storage/v1/object/public/travel-app-images/ChIJ94C_4PBWzpQRkqQ9ubjw7QI/ChIJ94C_4PBWzpQRkqQ9ubjw7QI_1755015789494_1.jpg","https://tysnkzmljlmmqpbotkxv.supabase.co/storage/v1/object/public/travel-app-images/wikipedia-187cfd00/casa-do-sertanista-caxingui-mu-ficheirobandeira-da--1757530400828-1.svg","unknown","wikipedia","3",""
"215ed69d-3424-4687-a3da-35370b692548","Casa Mário de Andrade","true","https://tysnkzmljlmmqpbotkxv.supabase.co/storage/v1/object/public/travel-app-images/ChIJsWUtYxBYzpQRQ0K7JkRZPHo/ChIJsWUtYxBYzpQRQ0K7JkRZPHo_1752001928457_1.jpg","https://tysnkzmljlmmqpbotkxv.supabase.co/storage/v1/object/public/travel-app-images/wikipedia-215ed69d/casa-mrio-de-andrade-ficheirocasa-mario-d-1757530407156-1.jpg","unknown","wikipedia","3",""
"ee14bf22-9bd4-44da-870b-f1aeb9196f95","Aeroporto de São Paulo/Congonhas–Deputado Freitas Nobre","true","https://tysnkzmljlmmqpbotkxv.supabase.co/storage/v1/object/public/travel-app-images/ChIJ8wDUuXpazpQRhXBN5pcG5zo/ChIJ8wDUuXpazpQRhXBN5pcG5zo_1755014153870_1.jpg","https://tysnkzmljlmmqpbotkxv.supabase.co/storage/v1/object/public/travel-app-images/wikipedia-ee14bf22/aeroporto-de-so-paulocongonhas-ficheiroaerobox-airp-1757530407321-1.png","unknown","wikipedia","3",""
"e9271c3d-e5b3-4360-a96a-5cbc45112a96","Casa Museu Ema Klabin","true","https://tysnkzmljlmmqpbotkxv.supabase.co/storage/v1/object/public/travel-app-images/ChIJ86I-l2RXzpQRQ88BYOMo2R4/ChIJ86I-l2RXzpQRQ88BYOMo2R4_1752002493479_1.jpg","https://tysnkzmljlmmqpbotkxv.supabase.co/storage/v1/object/public/travel-app-images/wikipedia-e9271c3d/casa-museu-ema-klabin-ficheiroalessandro-a-1757530408413-1.jpg","unknown","wikipedia","3",""
"4015daac-cfc6-43ad-a66c-82f7d9551a61","Museu de Arte Moderna de São Paulo (MAM São Paulo)","true","https://tysnkzmljlmmqpbotkxv.supabase.co/storage/v1/object/public/travel-app-images/ChIJfcBNWvFZzpQRZulYHZlLd8o/ChIJfcBNWvFZzpQRZulYHZlLd8o_1752002458310_1.jpg","https://tysnkzmljlmmqpbotkxv.supabase.co/storage/v1/object/public/travel-app-images/wikipedia-4015daac/museu-de-arte-moderna-de-so-pa-ficheiro20150330-000-1757530416346-1.jpg","unknown","wikipedia","3",""
"1d617b6d-c9f1-4d5c-9fd6-95722f3e2403","Catedral Metropolitana Nossa Sra. da Assunção","true","https://tysnkzmljlmmqpbotkxv.supabase.co/storage/v1/object/public/travel-app-images/ChIJ8e6ysqtZzpQR9QNBpGcus_0/ChIJ8e6ysqtZzpQR9QNBpGcus_0_1752002422742_1.jpg","https://tysnkzmljlmmqpbotkxv.supabase.co/storage/v1/object/public/travel-app-images/wikipedia-1d617b6d/catedral-metropolitana-nossa-s-ficheirobandeira-da--1757530416332-1.svg","unknown","wikipedia","3",""
"e8cb8369-5e08-43a4-8ea1-a5514065f8dc","Aeroporto do Campo de Marte","true","https://tysnkzmljlmmqpbotkxv.supabase.co/storage/v1/object/public/travel-app-images/ChIJX9f8Y9b3zpQRvYzrpaVdTNQ/ChIJX9f8Y9b3zpQRvYzrpaVdTNQ_1755015473744_1.jpg","https://tysnkzmljlmmqpbotkxv.supabase.co/storage/v1/object/public/travel-app-images/wikipedia-e8cb8369/aeroporto-do-campo-de-marte-ficheiro14-bis-santa-1757530417020-1.jpg","unknown","wikipedia","3",""
"da8b0f31-2ec6-47f1-8628-e359558e7f1d","Cemitério Gethsêmani Morumbi","true","https://tysnkzmljlmmqpbotkxv.supabase.co/storage/v1/object/public/travel-app-images/ChIJudvbArlWzpQR6suLxO9gysM/ChIJudvbArlWzpQR6suLxO9gysM_1755014345849_1.jpg","https://tysnkzmljlmmqpbotkxv.supabase.co/storage/v1/object/public/travel-app-images/wikipedia-da8b0f31/cemitrio-gethsmani-morumbi-ficheirobandeira-da--1757530423731-1.svg","unknown","wikipedia","3",""
"36a70d10-38a9-4cf3-8b7f-553ef407f84a","Allianz Parque","true","https://tysnkzmljlmmqpbotkxv.supabase.co/storage/v1/object/public/travel-app-images/ChIJRV1xHf1XzpQRsVwZ1iFUToY/ChIJRV1xHf1XzpQRsVwZ1iFUToY_1752001979960_1.jpg","https://tysnkzmljlmmqpbotkxv.supabase.co/storage/v1/object/public/travel-app-images/wikipedia-36a70d10/allianz-parque-ficheiroallianzparqu-1757530424664-1.jpg","unknown","wikipedia","3",""
"4d89f17a-96fc-44c1-a2dc-05ed8e4e8b6b","Centro Cultural São Paulo","true","https://tysnkzmljlmmqpbotkxv.supabase.co/storage/v1/object/public/travel-app-images/ChIJq6qqS5hZzpQR1_CuoXYKR44/ChIJq6qqS5hZzpQR1_CuoXYKR44_1752002763849_1.jpg","https://tysnkzmljlmmqpbotkxv.supabase.co/storage/v1/object/public/travel-app-images/wikipedia-4d89f17a/centro-cultural-so-paulo-ficheiroarea-do-cent-1757530423919-1.jpg","unknown","wikipedia","3",""
"8df778cd-ed65-4206-9e39-0262102ecb2a","CienTec","true","https://tysnkzmljlmmqpbotkxv.supabase.co/storage/v1/object/public/travel-app-images/ChIJw3vOtX1bzpQR3w19NH3HQR8/ChIJw3vOtX1bzpQR3w19NH3HQR8_1755013920371_1.jpg","https://tysnkzmljlmmqpbotkxv.supabase.co/storage/v1/object/public/travel-app-images/wikipedia-8df778cd/cientec-ficheirobandeira-da--1757530431509-1.svg","unknown","wikipedia","3",""
"ce173514-4af5-48bc-bb24-78ac79390193","Auditório Ibirapuera - Oscar Niemeyer","true","https://tysnkzmljlmmqpbotkxv.supabase.co/storage/v1/object/public/travel-app-images/ChIJyQxGOvJZzpQRRiX2kSDgBH4/ChIJyQxGOvJZzpQRRiX2kSDgBH4_1752002474795_1.jpg","https://tysnkzmljlmmqpbotkxv.supabase.co/storage/v1/object/public/travel-app-images/wikipedia-ce173514/auditrio-ibirapuera-oscar-niem-ficheiroauditorio-ib-1757530430807-1.jpg","unknown","wikipedia","3",""
"f1a75aad-42b6-4ede-9e53-ebbd1282b09b","Centro de Memória do Circo","true","https://tysnkzmljlmmqpbotkxv.supabase.co/storage/v1/object/public/travel-app-images/ChIJgXlbDlFYzpQR6knKbNw1Y-o/ChIJgXlbDlFYzpQR6knKbNw1Y-o_1755016200021_1.jpg","https://tysnkzmljlmmqpbotkxv.supabase.co/storage/v1/object/public/travel-app-images/wikipedia-f1a75aad/centro-de-memria-do-circo-ficheirobandeira-da--1757530431311-1.svg","unknown","wikipedia","3",""
"436de258-72b2-4437-b77e-a11b33ca37de","Estadio Municipal Joan Serrahima","true","https://tysnkzmljlmmqpbotkxv.supabase.co/storage/v1/object/public/travel-app-images/ChIJWZerVJ6YpBIRF6c7ZbV1vZA/ChIJWZerVJ6YpBIRF6c7ZbV1vZA_1751569282930_1.jpg","https://tysnkzmljlmmqpbotkxv.supabase.co/storage/v1/object/public/travel-app-images/wikipedia-436de258/estadio-municipal-joan-serrahi-fitxerarbcom-ru-edit-1757530437895-1.svg","unknown","wikipedia","3",""
"8eb4c344-4538-4277-b0af-fa2c08048a1e","Plaza de Gaudí","true","https://tysnkzmljlmmqpbotkxv.supabase.co/storage/v1/object/public/travel-app-images/ChIJH7GJwNyipBIRtwSx3flHQPw/ChIJH7GJwNyipBIRtwSx3flHQPw_1751565685339_1.jpg","https://tysnkzmljlmmqpbotkxv.supabase.co/storage/v1/object/public/travel-app-images/wikipedia-8eb4c344/plaza-de-gaud-fitxerabassvg-1757530437082-1.svg","unknown","wikipedia","3",""
"8bb47ff8-c28b-48e2-8013-96216d52ce40","Palau Robert","true","https://tysnkzmljlmmqpbotkxv.supabase.co/storage/v1/object/public/travel-app-images/ChIJm6a6rJaipBIRTAPjktqx2ZQ/ChIJm6a6rJaipBIRTAPjktqx2ZQ_1751570747405_1.jpg","https://tysnkzmljlmmqpbotkxv.supabase.co/storage/v1/object/public/travel-app-images/wikipedia-8bb47ff8/palau-robert-fitxerarbcom-ru-edit-1757530436986-1.svg","unknown","wikipedia","3",""
"a7f49d37-7fe0-46e9-a246-07055f63c6f5","Museo de Carrozas Fúnebres","true","https://tysnkzmljlmmqpbotkxv.supabase.co/storage/v1/object/public/travel-app-images/ChIJI22ZPAmipBIRd8KK-PjA1rM/ChIJI22ZPAmipBIRd8KK-PjA1rM_1751569181877_1.jpg","https://tysnkzmljlmmqpbotkxv.supabase.co/storage/v1/object/public/travel-app-images/wikipedia-a7f49d37/museo-de-carrozas-fnebres-fitxerarbcom-ru-edit-1757530443588-1.svg","unknown","wikipedia","3",""
"71497231-1f8a-4699-847d-ae267b3027a0","Palau Sant Jordi","true","https://tysnkzmljlmmqpbotkxv.supabase.co/storage/v1/object/public/travel-app-images/ChIJ6UvsNWyipBIR9P29l8A1kJ4/ChIJ6UvsNWyipBIR9P29l8A1kJ4_1751569101568_1.jpg","https://tysnkzmljlmmqpbotkxv.supabase.co/storage/v1/object/public/travel-app-images/wikipedia-71497231/palau-sant-jordi-fitxer151027vista-de-1757530444553-1.jpg","unknown","wikipedia","3",""
"91ec0d9f-42f8-481e-ab7d-894db5e61bd2","Plaça de Catalunya","true","https://tysnkzmljlmmqpbotkxv.supabase.co/storage/v1/object/public/travel-app-images/ChIJGUgrYPGipBIRS9ZgHK_C7B4/ChIJGUgrYPGipBIRS9ZgHK_C7B4_1751567874182_1.jpg","https://tysnkzmljlmmqpbotkxv.supabase.co/storage/v1/object/public/travel-app-images/wikipedia-91ec0d9f/plaa-de-catalunya-fitxeravesvg-1757530442965-1.svg","unknown","wikipedia","3",""
"61082a23-85a5-4869-9ec8-a339c8a6624a","Poble Espanyol de Barcelona","true","https://tysnkzmljlmmqpbotkxv.supabase.co/storage/v1/object/public/travel-app-images/ChIJJ2JbaneipBIRpVQ6RTJSwLA/ChIJJ2JbaneipBIRpVQ6RTJSwLA_1751569118740_1.jpg","https://tysnkzmljlmmqpbotkxv.supabase.co/storage/v1/object/public/travel-app-images/wikipedia-61082a23/poble-espanyol-de-barcelona-fitxerarbcom-ru-edit-1757530451973-1.svg","unknown","wikipedia","3",""
"1131b7bc-4810-4bcb-a5f4-694b4a266380","CaixaForum Barcelona","true","https://tysnkzmljlmmqpbotkxv.supabase.co/storage/v1/object/public/travel-app-images/ChIJJVQ6VneipBIRIV6uqvMfBI0/ChIJJVQ6VneipBIRIV6uqvMfBI0_1751569111229_1.jpg","https://tysnkzmljlmmqpbotkxv.supabase.co/storage/v1/object/public/travel-app-images/wikipedia-1131b7bc/caixaforum-barcelona-fitxerarbcom-ru-edit-1757530451936-1.svg","unknown","wikipedia","3",""
"9e4af057-8b70-460f-a60f-8c4f1a8058da","Mas d'en Jover","true","https://tysnkzmljlmmqpbotkxv.supabase.co/storage/v1/object/public/travel-app-images/ChIJNVlvaP36oxIRrmIcgC603Js/ChIJNVlvaP36oxIRrmIcgC603Js_1752613520049_1.jpg","https://tysnkzmljlmmqpbotkxv.supabase.co/storage/v1/object/public/travel-app-images/wikipedia-9e4af057/mas-den-jover-fitxerarbcom-ru-edit-1757530450994-1.svg","unknown","wikipedia","2",""
"079ae7cf-7aeb-4185-85f7-367ff4934667","Fuente Monumental de la Avenida Gaudí","true","https://tysnkzmljlmmqpbotkxv.supabase.co/storage/v1/object/public/travel-app-images/ChIJiT7XCMCjpBIRxQ603hojsDs/ChIJiT7XCMCjpBIRxQ603hojsDs_1751571602720_1.jpg","https://tysnkzmljlmmqpbotkxv.supabase.co/storage/v1/object/public/travel-app-images/wikipedia-079ae7cf/fuente-monumental-de-la-avenid-fitxerabassvg-1757530460759-1.svg","unknown","wikipedia","3",""
"f95a34ba-955f-49e5-8b70-d796a40e0217","Museu de Ciències Naturals de Barcelona","true","https://tysnkzmljlmmqpbotkxv.supabase.co/storage/v1/object/public/travel-app-images/ChIJZSW6S-eYpBIRpJ1QG2znF9E/ChIJZSW6S-eYpBIRpJ1QG2znF9E_1751565877292_1.jpg","https://tysnkzmljlmmqpbotkxv.supabase.co/storage/v1/object/public/travel-app-images/wikipedia-f95a34ba/museu-de-cincies-naturals-de-b-fitxerarbcom-ru-edit-1757530457059-1.svg","unknown","wikipedia","3",""
"f9c4fb24-47d0-48b4-89f7-cf6bf00da455","Casa Museu de Gaudí","true","https://tysnkzmljlmmqpbotkxv.supabase.co/storage/v1/object/public/travel-app-images/ChIJ4eD9ztyipBIR_g1BtyluWPM/ChIJ4eD9ztyipBIR_g1BtyluWPM_1751574732261_1.jpg","https://tysnkzmljlmmqpbotkxv.supabase.co/storage/v1/object/public/travel-app-images/wikipedia-f9c4fb24/casa-museu-de-gaud-fitxerabassvg-1757530463577-1.svg","unknown","wikipedia","3",""
"b657b606-e2ad-4ee8-9373-a7821e47588c","Biblioteca Joan Miró","true","https://tysnkzmljlmmqpbotkxv.supabase.co/storage/v1/object/public/travel-app-images/ChIJ6QS2Z36ipBIRCkBmJFnqswQ/ChIJ6QS2Z36ipBIRCkBmJFnqswQ_1751570354415_1.jpg","https://tysnkzmljlmmqpbotkxv.supabase.co/storage/v1/object/public/travel-app-images/wikipedia-b657b606/biblioteca-joan-mir-fitxerarbcom-ru-edit-1757530468618-1.svg","unknown","wikipedia","3",""
"613c5920-69f2-45e4-a5f4-83775d4dfc8f","Estadio Olímpico de Montjuic","true","https://tysnkzmljlmmqpbotkxv.supabase.co/storage/v1/object/public/travel-app-images/ChIJk4ZG4m2ipBIRDMJJqptwPlc/ChIJk4ZG4m2ipBIRDMJJqptwPlc_1751569299527_1.jpg","https://tysnkzmljlmmqpbotkxv.supabase.co/storage/v1/object/public/travel-app-images/wikipedia-613c5920/estadio-olmpico-de-montjuic-fitxer151027vista-de-1757530469638-1.jpg","unknown","wikipedia","3",""
"6084f6c8-d90c-45fd-af2e-992b04e7c21a","Parroquia Sant Ramon de Penyafort","false","https://tysnkzmljlmmqpbotkxv.supabase.co/storage/v1/object/public/travel-app-images/ChIJDbtkbpGipBIRRDx0c0R_S3I/ChIJDbtkbpGipBIRRDx0c0R_S3I_1751570891704_1.jpg","","unknown","","","No images found on Wikipedia page"
"46a1f39d-c8e3-4b3c-ab08-83f9d28e0d7a","Estádio Municipal Pedro Marin Berbel","true","https://tysnkzmljlmmqpbotkxv.supabase.co/storage/v1/object/public/travel-app-images/ChIJKSp6uj4VlpQRh0A-RRxaRoY/ChIJKSp6uj4VlpQRh0A-RRxaRoY_1757335195236_1.jpg","https://tysnkzmljlmmqpbotkxv.supabase.co/storage/v1/object/public/travel-app-images/wikipedia-46a1f39d/estdio-municipal-pedro-marin-b-ficheiroemojione1-1f-1757530478370-1.svg","unknown","wikipedia","2",""
"10f825fe-efc4-45ec-acdf-ed341cd21413","Parque Anhanguera","true","https://tysnkzmljlmmqpbotkxv.supabase.co/storage/v1/object/public/travel-app-images/ChIJuR6fTdf8zpQRpQ4dNn2wU68/ChIJuR6fTdf8zpQRpQ4dNn2wU68_1752000101558_1.jpg","https://tysnkzmljlmmqpbotkxv.supabase.co/storage/v1/object/public/travel-app-images/wikipedia-10f825fe/parque-anhanguera-ficheiroalameda-parq-1757530478574-1.jpg","unknown","wikipedia","3",""
"8142df1d-da35-4c5d-a8c9-8a93c7494449","Ballintemple Graveyard","true","https://tysnkzmljlmmqpbotkxv.supabase.co/storage/v1/object/public/travel-app-images/ChIJ6ajefLSaREgRTwGbizZgC38/ChIJ6ajefLSaREgRTwGbizZgC38_1753986099646_1.jpg","https://tysnkzmljlmmqpbotkxv.supabase.co/storage/v1/object/public/travel-app-images/wikipedia-8142df1d/ballintemple-graveyard-fileredirect-arrow-w-1757530476825-1.svg","unknown","wikipedia","1",""
"45a05208-882f-4b57-a704-ee361d3be3ed","Museu Pq. Do Carmo","true","https://tysnkzmljlmmqpbotkxv.supabase.co/storage/v1/object/public/travel-app-images/ChIJLV_w3EBmzpQR0WflOy_XdFk/ChIJLV_w3EBmzpQR0WflOy_XdFk_1755012510313_1.jpg","https://tysnkzmljlmmqpbotkxv.supabase.co/storage/v1/object/public/travel-app-images/wikipedia-45a05208/museu-pq-do-carmo-ficheirobandeira-da--1757530486243-1.svg","unknown","wikipedia","3",""
"ac35de51-830c-4fb2-9489-41a46cef5b1b","Ballincollig Royal Gunpowder Mills","true","https://tysnkzmljlmmqpbotkxv.supabase.co/storage/v1/object/public/travel-app-images/ChIJGwRuChSSREgRzJVFFSc3Xsw/ChIJGwRuChSSREgRzJVFFSc3Xsw_1753985298160_1.jpg","https://tysnkzmljlmmqpbotkxv.supabase.co/storage/v1/object/public/travel-app-images/wikipedia-ac35de51/ballincollig-royal-gunpowder-m-file06-07-ballincoll-1757530486745-1.jpg","unknown","wikipedia","3",""
"a3bd069f-fb90-438b-9c97-064a8292e1e7","Parque Turó","true","https://tysnkzmljlmmqpbotkxv.supabase.co/storage/v1/object/public/travel-app-images/ChIJJ9lOz3aYpBIRQD1RH-H6AA8/ChIJJ9lOz3aYpBIRQD1RH-H6AA8_1751570715255_1.jpg","https://tysnkzmljlmmqpbotkxv.supabase.co/storage/v1/object/public/travel-app-images/wikipedia-a3bd069f/parque-tur-fitxer015-francesc-v-1757530486861-1.jpg","unknown","wikipedia","3",""
"ffb99131-f7c5-4432-9b3c-06d0cbaccbb7","Parque de la Marquesa","true","https://tysnkzmljlmmqpbotkxv.supabase.co/storage/v1/object/public/travel-app-images/ChIJxY5B6PCYpBIRpGVON3eUzek/ChIJxY5B6PCYpBIRpGVON3eUzek_1751570095291_1.jpg","https://tysnkzmljlmmqpbotkxv.supabase.co/storage/v1/object/public/travel-app-images/wikipedia-ffb99131/parque-de-la-marquesa-fitxerarbcom-ru-edit-1757530499088-1.svg","unknown","wikipedia","3",""
"75b29bb4-4ac0-4b55-b0e7-f3d4f80d5743","Saint Fin Barre's Cathedral","true","https://tysnkzmljlmmqpbotkxv.supabase.co/storage/v1/object/public/travel-app-images/ChIJZQx2URiQREgRPFeHNhY_GuM/ChIJZQx2URiQREgRPFeHNhY_GuM_1753985200750_1.jpg","https://tysnkzmljlmmqpbotkxv.supabase.co/storage/v1/object/public/travel-app-images/wikipedia-75b29bb4/saint-fin-barres-cathedral-file01-st-fin-barres-1757530497397-1.png","unknown","wikipedia","3",""
"407b1280-fe80-48a8-b875-a771271c18b9","Cork Public Museum","true","https://tysnkzmljlmmqpbotkxv.supabase.co/storage/v1/object/public/travel-app-images/ChIJeeMwJjuQREgRkEL9mWOMNs8/ChIJeeMwJjuQREgRkEL9mWOMNs8_1753985289192_1.jpg","https://tysnkzmljlmmqpbotkxv.supabase.co/storage/v1/object/public/travel-app-images/wikipedia-407b1280/cork-public-museum-filecork-public-muse-1757530495578-1.jpg","unknown","wikipedia","3",""
"ce4d3974-7a64-49c4-a907-09cae4624f5b","Tramore Valley Park","true","https://tysnkzmljlmmqpbotkxv.supabase.co/storage/v1/object/public/travel-app-images/ChIJiynFjPqPREgR1BdrCsuEWrA/ChIJiynFjPqPREgR1BdrCsuEWrA_1753986110841_1.jpg","https://tysnkzmljlmmqpbotkxv.supabase.co/storage/v1/object/public/travel-app-images/wikipedia-ce4d3974/tramore-valley-park-filepfeil-linkssvg-1757530504765-1.svg","unknown","wikipedia","3",""
"f4ecb478-d0ae-4b38-9f9f-001d5dbd5f1a","Templo de São Paulo Brasil","true","https://tysnkzmljlmmqpbotkxv.supabase.co/storage/v1/object/public/travel-app-images/ChIJLZwIqPFWzpQRojztxb87RSc/ChIJLZwIqPFWzpQRojztxb87RSc_1752001001354_1.jpg","https://tysnkzmljlmmqpbotkxv.supabase.co/storage/v1/object/public/travel-app-images/wikipedia-f4ecb478/templo-de-so-paulo-brasil-fileblank-south-amer-1757530504440-1.png","unknown","wikipedia","3",""
"b5ec8ec0-edf5-4b5c-ba39-060aa53a8c9f","Cork","true","https://tysnkzmljlmmqpbotkxv.supabase.co/storage/v1/object/public/travel-app-images/ChIJYbm-kQiQREgR0MUxl6nHAAo/ChIJYbm-kQiQREgR0MUxl6nHAAo_1753986141182_1.jpg","https://tysnkzmljlmmqpbotkxv.supabase.co/storage/v1/object/public/travel-app-images/wikipedia-b5ec8ec0/cork-file16th-century-map-1757530505379-1.png","unknown","wikipedia","3",""
"2201a3c1-64eb-42cc-8e15-a419a75b24ad","Basílica de la Sagrada Família","true","https://tysnkzmljlmmqpbotkxv.supabase.co/storage/v1/object/public/travel-app-images/ChIJk_s92NyipBIRUMnDG8Kq2Js/ChIJk_s92NyipBIRUMnDG8Kq2Js_1751565676167_1.jpg","https://tysnkzmljlmmqpbotkxv.supabase.co/storage/v1/object/public/travel-app-images/wikipedia-2201a3c1/baslica-de-la-sagrada-famlia-fitxer019-sagrada-fa-1757530516871-1.jpg","unknown","wikipedia","3",""
"f0d8442a-c9e8-4738-8feb-82eee475d320","Ballincollig Castle(Caisleán Bhaile an Chollaigh)","true","https://tysnkzmljlmmqpbotkxv.supabase.co/storage/v1/object/public/travel-app-images/ChIJ794ZXHaSREgRu-v_nw_rLXY/ChIJ794ZXHaSREgRu-v_nw_rLXY_1753985546808_1.jpg","https://tysnkzmljlmmqpbotkxv.supabase.co/storage/v1/object/public/travel-app-images/wikipedia-f0d8442a/ballincollig-castlecaislen-bha-file06-07-ballincoll-1757530512664-1.jpg","unknown","wikipedia","3",""
"d294e2bf-fdc2-47b0-a887-0c9e2d7aedcd","Blarney Stone","true","https://tysnkzmljlmmqpbotkxv.supabase.co/storage/v1/object/public/travel-app-images/ChIJj6u3iHuRREgRkasZIHfeJVE/ChIJj6u3iHuRREgRkasZIHfeJVE_1753984615086_1.jpg","https://tysnkzmljlmmqpbotkxv.supabase.co/storage/v1/object/public/travel-app-images/wikipedia-d294e2bf/blarney-stone-fileblarneycastlevie-1757530512676-1.jpg","unknown","wikipedia","3",""
"efd4c2a3-6c48-49a5-8dca-991ba818252f","Estação Pinacoteca","true","https://tysnkzmljlmmqpbotkxv.supabase.co/storage/v1/object/public/travel-app-images/ChIJSU9ifcqnsJQRhHsDh6_fdvg/ChIJSU9ifcqnsJQRhHsDh6_fdvg_1755015433832_1.jpg","https://tysnkzmljlmmqpbotkxv.supabase.co/storage/v1/object/public/travel-app-images/wikipedia-efd4c2a3/estao-pinacoteca-ficheirobandeira-da--1757530522774-1.svg","unknown","wikipedia","3",""
"c9304b46-c24f-4410-9690-b12e8e6ac774","Biblioteca Brasiliana Guita e José Mindlin","true","https://tysnkzmljlmmqpbotkxv.supabase.co/storage/v1/object/public/travel-app-images/ChIJnWOUPUdWzpQRdKP47o-_zN4/ChIJnWOUPUdWzpQRdKP47o-_zN4_1755015666675_1.jpg","https://tysnkzmljlmmqpbotkxv.supabase.co/storage/v1/object/public/travel-app-images/wikipedia-c9304b46/biblioteca-brasiliana-guita-e--ficheirobandeira-da--1757530523019-1.svg","unknown","wikipedia","3",""
"09058654-cddf-411d-82b1-a7b8d4ccaa1d","Museu Oceanográfico - Instituto Oceanográfico","true","https://tysnkzmljlmmqpbotkxv.supabase.co/storage/v1/object/public/travel-app-images/ChIJkewxVhRWzpQRn-24o5_6JwI/ChIJkewxVhRWzpQRn-24o5_6JwI_1752000910328_1.jpg","https://tysnkzmljlmmqpbotkxv.supabase.co/storage/v1/object/public/travel-app-images/wikipedia-09058654/museu-oceanogrfico-instituto-o-ficheirocincia-numa--1757530523924-1.jpg","unknown","wikipedia","3",""
"cad980a7-64b3-4426-82b5-371f72bbb15e","Theatro Municipal de São Paulo","false","https://tysnkzmljlmmqpbotkxv.supabase.co/storage/v1/object/public/travel-app-images/ChIJi6GKOxFWzpQRHk7k7_d5Wyc/ChIJi6GKOxFWzpQRHk7k7_d5Wyc_1752002449938_1.jpg","","unknown","","","No images found on Wikipedia page"
"22087f94-3dbb-45ff-b07a-995f60ac0d12","Estádio do Canindé - Portuguesa","true","https://tysnkzmljlmmqpbotkxv.supabase.co/storage/v1/object/public/travel-app-images/ChIJg2bcppNYzpQRvVm_51Slk80/ChIJg2bcppNYzpQRvVm_51Slk80_1755010200329_1.jpg","https://tysnkzmljlmmqpbotkxv.supabase.co/storage/v1/object/public/travel-app-images/wikipedia-22087f94/estdio-do-canind-portuguesa-ficheiroarrowsmovesv-1757530530567-1.svg","unknown","wikipedia","3",""
"9e96fbe4-f9d7-45be-ad12-993df2d10d79","Parque CienTec da USP - Parque de Ciência e Tecnologia da Universidade de São Paulo","true","https://tysnkzmljlmmqpbotkxv.supabase.co/storage/v1/object/public/travel-app-images/ChIJYYF_9i9bzpQR2XZ19zoO-js/ChIJYYF_9i9bzpQR2XZ19zoO-js_1755013930797_1.jpg","https://tysnkzmljlmmqpbotkxv.supabase.co/storage/v1/object/public/travel-app-images/wikipedia-9e96fbe4/parque-cientec-da-usp-parque-d-ficheirobandeira-da--1757530530425-1.svg","unknown","wikipedia","3",""
"d852ae61-3b45-4a42-a05f-ba7c22a655b3","Eu Amo Vila Matilde","true","https://tysnkzmljlmmqpbotkxv.supabase.co/storage/v1/object/public/travel-app-images/ChIJya3S6eRfzpQRBoqosh2zTUw/ChIJya3S6eRfzpQRBoqosh2zTUw_1755012197788_1.jpg","https://tysnkzmljlmmqpbotkxv.supabase.co/storage/v1/object/public/travel-app-images/wikipedia-d852ae61/eu-amo-vila-matilde-ficheirobandeira-da--1757530536716-1.svg","unknown","wikipedia","3",""
"4362ed28-e308-426c-b257-1d912c7d0589","Parque da Aclimação","true","https://tysnkzmljlmmqpbotkxv.supabase.co/storage/v1/object/public/travel-app-images/ChIJ438zJnhZzpQRuVL8SUjklLY/ChIJ438zJnhZzpQRuVL8SUjklLY_1755011239439_1.jpg","https://tysnkzmljlmmqpbotkxv.supabase.co/storage/v1/object/public/travel-app-images/wikipedia-4362ed28/parque-da-aclimao-ficheirobandeira-da--1757530536543-1.svg","unknown","wikipedia","3",""
"f5879372-cc40-4376-bf04-a0b05ac5782c","Galeria do Rock","true","https://tysnkzmljlmmqpbotkxv.supabase.co/storage/v1/object/public/travel-app-images/ChIJw5v_nFFYzpQRcRm-UHFepWo/ChIJw5v_nFFYzpQRcRm-UHFepWo_1755016238086_1.jpg","https://tysnkzmljlmmqpbotkxv.supabase.co/storage/v1/object/public/travel-app-images/wikipedia-f5879372/galeria-do-rock-ficheirobandeira-da--1757530535899-1.svg","unknown","wikipedia","3",""
"0db02c46-ca4c-4927-888b-3a9eea4af586","Zoológico de São Paulo","false","https://tysnkzmljlmmqpbotkxv.supabase.co/storage/v1/object/public/travel-app-images/ChIJPYj0ATBbzpQRauOcRBu68bc/ChIJPYj0ATBbzpQRauOcRBu68bc_1755013884833_1.jpg","","unknown","","","No images found on Wikipedia page"
"76c296e2-de44-4d2a-8e6e-dd6196f19eda","Parque da Água Branca","true","https://tysnkzmljlmmqpbotkxv.supabase.co/storage/v1/object/public/travel-app-images/ChIJzQ_kIgNYzpQRFLRuCm6bgkI/ChIJzQ_kIgNYzpQRFLRuCm6bgkI_1752001919839_1.jpg","https://tysnkzmljlmmqpbotkxv.supabase.co/storage/v1/object/public/travel-app-images/wikipedia-76c296e2/parque-da-gua-branca-ficheiroarena-parque-1757530542896-1.jpg","unknown","wikipedia","3",""
"9795d2c3-085d-485b-a1ea-f61e43455e2b","Parque da Ciência Butantan","true","https://tysnkzmljlmmqpbotkxv.supabase.co/storage/v1/object/public/travel-app-images/ChIJw8_NMQBXzpQRhaxpIW7CjGw/ChIJw8_NMQBXzpQRhaxpIW7CjGw_1755043230925_1.jpg","https://tysnkzmljlmmqpbotkxv.supabase.co/storage/v1/object/public/travel-app-images/wikipedia-9795d2c3/parque-da-cincia-butantan-ficheiroinfo-simples-1757530542305-1.svg","unknown","wikipedia","2",""
"b8510e56-de97-4ba2-b51f-61d06d3b3b81","Monumento a Ramos de Azevedo","true","https://tysnkzmljlmmqpbotkxv.supabase.co/storage/v1/object/public/travel-app-images/ChIJr4NMIxFWzpQRT-ZbW7SXmP0/ChIJr4NMIxFWzpQRT-ZbW7SXmP0_1752000625651_1.jpg","https://tysnkzmljlmmqpbotkxv.supabase.co/storage/v1/object/public/travel-app-images/wikipedia-b8510e56/monumento-a-ramos-de-azevedo-ficheirobandeira-da--1757530548808-1.svg","unknown","wikipedia","3",""
"9c7c5bec-83f7-4d97-b978-a022fa98e344","Instituto Butantan","true","https://tysnkzmljlmmqpbotkxv.supabase.co/storage/v1/object/public/travel-app-images/ChIJC-Fs_U9WzpQROnQtskcz5aU/ChIJC-Fs_U9WzpQROnQtskcz5aU_1755043218601_1.jpg","https://tysnkzmljlmmqpbotkxv.supabase.co/storage/v1/object/public/travel-app-images/wikipedia-9c7c5bec/instituto-butantan-ficheiroampliao-e-mo-1757530551746-1.jpg","unknown","wikipedia","3",""
"cc0fe171-97e4-4fd8-9caa-0fff39271dad","Parque da Ciência do Instituto Butantan","true","https://tysnkzmljlmmqpbotkxv.supabase.co/storage/v1/object/public/travel-app-images/ChIJxQdPsVFWzpQRVuaiz2BhRJk/ChIJxQdPsVFWzpQRVuaiz2BhRJk_1755043246597_1.jpg","https://tysnkzmljlmmqpbotkxv.supabase.co/storage/v1/object/public/travel-app-images/wikipedia-cc0fe171/parque-da-cincia-do-instituto--ficheiroinfo-simples-1757530549375-1.svg","unknown","wikipedia","2",""
"63bbd8c1-8b84-44af-8ff1-6f1b0647ab6b","Itaú Cultural","true","https://tysnkzmljlmmqpbotkxv.supabase.co/storage/v1/object/public/travel-app-images/ChIJLyfR2_lQzpQRvrPVWxtowYs/ChIJLyfR2_lQzpQRvrPVWxtowYs_1752002597576_1.jpg","https://tysnkzmljlmmqpbotkxv.supabase.co/storage/v1/object/public/travel-app-images/wikipedia-63bbd8c1/ita-cultural-ficheiroat-paulista--1757530558212-1.jpg","unknown","wikipedia","3",""
"198ef769-1b33-47d5-9e31-cad7f3e4d95a","Memorial da América Latina","true","https://tysnkzmljlmmqpbotkxv.supabase.co/storage/v1/object/public/travel-app-images/ChIJt6CdcP9XzpQRSKfbCB1Vg58/ChIJt6CdcP9XzpQRSKfbCB1Vg58_1752001866922_1.jpg","https://tysnkzmljlmmqpbotkxv.supabase.co/storage/v1/object/public/travel-app-images/wikipedia-198ef769/memorial-da-amrica-latina-ficheiroauditrio-sim-1757530557591-1.jpg","unknown","wikipedia","3",""
"2f8855b2-e0f0-4dc4-b74f-a19ec019d0d3","MAS SP - Museu de Arte Sacra de São Paulo","true","https://tysnkzmljlmmqpbotkxv.supabase.co/storage/v1/object/public/travel-app-images/ChIJy-gCf_VYzpQRrSO2mDs1bdA/ChIJy-gCf_VYzpQRrSO2mDs1bdA_1755015427672_1.jpg","https://tysnkzmljlmmqpbotkxv.supabase.co/storage/v1/object/public/travel-app-images/wikipedia-2f8855b2/mas-sp-museu-de-arte-sacra-de--ficheiro20150330-000-1757530557749-1.jpg","unknown","wikipedia","3",""
"7dc205e2-b1c4-42b4-9221-f2b95ad960a1","Planetário do Ibirapuera Aristóteles Orsini","false","https://tysnkzmljlmmqpbotkxv.supabase.co/storage/v1/object/public/travel-app-images/ChIJabsYiu5ZzpQR15HhzAPvMFk/ChIJabsYiu5ZzpQR15HhzAPvMFk_1755016800074_1.jpg","","unknown","","","No images found on Wikipedia page"
"26ed9733-a239-4b1d-a955-b2c3d7a47b35","Memorial da Imigração Judaica e do Holocausto","true","https://tysnkzmljlmmqpbotkxv.supabase.co/storage/v1/object/public/travel-app-images/ChIJ1cPgcDRZzpQRhVnuofW0fsg/ChIJ1cPgcDRZzpQRhVnuofW0fsg_1755015456565_1.jpg","https://tysnkzmljlmmqpbotkxv.supabase.co/storage/v1/object/public/travel-app-images/wikipedia-26ed9733/memorial-da-imigrao-judaica-e--ficheirobandeira-da--1757530578729-1.svg","unknown","wikipedia","3",""
"08ad4abd-c967-40de-9457-d6e4d6c09127","Memorial da Resistência de São Paulo","true","https://tysnkzmljlmmqpbotkxv.supabase.co/storage/v1/object/public/travel-app-images/ChIJb4lEe1xYzpQR7N3f-AMFO_8/ChIJb4lEe1xYzpQR7N3f-AMFO_8_1755015430651_1.jpg","https://tysnkzmljlmmqpbotkxv.supabase.co/storage/v1/object/public/travel-app-images/wikipedia-08ad4abd/memorial-da-resistncia-de-so-p-ficheirocela-memoria-1757530579022-1.jpg","unknown","wikipedia","3",""
"fc73847e-6510-4066-b179-dec4e1cd69f3","Mesquita Brasil","true","https://tysnkzmljlmmqpbotkxv.supabase.co/storage/v1/object/public/travel-app-images/ChIJW2TkgxFZzpQR5Q9HTsEeh3c/ChIJW2TkgxFZzpQR5Q9HTsEeh3c_1755011183674_1.jpg","https://tysnkzmljlmmqpbotkxv.supabase.co/storage/v1/object/public/travel-app-images/wikipedia-fc73847e/mesquita-brasil-ficheiropahl-meitapn-1757530585289-1.png","unknown","wikipedia","1",""
"33b5890a-d67c-48d2-9af5-1c9d9839ec3e","Mercado Livre Arena Pacaembu","false","https://tysnkzmljlmmqpbotkxv.supabase.co/storage/v1/object/public/travel-app-images/ChIJKznO5SVYzpQRJfeCtBpjv6E/ChIJKznO5SVYzpQRJfeCtBpjv6E_1752002704230_1.jpg","","unknown","","","No images found on Wikipedia page"
"b89b5beb-013d-4d3f-9c9e-4e1c5d41f6a0","Mercado Municipal da Lapa","true","https://tysnkzmljlmmqpbotkxv.supabase.co/storage/v1/object/public/travel-app-images/ChIJA3-tz2X4zpQRR7Kaxnc6qG8/ChIJA3-tz2X4zpQRR7Kaxnc6qG8_1752001962294_1.jpg","https://tysnkzmljlmmqpbotkxv.supabase.co/storage/v1/object/public/travel-app-images/wikipedia-b89b5beb/mercado-municipal-da-lapa-ficheirobandeira-da--1757530585072-1.svg","unknown","wikipedia","3",""
"971ab97e-36ee-41dc-8112-2e742f7967f3","Monumento às Bandeiras","true","https://tysnkzmljlmmqpbotkxv.supabase.co/storage/v1/object/public/travel-app-images/ChIJYT8XJ-ZZzpQRPuyPkrgll2s/ChIJYT8XJ-ZZzpQRPuyPkrgll2s_1752002503068_1.jpg","https://tysnkzmljlmmqpbotkxv.supabase.co/storage/v1/object/public/travel-app-images/wikipedia-971ab97e/monumento-s-bandeiras-ficheirobandeira-da--1757530590939-1.svg","unknown","wikipedia","3",""
"8ba8d138-a283-48f2-b4be-4ddfbe61a6b3","Morumbi Shopping","true","https://tysnkzmljlmmqpbotkxv.supabase.co/storage/v1/object/public/travel-app-images/ChIJq6omp8RQzpQRyCoIvgF3s6Y/ChIJq6omp8RQzpQRyCoIvgF3s6Y_1755016963262_1.jpg","https://tysnkzmljlmmqpbotkxv.supabase.co/storage/v1/object/public/travel-app-images/wikipedia-8ba8d138/morumbi-shopping-ficheirobandeira-da--1757530591847-1.svg","unknown","wikipedia","3",""
"03218b05-cb36-4d9e-8f8b-c421eca2106d","Museu da Cidade de São Paulo / Solar da Marquesa de Santos","true","https://tysnkzmljlmmqpbotkxv.supabase.co/storage/v1/object/public/travel-app-images/ChIJkzeGf6pZzpQR35Zx5_hr7To/ChIJkzeGf6pZzpQR35Zx5_hr7To_1755016212590_1.jpg","https://tysnkzmljlmmqpbotkxv.supabase.co/storage/v1/object/public/travel-app-images/wikipedia-03218b05/museu-da-cidade-de-so-paulo-so-ficheiroala-ldica-da-1757530592140-1.jpg","unknown","wikipedia","3",""
"6f098a87-f718-4815-b87c-385e4624368f","Museu A CASA do Objeto Brasileiro","true","https://tysnkzmljlmmqpbotkxv.supabase.co/storage/v1/object/public/travel-app-images/ChIJ122xXqNXzpQRz3nDqke5NMU/ChIJ122xXqNXzpQRz3nDqke5NMU_1752002566358_1.jpg","https://tysnkzmljlmmqpbotkxv.supabase.co/storage/v1/object/public/travel-app-images/wikipedia-6f098a87/museu-a-casa-do-objeto-brasile-ficheirobruma-da-art-1757530599434-1.jpg","unknown","wikipedia","3",""
"1c3a60f2-6bc4-49f1-a178-03e027399fc1","São Paulo","true","https://tysnkzmljlmmqpbotkxv.supabase.co/storage/v1/object/public/travel-app-images/ChIJ0WGkg4FEzpQRrlsz_whLqZs/ChIJ0WGkg4FEzpQRrlsz_whLqZs_1752002670961_1.jpg","https://tysnkzmljlmmqpbotkxv.supabase.co/storage/v1/object/public/travel-app-images/wikipedia-1c3a60f2/so-paulo-ficheiroabertura-ami-1757530599450-1.jpg","unknown","wikipedia","3",""
"ddf85456-5f6e-421c-b4fa-5003d85e6353","Museu Catavento","true","https://tysnkzmljlmmqpbotkxv.supabase.co/storage/v1/object/public/travel-app-images/ChIJq7WXZf5YzpQRguKUxFINMrU/ChIJq7WXZf5YzpQRguKUxFINMrU_1755010030355_1.jpg","https://tysnkzmljlmmqpbotkxv.supabase.co/storage/v1/object/public/travel-app-images/wikipedia-ddf85456/museu-catavento-ficheiroa-coloured-v-1757530598030-1.svg","unknown","wikipedia","3",""
"9a7b4f4d-2f5e-4731-be1c-ad362fffb086","Museu da Imigração do Estado de São Paulo","true","https://tysnkzmljlmmqpbotkxv.supabase.co/storage/v1/object/public/travel-app-images/ChIJ2ZVpPhhZzpQRxQhEy-d0Erg/ChIJ2ZVpPhhZzpQRxQhEy-d0Erg_1755010042219_1.jpg","https://tysnkzmljlmmqpbotkxv.supabase.co/storage/v1/object/public/travel-app-images/wikipedia-9a7b4f4d/museu-da-imigrao-do-estado-de--ficheirobandeira-da--1757530606890-1.svg","unknown","wikipedia","3",""
"d493b304-9d5d-495f-8957-db0f2ade9048","Museu da Obra Salesiana no Brasil","true","https://tysnkzmljlmmqpbotkxv.supabase.co/storage/v1/object/public/travel-app-images/ChIJYwUpn0JYzpQREFttxIdOndk/ChIJYwUpn0JYzpQREFttxIdOndk_1752001955888_1.jpg","https://tysnkzmljlmmqpbotkxv.supabase.co/storage/v1/object/public/travel-app-images/wikipedia-d493b304/museu-da-obra-salesiana-no-bra-ficheiro67838jpeg-1757530606691-1.jpeg","unknown","wikipedia","3",""
"8101fe29-5c55-4c30-a04b-5ebaac67b169","Museu da Educação e do Brinquedo","true","https://tysnkzmljlmmqpbotkxv.supabase.co/storage/v1/object/public/travel-app-images/ChIJXytU7U5WzpQRHR6h9Q75u04/ChIJXytU7U5WzpQRHR6h9Q75u04_1755043212392_1.jpg","https://tysnkzmljlmmqpbotkxv.supabase.co/storage/v1/object/public/travel-app-images/wikipedia-8101fe29/museu-da-educao-e-do-brinquedo-ficheiroeditclearsvg-1757530606716-1.svg","unknown","wikipedia","3",""
"ddd32e5a-1f66-4597-9903-25f8251d4472","Museu de Arqueologia e Etnologia","true","https://tysnkzmljlmmqpbotkxv.supabase.co/storage/v1/object/public/travel-app-images/ChIJ_UfeWhdWzpQRlI---k8Mp2g/ChIJ_UfeWhdWzpQRlI---k8Mp2g_1752000918656_1.jpg","https://tysnkzmljlmmqpbotkxv.supabase.co/storage/v1/object/public/travel-app-images/wikipedia-ddd32e5a/museu-de-arqueologia-e-etnolog-ficheirobandeira-da--1757530612024-1.svg","unknown","wikipedia","3",""
"93c7d87c-4e05-43e6-840e-d9b939d55caa","Museu de Arte Contemporânea da Universidade de São Paulo","true","https://tysnkzmljlmmqpbotkxv.supabase.co/storage/v1/object/public/travel-app-images/ChIJ-UXtMotZzpQRGeDvgIuDEd0/ChIJ-UXtMotZzpQRGeDvgIuDEd0_1752002573775_1.jpg","https://tysnkzmljlmmqpbotkxv.supabase.co/storage/v1/object/public/travel-app-images/wikipedia-93c7d87c/museu-de-arte-contempornea-da--ficheirocommonslogos-1757530612005-1.svg","unknown","wikipedia","3",""
"1f6fac51-e8eb-4136-a1ec-954b952a9d05","Museu de Arte de São Paulo Assis Chateaubriand","true","https://tysnkzmljlmmqpbotkxv.supabase.co/storage/v1/object/public/travel-app-images/ChIJH3frsc5ZzpQRoU10aab2BOk/ChIJH3frsc5ZzpQRoU10aab2BOk_1752002414080_1.jpg","https://tysnkzmljlmmqpbotkxv.supabase.co/storage/v1/object/public/travel-app-images/wikipedia-1f6fac51/museu-de-arte-de-so-paulo-assi-ficheiro20150330-000-1757530612957-1.jpg","unknown","wikipedia","3",""
"9e6e7ec9-6ba8-4365-a9e7-206939ad361c","Castelinho do Jardim Botânico de São Paulo","true","https://tysnkzmljlmmqpbotkxv.supabase.co/storage/v1/object/public/travel-app-images/ChIJJQ3RcWtbzpQRm8zzNMhXkxA/ChIJJQ3RcWtbzpQRm8zzNMhXkxA_1755013897782_1.jpg","https://tysnkzmljlmmqpbotkxv.supabase.co/storage/v1/object/public/travel-app-images/wikipedia-9e6e7ec9/castelinho-do-jardim-botnico-d-ficheirobandeira-do--1757530619278-1.svg","unknown","wikipedia","3",""
"d9e65661-1cac-4272-b0dc-cdcdfb17ef11","Serpentário de Visitação","true","https://tysnkzmljlmmqpbotkxv.supabase.co/storage/v1/object/public/travel-app-images/ChIJFzlb409WzpQRpq60QtU-2Ks/ChIJFzlb409WzpQRpq60QtU-2Ks_1755043225031_1.jpg","https://tysnkzmljlmmqpbotkxv.supabase.co/storage/v1/object/public/travel-app-images/wikipedia-d9e65661/serpentrio-de-visitao-ficheiroampliao-e-mo-1757530619503-1.jpg","unknown","wikipedia","3",""
"1002188f-75d3-4fc9-8dd6-2865eb48d0f8","Museu Botânico do Jardim Botânico","true","https://tysnkzmljlmmqpbotkxv.supabase.co/storage/v1/object/public/travel-app-images/ChIJxSHqxFRbzpQRdAGIZ4MJpqI/ChIJxSHqxFRbzpQRdAGIZ4MJpqI_1755013916808_1.jpg","https://tysnkzmljlmmqpbotkxv.supabase.co/storage/v1/object/public/travel-app-images/wikipedia-1002188f/museu-botnico-do-jardim-botnic-ficheirobandeira-da--1757530619185-1.svg","unknown","wikipedia","3",""
"c65c81f6-a182-461a-86f0-0febf1c59885","Sesc Interlagos","true","https://tysnkzmljlmmqpbotkxv.supabase.co/storage/v1/object/public/travel-app-images/ChIJ2d5xVGVPzpQR3sp82bnK-94/ChIJ2d5xVGVPzpQR3sp82bnK-94_1755018739683_1.jpg","https://tysnkzmljlmmqpbotkxv.supabase.co/storage/v1/object/public/travel-app-images/wikipedia-c65c81f6/sesc-interlagos-ficheirosesc-interla-1757530625726-1.jpg","unknown","wikipedia","1",""
"62749436-dc66-4893-8c62-ac8b64e830e2","Trem Turístico - Parque Ecológico","true","https://tysnkzmljlmmqpbotkxv.supabase.co/storage/v1/object/public/travel-app-images/ChIJt_8RHutfzpQRf1jOk5jDbnk/ChIJt_8RHutfzpQRf1jOk5jDbnk_1755011819292_1.jpg","https://tysnkzmljlmmqpbotkxv.supabase.co/storage/v1/object/public/travel-app-images/wikipedia-62749436/trem-turstico-parque-ecolgico-ficheirobandeira-gua-1757530625171-1.png","unknown","wikipedia","3",""
"63c5968f-53b1-4506-a9e6-c2135bcc30cc","Casa Bandeirista do Itaim","true","https://tysnkzmljlmmqpbotkxv.supabase.co/storage/v1/object/public/travel-app-images/ChIJo0D_GENXzpQRQuaeDFkkNw4/ChIJo0D_GENXzpQRQuaeDFkkNw4_1752002547588_1.jpg","https://tysnkzmljlmmqpbotkxv.supabase.co/storage/v1/object/public/travel-app-images/wikipedia-63c5968f/casa-bandeirista-do-itaim-ficheirobandeira-da--1757530625928-1.svg","unknown","wikipedia","3",""
"01919174-19ad-446c-9371-e503055b44d6","Parque do Povo Mário Pimenta Camargo","true","https://tysnkzmljlmmqpbotkxv.supabase.co/storage/v1/object/public/travel-app-images/ChIJ94TgxkBXzpQR8AOkGLMY9HE/ChIJ94TgxkBXzpQR8AOkGLMY9HE_1752002623276_1.jpg","https://tysnkzmljlmmqpbotkxv.supabase.co/storage/v1/object/public/travel-app-images/wikipedia-01919174/parque-do-povo-mrio-pimenta-ca-ficheiroambox-import-1757530632592-1.svg","unknown","wikipedia","3",""
"bb14afed-9c8c-4eca-8350-ed014e69dbd7","Parque Ecológico do Tietê","true","https://tysnkzmljlmmqpbotkxv.supabase.co/storage/v1/object/public/travel-app-images/ChIJHdNKPPFfzpQR0useIZEITDE/ChIJHdNKPPFfzpQR0useIZEITDE_1755011833391_1.jpg","https://tysnkzmljlmmqpbotkxv.supabase.co/storage/v1/object/public/travel-app-images/wikipedia-bb14afed/parque-ecolgico-do-tiet-ficheirobandeira-gua-1757530632510-1.png","unknown","wikipedia","3",""
"4baa8dcd-37ec-474e-bd0f-d50d3354ab0d","Parque Ecológico Guarapiranga","true","https://tysnkzmljlmmqpbotkxv.supabase.co/storage/v1/object/public/travel-app-images/ChIJMVIZrZBRzpQR7tcntQgdrJk/ChIJMVIZrZBRzpQR7tcntQgdrJk_1755017902680_1.jpg","https://tysnkzmljlmmqpbotkxv.supabase.co/storage/v1/object/public/travel-app-images/wikipedia-4baa8dcd/parque-ecolgico-guarapiranga-ficheirobandeira-da--1757530632326-1.svg","unknown","wikipedia","3",""
"04039263-8f1c-4de5-957d-2e9e8a2dc104","Parque Estadual das Fontes do Ipiranga","true","https://tysnkzmljlmmqpbotkxv.supabase.co/storage/v1/object/public/travel-app-images/ChIJqQJew9lEzpQRbb-uIn8YOP0/ChIJqQJew9lEzpQRbb-uIn8YOP0_1755013891476_1.jpg","https://tysnkzmljlmmqpbotkxv.supabase.co/storage/v1/object/public/travel-app-images/wikipedia-04039263/parque-estadual-das-fontes-do--ficheirobandeira-da--1757530637981-1.svg","unknown","wikipedia","3",""
"64cdbba6-c86b-4443-8278-b495e03f9ed7","Parque Estadual Jaraguá","true","https://tysnkzmljlmmqpbotkxv.supabase.co/storage/v1/object/public/travel-app-images/ChIJPY0oIcf9zpQRg2j5v41n3cs/ChIJPY0oIcf9zpQRg2j5v41n3cs_1752000541396_1.jpg","https://tysnkzmljlmmqpbotkxv.supabase.co/storage/v1/object/public/travel-app-images/wikipedia-64cdbba6/parque-estadual-jaragu-ficheiroafonso-sardi-1757530638949-1.jpg","unknown","wikipedia","3",""
"64450d38-0560-4b63-86d2-ea257bb3dc23","Catedral Metropolitana Ortodoxa Antioquina de São Paulo","true","https://tysnkzmljlmmqpbotkxv.supabase.co/storage/v1/object/public/travel-app-images/ChIJoUu3a5pZzpQRMZBHbLrJ64c/ChIJoUu3a5pZzpQRMZBHbLrJ64c_1752002440361_1.jpg","https://tysnkzmljlmmqpbotkxv.supabase.co/storage/v1/object/public/travel-app-images/wikipedia-64450d38/catedral-metropolitana-ortodox-ficheirobandeira-da--1757530638216-1.svg","unknown","wikipedia","3",""
"b18a0c20-0557-432d-a874-7c7d42b93b7e","Parque Estadual Serra do Mar - Núcleo Curucutu","true","https://tysnkzmljlmmqpbotkxv.supabase.co/storage/v1/object/public/travel-app-images/ChIJf0S4qIwxzpQRm39lBnImLwQ/ChIJf0S4qIwxzpQRm39lBnImLwQ_1755020423352_1.jpg","https://tysnkzmljlmmqpbotkxv.supabase.co/storage/v1/object/public/travel-app-images/wikipedia-b18a0c20/parque-estadual-serra-do-mar-n-ficheirobandeira-do--1757530645328-1.svg","unknown","wikipedia","3",""
"7fc47294-003e-40c5-9b96-8cff73f7529e","Parque Guarapiranga","true","https://tysnkzmljlmmqpbotkxv.supabase.co/storage/v1/object/public/travel-app-images/ChIJZSqG5pNRzpQRMfIjC2TMRJ0/ChIJZSqG5pNRzpQRMfIjC2TMRJ0_1755017767599_1.jpg","https://tysnkzmljlmmqpbotkxv.supabase.co/storage/v1/object/public/travel-app-images/wikipedia-7fc47294/parque-guarapiranga-ficheirobandeira-da--1757530645199-1.svg","unknown","wikipedia","3",""
"12971fc5-128b-4223-b5cf-3829779d465f","Parque Vila dos Remédios","true","https://tysnkzmljlmmqpbotkxv.supabase.co/storage/v1/object/public/travel-app-images/ChIJDVoJ_yr_zpQR_YXjaq37gDM/ChIJDVoJ_yr_zpQR_YXjaq37gDM_1752001886037_1.jpg","https://tysnkzmljlmmqpbotkxv.supabase.co/storage/v1/object/public/travel-app-images/wikipedia-12971fc5/parque-vila-dos-remdios-ficheirobandeira-da--1757530645018-1.svg","unknown","wikipedia","3",""
"eb0cbe0e-ce54-4435-a437-8aed561f5516","Parque Villa-Lobos","true","https://tysnkzmljlmmqpbotkxv.supabase.co/storage/v1/object/public/travel-app-images/ChIJfV4al_pWzpQR0a3ayQ6Oa28/ChIJfV4al_pWzpQR0a3ayQ6Oa28_1752000682219_1.jpg","https://tysnkzmljlmmqpbotkxv.supabase.co/storage/v1/object/public/travel-app-images/wikipedia-eb0cbe0e/parque-villalobos-ficheirobandeira-da--1757530650510-1.svg","unknown","wikipedia","3",""
"23773009-c6f7-4ab6-a3ff-1252e3099177","Pateo do Collegio","true","https://tysnkzmljlmmqpbotkxv.supabase.co/storage/v1/object/public/travel-app-images/ChIJXa9ptqpZzpQR55m_SHVeD7g/ChIJXa9ptqpZzpQR55m_SHVeD7g_1755016203979_1.jpg","https://tysnkzmljlmmqpbotkxv.supabase.co/storage/v1/object/public/travel-app-images/wikipedia-23773009/pateo-do-collegio-ficheirobandeira-da--1757530651505-1.svg","unknown","wikipedia","3",""
"aca58e1f-94ef-40f4-a171-60200689240c","Pedalinho do lago - Parque Ecológico","true","https://tysnkzmljlmmqpbotkxv.supabase.co/storage/v1/object/public/travel-app-images/ChIJl3dHOrlfzpQRBTtg8cusviI/ChIJl3dHOrlfzpQRBTtg8cusviI_1755011815700_1.jpg","https://tysnkzmljlmmqpbotkxv.supabase.co/storage/v1/object/public/travel-app-images/wikipedia-aca58e1f/pedalinho-do-lago-parque-ecolg-ficheirobandeira-gua-1757530651598-1.png","unknown","wikipedia","3",""
"f321cf95-565b-4ec2-9f82-d385d939e1a9","Pico do Jaraguá","true","https://tysnkzmljlmmqpbotkxv.supabase.co/storage/v1/object/public/travel-app-images/ChIJD4qBE2r8zpQRW80nYBlJX50/ChIJD4qBE2r8zpQRW80nYBlJX50_1752000533513_1.jpg","https://tysnkzmljlmmqpbotkxv.supabase.co/storage/v1/object/public/travel-app-images/wikipedia-f321cf95/pico-do-jaragu-ficheirobandeira-do--1757530656946-1.svg","unknown","wikipedia","3",""
"14736c6b-5966-46e0-8a39-5640d3d309a2","Pinacoteca de São Paulo","false","https://tysnkzmljlmmqpbotkxv.supabase.co/storage/v1/object/public/travel-app-images/ChIJ52h-6FhYzpQRASMhc4Xaw9w/ChIJ52h-6FhYzpQRASMhc4Xaw9w_1752001875136_1.jpg","","unknown","","","No images found on Wikipedia page"
"d31eebd4-b619-4ec9-acf2-c420e249ae07","Ponte Estaiada Octavio Frias de Oliveira","true","https://tysnkzmljlmmqpbotkxv.supabase.co/storage/v1/object/public/travel-app-images/ChIJ9aFiSOZRzpQRwDOGP-wnZ8c/ChIJ9aFiSOZRzpQRwDOGP-wnZ8c_1755016960223_1.jpg","https://tysnkzmljlmmqpbotkxv.supabase.co/storage/v1/object/public/travel-app-images/wikipedia-d31eebd4/ponte-estaiada-octavio-frias-d-ficheiro29-04-2021-f-1757530658686-1.jpg","unknown","wikipedia","3",""
"6e5ea6be-e03b-4871-826b-37c47d5ae7b7","Sala São Paulo","true","https://tysnkzmljlmmqpbotkxv.supabase.co/storage/v1/object/public/travel-app-images/ChIJQcLs1lxYzpQRZLqhwqM2EVM/ChIJQcLs1lxYzpQRZLqhwqM2EVM_1752001894007_1.jpg","https://tysnkzmljlmmqpbotkxv.supabase.co/storage/v1/object/public/travel-app-images/wikipedia-6e5ea6be/sala-so-paulo-ficheirobandeira-da--1757530666740-1.svg","unknown","wikipedia","3",""
"9e705409-b74b-48e4-9c5a-cb831a70ffe7","Copan","true","https://tysnkzmljlmmqpbotkxv.supabase.co/storage/v1/object/public/travel-app-images/ChIJbRkZpE5YzpQR4EW3JWjAamQ/ChIJbRkZpE5YzpQR4EW3JWjAamQ_1755016178237_1.jpg","https://tysnkzmljlmmqpbotkxv.supabase.co/storage/v1/object/public/travel-app-images/wikipedia-9e705409/copan-ficheirobandeira-da--1757530666631-1.svg","unknown","wikipedia","3",""
"032ed771-3ba8-4201-9b81-4dab7404edcc","Jardim Botânico de São Paulo","true","https://tysnkzmljlmmqpbotkxv.supabase.co/storage/v1/object/public/travel-app-images/ChIJN5-5AyJbzpQRvFLy1MhRJOA/ChIJN5-5AyJbzpQRvFLy1MhRJOA_1755013887995_1.jpg","https://tysnkzmljlmmqpbotkxv.supabase.co/storage/v1/object/public/travel-app-images/wikipedia-032ed771/jardim-botnico-de-so-paulo-ficheirobandeira-da--1757530666872-1.svg","unknown","wikipedia","3",""
"c6728a67-1dad-48c8-bc24-3471207df4fd","Shopping Aricanduva","true","https://tysnkzmljlmmqpbotkxv.supabase.co/storage/v1/object/public/travel-app-images/ChIJX2wo3W5nzpQRRvAiSR2AVks/ChIJX2wo3W5nzpQRRvAiSR2AVks_1754680490128_1.jpg","https://tysnkzmljlmmqpbotkxv.supabase.co/storage/v1/object/public/travel-app-images/wikipedia-c6728a67/shopping-aricanduva-ficheirobandeira-da--1757530672277-1.svg","unknown","wikipedia","3",""
"01015557-d8c8-4061-bc1c-bb05271185d0","Parque Dom Pedro II","true","https://tysnkzmljlmmqpbotkxv.supabase.co/storage/v1/object/public/travel-app-images/ChIJaZjjHwBZzpQR9Jy_nJLC7Lw/ChIJaZjjHwBZzpQR9Jy_nJLC7Lw_1755010034286_1.jpg","https://tysnkzmljlmmqpbotkxv.supabase.co/storage/v1/object/public/travel-app-images/wikipedia-01015557/parque-dom-pedro-ii-ficheirobandeira-da--1757530672441-1.svg","unknown","wikipedia","3",""
"fecd65fc-2c76-4ad4-a42f-63873e225349","Museu da Polícia Militar de São Paulo","true","https://tysnkzmljlmmqpbotkxv.supabase.co/storage/v1/object/public/travel-app-images/ChIJB5c6nPZYzpQR-yptwl6_CmI/ChIJB5c6nPZYzpQR-yptwl6_CmI_1755010045647_1.jpg","https://tysnkzmljlmmqpbotkxv.supabase.co/storage/v1/object/public/travel-app-images/wikipedia-fecd65fc/museu-da-polcia-militar-de-so--ficheiro20150330-000-1757530672641-1.jpg","unknown","wikipedia","3",""
"15e2f502-d142-47fc-8a17-adca8274e424","Parque do Carmo – Olavo Egydio Setúbal","true","https://tysnkzmljlmmqpbotkxv.supabase.co/storage/v1/object/public/travel-app-images/ChIJfbQI__dmzpQRDypgFNGLM8k/ChIJfbQI__dmzpQRDypgFNGLM8k_1755012491300_1.jpg","https://tysnkzmljlmmqpbotkxv.supabase.co/storage/v1/object/public/travel-app-images/wikipedia-15e2f502/parque-do-carmo-olavo-egydio-s-ficheirobandeira-da--1757530678201-1.svg","unknown","wikipedia","3",""
"38610259-fb9a-4e79-89d5-cbe4a48ece98","Parque Lina e Paulo Raia","true","https://tysnkzmljlmmqpbotkxv.supabase.co/storage/v1/object/public/travel-app-images/ChIJZ88YP_BazpQRegFYGDDfFf8/ChIJZ88YP_BazpQRegFYGDDfFf8_1755014151145_1.jpg","https://tysnkzmljlmmqpbotkxv.supabase.co/storage/v1/object/public/travel-app-images/wikipedia-38610259/parque-lina-e-paulo-raia-ficheirobandeira-da--1757530678474-1.svg","unknown","wikipedia","3",""
"cc8e91aa-34e3-4c92-a22d-7b5415dc8417","Instituto Tomie Ohtake","true","https://tysnkzmljlmmqpbotkxv.supabase.co/storage/v1/object/public/travel-app-images/ChIJ_fwqdrRZzpQRqw5uxa4fjJU/ChIJ_fwqdrRZzpQRqw5uxa4fjJU_1755015960781_1.jpg","https://tysnkzmljlmmqpbotkxv.supabase.co/storage/v1/object/public/travel-app-images/wikipedia-cc8e91aa/instituto-tomie-ohtake-ficheirobandeira-da--1757530677997-1.svg","unknown","wikipedia","3",""
"fda3d6d8-d249-4cf7-afaa-848e44488eeb","Museu Lasar Segall","true","https://tysnkzmljlmmqpbotkxv.supabase.co/storage/v1/object/public/travel-app-images/ChIJHVmoyCRbzpQR0W5yK4CCxBE/ChIJHVmoyCRbzpQR0W5yK4CCxBE_1755016607630_1.jpg","https://tysnkzmljlmmqpbotkxv.supabase.co/storage/v1/object/public/travel-app-images/wikipedia-fda3d6d8/museu-lasar-segall-ficheirobandeira-do--1757530685443-1.svg","unknown","wikipedia","3",""
"aa1264b6-855a-4e12-b7bd-59fd0f793af4","Parque Barragem de Guarapiranga","true","https://tysnkzmljlmmqpbotkxv.supabase.co/storage/v1/object/public/travel-app-images/ChIJG-B6PM9RzpQRNeNjyO8PY1Q/ChIJG-B6PM9RzpQRNeNjyO8PY1Q_1755017123363_1.jpg","https://tysnkzmljlmmqpbotkxv.supabase.co/storage/v1/object/public/travel-app-images/wikipedia-aa1264b6/parque-barragem-de-guarapirang-ficheirobandeira-da--1757530684687-1.svg","unknown","wikipedia","3",""
"7ddd10e6-1812-472d-8b30-e3887559f69d","Parque Raposo Tavares","true","https://tysnkzmljlmmqpbotkxv.supabase.co/storage/v1/object/public/travel-app-images/ChIJG7iFn9JVzpQRLQa3hx8JxgQ/ChIJG7iFn9JVzpQRLQa3hx8JxgQ_1755014597096_1.jpg","https://tysnkzmljlmmqpbotkxv.supabase.co/storage/v1/object/public/travel-app-images/wikipedia-7ddd10e6/parque-raposo-tavares-ficheirobandeira-da--1757530684388-1.svg","unknown","wikipedia","3",""
"66e082b7-744a-4c93-8fbb-f039d3f34e64","Parque Ibirapuera","true","https://tysnkzmljlmmqpbotkxv.supabase.co/storage/v1/object/public/travel-app-images/ChIJ0RGdBvFZzpQRQeWcrwlhk8s/ChIJ0RGdBvFZzpQRQeWcrwlhk8s_1752002401551_1.jpg","https://tysnkzmljlmmqpbotkxv.supabase.co/storage/v1/object/public/travel-app-images/wikipedia-66e082b7/parque-ibirapuera-ficheirobandeira-da--1757530691339-1.svg","unknown","wikipedia","3",""
"7b860efc-de78-4d4b-b770-265d9597d96d","Ginásio de Esportes José Corrêa","true","https://tysnkzmljlmmqpbotkxv.supabase.co/storage/v1/object/public/travel-app-images/ChIJI8C5sNMDz5QRf5qOMUV0oeo/ChIJI8C5sNMDz5QRf5qOMUV0oeo_1751993356091_1.jpg","https://tysnkzmljlmmqpbotkxv.supabase.co/storage/v1/object/public/travel-app-images/wikipedia-7b860efc/ginsio-de-esportes-jos-corra-ficheirofarmfresh-en-1757530690900-1.png","unknown","wikipedia","1",""
"48d35d87-3e09-40a5-bfd0-1f312eb52a1d","Templo Kinkaku Ji","true","https://tysnkzmljlmmqpbotkxv.supabase.co/storage/v1/object/public/travel-app-images/ChIJKREvJH6yz5QRfaFYamh8avU/ChIJKREvJH6yz5QRfaFYamh8avU_1751981044222_1.jpg","https://tysnkzmljlmmqpbotkxv.supabase.co/storage/v1/object/public/travel-app-images/wikipedia-48d35d87/templo-kinkaku-ji-ficheirobandeira-do--1757530691105-1.svg","unknown","wikipedia","3",""
"16ad48fe-ae77-4ad6-ab5f-f51a9da6f027","Parque Ecológico do Santa Maria","true","https://tysnkzmljlmmqpbotkxv.supabase.co/storage/v1/object/public/travel-app-images/ChIJ_-AqqkVVzpQRpRqRJuP5kZQ/ChIJ_-AqqkVVzpQRpRqRJuP5kZQ_1751983453392_1.jpg","https://tysnkzmljlmmqpbotkxv.supabase.co/storage/v1/object/public/travel-app-images/wikipedia-16ad48fe/parque-ecolgico-do-santa-maria-ficheirobandeira-do--1757530697361-1.svg","unknown","wikipedia","3",""
"7867949f-e0be-461f-af69-f966e2511104","Biblioteca Padre Alberto Antoniazzi","true","https://tysnkzmljlmmqpbotkxv.supabase.co/storage/v1/object/public/travel-app-images/ChIJtSvax--WpgAR-5sux6LNtwI/ChIJtSvax--WpgAR-5sux6LNtwI_1751579464077_1.jpg","https://tysnkzmljlmmqpbotkxv.supabase.co/storage/v1/object/public/travel-app-images/wikipedia-7867949f/biblioteca-padre-alberto-anton-ficheiroadriana-araj-1757530697566-1.jpg","unknown","wikipedia","3",""
"66e384cc-6502-44a5-b3e6-5054189e9500","Estação Ecológica da UFMG","true","https://tysnkzmljlmmqpbotkxv.supabase.co/storage/v1/object/public/travel-app-images/ChIJFcFSY-WQpgARmmyX3e7Hul8/ChIJFcFSY-WQpgARmmyX3e7Hul8_1751578693343_1.jpg","https://tysnkzmljlmmqpbotkxv.supabase.co/storage/v1/object/public/travel-app-images/wikipedia-66e384cc/estao-ecolgica-da-ufmg-ficheirobandeira-de--1757530697078-1.svg","unknown","wikipedia","2",""
"57c076d7-a7bb-40bd-af33-202ecb0e40eb","Memorial Minas Gerais Vale","true","https://tysnkzmljlmmqpbotkxv.supabase.co/storage/v1/object/public/travel-app-images/ChIJKQVE192ZpgARI5SQ1hCEBuU/ChIJKQVE192ZpgARI5SQ1hCEBuU_1751579120682_1.jpg","https://tysnkzmljlmmqpbotkxv.supabase.co/storage/v1/object/public/travel-app-images/wikipedia-57c076d7/memorial-minas-gerais-vale-ficheirobandeira-de--1757530703324-1.svg","unknown","wikipedia","3",""
"90b029af-0780-4283-ad29-13e33b82977d","Mineirão","true","https://tysnkzmljlmmqpbotkxv.supabase.co/storage/v1/object/public/travel-app-images/ChIJbf9IE_eQpgARiHXSQjJFuTU/ChIJbf9IE_eQpgARiHXSQjJFuTU_1751578670251_1.jpg","https://tysnkzmljlmmqpbotkxv.supabase.co/storage/v1/object/public/travel-app-images/wikipedia-90b029af/mineiro-ficheirobandeiradebe-1757530702589-1.svg","unknown","wikipedia","3",""
"9680fe8f-de50-40be-95ae-eaf74018950d","Museu de Artes e Ofícios","true","https://tysnkzmljlmmqpbotkxv.supabase.co/storage/v1/object/public/travel-app-images/ChIJ2VZVHPqZpgARxfOC9NjNX8Q/ChIJ2VZVHPqZpgARxfOC9NjNX8Q_1751579084767_1.jpg","https://tysnkzmljlmmqpbotkxv.supabase.co/storage/v1/object/public/travel-app-images/wikipedia-9680fe8f/museu-de-artes-e-ofcios-ficheirobandeira-de--1757530702844-1.svg","unknown","wikipedia","3",""
"1bf975d1-b5af-431e-9dd2-3da07af47055","Parque Ecológico Primeiro de Maio","true","https://tysnkzmljlmmqpbotkxv.supabase.co/storage/v1/object/public/travel-app-images/ChIJb9Fce72apgARdFMvMbZozEk/ChIJb9Fce72apgARdFMvMbZozEk_1751578747058_1.jpg","https://tysnkzmljlmmqpbotkxv.supabase.co/storage/v1/object/public/travel-app-images/wikipedia-1bf975d1/parque-ecolgico-primeiro-de-ma-ficheirobandeiradebe-1757530708976-1.svg","unknown","wikipedia","3",""
"1fa8a22b-a28d-4c3c-8945-e0ade242a580","Museu Histórico Abílio Barreto","true","https://tysnkzmljlmmqpbotkxv.supabase.co/storage/v1/object/public/travel-app-images/ChIJFYUslXyXpgAR_jXU_fhZPiE/ChIJFYUslXyXpgAR_jXU_fhZPiE_1751579704347_1.jpg","https://tysnkzmljlmmqpbotkxv.supabase.co/storage/v1/object/public/travel-app-images/wikipedia-1fa8a22b/museu-histrico-ablio-barreto-ficheiro2017-04-17-m-1757530709474-1.jpg","unknown","wikipedia","3",""
"19f19073-abb4-4fc1-9448-7ae3916074d0","Parque Municipal Juscelino Kubitschek","true","https://tysnkzmljlmmqpbotkxv.supabase.co/storage/v1/object/public/travel-app-images/ChIJJydq2jCYpgARMD4wUgjYmFM/ChIJJydq2jCYpgARMD4wUgjYmFM_1751579713115_1.jpg","https://tysnkzmljlmmqpbotkxv.supabase.co/storage/v1/object/public/travel-app-images/wikipedia-19f19073/parque-municipal-juscelino-kub-ficheiro10anosjkjpg-1757530709519-1.jpg","unknown","wikipedia","3",""
"b8ae95f8-381c-4f0f-8cff-305478b77649","Museu Casa Kubitschek","true","https://tysnkzmljlmmqpbotkxv.supabase.co/storage/v1/object/public/travel-app-images/ChIJkWcQcFOQpgARF8rfAIA68MQ/ChIJkWcQcFOQpgARF8rfAIA68MQ_1751578702450_1.jpg","https://tysnkzmljlmmqpbotkxv.supabase.co/storage/v1/object/public/travel-app-images/wikipedia-b8ae95f8/museu-casa-kubitschek-ficheirocasa-kubitsc-1757530716046-1.jpg","unknown","wikipedia","3",""
"024f8e69-f352-47fa-93e4-5331dc5d9dca","Parque Ecológico","true","https://tysnkzmljlmmqpbotkxv.supabase.co/storage/v1/object/public/travel-app-images/ChIJq6qqaiiWpgARIY_4GYgno28/ChIJq6qqaiiWpgARIY_4GYgno28_1751579720503_1.jpg","https://tysnkzmljlmmqpbotkxv.supabase.co/storage/v1/object/public/travel-app-images/wikipedia-024f8e69/parque-ecolgico-ficheirobandeiradebe-1757530715988-1.svg","unknown","wikipedia","3",""
"961d67ae-44ef-41ac-9a48-32b785b24c00","Jardim Botânico de Belo Horizonte","true","https://tysnkzmljlmmqpbotkxv.supabase.co/storage/v1/object/public/travel-app-images/ChIJNzE3P3GRpgARzjVhYaXxFlA/ChIJNzE3P3GRpgARzjVhYaXxFlA_1751578809721_1.jpg","https://tysnkzmljlmmqpbotkxv.supabase.co/storage/v1/object/public/travel-app-images/wikipedia-961d67ae/jardim-botnico-de-belo-horizon-ficheirobrasobelohor-1757530715158-1.svg","unknown","wikipedia","3",""
"c3d5cd66-5b9f-48aa-8574-048fef8dd492","Jardim Botânico","true","https://tysnkzmljlmmqpbotkxv.supabase.co/storage/v1/object/public/travel-app-images/ChIJ01HZGcPVmwARWInO4sihId8/ChIJ01HZGcPVmwARWInO4sihId8_1754580951793_1.jpg","https://tysnkzmljlmmqpbotkxv.supabase.co/storage/v1/object/public/travel-app-images/wikipedia-c3d5cd66/jardim-botnico-ficheiroaleia-barbos-1757530722091-1.jpg","unknown","wikipedia","3",""
"31eda555-b4df-499f-bcf5-7d7df731ef1b","Píer da Capela - Pedra de Guaratiba","true","https://tysnkzmljlmmqpbotkxv.supabase.co/storage/v1/object/public/travel-app-images/ChIJqXSA_CjumwARIvD1S5c_AHs/ChIJqXSA_CjumwARIvD1S5c_AHs_1754500874544_1.jpg","https://tysnkzmljlmmqpbotkxv.supabase.co/storage/v1/object/public/travel-app-images/wikipedia-31eda555/per-da-capela-pedra-de-guarati-ficheirobandeira-da--1757530722556-1.svg","unknown","wikipedia","3",""
"53a98f2b-a396-4948-8620-74d8e036f055","Ipanema","true","https://tysnkzmljlmmqpbotkxv.supabase.co/storage/v1/object/public/travel-app-images/ChIJveZ5DQDVmwARan7S0WGJgqU/ChIJveZ5DQDVmwARan7S0WGJgqU_1754580190397_1.jpg","https://tysnkzmljlmmqpbotkxv.supabase.co/storage/v1/object/public/travel-app-images/wikipedia-53a98f2b/ipanema-ficheiro1-ipanema-be-1757530722963-1.jpg","unknown","wikipedia","3",""
"c3cfbeb5-fa14-43d7-82f0-cf304769be5f","Fundação Biblioteca Nacional","true","https://tysnkzmljlmmqpbotkxv.supabase.co/storage/v1/object/public/travel-app-images/ChIJ0QTJyWF_mQAR4t3oNko2kQo/ChIJ0QTJyWF_mQAR4t3oNko2kQo_1754578548399_1.jpg","https://tysnkzmljlmmqpbotkxv.supabase.co/storage/v1/object/public/travel-app-images/wikipedia-c3cfbeb5/fundao-biblioteca-nacional-ficheiroamericana-19-1757530730036-1.jpg","unknown","wikipedia","3",""
"a6a3486b-40a7-43af-b73d-d5da331cba85","Praça do Carmo","true","https://tysnkzmljlmmqpbotkxv.supabase.co/storage/v1/object/public/travel-app-images/ChIJ7-DuMHp7mQARniWVKTVp4G0/ChIJ7-DuMHp7mQARniWVKTVp4G0_1754504189834_1.jpg","https://tysnkzmljlmmqpbotkxv.supabase.co/storage/v1/object/public/travel-app-images/wikipedia-a6a3486b/praa-do-carmo-fileflag-map-of-rio--1757530731794-1.png","unknown","wikipedia","2",""
"e241b659-f7ca-4cec-9b01-1c9a243ac569","Catedral Presbiteriana do Rio de Janeiro","true","https://tysnkzmljlmmqpbotkxv.supabase.co/storage/v1/object/public/travel-app-images/ChIJ6xTVW2Z_mQAR09otXYFdlvM/ChIJ6xTVW2Z_mQAR09otXYFdlvM_1754578878470_1.jpg","https://tysnkzmljlmmqpbotkxv.supabase.co/storage/v1/object/public/travel-app-images/wikipedia-e241b659/catedral-presbiteriana-do-rio--ficheiro2018-rio-de--1757530730194-1.jpg","unknown","wikipedia","3",""
"77637790-25d7-4453-a30d-bc611a81257a",""PRAIA" DE MADUREIRA","true","https://tysnkzmljlmmqpbotkxv.supabase.co/storage/v1/object/public/travel-app-images/ChIJ55lsf-hjmQARS0OBw4DzkXU/ChIJ55lsf-hjmQARS0OBw4DzkXU_1754505561382_1.jpg","https://tysnkzmljlmmqpbotkxv.supabase.co/storage/v1/object/public/travel-app-images/wikipedia-77637790/praia-de-madureira-ficheiro20110524-01--1757530739746-1.jpg","unknown","wikipedia","3",""
"6d058257-623f-441f-8e3a-2e7e9e218b06","Estádio São Januário","true","https://tysnkzmljlmmqpbotkxv.supabase.co/storage/v1/object/public/travel-app-images/ChIJ31lmOOp-mQARVtTFLP17XpE/ChIJ31lmOOp-mQARVtTFLP17XpE_1754579137859_1.jpg","https://tysnkzmljlmmqpbotkxv.supabase.co/storage/v1/object/public/travel-app-images/wikipedia-6d058257/estdio-so-janurio-ficheirobandeira-da--1757530737720-1.svg","unknown","wikipedia","3",""
"7eb7855b-e204-4dcf-a070-8db8b06fbb96","Cascata do Parque de Madureira","true","https://tysnkzmljlmmqpbotkxv.supabase.co/storage/v1/object/public/travel-app-images/ChIJkTKWfABjmQARG7sR7OWuQv8/ChIJkTKWfABjmQARG7sR7OWuQv8_1754505553288_1.jpg","https://tysnkzmljlmmqpbotkxv.supabase.co/storage/v1/object/public/travel-app-images/wikipedia-7eb7855b/cascata-do-parque-de-madureira-ficheiroaiga-elevato-1757530739335-1.svg","unknown","wikipedia","3",""
"74e3480e-a254-4f22-be1b-62153a8a35a1","Paredão da Pedra da Gávea","true","https://tysnkzmljlmmqpbotkxv.supabase.co/storage/v1/object/public/travel-app-images/ChIJyXoZItHWmwARXN27JtVRyG0/ChIJyXoZItHWmwARXN27JtVRyG0_1754506528115_1.jpg","https://tysnkzmljlmmqpbotkxv.supabase.co/storage/v1/object/public/travel-app-images/wikipedia-74e3480e/paredo-da-pedra-da-gvea-ficheiro1867-p184-i--1757530748868-1.jpg","unknown","wikipedia","3",""
"bb79f62b-9eff-4671-ab53-4d9c35104f9b","Ponta da Joatinga","true","https://tysnkzmljlmmqpbotkxv.supabase.co/storage/v1/object/public/travel-app-images/ChIJAZ8_DgDRmwAR0GeQPoX1EHM/ChIJAZ8_DgDRmwAR0GeQPoX1EHM_1754506523340_1.jpg","https://tysnkzmljlmmqpbotkxv.supabase.co/storage/v1/object/public/travel-app-images/wikipedia-bb79f62b/ponta-da-joatinga-ficheirobandeira-da--1757530746874-1.svg","unknown","wikipedia","3",""
"bcd4d187-0b6c-4637-9117-98b435507ccd","Theatro Municipal do Rio de Janeiro","false","https://tysnkzmljlmmqpbotkxv.supabase.co/storage/v1/object/public/travel-app-images/ChIJUSQw7WF_mQARQKXFPmK9_6A/ChIJUSQw7WF_mQARQKXFPmK9_6A_1754578536861_1.jpg","","unknown","","","No images found on Wikipedia page"
"7545e40b-6481-4910-8482-630340dcb168","Gruta da Joatinga","true","https://tysnkzmljlmmqpbotkxv.supabase.co/storage/v1/object/public/travel-app-images/ChIJb30Dcx3RmwARW6Tf29UoL1k/ChIJb30Dcx3RmwARW6Tf29UoL1k_1754506570577_1.jpg","https://tysnkzmljlmmqpbotkxv.supabase.co/storage/v1/object/public/travel-app-images/wikipedia-7545e40b/gruta-da-joatinga-ficheirobandeira-da--1757530757879-1.svg","unknown","wikipedia","3",""
"e19ce4c7-b60e-4ec9-a458-ada29fe456bd","Praia de Copacabana","true","https://tysnkzmljlmmqpbotkxv.supabase.co/storage/v1/object/public/travel-app-images/ChIJa5WleUXVmwAR47P8r-4tEAo/ChIJa5WleUXVmwAR47P8r-4tEAo_1754580227127_1.jpg","https://tysnkzmljlmmqpbotkxv.supabase.co/storage/v1/object/public/travel-app-images/wikipedia-e19ce4c7/praia-de-copacabana-ficheiroaerial-view--1757530755845-1.jpg","unknown","wikipedia","3",""
"8de984f7-c88f-4e2f-b752-e2ca8aff6f1b","Barra Plaza","true","https://tysnkzmljlmmqpbotkxv.supabase.co/storage/v1/object/public/travel-app-images/ChIJe2qscEramwARpAvdoxq6MZ0/ChIJe2qscEramwARpAvdoxq6MZ0_1754506247173_1.jpg","https://tysnkzmljlmmqpbotkxv.supabase.co/storage/v1/object/public/travel-app-images/wikipedia-8de984f7/barra-plaza-ficheirobandeira-da--1757530757582-1.svg","unknown","wikipedia","3",""
"7769a19c-6035-4391-9cf7-513f76875325","Morro Cara de Cão","true","https://tysnkzmljlmmqpbotkxv.supabase.co/storage/v1/object/public/travel-app-images/ChIJQQ7p-0eAmQARncB31OYcfMk/ChIJQQ7p-0eAmQARncB31OYcfMk_1754580041360_1.jpg","https://tysnkzmljlmmqpbotkxv.supabase.co/storage/v1/object/public/travel-app-images/wikipedia-7769a19c/morro-cara-de-co-ficheiromorro-cara-d-1757530764553-1.jpg","unknown","wikipedia","3",""
"4abc0895-39d3-4977-ba1b-1f5498d679c2","Barra Square Shopping Center","true","https://tysnkzmljlmmqpbotkxv.supabase.co/storage/v1/object/public/travel-app-images/ChIJaxFADEDamwARaRe5fcF-wTA/ChIJaxFADEDamwARaRe5fcF-wTA_1754506349841_1.jpg","https://tysnkzmljlmmqpbotkxv.supabase.co/storage/v1/object/public/travel-app-images/wikipedia-4abc0895/barra-square-shopping-center-ficheirobandeira-da--1757530765107-1.svg","unknown","wikipedia","3",""
"b842d518-dbc1-4d5a-9d3a-6342063f26e1","Museu da Polícia Civil do Estado do Rio de Janeiro","true","https://tysnkzmljlmmqpbotkxv.supabase.co/storage/v1/object/public/travel-app-images/ChIJabwOd29_mQARKGuNjNLqwuM/ChIJabwOd29_mQARKGuNjNLqwuM_1754578687397_1.jpg","https://tysnkzmljlmmqpbotkxv.supabase.co/storage/v1/object/public/travel-app-images/wikipedia-b842d518/museu-da-polcia-civil-do-estad-ficheiro1600001ejpg-1757530763731-1.jpg","unknown","wikipedia","3",""
"5cc0909d-cc17-443d-8763-4b0eb87ddab5","Estádio Olímpico Nilton Santos","true","https://tysnkzmljlmmqpbotkxv.supabase.co/storage/v1/object/public/travel-app-images/ChIJWYE5Dgd9mQARduPidzzfBZ4/ChIJWYE5Dgd9mQARduPidzzfBZ4_1754505508718_1.jpg","https://tysnkzmljlmmqpbotkxv.supabase.co/storage/v1/object/public/travel-app-images/wikipedia-5cc0909d/estdio-olmpico-nilton-santos-ficheiroandrea-hernn-1757530773145-1.jpg","unknown","wikipedia","3",""
"6016a50a-a1ae-4a45-91ad-cd80c6978029","Biblioteca de Manguinhos","true","https://tysnkzmljlmmqpbotkxv.supabase.co/storage/v1/object/public/travel-app-images/ChIJc9cq5qR-mQAR0o9MV1BFXsI/ChIJc9cq5qR-mQAR0o9MV1BFXsI_1754505536125_1.jpg","https://tysnkzmljlmmqpbotkxv.supabase.co/storage/v1/object/public/travel-app-images/wikipedia-6016a50a/biblioteca-de-manguinhos-ficheirobandeira-do--1757530773114-1.svg","unknown","wikipedia","3",""
"c90c6935-515b-4fdd-9809-ccb54fea20df","Paróquia Nossa Senhora de Copacabana","true","https://tysnkzmljlmmqpbotkxv.supabase.co/storage/v1/object/public/travel-app-images/ChIJrUO6YFDVmwARA_xn-WO3k3U/ChIJrUO6YFDVmwARA_xn-WO3k3U_1754579280067_1.jpg","https://tysnkzmljlmmqpbotkxv.supabase.co/storage/v1/object/public/travel-app-images/wikipedia-c90c6935/parquia-nossa-senhora-de-copac-ficheiroavenidaatlan-1757530770435-1.jpg","unknown","wikipedia","3",""
"11a7825b-cb65-4bb3-b280-f32a85a8fd35","Parque Ary Barroso","true","https://tysnkzmljlmmqpbotkxv.supabase.co/storage/v1/object/public/travel-app-images/ChIJN7xhZZx7mQAR5zcL9OBGmws/ChIJN7xhZZx7mQAR5zcL9OBGmws_1754504198239_1.jpg","https://tysnkzmljlmmqpbotkxv.supabase.co/storage/v1/object/public/travel-app-images/wikipedia-11a7825b/parque-ary-barroso-ficheirobandeira-da--1757530780465-1.svg","unknown","wikipedia","3",""
"10b90da7-eb3e-4ec2-b9de-59c8ac047bfe","Campo Olímpico de Golfe","true","https://tysnkzmljlmmqpbotkxv.supabase.co/storage/v1/object/public/travel-app-images/ChIJ41RyAoDcmwARkCLNpXP8-iM/ChIJ41RyAoDcmwARkCLNpXP8-iM_1754503434270_1.jpg","https://tysnkzmljlmmqpbotkxv.supabase.co/storage/v1/object/public/travel-app-images/wikipedia-10b90da7/campo-olmpico-de-golfe-ficheirobandeira-da--1757530780999-1.svg","unknown","wikipedia","3",""
"5da5dde7-d072-4d79-82f0-6f5b3d60e4c2","Rio de Janeiro","false","https://tysnkzmljlmmqpbotkxv.supabase.co/storage/v1/object/public/travel-app-images/ChIJW6AIkVXemwARTtIvZ2xC3FA/ChIJW6AIkVXemwARTtIvZ2xC3FA_1754579129501_1.jpg","","unknown","","","No images found on Wikipedia page"
"ad380089-8926-4946-bff7-2cadbc28b648","Centro Cultural da Policia Militar","true","https://tysnkzmljlmmqpbotkxv.supabase.co/storage/v1/object/public/travel-app-images/ChIJ73iQuRJ_mQAROlAlWJc9rqg/ChIJ73iQuRJ_mQAROlAlWJc9rqg_1754578703838_1.jpg","https://tysnkzmljlmmqpbotkxv.supabase.co/storage/v1/object/public/travel-app-images/wikipedia-ad380089/centro-cultural-da-policia-mil-ficheirocommonslogos-1757530787952-1.svg","unknown","wikipedia","3",""
"fae66ddf-0341-447c-89d6-632a8e169575","Orla de Padre Miguel","true","https://tysnkzmljlmmqpbotkxv.supabase.co/storage/v1/object/public/travel-app-images/ChIJl_74Ji_fmwARf13hrBPeJc4/ChIJl_74Ji_fmwARf13hrBPeJc4_1754502969220_1.jpg","https://tysnkzmljlmmqpbotkxv.supabase.co/storage/v1/object/public/travel-app-images/wikipedia-fae66ddf/orla-de-padre-miguel-ficheirobandeira-da--1757530790070-1.svg","unknown","wikipedia","3",""
"272f4b33-54b9-4d0b-b65b-1fd7caa676f3","Parque Lage","true","https://tysnkzmljlmmqpbotkxv.supabase.co/storage/v1/object/public/travel-app-images/ChIJfw5LPHjVmwARI8TbAsKq5CQ/ChIJfw5LPHjVmwARI8TbAsKq5CQ_1754579285892_1.jpg","https://tysnkzmljlmmqpbotkxv.supabase.co/storage/v1/object/public/travel-app-images/wikipedia-272f4b33/parque-lage-ficheirobandeira-da--1757530788754-1.svg","unknown","wikipedia","3",""
"507239e2-cf3e-4e3d-821f-78ecaec265a8","Casa França-Brasil","true","https://tysnkzmljlmmqpbotkxv.supabase.co/storage/v1/object/public/travel-app-images/ChIJn-4P7Fh_mQARpnoOXO4uihM/ChIJn-4P7Fh_mQARpnoOXO4uihM_1754578581033_1.jpg","https://tysnkzmljlmmqpbotkxv.supabase.co/storage/v1/object/public/travel-app-images/wikipedia-507239e2/casa-franabrasil-ficheirobandeira-da--1757530795815-1.svg","unknown","wikipedia","3",""
"74a9ff16-75c3-4168-835f-eee61ae73a35","Praia da Reserva","true","https://tysnkzmljlmmqpbotkxv.supabase.co/storage/v1/object/public/travel-app-images/ChIJDzmr1bjbmwARR6EaKdWdC1c/ChIJDzmr1bjbmwARR6EaKdWdC1c_1754503522475_1.jpg","https://tysnkzmljlmmqpbotkxv.supabase.co/storage/v1/object/public/travel-app-images/wikipedia-74a9ff16/praia-da-reserva-ficheiroavenida-lcio-1757530798691-1.jpg","unknown","wikipedia","3",""
"7fd42c07-0f03-4810-82d8-552cbf0e4492","Pedra da Ponta Grossa (Vista)","true","https://tysnkzmljlmmqpbotkxv.supabase.co/storage/v1/object/public/travel-app-images/ChIJnfGoGcbxmwARaD0TkU94Ge0/ChIJnfGoGcbxmwARaD0TkU94Ge0_1754500865208_1.jpg","https://tysnkzmljlmmqpbotkxv.supabase.co/storage/v1/object/public/travel-app-images/wikipedia-7fd42c07/pedra-da-ponta-grossa-vista-ficheirobandeira-da--1757530796211-1.svg","unknown","wikipedia","3",""
"32d412f4-6293-491d-b963-80abfdc0c58e","Penha","true","https://tysnkzmljlmmqpbotkxv.supabase.co/storage/v1/object/public/travel-app-images/ChIJvetXjpZ7mQAR2ZNYbO5F9lM/ChIJvetXjpZ7mQAR2ZNYbO5F9lM_1754505499993_1.jpg","https://tysnkzmljlmmqpbotkxv.supabase.co/storage/v1/object/public/travel-app-images/wikipedia-32d412f4/penha-ficheiroaeroporto-do-1757530808252-1.jpg","unknown","wikipedia","3",""
"f5fbeb76-e25b-4803-a886-09485b639dff","Estádio Aniceto Moscoso","true","https://tysnkzmljlmmqpbotkxv.supabase.co/storage/v1/object/public/travel-app-images/ChIJGaG-FChjmQAReLuCNa2DJE0/ChIJGaG-FChjmQAReLuCNa2DJE0_1754505518085_1.jpg","https://tysnkzmljlmmqpbotkxv.supabase.co/storage/v1/object/public/travel-app-images/wikipedia-f5fbeb76/estdio-aniceto-moscoso-ficheirobandeira-da--1757530810685-1.svg","unknown","wikipedia","3",""
"d9f5b8a9-3165-4121-ae0b-917daa8fcd61","Estádio Presidente Manoel Schwartz","true","https://tysnkzmljlmmqpbotkxv.supabase.co/storage/v1/object/public/travel-app-images/ChIJGXer4pF_mQARCde6AAt7WKg/ChIJGXer4pF_mQARCde6AAt7WKg_1754579140848_1.jpg","https://tysnkzmljlmmqpbotkxv.supabase.co/storage/v1/object/public/travel-app-images/wikipedia-d9f5b8a9/estdio-presidente-manoel-schwa-ficheiroaerial-view--1757530804088-1.jpg","unknown","wikipedia","3",""
"fc61d2ff-aa68-4393-9e8f-3b2b9ff9e12d","Tijuca","true","https://tysnkzmljlmmqpbotkxv.supabase.co/storage/v1/object/public/travel-app-images/ChIJzdr7Sxt-mQARGBb529c4TUo/ChIJzdr7Sxt-mQARGBb529c4TUo_1754579135442_1.jpg","https://tysnkzmljlmmqpbotkxv.supabase.co/storage/v1/object/public/travel-app-images/wikipedia-fc61d2ff/tijuca-ficheiro20141113-sho-1757530821776-1.jpg","unknown","wikipedia","3",""
"483f4caf-b5b9-43ab-88d3-6152f2875101","Catedral Metropolitana de São Sebastião do Rio de Janeiro","true","https://tysnkzmljlmmqpbotkxv.supabase.co/storage/v1/object/public/travel-app-images/ChIJaXW-F2R_mQARjtqcwUcZSfM/ChIJaXW-F2R_mQARjtqcwUcZSfM_1754578552215_1.jpg","https://tysnkzmljlmmqpbotkxv.supabase.co/storage/v1/object/public/travel-app-images/wikipedia-483f4caf/catedral-metropolitana-de-so-s-ficheirobandeira-da--1757530825715-1.svg","unknown","wikipedia","3",""
"591e52aa-bad9-4395-99e6-a34ff42b7954","Lagoa Rodrigo de Freitas","true","https://tysnkzmljlmmqpbotkxv.supabase.co/storage/v1/object/public/travel-app-images/ChIJe4Z9tqHVmwARL557JMeSmUU/ChIJe4Z9tqHVmwARL557JMeSmUU_1754580777104_1.jpg","https://tysnkzmljlmmqpbotkxv.supabase.co/storage/v1/object/public/travel-app-images/wikipedia-591e52aa/lagoa-rodrigo-de-freitas-ficheiro1-lagoa-rodr-1757530823629-1.jpg","unknown","wikipedia","3",""
"fa315319-6851-45a4-98b2-9a9cae197938","Píer da Pedra de Guaratiba","true","https://tysnkzmljlmmqpbotkxv.supabase.co/storage/v1/object/public/travel-app-images/ChIJ6dSJ7hrxmwARnZiHUcIjl4A/ChIJ6dSJ7hrxmwARnZiHUcIjl4A_1754500905206_1.jpg","https://tysnkzmljlmmqpbotkxv.supabase.co/storage/v1/object/public/travel-app-images/wikipedia-fa315319/per-da-pedra-de-guaratiba-ficheirobandeira-da--1757530830641-1.svg","unknown","wikipedia","3",""
"eefb25c5-25fc-4ad0-992d-8662af599d31","Píer da Praia Pedra De Guaratiba","true","https://tysnkzmljlmmqpbotkxv.supabase.co/storage/v1/object/public/travel-app-images/ChIJQa_MA9fxmwARFbU88zPD4oI/ChIJQa_MA9fxmwARFbU88zPD4oI_1754500893385_1.jpg","https://tysnkzmljlmmqpbotkxv.supabase.co/storage/v1/object/public/travel-app-images/wikipedia-eefb25c5/per-da-praia-pedra-de-guaratib-ficheirobandeira-da--1757530830651-1.svg","unknown","wikipedia","3",""
"1927d16a-0505-4794-b9b0-ce8bfe01b387","PNM da Serra Da Capoeira Grande","true","https://tysnkzmljlmmqpbotkxv.supabase.co/storage/v1/object/public/travel-app-images/ChIJxz9Dki7wmwARsXV-nFnFcDU/ChIJxz9Dki7wmwARsXV-nFnFcDU_1754501070524_1.jpg","https://tysnkzmljlmmqpbotkxv.supabase.co/storage/v1/object/public/travel-app-images/wikipedia-1927d16a/pnm-da-serra-da-capoeira-grand-ficheirobraso-de-nit-1757530835440-1.svg","unknown","wikipedia","3",""
"0a9ec59f-506b-40c7-bb6d-948577f3b279","Jardim Botânico do Rio de Janeiro","true","https://tysnkzmljlmmqpbotkxv.supabase.co/storage/v1/object/public/travel-app-images/ChIJA0tgM6PVmwARYbqb7Eo9VO4/ChIJA0tgM6PVmwARYbqb7Eo9VO4_1754579273458_1.jpg","https://tysnkzmljlmmqpbotkxv.supabase.co/storage/v1/object/public/travel-app-images/wikipedia-0a9ec59f/jardim-botnico-do-rio-de-janei-ficheiro584-gara-mou-1757530842853-1.jpg","unknown","wikipedia","3",""
"c37aea23-c773-44bf-a7a7-4f985a82c556","Praia do Abricó","true","https://tysnkzmljlmmqpbotkxv.supabase.co/storage/v1/object/public/travel-app-images/ChIJLcI4iyzpmwAR8_tZ4FFvoOw/ChIJLcI4iyzpmwAR8_tZ4FFvoOw_1754502595806_1.jpg","https://tysnkzmljlmmqpbotkxv.supabase.co/storage/v1/object/public/travel-app-images/wikipedia-c37aea23/praia-do-abric-ficheirobandeira-da--1757530842925-1.svg","unknown","wikipedia","3",""
"158951df-ed08-4e06-aa76-460eb02d2468","Praça Nossa Senhora da Paz","true","https://tysnkzmljlmmqpbotkxv.supabase.co/storage/v1/object/public/travel-app-images/ChIJ6UzqawXVmwAR7wQDuZX4_Ik/ChIJ6UzqawXVmwAR7wQDuZX4_Ik_1754579301137_1.jpg","https://tysnkzmljlmmqpbotkxv.supabase.co/storage/v1/object/public/travel-app-images/wikipedia-158951df/praa-nossa-senhora-da-paz-ficheirobandeira-da--1757530841319-1.svg","unknown","wikipedia","3",""
"9171774a-c650-4c83-bdbf-c98ae4c98af8","Sítio Arqueológico Casa dos Pilões","true","https://tysnkzmljlmmqpbotkxv.supabase.co/storage/v1/object/public/travel-app-images/ChIJxQhiyr3VmwAR1ZkX_Upf4aU/ChIJxQhiyr3VmwAR1ZkX_Upf4aU_1754580937846_1.jpg","https://tysnkzmljlmmqpbotkxv.supabase.co/storage/v1/object/public/travel-app-images/wikipedia-9171774a/stio-arqueolgico-casa-dos-pile-ficheiro584-gara-mou-1757530850658-1.jpg","unknown","wikipedia","3",""
"839bc15d-c573-4236-af59-63c8e74bc992","Real Gabinete Português de Leitura","true","https://tysnkzmljlmmqpbotkxv.supabase.co/storage/v1/object/public/travel-app-images/ChIJS1nNgmd_mQARQzyarreSaEM/ChIJS1nNgmd_mQARQzyarreSaEM_1754579143978_1.jpg","https://tysnkzmljlmmqpbotkxv.supabase.co/storage/v1/object/public/travel-app-images/wikipedia-839bc15d/real-gabinete-portugus-de-leit-ficheirobandeira-da--1757530850404-1.svg","unknown","wikipedia","3",""
"28c7264c-8136-48e5-9a7a-633903218a9d","Biblioteca Parque Estadual","true","https://tysnkzmljlmmqpbotkxv.supabase.co/storage/v1/object/public/travel-app-images/ChIJ0xpJuGl_mQAR51BNigWwFSM/ChIJ0xpJuGl_mQAR51BNigWwFSM_1754579153944_1.jpg","https://tysnkzmljlmmqpbotkxv.supabase.co/storage/v1/object/public/travel-app-images/wikipedia-28c7264c/biblioteca-parque-estadual-ficheirobandeira-da--1757530850115-1.svg","unknown","wikipedia","3",""
"67a849aa-5cd9-4e71-8004-869c4fad61c6","Museu Aeroespacial","true","https://tysnkzmljlmmqpbotkxv.supabase.co/storage/v1/object/public/travel-app-images/ChIJc7UfAA1imQARirvb8KD_aCY/ChIJc7UfAA1imQARirvb8KD_aCY_1754502931326_1.jpg","https://tysnkzmljlmmqpbotkxv.supabase.co/storage/v1/object/public/travel-app-images/wikipedia-67a849aa/museu-aeroespacial-ficheiro14bis-musalj-1757530859209-1.jpg","unknown","wikipedia","3",""
"e61e46a2-4303-45bc-b550-a8c4a74f4ae4","Base Aérea dos Afonsos","true","https://tysnkzmljlmmqpbotkxv.supabase.co/storage/v1/object/public/travel-app-images/ChIJyS7h1F1imQAR9g0VwBe73JE/ChIJyS7h1F1imQAR9g0VwBe73JE_1754504150206_1.jpg","https://tysnkzmljlmmqpbotkxv.supabase.co/storage/v1/object/public/travel-app-images/wikipedia-e61e46a2/base-area-dos-afonsos-fileaerospatiale-pum-1757530859671-1.jpg","unknown","wikipedia","3",""
"2f6c8362-33b9-4b47-9a10-a1e4d8a88f3a","Museu Histórico do Corpo de Bombeiros Militar do Rio de Janeiro","true","https://tysnkzmljlmmqpbotkxv.supabase.co/storage/v1/object/public/travel-app-images/ChIJ3ZYJw25_mQARoU8A_RVuSbk/ChIJ3ZYJw25_mQARoU8A_RVuSbk_1754578710978_1.jpg","https://tysnkzmljlmmqpbotkxv.supabase.co/storage/v1/object/public/travel-app-images/wikipedia-2f6c8362/museu-histrico-do-corpo-de-bom-ficheiro1600001ejpg-1757530857981-1.jpg","unknown","wikipedia","3",""
"323076d6-2e64-4a41-8101-a3f4b638fda1","Forte de Copacabana (Museu Histórico do Exército e Forte de Copacabana)","true","https://tysnkzmljlmmqpbotkxv.supabase.co/storage/v1/object/public/travel-app-images/ChIJeTd8pTvVmwARPechOa3rhVY/ChIJeTd8pTvVmwARPechOa3rhVY_1754579485634_1.jpg","https://tysnkzmljlmmqpbotkxv.supabase.co/storage/v1/object/public/travel-app-images/wikipedia-323076d6/forte-de-copacabana-museu-hist-ficheirobandeira-da--1757530865739-1.svg","unknown","wikipedia","3",""
"01940cf7-6352-4ed8-9c9f-841fcd6ff79a","Shopping da Gávea","true","https://tysnkzmljlmmqpbotkxv.supabase.co/storage/v1/object/public/travel-app-images/ChIJDyRDUrfVmwARkraxsaFFlhk/ChIJDyRDUrfVmwARkraxsaFFlhk_1754579809791_1.jpg","https://tysnkzmljlmmqpbotkxv.supabase.co/storage/v1/object/public/travel-app-images/wikipedia-01940cf7/shopping-da-gvea-ficheirobrazil-rio-d-1757530865328-1.svg","unknown","wikipedia","3",""
"41d19cab-780e-45c5-a627-78d5092b8d73","Parque Natural Municipal da Cidade","true","https://tysnkzmljlmmqpbotkxv.supabase.co/storage/v1/object/public/travel-app-images/ChIJR7z8ujLUmwARW2UpN41r8Jg/ChIJR7z8ujLUmwARW2UpN41r8Jg_1754579621602_1.jpg","https://tysnkzmljlmmqpbotkxv.supabase.co/storage/v1/object/public/travel-app-images/wikipedia-41d19cab/parque-natural-municipal-da-ci-ficheiro1600001ejpg-1757530865875-1.jpg","unknown","wikipedia","3",""
"25c0bc96-bb1c-4b3d-9d7b-8a91c6025271","Norte Shopping","true","https://tysnkzmljlmmqpbotkxv.supabase.co/storage/v1/object/public/travel-app-images/ChIJ9yMkU1t9mQAR4x9nlVEeFSU/ChIJ9yMkU1t9mQAR4x9nlVEeFSU_1754505573660_1.jpg","https://tysnkzmljlmmqpbotkxv.supabase.co/storage/v1/object/public/travel-app-images/wikipedia-25c0bc96/norte-shopping-ficheiro20130929-nor-1757530874092-1.jpg","unknown","wikipedia","3",""
"dd0ced4a-eaab-43f3-be3f-673a4943fb0c","Parque dos Atletas","true","https://tysnkzmljlmmqpbotkxv.supabase.co/storage/v1/object/public/travel-app-images/ChIJe5hVuwrcmwARsDmdzUw6W2Q/ChIJe5hVuwrcmwARsDmdzUw6W2Q_1754503444611_1.jpg","https://tysnkzmljlmmqpbotkxv.supabase.co/storage/v1/object/public/travel-app-images/wikipedia-dd0ced4a/parque-dos-atletas-ficheirovistaaereada-1757530873181-1.jpg","unknown","wikipedia","1",""
"f1cfa04b-98fd-401c-953d-e4c4ef011026","Praia do Leme","false","https://tysnkzmljlmmqpbotkxv.supabase.co/storage/v1/object/public/travel-app-images/ChIJpZuh0FTVmwARYRo4bvMdQho/ChIJpZuh0FTVmwARYRo4bvMdQho_1754580101982_1.jpg","","unknown","","","No images found on Wikipedia page"
"178ae5d4-24c2-4d6c-82b8-e85fd293f0f0","Solar dos Araújos","true","https://tysnkzmljlmmqpbotkxv.supabase.co/storage/v1/object/public/travel-app-images/ChIJ3SUoj6f7mwARcBUzC8jQqcw/ChIJ3SUoj6f7mwARcBUzC8jQqcw_1754499683689_1.jpg","https://tysnkzmljlmmqpbotkxv.supabase.co/storage/v1/object/public/travel-app-images/wikipedia-178ae5d4/solar-dos-arajos-ficheirobandeira-do--1757530879991-1.svg","unknown","wikipedia","3",""
"9712e6f7-d045-454b-9b36-5e2bc202372b","Teatro dos Grandes Atores - Barra Square","true","https://tysnkzmljlmmqpbotkxv.supabase.co/storage/v1/object/public/travel-app-images/ChIJ4bi28T_amwARedU77YUPOX4/ChIJ4bi28T_amwARedU77YUPOX4_1754506213842_1.jpg","https://tysnkzmljlmmqpbotkxv.supabase.co/storage/v1/object/public/travel-app-images/wikipedia-9712e6f7/teatro-dos-grandes-atores-barr-ficheirobandeira-da--1757530882066-1.svg","unknown","wikipedia","3",""
"2a61753e-6872-4da6-a91c-6e5ff3b16f6b","Igreja de Nossa Senhora da Candelária","true","https://tysnkzmljlmmqpbotkxv.supabase.co/storage/v1/object/public/travel-app-images/ChIJIe1CNFl_mQARG8VNRU8zMXY/ChIJIe1CNFl_mQARG8VNRU8zMXY_1754578892727_1.jpg","https://tysnkzmljlmmqpbotkxv.supabase.co/storage/v1/object/public/travel-app-images/wikipedia-2a61753e/igreja-de-nossa-senhora-da-can-ficheirobandeira-da--1757530880218-1.svg","unknown","wikipedia","3",""
"ae3a6d91-feef-46f7-aae2-a34c3db12c04","Cristo Redentor","true","https://tysnkzmljlmmqpbotkxv.supabase.co/storage/v1/object/public/travel-app-images/ChIJP6FKmNV_mQAR3gKVAdeEyZ0/ChIJP6FKmNV_mQAR3gKVAdeEyZ0_1754579270503_1.jpg","https://tysnkzmljlmmqpbotkxv.supabase.co/storage/v1/object/public/travel-app-images/wikipedia-ae3a6d91/cristo-redentor-ficheiro1-cristor-re-1757530888843-1.jpg","unknown","wikipedia","3",""
"77af52b1-70b5-4282-bfd5-7a0718c07538","Museu Villa-Lobos","true","https://tysnkzmljlmmqpbotkxv.supabase.co/storage/v1/object/public/travel-app-images/ChIJ1YylYOZ_mQARWewWbCF4HUc/ChIJ1YylYOZ_mQARWewWbCF4HUc_1754579468356_1.jpg","https://tysnkzmljlmmqpbotkxv.supabase.co/storage/v1/object/public/travel-app-images/wikipedia-77af52b1/museu-villalobos-ficheirogclefsvg-1757530887909-1.svg","unknown","wikipedia","3",""
"6e237160-fc44-4906-9af6-42cefff27021","Paróquia São Paulo Apóstolo - Copacabana RJ","true","https://tysnkzmljlmmqpbotkxv.supabase.co/storage/v1/object/public/travel-app-images/ChIJeb_xbEHVmwARz4BnXSnIQBA/ChIJeb_xbEHVmwARz4BnXSnIQBA_1754580321738_1.jpg","https://tysnkzmljlmmqpbotkxv.supabase.co/storage/v1/object/public/travel-app-images/wikipedia-6e237160/parquia-so-paulo-apstolo-copac-ficheiroavenidaatlan-1757530887729-1.jpg","unknown","wikipedia","3",""
"e4911d1c-0f67-490b-972e-3e52176a1f35","União da Ilha do Governador","true","https://tysnkzmljlmmqpbotkxv.supabase.co/storage/v1/object/public/travel-app-images/ChIJRe4dexl4mQARpZ23ZfF30TE/ChIJRe4dexl4mQARpZ23ZfF30TE_1754581814374_1.jpg","https://tysnkzmljlmmqpbotkxv.supabase.co/storage/v1/object/public/travel-app-images/wikipedia-e4911d1c/unio-da-ilha-do-governador-ficheirofesta-profan-1757530897108-1.jpg","unknown","wikipedia","3",""
"0d3df17e-01f8-49bc-9461-fd30c4a9d4be","AquaRio","true","https://tysnkzmljlmmqpbotkxv.supabase.co/storage/v1/object/public/travel-app-images/ChIJDS8Rvkd_mQARVO3hXnRFoYA/ChIJDS8Rvkd_mQARVO3hXnRFoYA_1754578943039_1.jpg","https://tysnkzmljlmmqpbotkxv.supabase.co/storage/v1/object/public/travel-app-images/wikipedia-0d3df17e/aquario-ficheiroanimal-diver-1757530897171-1.jpg","unknown","wikipedia","3",""
"542456a6-1c7f-4100-b9d1-582875d51d41","Estádio Luso Brasileiro","false","https://tysnkzmljlmmqpbotkxv.supabase.co/storage/v1/object/public/travel-app-images/ChIJEZmDMSp4mQARqpVSc4-oRKg/ChIJEZmDMSp4mQARqpVSc4-oRKg_1754581821202_1.jpg","","unknown","","","No images found on Wikipedia page"
"8bd83c0a-5bea-4b13-b452-d6926967a307","Museu de Ciências da Terra","true","https://tysnkzmljlmmqpbotkxv.supabase.co/storage/v1/object/public/travel-app-images/ChIJLSCMXRyAmQAR2t9l9PggoCM/ChIJLSCMXRyAmQAR2t9l9PggoCM_1754579471717_1.jpg","https://tysnkzmljlmmqpbotkxv.supabase.co/storage/v1/object/public/travel-app-images/wikipedia-8bd83c0a/museu-de-cincias-da-terra-ficheirobandeira-do--1757530902583-1.svg","unknown","wikipedia","3",""
"49f1e5af-a9ac-40fb-8e83-3a2bf8061fda","Parque Garota de Ipanema","true","https://tysnkzmljlmmqpbotkxv.supabase.co/storage/v1/object/public/travel-app-images/ChIJgWoeNjvVmwAR2AxKmyl-E4I/ChIJgWoeNjvVmwAR2AxKmyl-E4I_1754579288963_1.jpg","https://tysnkzmljlmmqpbotkxv.supabase.co/storage/v1/object/public/travel-app-images/wikipedia-49f1e5af/parque-garota-de-ipanema-ficheirobandeira-da--1757530903009-1.svg","unknown","wikipedia","2",""
"b307397e-f17d-4e02-9281-8bef67d1f49c","Fundação Casa de Rui Barbosa","true","https://tysnkzmljlmmqpbotkxv.supabase.co/storage/v1/object/public/travel-app-images/ChIJ8wnYC-9_mQARcI4__yOG8TM/ChIJ8wnYC-9_mQARcI4__yOG8TM_1754579292088_1.jpg","https://tysnkzmljlmmqpbotkxv.supabase.co/storage/v1/object/public/travel-app-images/wikipedia-b307397e/fundao-casa-de-rui-barbosa-ficheirobiblioteca-n-1757530903173-1.jpg","unknown","wikipedia","3",""
"53217bb1-ded1-47e8-9bbc-f6940221e58a","Praça General Osório","true","https://tysnkzmljlmmqpbotkxv.supabase.co/storage/v1/object/public/travel-app-images/ChIJG63wZxfVmwARm8hScVYMzB0/ChIJG63wZxfVmwARm8hScVYMzB0_1754579298055_1.jpg","https://tysnkzmljlmmqpbotkxv.supabase.co/storage/v1/object/public/travel-app-images/wikipedia-53217bb1/praa-general-osrio-ficheirobandeira-da--1757530908835-1.svg","unknown","wikipedia","3",""
"cd609368-54d6-407e-8370-b0294b9e132d","Forte Duque de Caxias","true","https://tysnkzmljlmmqpbotkxv.supabase.co/storage/v1/object/public/travel-app-images/ChIJoZgU2Q6AmQARl7xqJl3XOfY/ChIJoZgU2Q6AmQARl7xqJl3XOfY_1754580010092_1.jpg","https://tysnkzmljlmmqpbotkxv.supabase.co/storage/v1/object/public/travel-app-images/wikipedia-cd609368/forte-duque-de-caxias-ficheirobrazilian-st-1757530908553-1.png","unknown","wikipedia","3",""
"cdbb0c63-1a84-4ea2-b4e4-8410874408da","Museu Nacional de Belas Artes","true","https://tysnkzmljlmmqpbotkxv.supabase.co/storage/v1/object/public/travel-app-images/ChIJqeJXMWB_mQARjAMkA0Ma-p4/ChIJqeJXMWB_mQARjAMkA0Ma-p4_1754581121190_1.jpg","https://tysnkzmljlmmqpbotkxv.supabase.co/storage/v1/object/public/travel-app-images/wikipedia-cdbb0c63/museu-nacional-de-belas-artes-ficheiroalmeida-jnio-1757530908512-1.jpg","unknown","wikipedia","3",""
"19c39e06-f945-44f4-bbca-82b44774fc79","Museu Carmen Miranda","true","https://tysnkzmljlmmqpbotkxv.supabase.co/storage/v1/object/public/travel-app-images/ChIJ8UtnISeAmQARTFJGJFoVlyk/ChIJ8UtnISeAmQARTFJGJFoVlyk_1754579454883_1.jpg","https://tysnkzmljlmmqpbotkxv.supabase.co/storage/v1/object/public/travel-app-images/wikipedia-19c39e06/museu-carmen-miranda-ficheirobandeira-da--1757530914485-1.svg","unknown","wikipedia","3",""
"5e168e36-2d1f-4569-a3e8-cdf8950831a3","Bondinho Pão de Açúcar","true","https://tysnkzmljlmmqpbotkxv.supabase.co/storage/v1/object/public/travel-app-images/ChIJRT3BUBqAmQAR1QC7ISuAbV8/ChIJRT3BUBqAmQAR1QC7ISuAbV8_1754579992020_1.jpg","https://tysnkzmljlmmqpbotkxv.supabase.co/storage/v1/object/public/travel-app-images/wikipedia-5e168e36/bondinho-po-de-acar-ficheiro63734937-bon-1757530914453-1.jpg","unknown","wikipedia","3",""
"5c1e02ca-8c33-4d3d-a4b5-fb886340b78a","Pão de açúcar","false","https://tysnkzmljlmmqpbotkxv.supabase.co/storage/v1/object/public/travel-app-images/ChIJ_19VSwCBmQARj3UN0MmtIec/ChIJ_19VSwCBmQARj3UN0MmtIec_1754580050820_1.jpg","","unknown","","","No images found on Wikipedia page"
"b81edfda-750f-4e1c-b3c0-fe55d7c831f3","Praia Vermelha","false","https://tysnkzmljlmmqpbotkxv.supabase.co/storage/v1/object/public/travel-app-images/ChIJRx10dhqAmQARyCdpUnDfqZ8/ChIJRx10dhqAmQARyCdpUnDfqZ8_1754580089622_1.jpg","","unknown","","","No images found on Wikipedia page"
"a4e1a546-4539-4b08-af48-a3d647674196","Museu de Arte do Rio","true","https://tysnkzmljlmmqpbotkxv.supabase.co/storage/v1/object/public/travel-app-images/ChIJ58MVZlp_mQARIHvZTsIR8wM/ChIJ58MVZlp_mQARIHvZTsIR8wM_1754581131526_1.jpg","https://tysnkzmljlmmqpbotkxv.supabase.co/storage/v1/object/public/travel-app-images/wikipedia-a4e1a546/museu-de-arte-do-rio-ficheirobandeira-da--1757530919586-1.svg","unknown","wikipedia","3",""
"4ed9d346-bb69-4036-aee6-868a89f050f6","Museu Botafogo FR","true","https://tysnkzmljlmmqpbotkxv.supabase.co/storage/v1/object/public/travel-app-images/ChIJs2Pqm3Z_mQARLYNF1s5zmeE/ChIJs2Pqm3Z_mQARLYNF1s5zmeE_1754580031509_1.jpg","https://tysnkzmljlmmqpbotkxv.supabase.co/storage/v1/object/public/travel-app-images/wikipedia-4ed9d346/museu-botafogo-fr-ficheiroantigomuseud-1757530921693-1.jpg","unknown","wikipedia","3",""
"489ed3b4-dfab-43a9-afe4-0397d7023d0e","Museu Flamengo","true","https://tysnkzmljlmmqpbotkxv.supabase.co/storage/v1/object/public/travel-app-images/ChIJ92x4fUTVmwARvF0-XOmtRew/ChIJ92x4fUTVmwARvF0-XOmtRew_1754580930128_1.jpg","https://tysnkzmljlmmqpbotkxv.supabase.co/storage/v1/object/public/travel-app-images/wikipedia-489ed3b4/museu-flamengo-ficheirobandeira-da--1757530928746-1.svg","unknown","wikipedia","3",""
"bfced6d3-5d64-452e-a3a5-8e22b5f1c48e","Museu da Justiça do Estado do Rio de Janeiro","true","https://tysnkzmljlmmqpbotkxv.supabase.co/storage/v1/object/public/travel-app-images/ChIJTStMoOGBmQARlqGps8ucT-w/ChIJTStMoOGBmQARlqGps8ucT-w_1754581124075_1.jpg","https://tysnkzmljlmmqpbotkxv.supabase.co/storage/v1/object/public/travel-app-images/wikipedia-bfced6d3/museu-da-justia-do-estado-do-r-ficheiro1600001ejpg-1757530928111-1.jpg","unknown","wikipedia","3",""
"6971ea42-94f0-4e03-9094-57d701ff2e5a","Copacabana","true","https://tysnkzmljlmmqpbotkxv.supabase.co/storage/v1/object/public/travel-app-images/ChIJY_MYQWHVmwARssdPy6vFhno/ChIJY_MYQWHVmwARssdPy6vFhno_1754580187101_1.jpg","https://tysnkzmljlmmqpbotkxv.supabase.co/storage/v1/object/public/travel-app-images/wikipedia-6971ea42/copacabana-ficheiroavenidaatlan-1757530928852-1.jpg","unknown","wikipedia","3",""
"653bcccc-9865-4e24-8d03-22e761a5aa76","Museu de Arte Moderna do Rio de Janeiro","true","https://tysnkzmljlmmqpbotkxv.supabase.co/storage/v1/object/public/travel-app-images/ChIJUSgMNtmBmQARXIhu6uypMK4/ChIJUSgMNtmBmQARXIhu6uypMK4_1754578635831_1.jpg","https://tysnkzmljlmmqpbotkxv.supabase.co/storage/v1/object/public/travel-app-images/wikipedia-653bcccc/museu-de-arte-moderna-do-rio-d-ficheiro1600001ejpg-1757530934609-1.jpg","unknown","wikipedia","3",""